{
  "type": "FeatureCollection",
  "features": [
    {
      "type": "Feature",
      "geometry": {
        "type": "LineString",
        "coordinates": [
          [
            -99.27651,
            18.88731,
            0
          ],
          [
            -99.27534,
            18.88459,
            0
          ],
          [
            -99.27521,
            18.88414,
            0
          ],
          [
            -99.27494,
            18.88299,
            0
          ],
          [
            -99.27494,
            18.88292,
            0
          ],
          [
            -99.2746,
            18.88129,
            0
          ],
          [
            -99.27453,
            18.88105,
            0
          ],
          [
            -99.27441,
            18.88035,
            0
          ],
          [
            -99.27395,
            18.87882,
            0
          ],
          [
            -99.2734,
            18.8768,
            0
          ],
          [
            -99.2733,
            18.87653,
            0
          ],
          [
            -99.27316,
            18.87622,
            0
          ],
          [
            -99.27181,
            18.87397,
            0
          ],
          [
            -99.27137,
            18.87318,
            0
          ],
          [
            -99.27026,
            18.87091,
            0
          ],
          [
            -99.26964,
            18.86986,
            0
          ],
          [
            -99.26946,
            18.86961,
            0
          ],
          [
            -99.26943,
            18.86959,
            0
          ],
          [
            -99.26925,
            18.8694,
            0
          ],
          [
            -99.26874,
            18.86894,
            0
          ],
          [
            -99.26787,
            18.86772,
            0
          ],
          [
            -99.26773,
            18.86743,
            0
          ],
          [
            -99.26743,
            18.86654,
            0
          ],
          [
            -99.26699,
            18.86541,
            0
          ],
          [
            -99.26655,
            18.86378,
            0
          ],
          [
            -99.26637,
            18.86289,
            0
          ],
          [
            -99.26635,
            18.86283,
            0
          ],
          [
            -99.26612,
            18.86239,
            0
          ],
          [
            -99.26608,
            18.86226,
            0
          ],
          [
            -99.26602,
            18.86198,
            0
          ],
          [
            -99.26586,
            18.86097,
            0
          ],
          [
            -99.26584,
            18.86069,
            0
          ],
          [
            -99.26583,
            18.86067,
            0
          ],
          [
            -99.26582,
            18.86024,
            0
          ],
          [
            -99.26557,
            18.85923,
            0
          ],
          [
            -99.26549,
            18.85904,
            0
          ],
          [
            -99.26545,
            18.85898,
            0
          ],
          [
            -99.26529,
            18.85869,
            0
          ],
          [
            -99.26514,
            18.85846,
            0
          ],
          [
            -99.26459,
            18.85776,
            0
          ],
          [
            -99.26409,
            18.85722,
            0
          ],
          [
            -99.26409,
            18.85721,
            0
          ],
          [
            -99.26306,
            18.85626,
            0
          ],
          [
            -99.26283,
            18.85603,
            0
          ],
          [
            -99.26258,
            18.85569,
            0
          ],
          [
            -99.2624,
            18.85533,
            0
          ],
          [
            -99.26225,
            18.8549,
            0
          ],
          [
            -99.26223,
            18.85481,
            0
          ],
          [
            -99.2622,
            18.85472,
            0
          ],
          [
            -99.26199,
            18.85436,
            0
          ],
          [
            -99.26184,
            18.85393,
            0
          ],
          [
            -99.26175,
            18.85376,
            0
          ],
          [
            -99.2568,
            18.84587,
            0
          ],
          [
            -99.25653,
            18.84551,
            0
          ],
          [
            -99.25648,
            18.84546,
            0
          ],
          [
            -99.25643,
            18.84543,
            0
          ],
          [
            -99.25633,
            18.8454,
            0
          ],
          [
            -99.25611,
            18.84562,
            0
          ],
          [
            -99.25516,
            18.8471,
            0
          ],
          [
            -99.25287,
            18.84578,
            0
          ],
          [
            -99.25267,
            18.84565,
            0
          ],
          [
            -99.2518,
            18.84476,
            0
          ],
          [
            -99.25067,
            18.84242,
            0
          ],
          [
            -99.25066,
            18.84239,
            0
          ],
          [
            -99.25044,
            18.84193,
            0
          ],
          [
            -99.24877,
            18.83796,
            0
          ],
          [
            -99.24841,
            18.83606,
            0
          ],
          [
            -99.24823,
            18.83529,
            0
          ],
          [
            -99.24817,
            18.83496,
            0
          ],
          [
            -99.248,
            18.83474,
            0
          ],
          [
            -99.24743,
            18.8338,
            0
          ],
          [
            -99.24718,
            18.83352,
            0
          ],
          [
            -99.24705,
            18.83339,
            0
          ],
          [
            -99.24698,
            18.83327,
            0
          ],
          [
            -99.24692,
            18.83311,
            0
          ],
          [
            -99.24686,
            18.8329,
            0
          ],
          [
            -99.24684,
            18.83277,
            0
          ],
          [
            -99.24684,
            18.83266,
            0
          ],
          [
            -99.24681,
            18.83253,
            0
          ],
          [
            -99.2468,
            18.83243,
            0
          ],
          [
            -99.24676,
            18.83229,
            0
          ],
          [
            -99.24669,
            18.8322,
            0
          ],
          [
            -99.24641,
            18.83196,
            0
          ],
          [
            -99.24634,
            18.83188,
            0
          ],
          [
            -99.24629,
            18.8318,
            0
          ],
          [
            -99.24628,
            18.83176,
            0
          ],
          [
            -99.24628,
            18.83173,
            0
          ],
          [
            -99.24623,
            18.83169,
            0
          ],
          [
            -99.24594,
            18.83182,
            0
          ],
          [
            -99.24584,
            18.83189,
            0
          ],
          [
            -99.2453,
            18.83063,
            0
          ],
          [
            -99.24527,
            18.83059,
            0
          ],
          [
            -99.24525,
            18.83055,
            0
          ],
          [
            -99.24512,
            18.83046,
            0
          ],
          [
            -99.2443,
            18.83001,
            0
          ],
          [
            -99.24516,
            18.82864,
            0
          ],
          [
            -99.24517,
            18.82864,
            0
          ],
          [
            -99.24518,
            18.82862,
            0
          ],
          [
            -99.2452,
            18.82861,
            0
          ],
          [
            -99.24527,
            18.82849,
            0
          ],
          [
            -99.2453,
            18.82842,
            0
          ],
          [
            -99.24536,
            18.82836,
            0
          ],
          [
            -99.24557,
            18.82802,
            0
          ],
          [
            -99.24404,
            18.82594,
            0
          ],
          [
            -99.24005,
            18.82769,
            0
          ],
          [
            -99.23963,
            18.82789,
            0
          ],
          [
            -99.24004,
            18.82923,
            0
          ],
          [
            -99.23968,
            18.82945,
            0
          ],
          [
            -99.23964,
            18.8295,
            0
          ],
          [
            -99.23962,
            18.82958,
            0
          ],
          [
            -99.23957,
            18.82991,
            0
          ],
          [
            -99.23957,
            18.82997,
            0
          ],
          [
            -99.23956,
            18.83002,
            0
          ],
          [
            -99.23956,
            18.8302,
            0
          ],
          [
            -99.23963,
            18.83096,
            0
          ],
          [
            -99.23963,
            18.83103,
            0
          ],
          [
            -99.23964,
            18.8311,
            0
          ],
          [
            -99.23961,
            18.83122,
            0
          ],
          [
            -99.23929,
            18.83185,
            0
          ],
          [
            -99.24033,
            18.8353,
            0
          ],
          [
            -99.23984,
            18.83542,
            0
          ],
          [
            -99.23845,
            18.83581,
            0
          ],
          [
            -99.23845,
            18.8358,
            0
          ],
          [
            -99.23842,
            18.83577,
            0
          ],
          [
            -99.23842,
            18.83576,
            0
          ],
          [
            -99.23841,
            18.83576,
            0
          ],
          [
            -99.23841,
            18.83575,
            0
          ],
          [
            -99.2384,
            18.83575,
            0
          ],
          [
            -99.2384,
            18.83574,
            0
          ],
          [
            -99.23838,
            18.83574,
            0
          ],
          [
            -99.23837,
            18.83573,
            0
          ],
          [
            -99.23834,
            18.83573,
            0
          ],
          [
            -99.23834,
            18.83572,
            0
          ],
          [
            -99.2383,
            18.83572,
            0
          ],
          [
            -99.23829,
            18.83573,
            0
          ],
          [
            -99.23826,
            18.83573,
            0
          ],
          [
            -99.23826,
            18.83574,
            0
          ],
          [
            -99.23824,
            18.83574,
            0
          ],
          [
            -99.23824,
            18.83575,
            0
          ],
          [
            -99.23823,
            18.83575,
            0
          ],
          [
            -99.23821,
            18.83577,
            0
          ],
          [
            -99.23821,
            18.83578,
            0
          ],
          [
            -99.2382,
            18.83578,
            0
          ],
          [
            -99.2382,
            18.83579,
            0
          ],
          [
            -99.23819,
            18.8358,
            0
          ],
          [
            -99.23819,
            18.83582,
            0
          ],
          [
            -99.23818,
            18.83583,
            0
          ],
          [
            -99.23818,
            18.83587,
            0
          ],
          [
            -99.23819,
            18.83588,
            0
          ],
          [
            -99.23819,
            18.83589,
            0
          ],
          [
            -99.23546,
            18.83662,
            0
          ],
          [
            -99.23523,
            18.83676,
            0
          ],
          [
            -99.23459,
            18.83733,
            0
          ],
          [
            -99.23402,
            18.8377,
            0
          ],
          [
            -99.23357,
            18.83802,
            0
          ],
          [
            -99.2335,
            18.83801,
            0
          ],
          [
            -99.23342,
            18.83801,
            0
          ],
          [
            -99.23276,
            18.8381,
            0
          ],
          [
            -99.23187,
            18.83839,
            0
          ],
          [
            -99.23086,
            18.83877,
            0
          ],
          [
            -99.23041,
            18.83896,
            0
          ],
          [
            -99.23024,
            18.83902,
            0
          ],
          [
            -99.23002,
            18.83915,
            0
          ],
          [
            -99.22988,
            18.83925,
            0
          ],
          [
            -99.22932,
            18.83982,
            0
          ],
          [
            -99.22893,
            18.84018,
            0
          ],
          [
            -99.22866,
            18.8404,
            0
          ],
          [
            -99.22858,
            18.84049,
            0
          ],
          [
            -99.22761,
            18.84134,
            0
          ],
          [
            -99.22722,
            18.84165,
            0
          ],
          [
            -99.22518,
            18.84268,
            0
          ],
          [
            -99.22425,
            18.84311,
            0
          ],
          [
            -99.22415,
            18.8431,
            0
          ],
          [
            -99.22363,
            18.8457,
            0
          ],
          [
            -99.22356,
            18.84588,
            0
          ],
          [
            -99.22346,
            18.84607,
            0
          ],
          [
            -99.22332,
            18.8463,
            0
          ],
          [
            -99.22326,
            18.84645,
            0
          ],
          [
            -99.22323,
            18.84655,
            0
          ],
          [
            -99.22299,
            18.848,
            0
          ],
          [
            -99.22296,
            18.84835,
            0
          ],
          [
            -99.22297,
            18.84858,
            0
          ],
          [
            -99.223,
            18.84872,
            0
          ],
          [
            -99.22308,
            18.84897,
            0
          ],
          [
            -99.22334,
            18.84958,
            0
          ],
          [
            -99.22351,
            18.84993,
            0
          ],
          [
            -99.22388,
            18.85085,
            0
          ],
          [
            -99.22392,
            18.85093,
            0
          ],
          [
            -99.22419,
            18.8513,
            0
          ],
          [
            -99.22438,
            18.85164,
            0
          ],
          [
            -99.22441,
            18.85175,
            0
          ],
          [
            -99.22446,
            18.85214,
            0
          ],
          [
            -99.22446,
            18.85219,
            0
          ],
          [
            -99.22457,
            18.85313,
            0
          ],
          [
            -99.22458,
            18.85331,
            0
          ],
          [
            -99.22479,
            18.85461,
            0
          ],
          [
            -99.22479,
            18.85469,
            0
          ],
          [
            -99.22478,
            18.8548,
            0
          ],
          [
            -99.22471,
            18.85515,
            0
          ],
          [
            -99.22428,
            18.85688,
            0
          ],
          [
            -99.22418,
            18.85722,
            0
          ],
          [
            -99.22402,
            18.85764,
            0
          ],
          [
            -99.22398,
            18.85777,
            0
          ],
          [
            -99.22377,
            18.8583,
            0
          ],
          [
            -99.22371,
            18.8585,
            0
          ],
          [
            -99.22369,
            18.85866,
            0
          ],
          [
            -99.22368,
            18.85912,
            0
          ],
          [
            -99.2237,
            18.85925,
            0
          ],
          [
            -99.22377,
            18.85947,
            0
          ],
          [
            -99.22389,
            18.85971,
            0
          ],
          [
            -99.22454,
            18.86066,
            0
          ],
          [
            -99.22503,
            18.86155,
            0
          ],
          [
            -99.22509,
            18.86171,
            0
          ],
          [
            -99.22514,
            18.86188,
            0
          ],
          [
            -99.22516,
            18.86202,
            0
          ],
          [
            -99.22516,
            18.86215,
            0
          ],
          [
            -99.22514,
            18.86231,
            0
          ],
          [
            -99.22511,
            18.86243,
            0
          ],
          [
            -99.22499,
            18.86272,
            0
          ],
          [
            -99.22485,
            18.86294,
            0
          ],
          [
            -99.22473,
            18.86316,
            0
          ],
          [
            -99.22458,
            18.8634,
            0
          ],
          [
            -99.22454,
            18.86349,
            0
          ],
          [
            -99.2245,
            18.86362,
            0
          ],
          [
            -99.22449,
            18.86372,
            0
          ],
          [
            -99.2245,
            18.86385,
            0
          ],
          [
            -99.22457,
            18.86408,
            0
          ],
          [
            -99.22462,
            18.86416,
            0
          ],
          [
            -99.22478,
            18.86436,
            0
          ],
          [
            -99.22504,
            18.86463,
            0
          ],
          [
            -99.22543,
            18.8651,
            0
          ],
          [
            -99.22579,
            18.8655,
            0
          ],
          [
            -99.2262,
            18.86599,
            0
          ],
          [
            -99.22702,
            18.86689,
            0
          ],
          [
            -99.22718,
            18.8671,
            0
          ],
          [
            -99.22724,
            18.86721,
            0
          ],
          [
            -99.22728,
            18.86731,
            0
          ],
          [
            -99.2273,
            18.86751,
            0
          ],
          [
            -99.22727,
            18.8677,
            0
          ],
          [
            -99.22713,
            18.86801,
            0
          ],
          [
            -99.2269,
            18.8684,
            0
          ],
          [
            -99.22664,
            18.86878,
            0
          ],
          [
            -99.22653,
            18.86889,
            0
          ],
          [
            -99.22648,
            18.86893,
            0
          ],
          [
            -99.22637,
            18.86907,
            0
          ],
          [
            -99.22635,
            18.86913,
            0
          ],
          [
            -99.22635,
            18.86917,
            0
          ],
          [
            -99.22625,
            18.86933,
            0
          ],
          [
            -99.22622,
            18.86939,
            0
          ],
          [
            -99.22618,
            18.86953,
            0
          ],
          [
            -99.22624,
            18.86982,
            0
          ],
          [
            -99.22633,
            18.86994,
            0
          ],
          [
            -99.22676,
            18.8704,
            0
          ],
          [
            -99.22684,
            18.87051,
            0
          ],
          [
            -99.22685,
            18.87056,
            0
          ],
          [
            -99.2269,
            18.87071,
            0
          ],
          [
            -99.2269,
            18.87078,
            0
          ],
          [
            -99.22687,
            18.871,
            0
          ],
          [
            -99.22683,
            18.87111,
            0
          ],
          [
            -99.2266,
            18.87161,
            0
          ],
          [
            -99.2265,
            18.8719,
            0
          ],
          [
            -99.22644,
            18.87218,
            0
          ],
          [
            -99.22648,
            18.87252,
            0
          ],
          [
            -99.22654,
            18.87275,
            0
          ],
          [
            -99.22656,
            18.8729,
            0
          ],
          [
            -99.22667,
            18.87319,
            0
          ],
          [
            -99.22673,
            18.87327,
            0
          ],
          [
            -99.22694,
            18.8735,
            0
          ],
          [
            -99.22707,
            18.87362,
            0
          ],
          [
            -99.2272,
            18.87385,
            0
          ],
          [
            -99.22724,
            18.87407,
            0
          ],
          [
            -99.22726,
            18.87429,
            0
          ],
          [
            -99.22732,
            18.87468,
            0
          ],
          [
            -99.22742,
            18.87491,
            0
          ],
          [
            -99.22776,
            18.87544,
            0
          ],
          [
            -99.22803,
            18.87579,
            0
          ],
          [
            -99.22822,
            18.87608,
            0
          ],
          [
            -99.22888,
            18.8768,
            0
          ],
          [
            -99.22898,
            18.87701,
            0
          ],
          [
            -99.22904,
            18.87717,
            0
          ],
          [
            -99.22906,
            18.87727,
            0
          ],
          [
            -99.22906,
            18.87769,
            0
          ],
          [
            -99.22907,
            18.87785,
            0
          ],
          [
            -99.22908,
            18.87791,
            0
          ],
          [
            -99.22908,
            18.87794,
            0
          ],
          [
            -99.2291,
            18.87807,
            0
          ],
          [
            -99.22915,
            18.87827,
            0
          ],
          [
            -99.2296,
            18.87958,
            0
          ],
          [
            -99.22971,
            18.87984,
            0
          ],
          [
            -99.22978,
            18.88017,
            0
          ],
          [
            -99.22987,
            18.88117,
            0
          ],
          [
            -99.22987,
            18.88135,
            0
          ],
          [
            -99.22982,
            18.88222,
            0
          ],
          [
            -99.22987,
            18.88267,
            0
          ],
          [
            -99.23006,
            18.88386,
            0
          ],
          [
            -99.23016,
            18.88432,
            0
          ],
          [
            -99.23022,
            18.88478,
            0
          ],
          [
            -99.23019,
            18.88516,
            0
          ],
          [
            -99.23014,
            18.88545,
            0
          ],
          [
            -99.23,
            18.88588,
            0
          ],
          [
            -99.22968,
            18.8866,
            0
          ],
          [
            -99.22967,
            18.88661,
            0
          ],
          [
            -99.22967,
            18.88662,
            0
          ],
          [
            -99.22896,
            18.88822,
            0
          ],
          [
            -99.22894,
            18.88828,
            0
          ],
          [
            -99.22887,
            18.88838,
            0
          ],
          [
            -99.22884,
            18.88841,
            0
          ],
          [
            -99.22884,
            18.88842,
            0
          ],
          [
            -99.22866,
            18.8885,
            0
          ],
          [
            -99.22861,
            18.88853,
            0
          ],
          [
            -99.22855,
            18.88859,
            0
          ],
          [
            -99.22852,
            18.88864,
            0
          ],
          [
            -99.22844,
            18.88883,
            0
          ],
          [
            -99.2283,
            18.8893,
            0
          ],
          [
            -99.22828,
            18.88947,
            0
          ],
          [
            -99.22825,
            18.8896,
            0
          ],
          [
            -99.22818,
            18.88979,
            0
          ],
          [
            -99.22798,
            18.89017,
            0
          ],
          [
            -99.22789,
            18.8903,
            0
          ],
          [
            -99.22774,
            18.89048,
            0
          ],
          [
            -99.22771,
            18.89057,
            0
          ],
          [
            -99.22762,
            18.89072,
            0
          ],
          [
            -99.22749,
            18.89088,
            0
          ],
          [
            -99.22733,
            18.89104,
            0
          ],
          [
            -99.22713,
            18.8913,
            0
          ],
          [
            -99.227,
            18.89145,
            0
          ],
          [
            -99.22691,
            18.89157,
            0
          ],
          [
            -99.22688,
            18.89163,
            0
          ],
          [
            -99.22685,
            18.89178,
            0
          ],
          [
            -99.22685,
            18.89183,
            0
          ],
          [
            -99.22689,
            18.892,
            0
          ],
          [
            -99.227,
            18.89214,
            0
          ],
          [
            -99.22738,
            18.89238,
            0
          ],
          [
            -99.22739,
            18.89238,
            0
          ],
          [
            -99.22759,
            18.8925,
            0
          ],
          [
            -99.22781,
            18.89265,
            0
          ],
          [
            -99.22798,
            18.89281,
            0
          ],
          [
            -99.22809,
            18.89298,
            0
          ],
          [
            -99.22819,
            18.89318,
            0
          ],
          [
            -99.22826,
            18.89336,
            0
          ],
          [
            -99.22831,
            18.89346,
            0
          ],
          [
            -99.22833,
            18.89347,
            0
          ],
          [
            -99.22836,
            18.8935,
            0
          ],
          [
            -99.2291,
            18.89518,
            0
          ],
          [
            -99.22911,
            18.89519,
            0
          ],
          [
            -99.23033,
            18.89782,
            0
          ],
          [
            -99.23105,
            18.89993,
            0
          ],
          [
            -99.23141,
            18.90127,
            0
          ],
          [
            -99.23168,
            18.90438,
            0
          ],
          [
            -99.23187,
            18.90573,
            0
          ],
          [
            -99.23204,
            18.90666,
            0
          ],
          [
            -99.23206,
            18.90672,
            0
          ],
          [
            -99.23208,
            18.90682,
            0
          ],
          [
            -99.23197,
            18.90694,
            0
          ],
          [
            -99.23181,
            18.90714,
            0
          ],
          [
            -99.23161,
            18.90736,
            0
          ],
          [
            -99.2314,
            18.90766,
            0
          ],
          [
            -99.2314,
            18.90767,
            0
          ],
          [
            -99.23135,
            18.90776,
            0
          ],
          [
            -99.2312,
            18.90818,
            0
          ],
          [
            -99.23111,
            18.9085,
            0
          ],
          [
            -99.23112,
            18.90896,
            0
          ],
          [
            -99.23118,
            18.90928,
            0
          ],
          [
            -99.23133,
            18.90965,
            0
          ],
          [
            -99.23234,
            18.9114,
            0
          ],
          [
            -99.23289,
            18.91242,
            0
          ],
          [
            -99.23305,
            18.9128,
            0
          ],
          [
            -99.23329,
            18.91352,
            0
          ],
          [
            -99.23354,
            18.91437,
            0
          ],
          [
            -99.23355,
            18.91443,
            0
          ],
          [
            -99.23356,
            18.91445,
            0
          ],
          [
            -99.23367,
            18.91499,
            0
          ],
          [
            -99.2337,
            18.91527,
            0
          ],
          [
            -99.23375,
            18.9169,
            0
          ],
          [
            -99.23367,
            18.91725,
            0
          ],
          [
            -99.23363,
            18.91729,
            0
          ],
          [
            -99.23363,
            18.9173,
            0
          ],
          [
            -99.23362,
            18.91731,
            0
          ],
          [
            -99.23362,
            18.91732,
            0
          ],
          [
            -99.23361,
            18.91733,
            0
          ],
          [
            -99.23361,
            18.9174,
            0
          ],
          [
            -99.23362,
            18.91741,
            0
          ],
          [
            -99.23362,
            18.91743,
            0
          ],
          [
            -99.23363,
            18.91743,
            0
          ],
          [
            -99.23363,
            18.91744,
            0
          ],
          [
            -99.23364,
            18.91744,
            0
          ],
          [
            -99.23364,
            18.91745,
            0
          ],
          [
            -99.23366,
            18.91747,
            0
          ],
          [
            -99.23367,
            18.91747,
            0
          ],
          [
            -99.23368,
            18.91785,
            0
          ],
          [
            -99.23375,
            18.91889,
            0
          ],
          [
            -99.23367,
            18.92045,
            0
          ],
          [
            -99.23298,
            18.9204,
            0
          ],
          [
            -99.23121,
            18.92033,
            0
          ],
          [
            -99.23128,
            18.92098,
            0
          ],
          [
            -99.2313,
            18.92109,
            0
          ],
          [
            -99.2313,
            18.92111,
            0
          ],
          [
            -99.23131,
            18.92117,
            0
          ],
          [
            -99.23133,
            18.92124,
            0
          ],
          [
            -99.23143,
            18.92138,
            0
          ],
          [
            -99.23146,
            18.92141,
            0
          ],
          [
            -99.2315,
            18.92148,
            0
          ],
          [
            -99.23161,
            18.92163,
            0
          ],
          [
            -99.23165,
            18.92179,
            0
          ],
          [
            -99.23165,
            18.92186,
            0
          ],
          [
            -99.23163,
            18.9219,
            0
          ],
          [
            -99.23163,
            18.92191,
            0
          ],
          [
            -99.23162,
            18.92192,
            0
          ],
          [
            -99.23162,
            18.92193,
            0
          ],
          [
            -99.23161,
            18.92195,
            0
          ],
          [
            -99.23158,
            18.92198,
            0
          ],
          [
            -99.23156,
            18.92198,
            0
          ],
          [
            -99.23152,
            18.922,
            0
          ],
          [
            -99.23137,
            18.92204,
            0
          ],
          [
            -99.23135,
            18.92204,
            0
          ],
          [
            -99.23127,
            18.92206,
            0
          ],
          [
            -99.23125,
            18.92202,
            0
          ],
          [
            -99.23119,
            18.92196,
            0
          ],
          [
            -99.2311,
            18.92189,
            0
          ],
          [
            -99.23092,
            18.92172,
            0
          ],
          [
            -99.23089,
            18.92171,
            0
          ],
          [
            -99.23085,
            18.92168,
            0
          ],
          [
            -99.23042,
            18.92142,
            0
          ],
          [
            -99.23036,
            18.92137,
            0
          ],
          [
            -99.23019,
            18.92119,
            0
          ],
          [
            -99.22996,
            18.92098,
            0
          ],
          [
            -99.22993,
            18.92096,
            0
          ],
          [
            -99.22991,
            18.92094,
            0
          ],
          [
            -99.22989,
            18.92091,
            0
          ],
          [
            -99.22986,
            18.92088,
            0
          ],
          [
            -99.22984,
            18.92084,
            0
          ],
          [
            -99.22982,
            18.92082,
            0
          ],
          [
            -99.2298,
            18.92078,
            0
          ],
          [
            -99.22957,
            18.92042,
            0
          ],
          [
            -99.22955,
            18.9204,
            0
          ],
          [
            -99.22952,
            18.92035,
            0
          ],
          [
            -99.22897,
            18.91972,
            0
          ],
          [
            -99.22887,
            18.91962,
            0
          ],
          [
            -99.22868,
            18.91946,
            0
          ],
          [
            -99.22837,
            18.91926,
            0
          ],
          [
            -99.22836,
            18.91926,
            0
          ],
          [
            -99.22782,
            18.91891,
            0
          ],
          [
            -99.2278,
            18.919,
            0
          ],
          [
            -99.2278,
            18.91904,
            0
          ],
          [
            -99.22781,
            18.91908,
            0
          ],
          [
            -99.22782,
            18.91917,
            0
          ],
          [
            -99.22795,
            18.91975,
            0
          ],
          [
            -99.22797,
            18.92002,
            0
          ],
          [
            -99.22797,
            18.92069,
            0
          ],
          [
            -99.22858,
            18.92182,
            0
          ],
          [
            -99.22757,
            18.92142,
            0
          ],
          [
            -99.22728,
            18.92129,
            0
          ],
          [
            -99.22617,
            18.92088,
            0
          ],
          [
            -99.22577,
            18.9207,
            0
          ],
          [
            -99.2236,
            18.91983,
            0
          ],
          [
            -99.22309,
            18.91977,
            0
          ],
          [
            -99.22292,
            18.91976,
            0
          ],
          [
            -99.2227,
            18.91977,
            0
          ],
          [
            -99.22248,
            18.91982,
            0
          ],
          [
            -99.22127,
            18.92027,
            0
          ],
          [
            -99.22103,
            18.9203,
            0
          ],
          [
            -99.21963,
            18.92036,
            0
          ],
          [
            -99.21943,
            18.92038,
            0
          ],
          [
            -99.21901,
            18.92048,
            0
          ],
          [
            -99.21789,
            18.92054,
            0
          ],
          [
            -99.21755,
            18.92054,
            0
          ],
          [
            -99.21741,
            18.92057,
            0
          ],
          [
            -99.21725,
            18.92064,
            0
          ],
          [
            -99.21706,
            18.92074,
            0
          ],
          [
            -99.21686,
            18.92081,
            0
          ],
          [
            -99.21574,
            18.92103,
            0
          ],
          [
            -99.21512,
            18.92108,
            0
          ],
          [
            -99.21491,
            18.92108,
            0
          ],
          [
            -99.21473,
            18.92105,
            0
          ],
          [
            -99.21455,
            18.921,
            0
          ],
          [
            -99.21428,
            18.92087,
            0
          ],
          [
            -99.21413,
            18.92082,
            0
          ],
          [
            -99.21387,
            18.92076,
            0
          ],
          [
            -99.21201,
            18.92049,
            0
          ],
          [
            -99.21195,
            18.92049,
            0
          ],
          [
            -99.21185,
            18.92051,
            0
          ],
          [
            -99.21177,
            18.92056,
            0
          ],
          [
            -99.21172,
            18.92062,
            0
          ],
          [
            -99.21168,
            18.92068,
            0
          ],
          [
            -99.21165,
            18.92076,
            0
          ],
          [
            -99.2116,
            18.921,
            0
          ],
          [
            -99.21146,
            18.92187,
            0
          ],
          [
            -99.21126,
            18.92231,
            0
          ],
          [
            -99.21118,
            18.92245,
            0
          ],
          [
            -99.21106,
            18.92259,
            0
          ],
          [
            -99.21094,
            18.92271,
            0
          ],
          [
            -99.21072,
            18.92287,
            0
          ],
          [
            -99.21046,
            18.92299,
            0
          ],
          [
            -99.21037,
            18.923,
            0
          ],
          [
            -99.21031,
            18.92299,
            0
          ],
          [
            -99.21026,
            18.92299,
            0
          ],
          [
            -99.21012,
            18.92297,
            0
          ],
          [
            -99.21009,
            18.92292,
            0
          ],
          [
            -99.21005,
            18.92288,
            0
          ],
          [
            -99.21003,
            18.92287,
            0
          ],
          [
            -99.21001,
            18.92285,
            0
          ],
          [
            -99.20999,
            18.92284,
            0
          ],
          [
            -99.20997,
            18.92282,
            0
          ],
          [
            -99.20993,
            18.92281,
            0
          ],
          [
            -99.2099,
            18.92279,
            0
          ],
          [
            -99.20986,
            18.92278,
            0
          ],
          [
            -99.20983,
            18.92278,
            0
          ],
          [
            -99.20979,
            18.92277,
            0
          ],
          [
            -99.20976,
            18.92277,
            0
          ],
          [
            -99.20972,
            18.92278,
            0
          ],
          [
            -99.20969,
            18.92278,
            0
          ],
          [
            -99.20964,
            18.92279,
            0
          ],
          [
            -99.20953,
            18.92285,
            0
          ],
          [
            -99.20944,
            18.92294,
            0
          ],
          [
            -99.20941,
            18.92299,
            0
          ],
          [
            -99.20912,
            18.92291,
            0
          ],
          [
            -99.2089,
            18.92278,
            0
          ],
          [
            -99.20868,
            18.92263,
            0
          ],
          [
            -99.20828,
            18.92228,
            0
          ],
          [
            -99.20801,
            18.92208,
            0
          ],
          [
            -99.20799,
            18.92207,
            0
          ],
          [
            -99.20781,
            18.92194,
            0
          ],
          [
            -99.20767,
            18.92187,
            0
          ],
          [
            -99.2075,
            18.92177,
            0
          ],
          [
            -99.20732,
            18.9217,
            0
          ],
          [
            -99.20723,
            18.92168,
            0
          ],
          [
            -99.20721,
            18.92168,
            0
          ],
          [
            -99.20691,
            18.92162,
            0
          ],
          [
            -99.20599,
            18.92151,
            0
          ],
          [
            -99.20582,
            18.92148,
            0
          ],
          [
            -99.20528,
            18.92134,
            0
          ],
          [
            -99.20481,
            18.92126,
            0
          ],
          [
            -99.20469,
            18.92125,
            0
          ],
          [
            -99.20454,
            18.92125,
            0
          ],
          [
            -99.20409,
            18.92118,
            0
          ],
          [
            -99.20366,
            18.92106,
            0
          ],
          [
            -99.20332,
            18.92099,
            0
          ],
          [
            -99.2026,
            18.9209,
            0
          ],
          [
            -99.20248,
            18.9209,
            0
          ],
          [
            -99.20239,
            18.92089,
            0
          ],
          [
            -99.20215,
            18.9209,
            0
          ],
          [
            -99.20186,
            18.92087,
            0
          ],
          [
            -99.20125,
            18.92093,
            0
          ],
          [
            -99.20121,
            18.92094,
            0
          ],
          [
            -99.20079,
            18.92095,
            0
          ],
          [
            -99.20055,
            18.92094,
            0
          ],
          [
            -99.20051,
            18.92093,
            0
          ],
          [
            -99.20043,
            18.92093,
            0
          ],
          [
            -99.20022,
            18.92091,
            0
          ],
          [
            -99.1999,
            18.92085,
            0
          ],
          [
            -99.19968,
            18.92079,
            0
          ],
          [
            -99.19951,
            18.92073,
            0
          ],
          [
            -99.19873,
            18.9204,
            0
          ],
          [
            -99.19869,
            18.92039,
            0
          ],
          [
            -99.19796,
            18.92008,
            0
          ],
          [
            -99.19779,
            18.92002,
            0
          ],
          [
            -99.1975,
            18.91994,
            0
          ],
          [
            -99.19647,
            18.91973,
            0
          ],
          [
            -99.19591,
            18.91964,
            0
          ],
          [
            -99.19564,
            18.91964,
            0
          ],
          [
            -99.19537,
            18.91966,
            0
          ],
          [
            -99.19512,
            18.91971,
            0
          ],
          [
            -99.19445,
            18.91988,
            0
          ],
          [
            -99.19427,
            18.9199,
            0
          ],
          [
            -99.19414,
            18.9199,
            0
          ],
          [
            -99.19389,
            18.91988,
            0
          ],
          [
            -99.19366,
            18.91983,
            0
          ],
          [
            -99.1912,
            18.91906,
            0
          ],
          [
            -99.19113,
            18.91903,
            0
          ],
          [
            -99.18882,
            18.91833,
            0
          ],
          [
            -99.18853,
            18.9182,
            0
          ],
          [
            -99.18844,
            18.91815,
            0
          ],
          [
            -99.1882,
            18.91798,
            0
          ],
          [
            -99.18486,
            18.915,
            0
          ],
          [
            -99.18451,
            18.91465,
            0
          ],
          [
            -99.18176,
            18.91172,
            0
          ],
          [
            -99.18144,
            18.91132,
            0
          ],
          [
            -99.18131,
            18.91109,
            0
          ],
          [
            -99.18126,
            18.91098,
            0
          ],
          [
            -99.18038,
            18.90867,
            0
          ],
          [
            -99.1803,
            18.90851,
            0
          ],
          [
            -99.18018,
            18.90833,
            0
          ],
          [
            -99.17999,
            18.90809,
            0
          ],
          [
            -99.17967,
            18.90775,
            0
          ],
          [
            -99.17705,
            18.90513,
            0
          ],
          [
            -99.17702,
            18.90511,
            0
          ],
          [
            -99.17698,
            18.90507,
            0
          ],
          [
            -99.17697,
            18.90505,
            0
          ],
          [
            -99.17538,
            18.90352,
            0
          ],
          [
            -99.17389,
            18.902,
            0
          ],
          [
            -99.17322,
            18.90136,
            0
          ],
          [
            -99.17275,
            18.90087,
            0
          ],
          [
            -99.17271,
            18.90082,
            0
          ],
          [
            -99.17137,
            18.89955,
            0
          ],
          [
            -99.17136,
            18.89949,
            0
          ],
          [
            -99.17134,
            18.89945,
            0
          ],
          [
            -99.16923,
            18.89736,
            0
          ],
          [
            -99.16915,
            18.89752,
            0
          ],
          [
            -99.16911,
            18.89762,
            0
          ],
          [
            -99.16886,
            18.89811,
            0
          ],
          [
            -99.16874,
            18.89831,
            0
          ],
          [
            -99.16867,
            18.89845,
            0
          ],
          [
            -99.16865,
            18.89848,
            0
          ],
          [
            -99.16856,
            18.89871,
            0
          ],
          [
            -99.16812,
            18.90003,
            0
          ],
          [
            -99.16809,
            18.90015,
            0
          ],
          [
            -99.16807,
            18.9002,
            0
          ],
          [
            -99.16806,
            18.90024,
            0
          ],
          [
            -99.16797,
            18.90109,
            0
          ],
          [
            -99.16747,
            18.90103,
            0
          ],
          [
            -99.16675,
            18.90089,
            0
          ],
          [
            -99.16547,
            18.90058,
            0
          ],
          [
            -99.16541,
            18.90054,
            0
          ],
          [
            -99.16537,
            18.90047,
            0
          ],
          [
            -99.16508,
            18.90005,
            0
          ],
          [
            -99.16398,
            18.89943,
            0
          ],
          [
            -99.16331,
            18.89911,
            0
          ],
          [
            -99.16256,
            18.89884,
            0
          ],
          [
            -99.16126,
            18.89844,
            0
          ],
          [
            -99.16077,
            18.89824,
            0
          ],
          [
            -99.16066,
            18.89821,
            0
          ],
          [
            -99.16075,
            18.89856,
            0
          ],
          [
            -99.16081,
            18.89869,
            0
          ],
          [
            -99.1609,
            18.89884,
            0
          ],
          [
            -99.16107,
            18.89898,
            0
          ],
          [
            -99.1611,
            18.89904,
            0
          ],
          [
            -99.16114,
            18.89917,
            0
          ],
          [
            -99.16101,
            18.89923,
            0
          ],
          [
            -99.16098,
            18.89925,
            0
          ],
          [
            -99.16094,
            18.89932,
            0
          ],
          [
            -99.16091,
            18.8994,
            0
          ],
          [
            -99.16088,
            18.89954,
            0
          ],
          [
            -99.16083,
            18.90008,
            0
          ],
          [
            -99.16072,
            18.90035,
            0
          ],
          [
            -99.16067,
            18.90052,
            0
          ],
          [
            -99.16069,
            18.90069,
            0
          ],
          [
            -99.15931,
            18.90087,
            0
          ],
          [
            -99.15915,
            18.90135,
            0
          ],
          [
            -99.15902,
            18.90163,
            0
          ],
          [
            -99.15888,
            18.90188,
            0
          ],
          [
            -99.15854,
            18.90261,
            0
          ],
          [
            -99.15834,
            18.9031,
            0
          ],
          [
            -99.1582,
            18.9043,
            0
          ],
          [
            -99.15796,
            18.90527,
            0
          ],
          [
            -99.15787,
            18.9058,
            0
          ],
          [
            -99.15767,
            18.90572,
            0
          ],
          [
            -99.15717,
            18.90556,
            0
          ],
          [
            -99.15695,
            18.90552,
            0
          ],
          [
            -99.15635,
            18.90585,
            0
          ],
          [
            -99.15586,
            18.90616,
            0
          ],
          [
            -99.15572,
            18.90619,
            0
          ],
          [
            -99.15514,
            18.90604,
            0
          ],
          [
            -99.15494,
            18.90652,
            0
          ],
          [
            -99.15475,
            18.90703,
            0
          ]
        ]
      },
      "properties": {
        "name": "4.- TEJALPA-VILLA DE LAS FLORES-SANTA URSULA-VILLA DE LAS FLORES-TEJALPA",
        "description": {
          "@type": "html",
          "value": "descripción: <br>OID: 908<br>ZONA: CENTRO<br>RUTA: RUTA 11<br>ITINERARIO: 4.- TEJALPA-VILLA DE LAS FLORES-SANTA URSULA-VILLA DE LAS FLORES-TEJALPA<br>DESCRIPCIO: SANTA URSULA-VILLA DE LAS FLORES-TEJALPA<br>AUTO-AMPL: ITINERARIO<br>DEFIN-PROV: DEFINITIVOS<br>DURACION: DEFINITIVA<br>FOLIO: SGG/DGT/SDP/000535/97"
        },
        "styleUrl": "#line-E65100-1200",
        "stroke-opacity": 1,
        "stroke": "#e65100",
        "stroke-width": 1.2,
        "descripción": "",
        "OID": "908",
        "ZONA": "CENTRO",
        "RUTA": "RUTA 11",
        "ITINERARIO": "4.- TEJALPA-VILLA DE LAS FLORES-SANTA URSULA-VILLA DE LAS FLORES-TEJALPA",
        "DESCRIPCIO": "SANTA URSULA-VILLA DE LAS FLORES-TEJALPA",
        "AUTO-AMPL": "ITINERARIO",
        "DEFIN-PROV": "DEFINITIVOS",
        "DURACION": "DEFINITIVA",
        "FOLIO": "SGG/DGT/SDP/000535/97"
      }
    },
    {
      "type": "Feature",
      "geometry": {
        "type": "LineString",
        "coordinates": [
          [
            -99.15475,
            18.90703,
            0
          ],
          [
            -99.15514,
            18.90604,
            0
          ],
          [
            -99.15572,
            18.90619,
            0
          ],
          [
            -99.15586,
            18.90616,
            0
          ],
          [
            -99.15635,
            18.90585,
            0
          ],
          [
            -99.15695,
            18.90552,
            0
          ],
          [
            -99.15707,
            18.90536,
            0
          ],
          [
            -99.15713,
            18.90526,
            0
          ],
          [
            -99.15727,
            18.90498,
            0
          ],
          [
            -99.15759,
            18.90445,
            0
          ],
          [
            -99.15782,
            18.90389,
            0
          ],
          [
            -99.15784,
            18.90379,
            0
          ],
          [
            -99.15785,
            18.90365,
            0
          ],
          [
            -99.15784,
            18.90352,
            0
          ],
          [
            -99.15787,
            18.9031,
            0
          ],
          [
            -99.15792,
            18.90283,
            0
          ],
          [
            -99.15824,
            18.90226,
            0
          ],
          [
            -99.15869,
            18.90228,
            0
          ],
          [
            -99.15888,
            18.90188,
            0
          ],
          [
            -99.15902,
            18.90163,
            0
          ],
          [
            -99.15915,
            18.90135,
            0
          ],
          [
            -99.15947,
            18.90037,
            0
          ],
          [
            -99.15956,
            18.90029,
            0
          ],
          [
            -99.15965,
            18.90025,
            0
          ],
          [
            -99.15985,
            18.9002,
            0
          ],
          [
            -99.15992,
            18.90015,
            0
          ],
          [
            -99.1601,
            18.89996,
            0
          ],
          [
            -99.16021,
            18.89986,
            0
          ],
          [
            -99.16052,
            18.89968,
            0
          ],
          [
            -99.16058,
            18.89967,
            0
          ],
          [
            -99.16087,
            18.89966,
            0
          ],
          [
            -99.16088,
            18.89954,
            0
          ],
          [
            -99.16091,
            18.8994,
            0
          ],
          [
            -99.16094,
            18.89932,
            0
          ],
          [
            -99.16098,
            18.89925,
            0
          ],
          [
            -99.16101,
            18.89923,
            0
          ],
          [
            -99.16114,
            18.89917,
            0
          ],
          [
            -99.1611,
            18.89904,
            0
          ],
          [
            -99.16107,
            18.89898,
            0
          ],
          [
            -99.1609,
            18.89884,
            0
          ],
          [
            -99.16081,
            18.89869,
            0
          ],
          [
            -99.16075,
            18.89856,
            0
          ],
          [
            -99.16066,
            18.89821,
            0
          ],
          [
            -99.16077,
            18.89824,
            0
          ],
          [
            -99.16126,
            18.89844,
            0
          ],
          [
            -99.16256,
            18.89884,
            0
          ],
          [
            -99.16331,
            18.89911,
            0
          ],
          [
            -99.16398,
            18.89943,
            0
          ],
          [
            -99.16508,
            18.90005,
            0
          ],
          [
            -99.16537,
            18.90047,
            0
          ],
          [
            -99.16541,
            18.90054,
            0
          ],
          [
            -99.16547,
            18.90058,
            0
          ],
          [
            -99.16545,
            18.90066,
            0
          ],
          [
            -99.16549,
            18.90078,
            0
          ],
          [
            -99.16549,
            18.90082,
            0
          ],
          [
            -99.1655,
            18.9009,
            0
          ],
          [
            -99.1655,
            18.9011,
            0
          ],
          [
            -99.16551,
            18.90114,
            0
          ],
          [
            -99.16552,
            18.90116,
            0
          ],
          [
            -99.16552,
            18.90117,
            0
          ],
          [
            -99.16557,
            18.90121,
            0
          ],
          [
            -99.16603,
            18.90145,
            0
          ],
          [
            -99.16608,
            18.90147,
            0
          ],
          [
            -99.16675,
            18.90164,
            0
          ],
          [
            -99.16709,
            18.90169,
            0
          ],
          [
            -99.1678,
            18.90187,
            0
          ],
          [
            -99.16788,
            18.90176,
            0
          ],
          [
            -99.16803,
            18.90059,
            0
          ],
          [
            -99.16806,
            18.90024,
            0
          ],
          [
            -99.16807,
            18.9002,
            0
          ],
          [
            -99.16809,
            18.90015,
            0
          ],
          [
            -99.16812,
            18.90003,
            0
          ],
          [
            -99.16856,
            18.89871,
            0
          ],
          [
            -99.16865,
            18.89848,
            0
          ],
          [
            -99.16867,
            18.89845,
            0
          ],
          [
            -99.16874,
            18.89831,
            0
          ],
          [
            -99.16886,
            18.89811,
            0
          ],
          [
            -99.16911,
            18.89762,
            0
          ],
          [
            -99.16928,
            18.89781,
            0
          ],
          [
            -99.16982,
            18.8983,
            0
          ],
          [
            -99.17074,
            18.89923,
            0
          ],
          [
            -99.17079,
            18.89927,
            0
          ],
          [
            -99.17102,
            18.8995,
            0
          ],
          [
            -99.17112,
            18.89958,
            0
          ],
          [
            -99.17116,
            18.8996,
            0
          ],
          [
            -99.17122,
            18.89964,
            0
          ],
          [
            -99.17135,
            18.89978,
            0
          ],
          [
            -99.17206,
            18.90045,
            0
          ],
          [
            -99.17243,
            18.90084,
            0
          ],
          [
            -99.17252,
            18.90092,
            0
          ],
          [
            -99.17398,
            18.90238,
            0
          ],
          [
            -99.17416,
            18.90258,
            0
          ],
          [
            -99.17684,
            18.90521,
            0
          ],
          [
            -99.17689,
            18.90527,
            0
          ],
          [
            -99.1793,
            18.90766,
            0
          ],
          [
            -99.17946,
            18.90784,
            0
          ],
          [
            -99.17978,
            18.90816,
            0
          ],
          [
            -99.17997,
            18.90841,
            0
          ],
          [
            -99.18009,
            18.9086,
            0
          ],
          [
            -99.18017,
            18.90875,
            0
          ],
          [
            -99.18034,
            18.90915,
            0
          ],
          [
            -99.18092,
            18.91069,
            0
          ],
          [
            -99.18111,
            18.91111,
            0
          ],
          [
            -99.18135,
            18.91151,
            0
          ],
          [
            -99.18164,
            18.91187,
            0
          ],
          [
            -99.18385,
            18.91425,
            0
          ],
          [
            -99.18472,
            18.91512,
            0
          ],
          [
            -99.18571,
            18.916,
            0
          ],
          [
            -99.18637,
            18.91662,
            0
          ],
          [
            -99.18657,
            18.91679,
            0
          ],
          [
            -99.18657,
            18.9168,
            0
          ],
          [
            -99.18704,
            18.91721,
            0
          ],
          [
            -99.1873,
            18.91746,
            0
          ],
          [
            -99.18805,
            18.91811,
            0
          ],
          [
            -99.18821,
            18.91823,
            0
          ],
          [
            -99.18838,
            18.91834,
            0
          ],
          [
            -99.18896,
            18.91858,
            0
          ],
          [
            -99.19363,
            18.92,
            0
          ],
          [
            -99.19386,
            18.92004,
            0
          ],
          [
            -99.19397,
            18.92005,
            0
          ],
          [
            -99.19422,
            18.92005,
            0
          ],
          [
            -99.19459,
            18.91997,
            0
          ],
          [
            -99.1951,
            18.9198,
            0
          ],
          [
            -99.19558,
            18.91974,
            0
          ],
          [
            -99.19586,
            18.91973,
            0
          ],
          [
            -99.1961,
            18.91975,
            0
          ],
          [
            -99.19649,
            18.91981,
            0
          ],
          [
            -99.19723,
            18.91996,
            0
          ],
          [
            -99.19725,
            18.91996,
            0
          ],
          [
            -99.19749,
            18.92001,
            0
          ],
          [
            -99.19777,
            18.92009,
            0
          ],
          [
            -99.19778,
            18.9201,
            0
          ],
          [
            -99.19786,
            18.92012,
            0
          ],
          [
            -99.19787,
            18.92012,
            0
          ],
          [
            -99.19948,
            18.92079,
            0
          ],
          [
            -99.19955,
            18.92081,
            0
          ],
          [
            -99.19956,
            18.92082,
            0
          ],
          [
            -99.19988,
            18.92092,
            0
          ],
          [
            -99.20018,
            18.92098,
            0
          ],
          [
            -99.20037,
            18.921,
            0
          ],
          [
            -99.20045,
            18.921,
            0
          ],
          [
            -99.2006,
            18.92102,
            0
          ],
          [
            -99.20144,
            18.92103,
            0
          ],
          [
            -99.20221,
            18.92099,
            0
          ],
          [
            -99.20241,
            18.92099,
            0
          ],
          [
            -99.20277,
            18.92101,
            0
          ],
          [
            -99.20293,
            18.92103,
            0
          ],
          [
            -99.20387,
            18.92126,
            0
          ],
          [
            -99.20411,
            18.92134,
            0
          ],
          [
            -99.2044,
            18.92148,
            0
          ],
          [
            -99.20445,
            18.92152,
            0
          ],
          [
            -99.20476,
            18.92165,
            0
          ],
          [
            -99.205,
            18.92171,
            0
          ],
          [
            -99.2051,
            18.92171,
            0
          ],
          [
            -99.20529,
            18.92169,
            0
          ],
          [
            -99.20625,
            18.92166,
            0
          ],
          [
            -99.20705,
            18.92176,
            0
          ],
          [
            -99.20714,
            18.92178,
            0
          ],
          [
            -99.20739,
            18.92186,
            0
          ],
          [
            -99.20762,
            18.92196,
            0
          ],
          [
            -99.20785,
            18.9221,
            0
          ],
          [
            -99.20873,
            18.92282,
            0
          ],
          [
            -99.20887,
            18.9229,
            0
          ],
          [
            -99.20912,
            18.92302,
            0
          ],
          [
            -99.20938,
            18.92312,
            0
          ],
          [
            -99.20938,
            18.92321,
            0
          ],
          [
            -99.20939,
            18.92325,
            0
          ],
          [
            -99.20943,
            18.92334,
            0
          ],
          [
            -99.20946,
            18.92337,
            0
          ],
          [
            -99.20949,
            18.92341,
            0
          ],
          [
            -99.20955,
            18.92346,
            0
          ],
          [
            -99.20958,
            18.92347,
            0
          ],
          [
            -99.20961,
            18.92349,
            0
          ],
          [
            -99.20971,
            18.92352,
            0
          ],
          [
            -99.20983,
            18.92352,
            0
          ],
          [
            -99.20988,
            18.92351,
            0
          ],
          [
            -99.20993,
            18.92349,
            0
          ],
          [
            -99.21007,
            18.9234,
            0
          ],
          [
            -99.2101,
            18.92336,
            0
          ],
          [
            -99.21014,
            18.92329,
            0
          ],
          [
            -99.21014,
            18.92328,
            0
          ],
          [
            -99.21015,
            18.92326,
            0
          ],
          [
            -99.21015,
            18.92325,
            0
          ],
          [
            -99.21016,
            18.92323,
            0
          ],
          [
            -99.21016,
            18.92318,
            0
          ],
          [
            -99.21037,
            18.92306,
            0
          ],
          [
            -99.21046,
            18.92299,
            0
          ],
          [
            -99.21072,
            18.92287,
            0
          ],
          [
            -99.21094,
            18.92271,
            0
          ],
          [
            -99.21106,
            18.92259,
            0
          ],
          [
            -99.21118,
            18.92245,
            0
          ],
          [
            -99.21126,
            18.92231,
            0
          ],
          [
            -99.21146,
            18.92187,
            0
          ],
          [
            -99.2116,
            18.921,
            0
          ],
          [
            -99.21165,
            18.92076,
            0
          ],
          [
            -99.21168,
            18.92068,
            0
          ],
          [
            -99.21172,
            18.92062,
            0
          ],
          [
            -99.21177,
            18.92056,
            0
          ],
          [
            -99.21185,
            18.92051,
            0
          ],
          [
            -99.21195,
            18.92049,
            0
          ],
          [
            -99.21201,
            18.92049,
            0
          ],
          [
            -99.21387,
            18.92076,
            0
          ],
          [
            -99.21413,
            18.92082,
            0
          ],
          [
            -99.21428,
            18.92087,
            0
          ],
          [
            -99.21455,
            18.921,
            0
          ],
          [
            -99.21473,
            18.92105,
            0
          ],
          [
            -99.21491,
            18.92108,
            0
          ],
          [
            -99.21512,
            18.92108,
            0
          ],
          [
            -99.21574,
            18.92103,
            0
          ],
          [
            -99.21686,
            18.92081,
            0
          ],
          [
            -99.21706,
            18.92074,
            0
          ],
          [
            -99.21725,
            18.92064,
            0
          ],
          [
            -99.21741,
            18.92057,
            0
          ],
          [
            -99.21755,
            18.92054,
            0
          ],
          [
            -99.21789,
            18.92054,
            0
          ],
          [
            -99.21901,
            18.92048,
            0
          ],
          [
            -99.21943,
            18.92038,
            0
          ],
          [
            -99.21963,
            18.92036,
            0
          ],
          [
            -99.22103,
            18.9203,
            0
          ],
          [
            -99.22127,
            18.92027,
            0
          ],
          [
            -99.22248,
            18.91982,
            0
          ],
          [
            -99.2227,
            18.91977,
            0
          ],
          [
            -99.22292,
            18.91976,
            0
          ],
          [
            -99.22309,
            18.91977,
            0
          ],
          [
            -99.2236,
            18.91983,
            0
          ],
          [
            -99.22577,
            18.9207,
            0
          ],
          [
            -99.22617,
            18.92088,
            0
          ],
          [
            -99.22728,
            18.92129,
            0
          ],
          [
            -99.22757,
            18.92142,
            0
          ],
          [
            -99.22858,
            18.92182,
            0
          ],
          [
            -99.22908,
            18.92197,
            0
          ],
          [
            -99.22956,
            18.92206,
            0
          ],
          [
            -99.22965,
            18.92206,
            0
          ],
          [
            -99.22998,
            18.92195,
            0
          ],
          [
            -99.23005,
            18.92195,
            0
          ],
          [
            -99.23012,
            18.92194,
            0
          ],
          [
            -99.23024,
            18.92195,
            0
          ],
          [
            -99.23082,
            18.92196,
            0
          ],
          [
            -99.23102,
            18.92195,
            0
          ],
          [
            -99.2311,
            18.92198,
            0
          ],
          [
            -99.23118,
            18.92208,
            0
          ],
          [
            -99.2312,
            18.92214,
            0
          ],
          [
            -99.2312,
            18.92216,
            0
          ],
          [
            -99.23121,
            18.92217,
            0
          ],
          [
            -99.23122,
            18.92262,
            0
          ],
          [
            -99.23123,
            18.9227,
            0
          ],
          [
            -99.23122,
            18.92278,
            0
          ],
          [
            -99.23113,
            18.92299,
            0
          ],
          [
            -99.23105,
            18.92307,
            0
          ],
          [
            -99.23101,
            18.92312,
            0
          ],
          [
            -99.23101,
            18.92313,
            0
          ],
          [
            -99.231,
            18.92314,
            0
          ],
          [
            -99.231,
            18.92319,
            0
          ],
          [
            -99.23104,
            18.92333,
            0
          ],
          [
            -99.23121,
            18.9238,
            0
          ],
          [
            -99.23136,
            18.92384,
            0
          ],
          [
            -99.23149,
            18.92384,
            0
          ],
          [
            -99.23158,
            18.9238,
            0
          ],
          [
            -99.23161,
            18.92377,
            0
          ],
          [
            -99.23163,
            18.92376,
            0
          ],
          [
            -99.23169,
            18.92368,
            0
          ],
          [
            -99.23163,
            18.92361,
            0
          ],
          [
            -99.2313,
            18.92329,
            0
          ],
          [
            -99.23129,
            18.92327,
            0
          ],
          [
            -99.23127,
            18.92325,
            0
          ],
          [
            -99.23126,
            18.92323,
            0
          ],
          [
            -99.23124,
            18.92321,
            0
          ],
          [
            -99.23122,
            18.92317,
            0
          ],
          [
            -99.23122,
            18.92315,
            0
          ],
          [
            -99.23121,
            18.92313,
            0
          ],
          [
            -99.23121,
            18.92309,
            0
          ],
          [
            -99.2312,
            18.92308,
            0
          ],
          [
            -99.2312,
            18.92307,
            0
          ],
          [
            -99.23121,
            18.92306,
            0
          ],
          [
            -99.23121,
            18.92305,
            0
          ],
          [
            -99.23127,
            18.9229,
            0
          ],
          [
            -99.23129,
            18.92287,
            0
          ],
          [
            -99.23131,
            18.92266,
            0
          ],
          [
            -99.2313,
            18.92227,
            0
          ],
          [
            -99.23134,
            18.92219,
            0
          ],
          [
            -99.23135,
            18.92218,
            0
          ],
          [
            -99.23136,
            18.92214,
            0
          ],
          [
            -99.23138,
            18.92212,
            0
          ],
          [
            -99.23139,
            18.92212,
            0
          ],
          [
            -99.23145,
            18.92209,
            0
          ],
          [
            -99.23152,
            18.92207,
            0
          ],
          [
            -99.23153,
            18.92207,
            0
          ],
          [
            -99.23155,
            18.92206,
            0
          ],
          [
            -99.23157,
            18.92206,
            0
          ],
          [
            -99.23171,
            18.92201,
            0
          ],
          [
            -99.23176,
            18.922,
            0
          ],
          [
            -99.23188,
            18.92193,
            0
          ],
          [
            -99.23208,
            18.92186,
            0
          ],
          [
            -99.2331,
            18.92163,
            0
          ],
          [
            -99.23263,
            18.91721,
            0
          ],
          [
            -99.23231,
            18.91556,
            0
          ],
          [
            -99.23201,
            18.91437,
            0
          ],
          [
            -99.23189,
            18.91376,
            0
          ],
          [
            -99.23177,
            18.91326,
            0
          ],
          [
            -99.2317,
            18.91302,
            0
          ],
          [
            -99.23165,
            18.91261,
            0
          ],
          [
            -99.23126,
            18.91084,
            0
          ],
          [
            -99.23114,
            18.91043,
            0
          ],
          [
            -99.23137,
            18.91035,
            0
          ],
          [
            -99.23166,
            18.91023,
            0
          ],
          [
            -99.23173,
            18.91021,
            0
          ],
          [
            -99.23144,
            18.90969,
            0
          ],
          [
            -99.23128,
            18.90932,
            0
          ],
          [
            -99.23123,
            18.90911,
            0
          ],
          [
            -99.23122,
            18.90903,
            0
          ],
          [
            -99.23121,
            18.909,
            0
          ],
          [
            -99.23121,
            18.90851,
            0
          ],
          [
            -99.23125,
            18.90825,
            0
          ],
          [
            -99.23129,
            18.90811,
            0
          ],
          [
            -99.23144,
            18.90775,
            0
          ],
          [
            -99.23165,
            18.90744,
            0
          ],
          [
            -99.23186,
            18.9072,
            0
          ],
          [
            -99.2321,
            18.90707,
            0
          ],
          [
            -99.23219,
            18.90703,
            0
          ],
          [
            -99.23208,
            18.90682,
            0
          ],
          [
            -99.23206,
            18.90672,
            0
          ],
          [
            -99.23204,
            18.90666,
            0
          ],
          [
            -99.23187,
            18.90573,
            0
          ],
          [
            -99.23168,
            18.90438,
            0
          ],
          [
            -99.23141,
            18.90127,
            0
          ],
          [
            -99.23105,
            18.89993,
            0
          ],
          [
            -99.23033,
            18.89782,
            0
          ],
          [
            -99.22911,
            18.89519,
            0
          ],
          [
            -99.2291,
            18.89518,
            0
          ],
          [
            -99.22836,
            18.8935,
            0
          ],
          [
            -99.22836,
            18.89345,
            0
          ],
          [
            -99.22832,
            18.8933,
            0
          ],
          [
            -99.22832,
            18.89325,
            0
          ],
          [
            -99.2283,
            18.89318,
            0
          ],
          [
            -99.22818,
            18.89289,
            0
          ],
          [
            -99.22804,
            18.89234,
            0
          ],
          [
            -99.22797,
            18.89194,
            0
          ],
          [
            -99.22795,
            18.89168,
            0
          ],
          [
            -99.22796,
            18.89142,
            0
          ],
          [
            -99.22798,
            18.89127,
            0
          ],
          [
            -99.22804,
            18.89099,
            0
          ],
          [
            -99.22803,
            18.89094,
            0
          ],
          [
            -99.22803,
            18.89089,
            0
          ],
          [
            -99.22801,
            18.89081,
            0
          ],
          [
            -99.22825,
            18.89013,
            0
          ],
          [
            -99.22843,
            18.88976,
            0
          ],
          [
            -99.22862,
            18.88941,
            0
          ],
          [
            -99.22895,
            18.88854,
            0
          ],
          [
            -99.22923,
            18.88787,
            0
          ],
          [
            -99.22936,
            18.88752,
            0
          ],
          [
            -99.22943,
            18.88737,
            0
          ],
          [
            -99.22966,
            18.88675,
            0
          ],
          [
            -99.22968,
            18.88662,
            0
          ],
          [
            -99.22968,
            18.8866,
            0
          ],
          [
            -99.23,
            18.88588,
            0
          ],
          [
            -99.23014,
            18.88545,
            0
          ],
          [
            -99.23019,
            18.88516,
            0
          ],
          [
            -99.23022,
            18.88478,
            0
          ],
          [
            -99.23016,
            18.88432,
            0
          ],
          [
            -99.23006,
            18.88386,
            0
          ],
          [
            -99.22987,
            18.88267,
            0
          ],
          [
            -99.22982,
            18.88222,
            0
          ],
          [
            -99.22987,
            18.88135,
            0
          ],
          [
            -99.22987,
            18.88117,
            0
          ],
          [
            -99.22978,
            18.88017,
            0
          ],
          [
            -99.22971,
            18.87984,
            0
          ],
          [
            -99.2296,
            18.87958,
            0
          ],
          [
            -99.22915,
            18.87827,
            0
          ],
          [
            -99.2291,
            18.87807,
            0
          ],
          [
            -99.22908,
            18.87794,
            0
          ],
          [
            -99.22908,
            18.87791,
            0
          ],
          [
            -99.22907,
            18.87785,
            0
          ],
          [
            -99.22906,
            18.87769,
            0
          ],
          [
            -99.22906,
            18.87727,
            0
          ],
          [
            -99.22904,
            18.87717,
            0
          ],
          [
            -99.22898,
            18.87701,
            0
          ],
          [
            -99.22888,
            18.8768,
            0
          ],
          [
            -99.22822,
            18.87608,
            0
          ],
          [
            -99.22803,
            18.87579,
            0
          ],
          [
            -99.22776,
            18.87544,
            0
          ],
          [
            -99.22742,
            18.87491,
            0
          ],
          [
            -99.22732,
            18.87468,
            0
          ],
          [
            -99.22726,
            18.87429,
            0
          ],
          [
            -99.22724,
            18.87407,
            0
          ],
          [
            -99.2272,
            18.87385,
            0
          ],
          [
            -99.22707,
            18.87362,
            0
          ],
          [
            -99.22694,
            18.8735,
            0
          ],
          [
            -99.22673,
            18.87327,
            0
          ],
          [
            -99.22667,
            18.87319,
            0
          ],
          [
            -99.22656,
            18.8729,
            0
          ],
          [
            -99.22654,
            18.87275,
            0
          ],
          [
            -99.22648,
            18.87252,
            0
          ],
          [
            -99.22644,
            18.87218,
            0
          ],
          [
            -99.2265,
            18.8719,
            0
          ],
          [
            -99.2266,
            18.87161,
            0
          ],
          [
            -99.22683,
            18.87111,
            0
          ],
          [
            -99.22687,
            18.871,
            0
          ],
          [
            -99.2269,
            18.87078,
            0
          ],
          [
            -99.2269,
            18.87071,
            0
          ],
          [
            -99.22685,
            18.87056,
            0
          ],
          [
            -99.22684,
            18.87051,
            0
          ],
          [
            -99.22676,
            18.8704,
            0
          ],
          [
            -99.22633,
            18.86994,
            0
          ],
          [
            -99.22624,
            18.86982,
            0
          ],
          [
            -99.22618,
            18.86953,
            0
          ],
          [
            -99.22622,
            18.86939,
            0
          ],
          [
            -99.22625,
            18.86933,
            0
          ],
          [
            -99.22635,
            18.86917,
            0
          ],
          [
            -99.22639,
            18.86916,
            0
          ],
          [
            -99.22641,
            18.86914,
            0
          ],
          [
            -99.22644,
            18.86912,
            0
          ],
          [
            -99.22647,
            18.86909,
            0
          ],
          [
            -99.22649,
            18.86906,
            0
          ],
          [
            -99.22659,
            18.86895,
            0
          ],
          [
            -99.22671,
            18.86885,
            0
          ],
          [
            -99.22685,
            18.86868,
            0
          ],
          [
            -99.22713,
            18.86822,
            0
          ],
          [
            -99.22732,
            18.86783,
            0
          ],
          [
            -99.22735,
            18.86773,
            0
          ],
          [
            -99.22737,
            18.8676,
            0
          ],
          [
            -99.22737,
            18.86746,
            0
          ],
          [
            -99.22735,
            18.86728,
            0
          ],
          [
            -99.2273,
            18.86715,
            0
          ],
          [
            -99.22722,
            18.86701,
            0
          ],
          [
            -99.22711,
            18.86687,
            0
          ],
          [
            -99.2268,
            18.86654,
            0
          ],
          [
            -99.22586,
            18.86545,
            0
          ],
          [
            -99.22549,
            18.86505,
            0
          ],
          [
            -99.22469,
            18.86411,
            0
          ],
          [
            -99.22464,
            18.86403,
            0
          ],
          [
            -99.2246,
            18.86391,
            0
          ],
          [
            -99.22458,
            18.86382,
            0
          ],
          [
            -99.22457,
            18.86369,
            0
          ],
          [
            -99.22458,
            18.8636,
            0
          ],
          [
            -99.22461,
            18.86352,
            0
          ],
          [
            -99.22513,
            18.86262,
            0
          ],
          [
            -99.22521,
            18.8624,
            0
          ],
          [
            -99.22524,
            18.86214,
            0
          ],
          [
            -99.22523,
            18.8619,
            0
          ],
          [
            -99.2252,
            18.86178,
            0
          ],
          [
            -99.22509,
            18.8615,
            0
          ],
          [
            -99.22463,
            18.86062,
            0
          ],
          [
            -99.22399,
            18.85971,
            0
          ],
          [
            -99.22385,
            18.85946,
            0
          ],
          [
            -99.2238,
            18.85932,
            0
          ],
          [
            -99.22376,
            18.85915,
            0
          ],
          [
            -99.22375,
            18.85902,
            0
          ],
          [
            -99.22376,
            18.85865,
            0
          ],
          [
            -99.22379,
            18.85849,
            0
          ],
          [
            -99.22385,
            18.85829,
            0
          ],
          [
            -99.22401,
            18.8579,
            0
          ],
          [
            -99.22404,
            18.8578,
            0
          ],
          [
            -99.22425,
            18.85727,
            0
          ],
          [
            -99.22484,
            18.85487,
            0
          ],
          [
            -99.22486,
            18.85464,
            0
          ],
          [
            -99.22486,
            18.85453,
            0
          ],
          [
            -99.22485,
            18.85441,
            0
          ],
          [
            -99.22463,
            18.85307,
            0
          ],
          [
            -99.22457,
            18.85217,
            0
          ],
          [
            -99.22456,
            18.85212,
            0
          ],
          [
            -99.22456,
            18.85207,
            0
          ],
          [
            -99.2245,
            18.85176,
            0
          ],
          [
            -99.22446,
            18.85162,
            0
          ],
          [
            -99.2244,
            18.8515,
            0
          ],
          [
            -99.22396,
            18.85084,
            0
          ],
          [
            -99.22371,
            18.85026,
            0
          ],
          [
            -99.22344,
            18.84956,
            0
          ],
          [
            -99.22312,
            18.84888,
            0
          ],
          [
            -99.22307,
            18.84872,
            0
          ],
          [
            -99.22305,
            18.84856,
            0
          ],
          [
            -99.22305,
            18.84836,
            0
          ],
          [
            -99.22307,
            18.848,
            0
          ],
          [
            -99.22321,
            18.84705,
            0
          ],
          [
            -99.2233,
            18.84658,
            0
          ],
          [
            -99.22335,
            18.84641,
            0
          ],
          [
            -99.2237,
            18.84579,
            0
          ],
          [
            -99.22373,
            18.84568,
            0
          ],
          [
            -99.22376,
            18.84544,
            0
          ],
          [
            -99.22399,
            18.84426,
            0
          ],
          [
            -99.22425,
            18.84311,
            0
          ],
          [
            -99.22518,
            18.84268,
            0
          ],
          [
            -99.22722,
            18.84165,
            0
          ],
          [
            -99.22761,
            18.84134,
            0
          ],
          [
            -99.22858,
            18.84049,
            0
          ],
          [
            -99.22866,
            18.8404,
            0
          ],
          [
            -99.22893,
            18.84018,
            0
          ],
          [
            -99.22932,
            18.83982,
            0
          ],
          [
            -99.22988,
            18.83925,
            0
          ],
          [
            -99.23002,
            18.83915,
            0
          ],
          [
            -99.23024,
            18.83902,
            0
          ],
          [
            -99.23041,
            18.83896,
            0
          ],
          [
            -99.23086,
            18.83877,
            0
          ],
          [
            -99.23187,
            18.83839,
            0
          ],
          [
            -99.23276,
            18.8381,
            0
          ],
          [
            -99.23342,
            18.83801,
            0
          ],
          [
            -99.2335,
            18.83801,
            0
          ],
          [
            -99.23357,
            18.83802,
            0
          ],
          [
            -99.23402,
            18.8377,
            0
          ],
          [
            -99.23459,
            18.83733,
            0
          ],
          [
            -99.23523,
            18.83676,
            0
          ],
          [
            -99.23546,
            18.83662,
            0
          ],
          [
            -99.23819,
            18.83589,
            0
          ],
          [
            -99.23819,
            18.8359,
            0
          ],
          [
            -99.2382,
            18.83591,
            0
          ],
          [
            -99.2382,
            18.83592,
            0
          ],
          [
            -99.23822,
            18.83594,
            0
          ],
          [
            -99.23822,
            18.83595,
            0
          ],
          [
            -99.23823,
            18.83595,
            0
          ],
          [
            -99.23824,
            18.83596,
            0
          ],
          [
            -99.23825,
            18.83596,
            0
          ],
          [
            -99.23826,
            18.83597,
            0
          ],
          [
            -99.23827,
            18.83597,
            0
          ],
          [
            -99.23828,
            18.83598,
            0
          ],
          [
            -99.23836,
            18.83598,
            0
          ],
          [
            -99.23837,
            18.83597,
            0
          ],
          [
            -99.23838,
            18.83597,
            0
          ],
          [
            -99.23839,
            18.83596,
            0
          ],
          [
            -99.2384,
            18.83596,
            0
          ],
          [
            -99.2384,
            18.83595,
            0
          ],
          [
            -99.23841,
            18.83595,
            0
          ],
          [
            -99.23844,
            18.83592,
            0
          ],
          [
            -99.23844,
            18.83591,
            0
          ],
          [
            -99.23845,
            18.8359,
            0
          ],
          [
            -99.23845,
            18.83588,
            0
          ],
          [
            -99.23846,
            18.83587,
            0
          ],
          [
            -99.23846,
            18.83584,
            0
          ],
          [
            -99.23845,
            18.83583,
            0
          ],
          [
            -99.23845,
            18.83581,
            0
          ],
          [
            -99.23984,
            18.83542,
            0
          ],
          [
            -99.24033,
            18.8353,
            0
          ],
          [
            -99.23929,
            18.83185,
            0
          ],
          [
            -99.23961,
            18.83122,
            0
          ],
          [
            -99.23964,
            18.8311,
            0
          ],
          [
            -99.23963,
            18.83103,
            0
          ],
          [
            -99.23963,
            18.83096,
            0
          ],
          [
            -99.23956,
            18.8302,
            0
          ],
          [
            -99.23956,
            18.83002,
            0
          ],
          [
            -99.23957,
            18.82997,
            0
          ],
          [
            -99.23957,
            18.82991,
            0
          ],
          [
            -99.23962,
            18.82958,
            0
          ],
          [
            -99.23964,
            18.8295,
            0
          ],
          [
            -99.23968,
            18.82945,
            0
          ],
          [
            -99.24004,
            18.82923,
            0
          ],
          [
            -99.23963,
            18.82789,
            0
          ],
          [
            -99.24005,
            18.82769,
            0
          ],
          [
            -99.24404,
            18.82594,
            0
          ],
          [
            -99.24557,
            18.82802,
            0
          ],
          [
            -99.24536,
            18.82836,
            0
          ],
          [
            -99.2453,
            18.82842,
            0
          ],
          [
            -99.24527,
            18.82849,
            0
          ],
          [
            -99.2452,
            18.82861,
            0
          ],
          [
            -99.24518,
            18.82862,
            0
          ],
          [
            -99.24517,
            18.82864,
            0
          ],
          [
            -99.24516,
            18.82864,
            0
          ],
          [
            -99.2443,
            18.83001,
            0
          ],
          [
            -99.24512,
            18.83046,
            0
          ],
          [
            -99.24525,
            18.83055,
            0
          ],
          [
            -99.24527,
            18.83059,
            0
          ],
          [
            -99.2453,
            18.83063,
            0
          ],
          [
            -99.24584,
            18.83189,
            0
          ],
          [
            -99.24594,
            18.83182,
            0
          ],
          [
            -99.24623,
            18.83169,
            0
          ],
          [
            -99.24628,
            18.83173,
            0
          ],
          [
            -99.24628,
            18.83176,
            0
          ],
          [
            -99.24629,
            18.8318,
            0
          ],
          [
            -99.24634,
            18.83188,
            0
          ],
          [
            -99.24641,
            18.83196,
            0
          ],
          [
            -99.24669,
            18.8322,
            0
          ],
          [
            -99.24676,
            18.83229,
            0
          ],
          [
            -99.2468,
            18.83243,
            0
          ],
          [
            -99.24681,
            18.83253,
            0
          ],
          [
            -99.24684,
            18.83266,
            0
          ],
          [
            -99.24684,
            18.83277,
            0
          ],
          [
            -99.24686,
            18.8329,
            0
          ],
          [
            -99.24692,
            18.83311,
            0
          ],
          [
            -99.24698,
            18.83327,
            0
          ],
          [
            -99.24705,
            18.83339,
            0
          ],
          [
            -99.24718,
            18.83352,
            0
          ],
          [
            -99.24743,
            18.8338,
            0
          ],
          [
            -99.248,
            18.83474,
            0
          ],
          [
            -99.24817,
            18.83496,
            0
          ],
          [
            -99.24823,
            18.83529,
            0
          ],
          [
            -99.24841,
            18.83606,
            0
          ],
          [
            -99.24877,
            18.83796,
            0
          ],
          [
            -99.25044,
            18.84193,
            0
          ],
          [
            -99.25066,
            18.84239,
            0
          ],
          [
            -99.25067,
            18.84242,
            0
          ],
          [
            -99.2518,
            18.84476,
            0
          ],
          [
            -99.25267,
            18.84565,
            0
          ],
          [
            -99.25287,
            18.84578,
            0
          ],
          [
            -99.25516,
            18.8471,
            0
          ],
          [
            -99.25611,
            18.84562,
            0
          ],
          [
            -99.25633,
            18.8454,
            0
          ],
          [
            -99.25643,
            18.84543,
            0
          ],
          [
            -99.25648,
            18.84546,
            0
          ],
          [
            -99.25653,
            18.84551,
            0
          ],
          [
            -99.2568,
            18.84587,
            0
          ],
          [
            -99.26175,
            18.85376,
            0
          ],
          [
            -99.26184,
            18.85393,
            0
          ],
          [
            -99.26199,
            18.85436,
            0
          ],
          [
            -99.2622,
            18.85472,
            0
          ],
          [
            -99.26223,
            18.85481,
            0
          ],
          [
            -99.26225,
            18.8549,
            0
          ],
          [
            -99.2624,
            18.85533,
            0
          ],
          [
            -99.26258,
            18.85569,
            0
          ],
          [
            -99.26283,
            18.85603,
            0
          ],
          [
            -99.26306,
            18.85626,
            0
          ],
          [
            -99.26409,
            18.85721,
            0
          ],
          [
            -99.26409,
            18.85722,
            0
          ],
          [
            -99.26459,
            18.85776,
            0
          ],
          [
            -99.26514,
            18.85846,
            0
          ],
          [
            -99.26529,
            18.85869,
            0
          ],
          [
            -99.26545,
            18.85898,
            0
          ],
          [
            -99.26549,
            18.85904,
            0
          ],
          [
            -99.26557,
            18.85923,
            0
          ],
          [
            -99.26582,
            18.86024,
            0
          ],
          [
            -99.26583,
            18.86067,
            0
          ],
          [
            -99.26584,
            18.86069,
            0
          ],
          [
            -99.26586,
            18.86097,
            0
          ],
          [
            -99.26602,
            18.86198,
            0
          ],
          [
            -99.26608,
            18.86226,
            0
          ],
          [
            -99.26612,
            18.86239,
            0
          ],
          [
            -99.26635,
            18.86283,
            0
          ],
          [
            -99.26637,
            18.86289,
            0
          ],
          [
            -99.26655,
            18.86378,
            0
          ],
          [
            -99.26699,
            18.86541,
            0
          ],
          [
            -99.26743,
            18.86654,
            0
          ],
          [
            -99.26773,
            18.86743,
            0
          ],
          [
            -99.26787,
            18.86772,
            0
          ],
          [
            -99.26874,
            18.86894,
            0
          ],
          [
            -99.26925,
            18.8694,
            0
          ],
          [
            -99.26943,
            18.86959,
            0
          ],
          [
            -99.26946,
            18.86961,
            0
          ],
          [
            -99.26964,
            18.86986,
            0
          ],
          [
            -99.27026,
            18.87091,
            0
          ],
          [
            -99.27137,
            18.87318,
            0
          ],
          [
            -99.27181,
            18.87397,
            0
          ],
          [
            -99.27316,
            18.87622,
            0
          ],
          [
            -99.2733,
            18.87653,
            0
          ],
          [
            -99.2734,
            18.8768,
            0
          ],
          [
            -99.27395,
            18.87882,
            0
          ],
          [
            -99.27441,
            18.88035,
            0
          ],
          [
            -99.27453,
            18.88105,
            0
          ],
          [
            -99.2746,
            18.88129,
            0
          ],
          [
            -99.27494,
            18.88292,
            0
          ],
          [
            -99.27494,
            18.88299,
            0
          ],
          [
            -99.27521,
            18.88414,
            0
          ],
          [
            -99.27534,
            18.88459,
            0
          ],
          [
            -99.27651,
            18.88731,
            0
          ]
        ]
      },
      "properties": {
        "name": "4.- TEJALPA-VILLA DE LAS FLORES-SANTA URSULA-VILLA DE LAS FLORES-TEJALPA",
        "description": {
          "@type": "html",
          "value": "descripción: <br>OID: 909<br>ZONA: CENTRO<br>RUTA: RUTA 11<br>ITINERARIO: 4.- TEJALPA-VILLA DE LAS FLORES-SANTA URSULA-VILLA DE LAS FLORES-TEJALPA<br>DESCRIPCIO: TEJALPA-VILLA DE LAS FLORES-SANTA URSULA<br>AUTO-AMPL: ITINERARIO<br>DEFIN-PROV: DEFINITIVOS<br>DURACION: DEFINITIVA<br>FOLIO: SGG/DGT/SDP/000535/97"
        },
        "styleUrl": "#line-C2185B-1200",
        "stroke-opacity": 1,
        "stroke": "#c2185b",
        "stroke-width": 1.2,
        "descripción": "",
        "OID": "909",
        "ZONA": "CENTRO",
        "RUTA": "RUTA 11",
        "ITINERARIO": "4.- TEJALPA-VILLA DE LAS FLORES-SANTA URSULA-VILLA DE LAS FLORES-TEJALPA",
        "DESCRIPCIO": "TEJALPA-VILLA DE LAS FLORES-SANTA URSULA",
        "AUTO-AMPL": "ITINERARIO",
        "DEFIN-PROV": "DEFINITIVOS",
        "DURACION": "DEFINITIVA",
        "FOLIO": "SGG/DGT/SDP/000535/97"
      }
    },
    {
      "type": "Feature",
      "geometry": {
        "type": "LineString",
        "coordinates": [
          [
            -99.16747,
            18.90103,
            0
          ],
          [
            -99.16708,
            18.90096,
            0
          ],
          [
            -99.16675,
            18.90089,
            0
          ],
          [
            -99.16654,
            18.90084,
            0
          ],
          [
            -99.16633,
            18.90079,
            0
          ],
          [
            -99.16547,
            18.90058,
            0
          ],
          [
            -99.16545,
            18.90066,
            0
          ],
          [
            -99.16518,
            18.90102,
            0
          ],
          [
            -99.16503,
            18.90129,
            0
          ],
          [
            -99.16497,
            18.90143,
            0
          ],
          [
            -99.16492,
            18.90153,
            0
          ],
          [
            -99.16488,
            18.90164,
            0
          ],
          [
            -99.16483,
            18.9018,
            0
          ],
          [
            -99.16478,
            18.90201,
            0
          ],
          [
            -99.1647,
            18.90224,
            0
          ],
          [
            -99.16463,
            18.90241,
            0
          ],
          [
            -99.1646,
            18.90247,
            0
          ],
          [
            -99.16454,
            18.90253,
            0
          ],
          [
            -99.16468,
            18.90259,
            0
          ],
          [
            -99.16485,
            18.90264,
            0
          ],
          [
            -99.16521,
            18.90275,
            0
          ],
          [
            -99.16583,
            18.90293,
            0
          ],
          [
            -99.16658,
            18.90316,
            0
          ],
          [
            -99.16664,
            18.90294,
            0
          ],
          [
            -99.16675,
            18.9024,
            0
          ],
          [
            -99.16759,
            18.90261,
            0
          ],
          [
            -99.16764,
            18.90242,
            0
          ],
          [
            -99.16771,
            18.90208,
            0
          ],
          [
            -99.16772,
            18.90203,
            0
          ],
          [
            -99.16773,
            18.902,
            0
          ],
          [
            -99.1678,
            18.90187,
            0
          ],
          [
            -99.16788,
            18.90176,
            0
          ],
          [
            -99.16792,
            18.90145,
            0
          ],
          [
            -99.16797,
            18.90109,
            0
          ],
          [
            -99.16803,
            18.90059,
            0
          ],
          [
            -99.16806,
            18.90024,
            0
          ],
          [
            -99.16807,
            18.9002,
            0
          ],
          [
            -99.16809,
            18.90015,
            0
          ],
          [
            -99.16812,
            18.90003,
            0
          ],
          [
            -99.16822,
            18.89974,
            0
          ],
          [
            -99.16825,
            18.89964,
            0
          ],
          [
            -99.16851,
            18.89885,
            0
          ],
          [
            -99.16856,
            18.89871,
            0
          ],
          [
            -99.16865,
            18.89848,
            0
          ],
          [
            -99.16867,
            18.89845,
            0
          ],
          [
            -99.16874,
            18.89831,
            0
          ],
          [
            -99.16886,
            18.89811,
            0
          ],
          [
            -99.16911,
            18.89762,
            0
          ],
          [
            -99.16922,
            18.89774,
            0
          ]
        ]
      },
      "properties": {
        "name": "TEJALPA JIUTEPEC",
        "description": {
          "@type": "html",
          "value": "descripción: <br>OID: 1457<br>ZONA: CENTRO<br>RUTA: RUTA 11<br>ITINERARIO: AMPL TEJALPA JIUTEPEC<br>DESCRIPCIO: TEJALPA JIUTEPEC<br>AUTO-AMPL: AMPLIACION<br>DEFIN-PROV: MODIFICACION<br>DURACION: DEFINITIVA<br>FOLIO: SG/DGT/SDP/0270/2001"
        },
        "styleUrl": "#line-0288D1-1200",
        "stroke-opacity": 1,
        "stroke": "#0288d1",
        "stroke-width": 1.2,
        "descripción": "",
        "OID": "1457",
        "ZONA": "CENTRO",
        "RUTA": "RUTA 11",
        "ITINERARIO": "AMPL TEJALPA JIUTEPEC",
        "DESCRIPCIO": "TEJALPA JIUTEPEC",
        "AUTO-AMPL": "AMPLIACION",
        "DEFIN-PROV": "MODIFICACION",
        "DURACION": "DEFINITIVA",
        "FOLIO": "SG/DGT/SDP/0270/2001"
      }
    },
    {
      "type": "Feature",
      "geometry": {
        "type": "LineString",
        "coordinates": [
          [
            -99.1618,
            18.90134,
            0
          ],
          [
            -99.16195,
            18.90138,
            0
          ],
          [
            -99.16229,
            18.90144,
            0
          ],
          [
            -99.1624,
            18.90147,
            0
          ],
          [
            -99.16307,
            18.90163,
            0
          ],
          [
            -99.16332,
            18.90167,
            0
          ],
          [
            -99.16344,
            18.9017,
            0
          ],
          [
            -99.16363,
            18.90173,
            0
          ],
          [
            -99.16369,
            18.90175,
            0
          ],
          [
            -99.16378,
            18.90177,
            0
          ],
          [
            -99.16382,
            18.90178,
            0
          ],
          [
            -99.16386,
            18.90179,
            0
          ],
          [
            -99.16391,
            18.90179,
            0
          ],
          [
            -99.16397,
            18.90179,
            0
          ],
          [
            -99.16406,
            18.90178,
            0
          ],
          [
            -99.16417,
            18.90177,
            0
          ],
          [
            -99.16424,
            18.90178,
            0
          ],
          [
            -99.16428,
            18.90178,
            0
          ],
          [
            -99.16431,
            18.90179,
            0
          ],
          [
            -99.16434,
            18.90181,
            0
          ],
          [
            -99.16439,
            18.90184,
            0
          ],
          [
            -99.16452,
            18.9019,
            0
          ],
          [
            -99.16465,
            18.90196,
            0
          ],
          [
            -99.16478,
            18.90201,
            0
          ],
          [
            -99.16483,
            18.9018,
            0
          ],
          [
            -99.16488,
            18.90164,
            0
          ],
          [
            -99.16492,
            18.90153,
            0
          ],
          [
            -99.16497,
            18.90143,
            0
          ],
          [
            -99.16503,
            18.90129,
            0
          ],
          [
            -99.16518,
            18.90102,
            0
          ],
          [
            -99.16545,
            18.90066,
            0
          ],
          [
            -99.16547,
            18.90058,
            0
          ],
          [
            -99.16544,
            18.90056,
            0
          ],
          [
            -99.16541,
            18.90054,
            0
          ],
          [
            -99.16537,
            18.90047,
            0
          ],
          [
            -99.16508,
            18.90005,
            0
          ],
          [
            -99.1653,
            18.89948,
            0
          ],
          [
            -99.16541,
            18.89919,
            0
          ],
          [
            -99.16544,
            18.89914,
            0
          ],
          [
            -99.16546,
            18.89911,
            0
          ],
          [
            -99.16549,
            18.89907,
            0
          ],
          [
            -99.16551,
            18.89904,
            0
          ],
          [
            -99.16552,
            18.899,
            0
          ],
          [
            -99.16555,
            18.89893,
            0
          ],
          [
            -99.16566,
            18.89851,
            0
          ],
          [
            -99.16578,
            18.89812,
            0
          ],
          [
            -99.1659,
            18.89768,
            0
          ],
          [
            -99.16593,
            18.89763,
            0
          ],
          [
            -99.16597,
            18.89755,
            0
          ],
          [
            -99.16602,
            18.89747,
            0
          ],
          [
            -99.1661,
            18.89738,
            0
          ],
          [
            -99.16617,
            18.8973,
            0
          ],
          [
            -99.16627,
            18.89717,
            0
          ],
          [
            -99.16631,
            18.89711,
            0
          ],
          [
            -99.16634,
            18.89706,
            0
          ],
          [
            -99.16637,
            18.89696,
            0
          ],
          [
            -99.16651,
            18.89659,
            0
          ],
          [
            -99.16664,
            18.89621,
            0
          ],
          [
            -99.16676,
            18.89584,
            0
          ],
          [
            -99.16682,
            18.89573,
            0
          ],
          [
            -99.16687,
            18.89566,
            0
          ],
          [
            -99.16692,
            18.89559,
            0
          ]
        ]
      },
      "properties": {
        "name": "TEJALPA JIUTEPEC",
        "description": {
          "@type": "html",
          "value": "descripción: <br>OID: 1458<br>ZONA: CENTRO<br>RUTA: RUTA 11<br>ITINERARIO: AMPL TEJALPA JIUTEPEC<br>DESCRIPCIO: TEJALPA JIUTEPEC<br>AUTO-AMPL: AMPLIACION<br>DEFIN-PROV: MODIFICACION<br>DURACION: DEFINITIVA<br>FOLIO: SG/DGT/SDP/0270/2001"
        },
        "styleUrl": "#line-0288D1-1200",
        "stroke-opacity": 1,
        "stroke": "#0288d1",
        "stroke-width": 1.2,
        "descripción": "",
        "OID": "1458",
        "ZONA": "CENTRO",
        "RUTA": "RUTA 11",
        "ITINERARIO": "AMPL TEJALPA JIUTEPEC",
        "DESCRIPCIO": "TEJALPA JIUTEPEC",
        "AUTO-AMPL": "AMPLIACION",
        "DEFIN-PROV": "MODIFICACION",
        "DURACION": "DEFINITIVA",
        "FOLIO": "SG/DGT/SDP/0270/2001"
      }
    }
  ]
}