{
  "type": "FeatureCollection",
  "features": [
    {
      "type": "Feature",
      "geometry": {
        "type": "LineString",
        "coordinates": [
          [
            -99.25767,
            18.98453,
            0
          ],
          [
            -99.25767,
            18.98471,
            0
          ],
          [
            -99.25766,
            18.98483,
            0
          ],
          [
            -99.25767,
            18.98487,
            0
          ],
          [
            -99.25767,
            18.98492,
            0
          ],
          [
            -99.25756,
            18.98513,
            0
          ],
          [
            -99.25743,
            18.98526,
            0
          ],
          [
            -99.25733,
            18.98534,
            0
          ],
          [
            -99.25724,
            18.9854,
            0
          ],
          [
            -99.25709,
            18.98488,
            0
          ],
          [
            -99.25706,
            18.98472,
            0
          ],
          [
            -99.25701,
            18.98461,
            0
          ],
          [
            -99.25697,
            18.98456,
            0
          ],
          [
            -99.25684,
            18.98445,
            0
          ],
          [
            -99.25595,
            18.98387,
            0
          ],
          [
            -99.25588,
            18.98381,
            0
          ],
          [
            -99.25578,
            18.98383,
            0
          ],
          [
            -99.25565,
            18.98383,
            0
          ],
          [
            -99.25517,
            18.98373,
            0
          ],
          [
            -99.25493,
            18.98366,
            0
          ],
          [
            -99.25453,
            18.98343,
            0
          ],
          [
            -99.25386,
            18.98295,
            0
          ],
          [
            -99.25373,
            18.98284,
            0
          ],
          [
            -99.25367,
            18.98276,
            0
          ],
          [
            -99.25362,
            18.98267,
            0
          ],
          [
            -99.25358,
            18.98256,
            0
          ],
          [
            -99.25356,
            18.98252,
            0
          ],
          [
            -99.25355,
            18.98245,
            0
          ],
          [
            -99.25355,
            18.98234,
            0
          ],
          [
            -99.25361,
            18.98214,
            0
          ],
          [
            -99.25405,
            18.98106,
            0
          ],
          [
            -99.25408,
            18.98103,
            0
          ],
          [
            -99.2541,
            18.981,
            0
          ],
          [
            -99.25449,
            18.98011,
            0
          ],
          [
            -99.25457,
            18.97986,
            0
          ],
          [
            -99.25458,
            18.97978,
            0
          ],
          [
            -99.25458,
            18.97962,
            0
          ],
          [
            -99.25457,
            18.97956,
            0
          ],
          [
            -99.25454,
            18.97948,
            0
          ],
          [
            -99.25444,
            18.97933,
            0
          ],
          [
            -99.25432,
            18.97919,
            0
          ],
          [
            -99.2536,
            18.97853,
            0
          ],
          [
            -99.25348,
            18.97836,
            0
          ],
          [
            -99.25342,
            18.97825,
            0
          ],
          [
            -99.25337,
            18.97812,
            0
          ],
          [
            -99.25334,
            18.97794,
            0
          ],
          [
            -99.25338,
            18.9774,
            0
          ],
          [
            -99.25338,
            18.97697,
            0
          ],
          [
            -99.25337,
            18.97688,
            0
          ],
          [
            -99.25332,
            18.97672,
            0
          ],
          [
            -99.2533,
            18.97668,
            0
          ],
          [
            -99.25327,
            18.97664,
            0
          ],
          [
            -99.25312,
            18.97651,
            0
          ],
          [
            -99.25259,
            18.97617,
            0
          ],
          [
            -99.25251,
            18.97611,
            0
          ],
          [
            -99.25241,
            18.97602,
            0
          ],
          [
            -99.25231,
            18.97588,
            0
          ],
          [
            -99.25228,
            18.97577,
            0
          ],
          [
            -99.25226,
            18.97562,
            0
          ],
          [
            -99.25228,
            18.97547,
            0
          ],
          [
            -99.25247,
            18.97492,
            0
          ],
          [
            -99.25248,
            18.97482,
            0
          ],
          [
            -99.25248,
            18.97474,
            0
          ],
          [
            -99.25247,
            18.97466,
            0
          ],
          [
            -99.25244,
            18.97459,
            0
          ],
          [
            -99.25234,
            18.97444,
            0
          ],
          [
            -99.25202,
            18.97413,
            0
          ],
          [
            -99.25195,
            18.97405,
            0
          ],
          [
            -99.25188,
            18.97395,
            0
          ],
          [
            -99.25183,
            18.9738,
            0
          ],
          [
            -99.25182,
            18.97374,
            0
          ],
          [
            -99.25183,
            18.97368,
            0
          ],
          [
            -99.25183,
            18.97348,
            0
          ],
          [
            -99.25197,
            18.97284,
            0
          ],
          [
            -99.25198,
            18.97254,
            0
          ],
          [
            -99.25193,
            18.97236,
            0
          ],
          [
            -99.25189,
            18.97229,
            0
          ],
          [
            -99.2518,
            18.97219,
            0
          ],
          [
            -99.25162,
            18.97206,
            0
          ],
          [
            -99.24944,
            18.9707,
            0
          ],
          [
            -99.24908,
            18.97041,
            0
          ],
          [
            -99.24893,
            18.97023,
            0
          ],
          [
            -99.24865,
            18.96984,
            0
          ],
          [
            -99.24841,
            18.96946,
            0
          ],
          [
            -99.24791,
            18.96847,
            0
          ],
          [
            -99.24755,
            18.96757,
            0
          ],
          [
            -99.24752,
            18.96751,
            0
          ],
          [
            -99.24751,
            18.96747,
            0
          ],
          [
            -99.24751,
            18.96742,
            0
          ],
          [
            -99.24745,
            18.96718,
            0
          ],
          [
            -99.24746,
            18.96713,
            0
          ],
          [
            -99.24746,
            18.9671,
            0
          ],
          [
            -99.24714,
            18.96595,
            0
          ],
          [
            -99.24705,
            18.96569,
            0
          ],
          [
            -99.247,
            18.96549,
            0
          ],
          [
            -99.24695,
            18.96535,
            0
          ],
          [
            -99.24698,
            18.96532,
            0
          ],
          [
            -99.24698,
            18.96529,
            0
          ],
          [
            -99.24699,
            18.96528,
            0
          ],
          [
            -99.24699,
            18.96521,
            0
          ],
          [
            -99.24698,
            18.9652,
            0
          ],
          [
            -99.24698,
            18.96519,
            0
          ],
          [
            -99.24697,
            18.96518,
            0
          ],
          [
            -99.24697,
            18.96516,
            0
          ],
          [
            -99.24696,
            18.96515,
            0
          ],
          [
            -99.24695,
            18.96515,
            0
          ],
          [
            -99.24695,
            18.96514,
            0
          ],
          [
            -99.24693,
            18.96512,
            0
          ],
          [
            -99.24692,
            18.96512,
            0
          ],
          [
            -99.2469,
            18.9651,
            0
          ],
          [
            -99.24689,
            18.9651,
            0
          ],
          [
            -99.24688,
            18.96509,
            0
          ],
          [
            -99.24687,
            18.96509,
            0
          ],
          [
            -99.24691,
            18.96502,
            0
          ],
          [
            -99.24691,
            18.965,
            0
          ],
          [
            -99.24692,
            18.96499,
            0
          ],
          [
            -99.24692,
            18.96495,
            0
          ],
          [
            -99.24687,
            18.96472,
            0
          ],
          [
            -99.24665,
            18.96323,
            0
          ],
          [
            -99.24662,
            18.9631,
            0
          ],
          [
            -99.24639,
            18.96164,
            0
          ],
          [
            -99.24638,
            18.96161,
            0
          ],
          [
            -99.24564,
            18.95653,
            0
          ],
          [
            -99.24558,
            18.95597,
            0
          ],
          [
            -99.24479,
            18.95026,
            0
          ],
          [
            -99.2448,
            18.95025,
            0
          ],
          [
            -99.24481,
            18.95025,
            0
          ],
          [
            -99.24482,
            18.95024,
            0
          ],
          [
            -99.24482,
            18.95023,
            0
          ],
          [
            -99.24483,
            18.95023,
            0
          ],
          [
            -99.24483,
            18.95022,
            0
          ],
          [
            -99.24484,
            18.95021,
            0
          ],
          [
            -99.24484,
            18.95019,
            0
          ],
          [
            -99.24485,
            18.95019,
            0
          ],
          [
            -99.24485,
            18.95013,
            0
          ],
          [
            -99.24484,
            18.95013,
            0
          ],
          [
            -99.24484,
            18.95011,
            0
          ],
          [
            -99.24483,
            18.9501,
            0
          ],
          [
            -99.24483,
            18.95009,
            0
          ],
          [
            -99.24482,
            18.95009,
            0
          ],
          [
            -99.24482,
            18.95008,
            0
          ],
          [
            -99.24481,
            18.95007,
            0
          ],
          [
            -99.2448,
            18.95007,
            0
          ],
          [
            -99.2448,
            18.95006,
            0
          ],
          [
            -99.24478,
            18.95006,
            0
          ],
          [
            -99.24478,
            18.95005,
            0
          ],
          [
            -99.24476,
            18.95005,
            0
          ],
          [
            -99.24475,
            18.95004,
            0
          ],
          [
            -99.24474,
            18.95004,
            0
          ],
          [
            -99.24473,
            18.9499,
            0
          ],
          [
            -99.24454,
            18.94909,
            0
          ],
          [
            -99.24404,
            18.9475,
            0
          ],
          [
            -99.24365,
            18.94644,
            0
          ],
          [
            -99.24357,
            18.94626,
            0
          ],
          [
            -99.24345,
            18.94589,
            0
          ],
          [
            -99.24256,
            18.94366,
            0
          ],
          [
            -99.24242,
            18.94339,
            0
          ],
          [
            -99.24233,
            18.94324,
            0
          ],
          [
            -99.2421,
            18.9428,
            0
          ],
          [
            -99.24202,
            18.9426,
            0
          ],
          [
            -99.24179,
            18.94168,
            0
          ],
          [
            -99.24153,
            18.94041,
            0
          ],
          [
            -99.24153,
            18.94031,
            0
          ],
          [
            -99.24137,
            18.93938,
            0
          ],
          [
            -99.24077,
            18.9373,
            0
          ],
          [
            -99.24071,
            18.93701,
            0
          ],
          [
            -99.24061,
            18.936,
            0
          ],
          [
            -99.24065,
            18.93386,
            0
          ],
          [
            -99.24063,
            18.9332,
            0
          ],
          [
            -99.24061,
            18.93301,
            0
          ],
          [
            -99.24046,
            18.93265,
            0
          ],
          [
            -99.24013,
            18.93199,
            0
          ],
          [
            -99.24008,
            18.93187,
            0
          ],
          [
            -99.24006,
            18.93179,
            0
          ],
          [
            -99.24005,
            18.93169,
            0
          ],
          [
            -99.24006,
            18.93156,
            0
          ],
          [
            -99.24013,
            18.93126,
            0
          ],
          [
            -99.24021,
            18.93068,
            0
          ],
          [
            -99.24025,
            18.92971,
            0
          ],
          [
            -99.24027,
            18.92956,
            0
          ],
          [
            -99.24029,
            18.92947,
            0
          ],
          [
            -99.24024,
            18.9293,
            0
          ],
          [
            -99.2402,
            18.9292,
            0
          ],
          [
            -99.24016,
            18.92913,
            0
          ],
          [
            -99.24008,
            18.92906,
            0
          ],
          [
            -99.23997,
            18.92901,
            0
          ],
          [
            -99.23965,
            18.92891,
            0
          ],
          [
            -99.23963,
            18.92891,
            0
          ],
          [
            -99.23926,
            18.92883,
            0
          ],
          [
            -99.23892,
            18.92878,
            0
          ],
          [
            -99.23858,
            18.92875,
            0
          ],
          [
            -99.23836,
            18.92885,
            0
          ],
          [
            -99.2383,
            18.92887,
            0
          ],
          [
            -99.23785,
            18.92892,
            0
          ],
          [
            -99.2378,
            18.92894,
            0
          ],
          [
            -99.23778,
            18.92896,
            0
          ],
          [
            -99.23776,
            18.92902,
            0
          ],
          [
            -99.23778,
            18.92907,
            0
          ],
          [
            -99.2378,
            18.9291,
            0
          ],
          [
            -99.23784,
            18.92914,
            0
          ],
          [
            -99.2379,
            18.92917,
            0
          ],
          [
            -99.23801,
            18.92921,
            0
          ],
          [
            -99.23808,
            18.92925,
            0
          ],
          [
            -99.2381,
            18.92929,
            0
          ],
          [
            -99.2381,
            18.92937,
            0
          ],
          [
            -99.23808,
            18.92939,
            0
          ],
          [
            -99.23805,
            18.92941,
            0
          ],
          [
            -99.23794,
            18.92946,
            0
          ],
          [
            -99.23785,
            18.92946,
            0
          ],
          [
            -99.23784,
            18.92936,
            0
          ],
          [
            -99.23782,
            18.92927,
            0
          ],
          [
            -99.2378,
            18.92923,
            0
          ],
          [
            -99.23749,
            18.92898,
            0
          ],
          [
            -99.23741,
            18.9289,
            0
          ],
          [
            -99.23739,
            18.92887,
            0
          ],
          [
            -99.23738,
            18.92881,
            0
          ],
          [
            -99.23724,
            18.92698,
            0
          ],
          [
            -99.23722,
            18.92694,
            0
          ],
          [
            -99.23635,
            18.92615,
            0
          ],
          [
            -99.23625,
            18.92604,
            0
          ],
          [
            -99.23606,
            18.92586,
            0
          ],
          [
            -99.23574,
            18.92468,
            0
          ],
          [
            -99.23566,
            18.92416,
            0
          ],
          [
            -99.23547,
            18.92341,
            0
          ],
          [
            -99.23545,
            18.92328,
            0
          ],
          [
            -99.23531,
            18.92274,
            0
          ],
          [
            -99.23531,
            18.92268,
            0
          ],
          [
            -99.23534,
            18.9226,
            0
          ],
          [
            -99.23532,
            18.92258,
            0
          ],
          [
            -99.23512,
            18.92113,
            0
          ],
          [
            -99.2351,
            18.92083,
            0
          ],
          [
            -99.23508,
            18.91889,
            0
          ],
          [
            -99.23511,
            18.91889,
            0
          ],
          [
            -99.23504,
            18.91577,
            0
          ],
          [
            -99.23488,
            18.91425,
            0
          ],
          [
            -99.23468,
            18.91353,
            0
          ],
          [
            -99.2346,
            18.91332,
            0
          ],
          [
            -99.23449,
            18.91311,
            0
          ],
          [
            -99.23434,
            18.9129,
            0
          ],
          [
            -99.23381,
            18.912,
            0
          ],
          [
            -99.23356,
            18.91152,
            0
          ],
          [
            -99.23313,
            18.91054,
            0
          ],
          [
            -99.23263,
            18.90919,
            0
          ],
          [
            -99.23249,
            18.90872,
            0
          ],
          [
            -99.23242,
            18.90853,
            0
          ],
          [
            -99.23217,
            18.9076,
            0
          ],
          [
            -99.2321,
            18.90707,
            0
          ],
          [
            -99.23219,
            18.90703,
            0
          ],
          [
            -99.23208,
            18.90682,
            0
          ],
          [
            -99.23206,
            18.90672,
            0
          ],
          [
            -99.23204,
            18.90666,
            0
          ],
          [
            -99.23187,
            18.90573,
            0
          ],
          [
            -99.23168,
            18.90438,
            0
          ],
          [
            -99.23141,
            18.90127,
            0
          ],
          [
            -99.23105,
            18.89993,
            0
          ],
          [
            -99.23033,
            18.89782,
            0
          ],
          [
            -99.22911,
            18.89519,
            0
          ],
          [
            -99.2291,
            18.89518,
            0
          ],
          [
            -99.22836,
            18.8935,
            0
          ],
          [
            -99.22836,
            18.89345,
            0
          ],
          [
            -99.22832,
            18.8933,
            0
          ],
          [
            -99.22832,
            18.89325,
            0
          ],
          [
            -99.2283,
            18.89318,
            0
          ],
          [
            -99.22818,
            18.89289,
            0
          ],
          [
            -99.22804,
            18.89234,
            0
          ],
          [
            -99.22797,
            18.89194,
            0
          ],
          [
            -99.22795,
            18.89168,
            0
          ],
          [
            -99.22796,
            18.89142,
            0
          ],
          [
            -99.22798,
            18.89127,
            0
          ],
          [
            -99.22804,
            18.89099,
            0
          ],
          [
            -99.22803,
            18.89094,
            0
          ],
          [
            -99.22803,
            18.89089,
            0
          ],
          [
            -99.22801,
            18.89081,
            0
          ],
          [
            -99.22825,
            18.89013,
            0
          ],
          [
            -99.22862,
            18.88941,
            0
          ],
          [
            -99.22936,
            18.88752,
            0
          ],
          [
            -99.22943,
            18.88737,
            0
          ],
          [
            -99.22966,
            18.88675,
            0
          ],
          [
            -99.22968,
            18.8866,
            0
          ],
          [
            -99.23,
            18.88588,
            0
          ],
          [
            -99.23014,
            18.88545,
            0
          ],
          [
            -99.23019,
            18.88516,
            0
          ],
          [
            -99.23022,
            18.88478,
            0
          ],
          [
            -99.23016,
            18.88432,
            0
          ],
          [
            -99.23006,
            18.88386,
            0
          ],
          [
            -99.22987,
            18.88267,
            0
          ],
          [
            -99.22982,
            18.88222,
            0
          ],
          [
            -99.22987,
            18.88135,
            0
          ],
          [
            -99.22987,
            18.88117,
            0
          ],
          [
            -99.22978,
            18.88017,
            0
          ],
          [
            -99.22971,
            18.87984,
            0
          ],
          [
            -99.2296,
            18.87958,
            0
          ],
          [
            -99.22915,
            18.87827,
            0
          ],
          [
            -99.2291,
            18.87807,
            0
          ],
          [
            -99.22908,
            18.87794,
            0
          ],
          [
            -99.22908,
            18.87791,
            0
          ],
          [
            -99.22907,
            18.87785,
            0
          ],
          [
            -99.22906,
            18.87769,
            0
          ],
          [
            -99.22906,
            18.87727,
            0
          ],
          [
            -99.22904,
            18.87717,
            0
          ],
          [
            -99.22898,
            18.87701,
            0
          ],
          [
            -99.22888,
            18.8768,
            0
          ],
          [
            -99.22822,
            18.87608,
            0
          ],
          [
            -99.22803,
            18.87579,
            0
          ],
          [
            -99.22776,
            18.87544,
            0
          ],
          [
            -99.22742,
            18.87491,
            0
          ],
          [
            -99.22732,
            18.87468,
            0
          ],
          [
            -99.22726,
            18.87429,
            0
          ],
          [
            -99.22724,
            18.87407,
            0
          ],
          [
            -99.2272,
            18.87385,
            0
          ],
          [
            -99.22707,
            18.87362,
            0
          ],
          [
            -99.22694,
            18.8735,
            0
          ],
          [
            -99.22673,
            18.87327,
            0
          ],
          [
            -99.22667,
            18.87319,
            0
          ],
          [
            -99.22656,
            18.8729,
            0
          ],
          [
            -99.22654,
            18.87275,
            0
          ],
          [
            -99.22648,
            18.87252,
            0
          ],
          [
            -99.22644,
            18.87218,
            0
          ],
          [
            -99.2265,
            18.8719,
            0
          ],
          [
            -99.2266,
            18.87161,
            0
          ],
          [
            -99.22683,
            18.87111,
            0
          ],
          [
            -99.22687,
            18.871,
            0
          ],
          [
            -99.2269,
            18.87078,
            0
          ],
          [
            -99.2269,
            18.87071,
            0
          ],
          [
            -99.22685,
            18.87056,
            0
          ],
          [
            -99.22684,
            18.87051,
            0
          ],
          [
            -99.22676,
            18.8704,
            0
          ],
          [
            -99.22633,
            18.86994,
            0
          ],
          [
            -99.22624,
            18.86982,
            0
          ],
          [
            -99.22618,
            18.86953,
            0
          ],
          [
            -99.22622,
            18.86939,
            0
          ],
          [
            -99.22625,
            18.86933,
            0
          ],
          [
            -99.22635,
            18.86917,
            0
          ],
          [
            -99.22639,
            18.86916,
            0
          ],
          [
            -99.22641,
            18.86914,
            0
          ],
          [
            -99.22644,
            18.86912,
            0
          ],
          [
            -99.22647,
            18.86909,
            0
          ],
          [
            -99.22649,
            18.86906,
            0
          ],
          [
            -99.22659,
            18.86895,
            0
          ],
          [
            -99.22671,
            18.86885,
            0
          ],
          [
            -99.22685,
            18.86868,
            0
          ],
          [
            -99.22713,
            18.86822,
            0
          ],
          [
            -99.22732,
            18.86783,
            0
          ],
          [
            -99.22735,
            18.86773,
            0
          ],
          [
            -99.22737,
            18.8676,
            0
          ],
          [
            -99.22737,
            18.86746,
            0
          ],
          [
            -99.22735,
            18.86728,
            0
          ],
          [
            -99.2273,
            18.86715,
            0
          ],
          [
            -99.22722,
            18.86701,
            0
          ],
          [
            -99.22711,
            18.86687,
            0
          ],
          [
            -99.2268,
            18.86654,
            0
          ],
          [
            -99.22586,
            18.86545,
            0
          ],
          [
            -99.22549,
            18.86505,
            0
          ],
          [
            -99.22469,
            18.86411,
            0
          ],
          [
            -99.22464,
            18.86403,
            0
          ],
          [
            -99.2246,
            18.86391,
            0
          ],
          [
            -99.22458,
            18.86382,
            0
          ],
          [
            -99.22457,
            18.86369,
            0
          ],
          [
            -99.22458,
            18.8636,
            0
          ],
          [
            -99.22461,
            18.86352,
            0
          ],
          [
            -99.22513,
            18.86262,
            0
          ],
          [
            -99.22521,
            18.8624,
            0
          ],
          [
            -99.22524,
            18.86214,
            0
          ],
          [
            -99.22523,
            18.8619,
            0
          ],
          [
            -99.2252,
            18.86178,
            0
          ],
          [
            -99.22509,
            18.8615,
            0
          ],
          [
            -99.22463,
            18.86062,
            0
          ],
          [
            -99.22399,
            18.85971,
            0
          ],
          [
            -99.22385,
            18.85946,
            0
          ],
          [
            -99.2238,
            18.85932,
            0
          ],
          [
            -99.22376,
            18.85915,
            0
          ],
          [
            -99.22375,
            18.85902,
            0
          ],
          [
            -99.22376,
            18.85865,
            0
          ],
          [
            -99.22379,
            18.85849,
            0
          ],
          [
            -99.22385,
            18.85829,
            0
          ],
          [
            -99.22401,
            18.8579,
            0
          ],
          [
            -99.22404,
            18.8578,
            0
          ],
          [
            -99.22425,
            18.85727,
            0
          ],
          [
            -99.22484,
            18.85487,
            0
          ],
          [
            -99.22486,
            18.85464,
            0
          ],
          [
            -99.22485,
            18.85441,
            0
          ],
          [
            -99.22463,
            18.85307,
            0
          ],
          [
            -99.22457,
            18.85217,
            0
          ],
          [
            -99.22456,
            18.85212,
            0
          ],
          [
            -99.22456,
            18.85207,
            0
          ],
          [
            -99.2245,
            18.85176,
            0
          ],
          [
            -99.22446,
            18.85162,
            0
          ],
          [
            -99.2244,
            18.8515,
            0
          ],
          [
            -99.22396,
            18.85084,
            0
          ],
          [
            -99.22371,
            18.85026,
            0
          ],
          [
            -99.22344,
            18.84956,
            0
          ],
          [
            -99.22312,
            18.84888,
            0
          ],
          [
            -99.22307,
            18.84872,
            0
          ],
          [
            -99.22305,
            18.84856,
            0
          ],
          [
            -99.22307,
            18.848,
            0
          ],
          [
            -99.22321,
            18.84705,
            0
          ],
          [
            -99.2233,
            18.84658,
            0
          ],
          [
            -99.22335,
            18.84641,
            0
          ],
          [
            -99.2237,
            18.84579,
            0
          ],
          [
            -99.22373,
            18.84568,
            0
          ],
          [
            -99.22376,
            18.84544,
            0
          ],
          [
            -99.22399,
            18.84426,
            0
          ],
          [
            -99.22418,
            18.84346,
            0
          ],
          [
            -99.22442,
            18.84225,
            0
          ],
          [
            -99.22484,
            18.84077,
            0
          ],
          [
            -99.22496,
            18.8401,
            0
          ],
          [
            -99.22522,
            18.83893,
            0
          ],
          [
            -99.22523,
            18.83884,
            0
          ],
          [
            -99.22549,
            18.83751,
            0
          ],
          [
            -99.22552,
            18.8373,
            0
          ],
          [
            -99.226,
            18.83503,
            0
          ],
          [
            -99.2261,
            18.83464,
            0
          ],
          [
            -99.22676,
            18.83151,
            0
          ],
          [
            -99.22688,
            18.8311,
            0
          ],
          [
            -99.22701,
            18.83079,
            0
          ],
          [
            -99.22847,
            18.82799,
            0
          ],
          [
            -99.22848,
            18.82798,
            0
          ],
          [
            -99.22866,
            18.82767,
            0
          ],
          [
            -99.22995,
            18.82522,
            0
          ],
          [
            -99.23018,
            18.82482,
            0
          ],
          [
            -99.23256,
            18.82027,
            0
          ],
          [
            -99.2327,
            18.8199,
            0
          ],
          [
            -99.23286,
            18.8194,
            0
          ],
          [
            -99.23299,
            18.81861,
            0
          ],
          [
            -99.23318,
            18.81666,
            0
          ],
          [
            -99.23323,
            18.81557,
            0
          ],
          [
            -99.23326,
            18.81526,
            0
          ],
          [
            -99.23327,
            18.81501,
            0
          ],
          [
            -99.23333,
            18.81444,
            0
          ],
          [
            -99.23339,
            18.81414,
            0
          ],
          [
            -99.23347,
            18.81393,
            0
          ],
          [
            -99.23365,
            18.81363,
            0
          ],
          [
            -99.23407,
            18.81282,
            0
          ],
          [
            -99.23466,
            18.81187,
            0
          ],
          [
            -99.23467,
            18.81186,
            0
          ],
          [
            -99.23531,
            18.81079,
            0
          ],
          [
            -99.23544,
            18.81052,
            0
          ],
          [
            -99.23545,
            18.81051,
            0
          ],
          [
            -99.23545,
            18.81049,
            0
          ],
          [
            -99.23546,
            18.81048,
            0
          ],
          [
            -99.23553,
            18.81016,
            0
          ],
          [
            -99.23553,
            18.80998,
            0
          ],
          [
            -99.23552,
            18.80985,
            0
          ],
          [
            -99.23549,
            18.8097,
            0
          ],
          [
            -99.23537,
            18.80929,
            0
          ],
          [
            -99.23522,
            18.80894,
            0
          ],
          [
            -99.23509,
            18.80872,
            0
          ],
          [
            -99.23498,
            18.80858,
            0
          ],
          [
            -99.23476,
            18.80836,
            0
          ],
          [
            -99.23443,
            18.80798,
            0
          ],
          [
            -99.23418,
            18.80762,
            0
          ],
          [
            -99.23403,
            18.80729,
            0
          ],
          [
            -99.234,
            18.80719,
            0
          ],
          [
            -99.23395,
            18.80681,
            0
          ],
          [
            -99.23398,
            18.80646,
            0
          ],
          [
            -99.23402,
            18.8063,
            0
          ],
          [
            -99.23467,
            18.8067,
            0
          ],
          [
            -99.23498,
            18.80691,
            0
          ],
          [
            -99.23527,
            18.80718,
            0
          ],
          [
            -99.23536,
            18.80725,
            0
          ],
          [
            -99.23602,
            18.80784,
            0
          ],
          [
            -99.23656,
            18.80827,
            0
          ],
          [
            -99.23722,
            18.80887,
            0
          ],
          [
            -99.23765,
            18.80932,
            0
          ],
          [
            -99.23787,
            18.80961,
            0
          ],
          [
            -99.23833,
            18.81035,
            0
          ],
          [
            -99.23898,
            18.81151,
            0
          ],
          [
            -99.23904,
            18.81168,
            0
          ],
          [
            -99.23912,
            18.81206,
            0
          ],
          [
            -99.2392,
            18.81235,
            0
          ],
          [
            -99.23929,
            18.81253,
            0
          ],
          [
            -99.23952,
            18.81285,
            0
          ],
          [
            -99.23975,
            18.81313,
            0
          ],
          [
            -99.24014,
            18.81368,
            0
          ],
          [
            -99.2404,
            18.81413,
            0
          ],
          [
            -99.24067,
            18.81485,
            0
          ],
          [
            -99.24072,
            18.81503,
            0
          ],
          [
            -99.24091,
            18.81557,
            0
          ],
          [
            -99.2412,
            18.81613,
            0
          ],
          [
            -99.24131,
            18.81629,
            0
          ],
          [
            -99.24183,
            18.81716,
            0
          ],
          [
            -99.24236,
            18.81812,
            0
          ],
          [
            -99.2425,
            18.81834,
            0
          ],
          [
            -99.24342,
            18.81954,
            0
          ],
          [
            -99.2443,
            18.82063,
            0
          ],
          [
            -99.2447,
            18.82107,
            0
          ],
          [
            -99.24531,
            18.82162,
            0
          ],
          [
            -99.24624,
            18.82238,
            0
          ],
          [
            -99.24724,
            18.82326,
            0
          ],
          [
            -99.24748,
            18.82344,
            0
          ],
          [
            -99.24824,
            18.82384,
            0
          ],
          [
            -99.24868,
            18.8241,
            0
          ],
          [
            -99.24881,
            18.8242,
            0
          ],
          [
            -99.24891,
            18.82435,
            0
          ],
          [
            -99.24905,
            18.8247,
            0
          ],
          [
            -99.24909,
            18.82476,
            0
          ],
          [
            -99.24961,
            18.82536,
            0
          ],
          [
            -99.24963,
            18.82543,
            0
          ],
          [
            -99.24964,
            18.82551,
            0
          ],
          [
            -99.24955,
            18.82595,
            0
          ],
          [
            -99.24957,
            18.82602,
            0
          ],
          [
            -99.24957,
            18.82604,
            0
          ],
          [
            -99.2496,
            18.82607,
            0
          ],
          [
            -99.24962,
            18.82611,
            0
          ],
          [
            -99.24968,
            18.82616,
            0
          ],
          [
            -99.2498,
            18.82621,
            0
          ],
          [
            -99.24983,
            18.82621,
            0
          ],
          [
            -99.24985,
            18.82622,
            0
          ],
          [
            -99.25022,
            18.82626,
            0
          ],
          [
            -99.2503,
            18.8263,
            0
          ],
          [
            -99.25045,
            18.82641,
            0
          ],
          [
            -99.25057,
            18.82652,
            0
          ],
          [
            -99.25062,
            18.82655,
            0
          ],
          [
            -99.25067,
            18.82659,
            0
          ],
          [
            -99.25073,
            18.82662,
            0
          ],
          [
            -99.25092,
            18.82666,
            0
          ],
          [
            -99.25102,
            18.82665,
            0
          ],
          [
            -99.2514,
            18.82652,
            0
          ],
          [
            -99.25165,
            18.82647,
            0
          ],
          [
            -99.25188,
            18.82645,
            0
          ],
          [
            -99.25222,
            18.82637,
            0
          ],
          [
            -99.25242,
            18.8263,
            0
          ],
          [
            -99.25303,
            18.82652,
            0
          ],
          [
            -99.25394,
            18.82698,
            0
          ],
          [
            -99.25942,
            18.82937,
            0
          ],
          [
            -99.25973,
            18.82948,
            0
          ],
          [
            -99.25976,
            18.82951,
            0
          ],
          [
            -99.25976,
            18.82952,
            0
          ],
          [
            -99.25978,
            18.8296,
            0
          ],
          [
            -99.25984,
            18.8296,
            0
          ],
          [
            -99.25984,
            18.82961,
            0
          ],
          [
            -99.25986,
            18.82961,
            0
          ],
          [
            -99.25987,
            18.82962,
            0
          ],
          [
            -99.25988,
            18.82962,
            0
          ],
          [
            -99.25988,
            18.82963,
            0
          ],
          [
            -99.25989,
            18.82963,
            0
          ],
          [
            -99.25989,
            18.82964,
            0
          ],
          [
            -99.2599,
            18.82964,
            0
          ],
          [
            -99.2599,
            18.82965,
            0
          ],
          [
            -99.25991,
            18.82965,
            0
          ],
          [
            -99.25991,
            18.82966,
            0
          ],
          [
            -99.25992,
            18.82967,
            0
          ],
          [
            -99.25992,
            18.82971,
            0
          ],
          [
            -99.25993,
            18.82971,
            0
          ],
          [
            -99.25992,
            18.82972,
            0
          ],
          [
            -99.25992,
            18.82976,
            0
          ],
          [
            -99.25991,
            18.82976,
            0
          ],
          [
            -99.25991,
            18.82977,
            0
          ],
          [
            -99.2599,
            18.82977,
            0
          ],
          [
            -99.2599,
            18.82978,
            0
          ],
          [
            -99.25989,
            18.82979,
            0
          ],
          [
            -99.25989,
            18.8298,
            0
          ],
          [
            -99.25988,
            18.8298,
            0
          ],
          [
            -99.25987,
            18.82981,
            0
          ],
          [
            -99.25986,
            18.82981,
            0
          ],
          [
            -99.25985,
            18.82982,
            0
          ],
          [
            -99.25976,
            18.82982,
            0
          ],
          [
            -99.25976,
            18.82981,
            0
          ],
          [
            -99.25975,
            18.82981,
            0
          ],
          [
            -99.25974,
            18.8298,
            0
          ],
          [
            -99.25973,
            18.8298,
            0
          ],
          [
            -99.25973,
            18.82979,
            0
          ],
          [
            -99.25972,
            18.82979,
            0
          ],
          [
            -99.25972,
            18.82978,
            0
          ],
          [
            -99.25971,
            18.82978,
            0
          ],
          [
            -99.25971,
            18.82977,
            0
          ],
          [
            -99.2597,
            18.82976,
            0
          ],
          [
            -99.2597,
            18.82975,
            0
          ],
          [
            -99.25969,
            18.82974,
            0
          ],
          [
            -99.25969,
            18.82969,
            0
          ],
          [
            -99.2597,
            18.82968,
            0
          ],
          [
            -99.2597,
            18.82966,
            0
          ],
          [
            -99.25971,
            18.82966,
            0
          ],
          [
            -99.25971,
            18.82965,
            0
          ],
          [
            -99.25972,
            18.82964,
            0
          ],
          [
            -99.25972,
            18.82963,
            0
          ],
          [
            -99.25973,
            18.82963,
            0
          ],
          [
            -99.25974,
            18.82962,
            0
          ],
          [
            -99.25975,
            18.82962,
            0
          ],
          [
            -99.25975,
            18.82961,
            0
          ],
          [
            -99.25977,
            18.82961,
            0
          ],
          [
            -99.25978,
            18.8296,
            0
          ],
          [
            -99.25976,
            18.82952,
            0
          ],
          [
            -99.25976,
            18.82951,
            0
          ],
          [
            -99.25973,
            18.82948,
            0
          ],
          [
            -99.25942,
            18.82937,
            0
          ],
          [
            -99.25394,
            18.82698,
            0
          ],
          [
            -99.25303,
            18.82652,
            0
          ],
          [
            -99.25336,
            18.82625,
            0
          ],
          [
            -99.25368,
            18.82595,
            0
          ],
          [
            -99.25374,
            18.82591,
            0
          ],
          [
            -99.25406,
            18.82583,
            0
          ],
          [
            -99.25422,
            18.82575,
            0
          ],
          [
            -99.25474,
            18.8253,
            0
          ],
          [
            -99.25543,
            18.82464,
            0
          ],
          [
            -99.25548,
            18.82461,
            0
          ],
          [
            -99.25599,
            18.82454,
            0
          ],
          [
            -99.25611,
            18.82451,
            0
          ],
          [
            -99.25691,
            18.82438,
            0
          ],
          [
            -99.25762,
            18.82431,
            0
          ],
          [
            -99.25829,
            18.82422,
            0
          ],
          [
            -99.25864,
            18.82419,
            0
          ],
          [
            -99.25932,
            18.8241,
            0
          ],
          [
            -99.25981,
            18.82401,
            0
          ],
          [
            -99.25992,
            18.82396,
            0
          ],
          [
            -99.25999,
            18.82391,
            0
          ],
          [
            -99.26003,
            18.82387,
            0
          ],
          [
            -99.26004,
            18.82385,
            0
          ],
          [
            -99.26006,
            18.82383,
            0
          ],
          [
            -99.26008,
            18.82378,
            0
          ],
          [
            -99.26009,
            18.8237,
            0
          ],
          [
            -99.26009,
            18.82362,
            0
          ],
          [
            -99.26001,
            18.82259,
            0
          ],
          [
            -99.25994,
            18.82204,
            0
          ],
          [
            -99.25994,
            18.82196,
            0
          ],
          [
            -99.25998,
            18.82185,
            0
          ],
          [
            -99.26002,
            18.82179,
            0
          ],
          [
            -99.26012,
            18.8217,
            0
          ],
          [
            -99.26016,
            18.82165,
            0
          ],
          [
            -99.26369,
            18.81968,
            0
          ],
          [
            -99.26386,
            18.81961,
            0
          ],
          [
            -99.26406,
            18.81951,
            0
          ],
          [
            -99.26427,
            18.81943,
            0
          ],
          [
            -99.26508,
            18.8192,
            0
          ],
          [
            -99.26571,
            18.8191,
            0
          ],
          [
            -99.266,
            18.81908,
            0
          ],
          [
            -99.26608,
            18.81755,
            0
          ]
        ]
      },
      "properties": {
        "name": "3. UNIDAD MORELOS-AEROPUERTO-LA CRUZ DE LA MISION",
        "description": {
          "@type": "html",
          "value": "descripción: <br>OID: 739<br>ZONA: CENTRO<br>RUTA: RUTA 12<br>ITINERARIO: 3. UNIDAD MORELOS-AEROPUERTO-LA CRUZ DE LA MISION<br>DESCRIPCIO: LA CRUZ DE LA MISION-UNIDAD MORELOS<br>AUTO-AMPL: ITINERARIO<br>DEFIN-PROV: DEFINITIVOS<br>DURACION: DEFINITIVA<br>FOLIO: SGG/DGT/SDP/000536/97"
        },
        "styleUrl": "#line-9C27B0-1200",
        "stroke-opacity": 1,
        "stroke": "#9c27b0",
        "stroke-width": 1.2,
        "descripción": "",
        "OID": "739",
        "ZONA": "CENTRO",
        "RUTA": "RUTA 12",
        "ITINERARIO": "3. UNIDAD MORELOS-AEROPUERTO-LA CRUZ DE LA MISION",
        "DESCRIPCIO": "LA CRUZ DE LA MISION-UNIDAD MORELOS",
        "AUTO-AMPL": "ITINERARIO",
        "DEFIN-PROV": "DEFINITIVOS",
        "DURACION": "DEFINITIVA",
        "FOLIO": "SGG/DGT/SDP/000536/97"
      }
    },
    {
      "type": "Feature",
      "geometry": {
        "type": "LineString",
        "coordinates": [
          [
            -99.26608,
            18.81757,
            0
          ],
          [
            -99.26609,
            18.81739,
            0
          ],
          [
            -99.26381,
            18.81728,
            0
          ],
          [
            -99.26381,
            18.81686,
            0
          ],
          [
            -99.2638,
            18.81684,
            0
          ],
          [
            -99.2638,
            18.81683,
            0
          ],
          [
            -99.26379,
            18.81682,
            0
          ],
          [
            -99.26378,
            18.8168,
            0
          ],
          [
            -99.26341,
            18.81638,
            0
          ],
          [
            -99.26048,
            18.81865,
            0
          ],
          [
            -99.25992,
            18.81906,
            0
          ],
          [
            -99.25964,
            18.81929,
            0
          ],
          [
            -99.25935,
            18.8195,
            0
          ],
          [
            -99.25917,
            18.81965,
            0
          ],
          [
            -99.25912,
            18.81968,
            0
          ],
          [
            -99.25823,
            18.82037,
            0
          ],
          [
            -99.25827,
            18.82051,
            0
          ],
          [
            -99.25838,
            18.82081,
            0
          ],
          [
            -99.25917,
            18.82328,
            0
          ],
          [
            -99.25918,
            18.8233,
            0
          ],
          [
            -99.25926,
            18.82357,
            0
          ],
          [
            -99.25926,
            18.82358,
            0
          ],
          [
            -99.25941,
            18.824,
            0
          ],
          [
            -99.25655,
            18.82436,
            0
          ],
          [
            -99.25639,
            18.82437,
            0
          ],
          [
            -99.25597,
            18.82445,
            0
          ],
          [
            -99.2555,
            18.82451,
            0
          ],
          [
            -99.25542,
            18.82454,
            0
          ],
          [
            -99.25539,
            18.82456,
            0
          ],
          [
            -99.25529,
            18.82466,
            0
          ],
          [
            -99.25513,
            18.82479,
            0
          ],
          [
            -99.25482,
            18.8251,
            0
          ],
          [
            -99.25472,
            18.82518,
            0
          ],
          [
            -99.25465,
            18.82526,
            0
          ],
          [
            -99.25417,
            18.82568,
            0
          ],
          [
            -99.25407,
            18.82574,
            0
          ],
          [
            -99.25376,
            18.82581,
            0
          ],
          [
            -99.25314,
            18.82601,
            0
          ],
          [
            -99.25242,
            18.8263,
            0
          ],
          [
            -99.25303,
            18.82652,
            0
          ],
          [
            -99.25394,
            18.82698,
            0
          ],
          [
            -99.25942,
            18.82937,
            0
          ],
          [
            -99.25966,
            18.82945,
            0
          ],
          [
            -99.25973,
            18.82948,
            0
          ],
          [
            -99.25976,
            18.82951,
            0
          ],
          [
            -99.25976,
            18.82952,
            0
          ],
          [
            -99.25978,
            18.8296,
            0
          ],
          [
            -99.25984,
            18.8296,
            0
          ],
          [
            -99.25984,
            18.82961,
            0
          ],
          [
            -99.25986,
            18.82961,
            0
          ],
          [
            -99.25987,
            18.82962,
            0
          ],
          [
            -99.25988,
            18.82962,
            0
          ],
          [
            -99.25988,
            18.82963,
            0
          ],
          [
            -99.25989,
            18.82963,
            0
          ],
          [
            -99.25989,
            18.82964,
            0
          ],
          [
            -99.2599,
            18.82964,
            0
          ],
          [
            -99.2599,
            18.82965,
            0
          ],
          [
            -99.25991,
            18.82965,
            0
          ],
          [
            -99.25991,
            18.82966,
            0
          ],
          [
            -99.25992,
            18.82967,
            0
          ],
          [
            -99.25992,
            18.82971,
            0
          ],
          [
            -99.25993,
            18.82971,
            0
          ],
          [
            -99.25992,
            18.82972,
            0
          ],
          [
            -99.25992,
            18.82976,
            0
          ],
          [
            -99.25991,
            18.82976,
            0
          ],
          [
            -99.25991,
            18.82977,
            0
          ],
          [
            -99.2599,
            18.82977,
            0
          ],
          [
            -99.2599,
            18.82978,
            0
          ],
          [
            -99.25989,
            18.82979,
            0
          ],
          [
            -99.25989,
            18.8298,
            0
          ],
          [
            -99.25988,
            18.8298,
            0
          ],
          [
            -99.25987,
            18.82981,
            0
          ],
          [
            -99.25986,
            18.82981,
            0
          ],
          [
            -99.25985,
            18.82982,
            0
          ],
          [
            -99.25976,
            18.82982,
            0
          ],
          [
            -99.25976,
            18.82981,
            0
          ],
          [
            -99.25975,
            18.82981,
            0
          ],
          [
            -99.25974,
            18.8298,
            0
          ],
          [
            -99.25973,
            18.8298,
            0
          ],
          [
            -99.25973,
            18.82979,
            0
          ],
          [
            -99.25972,
            18.82979,
            0
          ],
          [
            -99.25972,
            18.82978,
            0
          ],
          [
            -99.25971,
            18.82978,
            0
          ],
          [
            -99.25971,
            18.82977,
            0
          ],
          [
            -99.2597,
            18.82976,
            0
          ],
          [
            -99.2597,
            18.82975,
            0
          ],
          [
            -99.25969,
            18.82974,
            0
          ],
          [
            -99.25969,
            18.82969,
            0
          ],
          [
            -99.2597,
            18.82968,
            0
          ],
          [
            -99.2597,
            18.82966,
            0
          ],
          [
            -99.25971,
            18.82966,
            0
          ],
          [
            -99.25971,
            18.82965,
            0
          ],
          [
            -99.25972,
            18.82964,
            0
          ],
          [
            -99.25972,
            18.82963,
            0
          ],
          [
            -99.25973,
            18.82963,
            0
          ],
          [
            -99.25974,
            18.82962,
            0
          ],
          [
            -99.25975,
            18.82962,
            0
          ],
          [
            -99.25975,
            18.82961,
            0
          ],
          [
            -99.25977,
            18.82961,
            0
          ],
          [
            -99.25978,
            18.8296,
            0
          ],
          [
            -99.25976,
            18.82952,
            0
          ],
          [
            -99.25976,
            18.82951,
            0
          ],
          [
            -99.25973,
            18.82948,
            0
          ],
          [
            -99.25966,
            18.82945,
            0
          ],
          [
            -99.25942,
            18.82937,
            0
          ],
          [
            -99.25394,
            18.82698,
            0
          ],
          [
            -99.25303,
            18.82652,
            0
          ],
          [
            -99.25242,
            18.8263,
            0
          ],
          [
            -99.25222,
            18.82637,
            0
          ],
          [
            -99.25188,
            18.82645,
            0
          ],
          [
            -99.25165,
            18.82647,
            0
          ],
          [
            -99.2514,
            18.82652,
            0
          ],
          [
            -99.25102,
            18.82665,
            0
          ],
          [
            -99.25092,
            18.82666,
            0
          ],
          [
            -99.25073,
            18.82662,
            0
          ],
          [
            -99.25067,
            18.82659,
            0
          ],
          [
            -99.25062,
            18.82655,
            0
          ],
          [
            -99.25057,
            18.82652,
            0
          ],
          [
            -99.25045,
            18.82641,
            0
          ],
          [
            -99.2503,
            18.8263,
            0
          ],
          [
            -99.25022,
            18.82626,
            0
          ],
          [
            -99.24985,
            18.82622,
            0
          ],
          [
            -99.24983,
            18.82621,
            0
          ],
          [
            -99.2498,
            18.82621,
            0
          ],
          [
            -99.24968,
            18.82616,
            0
          ],
          [
            -99.24962,
            18.82611,
            0
          ],
          [
            -99.2496,
            18.82607,
            0
          ],
          [
            -99.24957,
            18.82604,
            0
          ],
          [
            -99.24957,
            18.82602,
            0
          ],
          [
            -99.24955,
            18.82595,
            0
          ],
          [
            -99.24961,
            18.82569,
            0
          ],
          [
            -99.24964,
            18.82551,
            0
          ],
          [
            -99.24963,
            18.82543,
            0
          ],
          [
            -99.24961,
            18.82536,
            0
          ],
          [
            -99.24909,
            18.82476,
            0
          ],
          [
            -99.24905,
            18.8247,
            0
          ],
          [
            -99.24891,
            18.82435,
            0
          ],
          [
            -99.24881,
            18.8242,
            0
          ],
          [
            -99.24868,
            18.8241,
            0
          ],
          [
            -99.24824,
            18.82384,
            0
          ],
          [
            -99.24748,
            18.82344,
            0
          ],
          [
            -99.24724,
            18.82326,
            0
          ],
          [
            -99.24624,
            18.82238,
            0
          ],
          [
            -99.24531,
            18.82162,
            0
          ],
          [
            -99.2447,
            18.82107,
            0
          ],
          [
            -99.2443,
            18.82063,
            0
          ],
          [
            -99.24342,
            18.81954,
            0
          ],
          [
            -99.2425,
            18.81834,
            0
          ],
          [
            -99.24236,
            18.81812,
            0
          ],
          [
            -99.24183,
            18.81716,
            0
          ],
          [
            -99.24131,
            18.81629,
            0
          ],
          [
            -99.2412,
            18.81613,
            0
          ],
          [
            -99.24091,
            18.81557,
            0
          ],
          [
            -99.24072,
            18.81503,
            0
          ],
          [
            -99.24067,
            18.81485,
            0
          ],
          [
            -99.2404,
            18.81413,
            0
          ],
          [
            -99.24014,
            18.81368,
            0
          ],
          [
            -99.23975,
            18.81313,
            0
          ],
          [
            -99.23952,
            18.81285,
            0
          ],
          [
            -99.23929,
            18.81253,
            0
          ],
          [
            -99.2392,
            18.81235,
            0
          ],
          [
            -99.23912,
            18.81206,
            0
          ],
          [
            -99.23904,
            18.81168,
            0
          ],
          [
            -99.23898,
            18.81151,
            0
          ],
          [
            -99.23833,
            18.81035,
            0
          ],
          [
            -99.23787,
            18.80961,
            0
          ],
          [
            -99.23765,
            18.80932,
            0
          ],
          [
            -99.23722,
            18.80887,
            0
          ],
          [
            -99.23656,
            18.80827,
            0
          ],
          [
            -99.23602,
            18.80784,
            0
          ],
          [
            -99.23536,
            18.80725,
            0
          ],
          [
            -99.23527,
            18.80718,
            0
          ],
          [
            -99.23498,
            18.80691,
            0
          ],
          [
            -99.23467,
            18.8067,
            0
          ],
          [
            -99.23402,
            18.8063,
            0
          ],
          [
            -99.23394,
            18.80627,
            0
          ],
          [
            -99.2339,
            18.80644,
            0
          ],
          [
            -99.23388,
            18.80661,
            0
          ],
          [
            -99.23387,
            18.80686,
            0
          ],
          [
            -99.23389,
            18.80704,
            0
          ],
          [
            -99.23393,
            18.80723,
            0
          ],
          [
            -99.23401,
            18.80745,
            0
          ],
          [
            -99.23408,
            18.8076,
            0
          ],
          [
            -99.23418,
            18.80776,
            0
          ],
          [
            -99.23443,
            18.80811,
            0
          ],
          [
            -99.23497,
            18.8087,
            0
          ],
          [
            -99.23509,
            18.80888,
            0
          ],
          [
            -99.23519,
            18.80906,
            0
          ],
          [
            -99.23525,
            18.8092,
            0
          ],
          [
            -99.23536,
            18.80958,
            0
          ],
          [
            -99.23543,
            18.80993,
            0
          ],
          [
            -99.23543,
            18.81015,
            0
          ],
          [
            -99.23538,
            18.81038,
            0
          ],
          [
            -99.23537,
            18.81039,
            0
          ],
          [
            -99.23535,
            18.81047,
            0
          ],
          [
            -99.23521,
            18.81077,
            0
          ],
          [
            -99.2346,
            18.81183,
            0
          ],
          [
            -99.23404,
            18.81273,
            0
          ],
          [
            -99.23338,
            18.81396,
            0
          ],
          [
            -99.23333,
            18.81409,
            0
          ],
          [
            -99.23326,
            18.81433,
            0
          ],
          [
            -99.23319,
            18.81501,
            0
          ],
          [
            -99.23318,
            18.81527,
            0
          ],
          [
            -99.23293,
            18.81839,
            0
          ],
          [
            -99.23284,
            18.81909,
            0
          ],
          [
            -99.23277,
            18.81939,
            0
          ],
          [
            -99.23263,
            18.81987,
            0
          ],
          [
            -99.2325,
            18.82023,
            0
          ],
          [
            -99.23071,
            18.82367,
            0
          ],
          [
            -99.22939,
            18.82611,
            0
          ],
          [
            -99.22936,
            18.82618,
            0
          ],
          [
            -99.2274,
            18.82987,
            0
          ],
          [
            -99.22735,
            18.82995,
            0
          ],
          [
            -99.22716,
            18.83033,
            0
          ],
          [
            -99.22704,
            18.83054,
            0
          ],
          [
            -99.22685,
            18.83095,
            0
          ],
          [
            -99.22665,
            18.83165,
            0
          ],
          [
            -99.22601,
            18.83464,
            0
          ],
          [
            -99.22574,
            18.83577,
            0
          ],
          [
            -99.22572,
            18.83589,
            0
          ],
          [
            -99.22569,
            18.83598,
            0
          ],
          [
            -99.2254,
            18.83748,
            0
          ],
          [
            -99.22534,
            18.83771,
            0
          ],
          [
            -99.22512,
            18.83881,
            0
          ],
          [
            -99.22509,
            18.83891,
            0
          ],
          [
            -99.2248,
            18.84039,
            0
          ],
          [
            -99.2248,
            18.84044,
            0
          ],
          [
            -99.22466,
            18.84114,
            0
          ],
          [
            -99.22433,
            18.84224,
            0
          ],
          [
            -99.22424,
            18.84272,
            0
          ],
          [
            -99.22415,
            18.8431,
            0
          ],
          [
            -99.22363,
            18.8457,
            0
          ],
          [
            -99.22356,
            18.84588,
            0
          ],
          [
            -99.22346,
            18.84607,
            0
          ],
          [
            -99.22332,
            18.8463,
            0
          ],
          [
            -99.22326,
            18.84645,
            0
          ],
          [
            -99.22323,
            18.84655,
            0
          ],
          [
            -99.22299,
            18.848,
            0
          ],
          [
            -99.22296,
            18.84835,
            0
          ],
          [
            -99.22297,
            18.84858,
            0
          ],
          [
            -99.223,
            18.84872,
            0
          ],
          [
            -99.22308,
            18.84897,
            0
          ],
          [
            -99.22334,
            18.84958,
            0
          ],
          [
            -99.22351,
            18.84993,
            0
          ],
          [
            -99.22388,
            18.85085,
            0
          ],
          [
            -99.22392,
            18.85093,
            0
          ],
          [
            -99.22419,
            18.8513,
            0
          ],
          [
            -99.22438,
            18.85164,
            0
          ],
          [
            -99.22441,
            18.85175,
            0
          ],
          [
            -99.22446,
            18.85214,
            0
          ],
          [
            -99.22446,
            18.85219,
            0
          ],
          [
            -99.22457,
            18.85313,
            0
          ],
          [
            -99.22458,
            18.85331,
            0
          ],
          [
            -99.22479,
            18.85461,
            0
          ],
          [
            -99.22478,
            18.8548,
            0
          ],
          [
            -99.22471,
            18.85515,
            0
          ],
          [
            -99.22428,
            18.85688,
            0
          ],
          [
            -99.22418,
            18.85722,
            0
          ],
          [
            -99.22402,
            18.85764,
            0
          ],
          [
            -99.22398,
            18.85777,
            0
          ],
          [
            -99.22377,
            18.8583,
            0
          ],
          [
            -99.22371,
            18.8585,
            0
          ],
          [
            -99.22369,
            18.85866,
            0
          ],
          [
            -99.22368,
            18.85912,
            0
          ],
          [
            -99.2237,
            18.85925,
            0
          ],
          [
            -99.22377,
            18.85947,
            0
          ],
          [
            -99.22389,
            18.85971,
            0
          ],
          [
            -99.22454,
            18.86066,
            0
          ],
          [
            -99.22503,
            18.86155,
            0
          ],
          [
            -99.22509,
            18.86171,
            0
          ],
          [
            -99.22514,
            18.86188,
            0
          ],
          [
            -99.22516,
            18.86202,
            0
          ],
          [
            -99.22516,
            18.86215,
            0
          ],
          [
            -99.22514,
            18.86231,
            0
          ],
          [
            -99.22511,
            18.86243,
            0
          ],
          [
            -99.22499,
            18.86272,
            0
          ],
          [
            -99.22485,
            18.86294,
            0
          ],
          [
            -99.22473,
            18.86316,
            0
          ],
          [
            -99.22458,
            18.8634,
            0
          ],
          [
            -99.22454,
            18.86349,
            0
          ],
          [
            -99.2245,
            18.86362,
            0
          ],
          [
            -99.22449,
            18.86372,
            0
          ],
          [
            -99.2245,
            18.86385,
            0
          ],
          [
            -99.22457,
            18.86408,
            0
          ],
          [
            -99.22462,
            18.86416,
            0
          ],
          [
            -99.22478,
            18.86436,
            0
          ],
          [
            -99.22504,
            18.86463,
            0
          ],
          [
            -99.2262,
            18.86599,
            0
          ],
          [
            -99.22702,
            18.86689,
            0
          ],
          [
            -99.22718,
            18.8671,
            0
          ],
          [
            -99.22724,
            18.86721,
            0
          ],
          [
            -99.22728,
            18.86731,
            0
          ],
          [
            -99.2273,
            18.86751,
            0
          ],
          [
            -99.22727,
            18.8677,
            0
          ],
          [
            -99.22713,
            18.86801,
            0
          ],
          [
            -99.2269,
            18.8684,
            0
          ],
          [
            -99.22664,
            18.86878,
            0
          ],
          [
            -99.22653,
            18.86889,
            0
          ],
          [
            -99.22648,
            18.86893,
            0
          ],
          [
            -99.22637,
            18.86907,
            0
          ],
          [
            -99.22635,
            18.86913,
            0
          ],
          [
            -99.22635,
            18.86917,
            0
          ],
          [
            -99.22625,
            18.86933,
            0
          ],
          [
            -99.22622,
            18.86939,
            0
          ],
          [
            -99.22618,
            18.86953,
            0
          ],
          [
            -99.22624,
            18.86982,
            0
          ],
          [
            -99.22633,
            18.86994,
            0
          ],
          [
            -99.22676,
            18.8704,
            0
          ],
          [
            -99.22684,
            18.87051,
            0
          ],
          [
            -99.22685,
            18.87056,
            0
          ],
          [
            -99.2269,
            18.87071,
            0
          ],
          [
            -99.2269,
            18.87078,
            0
          ],
          [
            -99.22687,
            18.871,
            0
          ],
          [
            -99.22683,
            18.87111,
            0
          ],
          [
            -99.2266,
            18.87161,
            0
          ],
          [
            -99.2265,
            18.8719,
            0
          ],
          [
            -99.22644,
            18.87218,
            0
          ],
          [
            -99.22648,
            18.87252,
            0
          ],
          [
            -99.22654,
            18.87275,
            0
          ],
          [
            -99.22656,
            18.8729,
            0
          ],
          [
            -99.22667,
            18.87319,
            0
          ],
          [
            -99.22673,
            18.87327,
            0
          ],
          [
            -99.22694,
            18.8735,
            0
          ],
          [
            -99.22707,
            18.87362,
            0
          ],
          [
            -99.2272,
            18.87385,
            0
          ],
          [
            -99.22724,
            18.87407,
            0
          ],
          [
            -99.22726,
            18.87429,
            0
          ],
          [
            -99.22732,
            18.87468,
            0
          ],
          [
            -99.22742,
            18.87491,
            0
          ],
          [
            -99.22776,
            18.87544,
            0
          ],
          [
            -99.22803,
            18.87579,
            0
          ],
          [
            -99.22822,
            18.87608,
            0
          ],
          [
            -99.22888,
            18.8768,
            0
          ],
          [
            -99.22898,
            18.87701,
            0
          ],
          [
            -99.22904,
            18.87717,
            0
          ],
          [
            -99.22906,
            18.87727,
            0
          ],
          [
            -99.22906,
            18.87769,
            0
          ],
          [
            -99.22907,
            18.87785,
            0
          ],
          [
            -99.22908,
            18.87791,
            0
          ],
          [
            -99.22908,
            18.87794,
            0
          ],
          [
            -99.2291,
            18.87807,
            0
          ],
          [
            -99.22915,
            18.87827,
            0
          ],
          [
            -99.2296,
            18.87958,
            0
          ],
          [
            -99.22971,
            18.87984,
            0
          ],
          [
            -99.22978,
            18.88017,
            0
          ],
          [
            -99.22987,
            18.88117,
            0
          ],
          [
            -99.22987,
            18.88135,
            0
          ],
          [
            -99.22982,
            18.88222,
            0
          ],
          [
            -99.22987,
            18.88267,
            0
          ],
          [
            -99.23006,
            18.88386,
            0
          ],
          [
            -99.23016,
            18.88432,
            0
          ],
          [
            -99.23022,
            18.88478,
            0
          ],
          [
            -99.23019,
            18.88516,
            0
          ],
          [
            -99.23014,
            18.88545,
            0
          ],
          [
            -99.23,
            18.88588,
            0
          ],
          [
            -99.22968,
            18.8866,
            0
          ],
          [
            -99.22967,
            18.88661,
            0
          ],
          [
            -99.22967,
            18.88662,
            0
          ],
          [
            -99.22896,
            18.88822,
            0
          ],
          [
            -99.22894,
            18.88828,
            0
          ],
          [
            -99.22887,
            18.88838,
            0
          ],
          [
            -99.22884,
            18.88841,
            0
          ],
          [
            -99.22884,
            18.88842,
            0
          ],
          [
            -99.22866,
            18.8885,
            0
          ],
          [
            -99.22861,
            18.88853,
            0
          ],
          [
            -99.22855,
            18.88859,
            0
          ],
          [
            -99.22852,
            18.88864,
            0
          ],
          [
            -99.22844,
            18.88883,
            0
          ],
          [
            -99.2283,
            18.8893,
            0
          ],
          [
            -99.22828,
            18.88947,
            0
          ],
          [
            -99.22825,
            18.8896,
            0
          ],
          [
            -99.22818,
            18.88979,
            0
          ],
          [
            -99.22798,
            18.89017,
            0
          ],
          [
            -99.22789,
            18.8903,
            0
          ],
          [
            -99.22774,
            18.89048,
            0
          ],
          [
            -99.22771,
            18.89057,
            0
          ],
          [
            -99.22762,
            18.89072,
            0
          ],
          [
            -99.22749,
            18.89088,
            0
          ],
          [
            -99.22733,
            18.89104,
            0
          ],
          [
            -99.22713,
            18.8913,
            0
          ],
          [
            -99.227,
            18.89145,
            0
          ],
          [
            -99.22691,
            18.89157,
            0
          ],
          [
            -99.22688,
            18.89163,
            0
          ],
          [
            -99.22685,
            18.89178,
            0
          ],
          [
            -99.22685,
            18.89183,
            0
          ],
          [
            -99.22689,
            18.892,
            0
          ],
          [
            -99.227,
            18.89214,
            0
          ],
          [
            -99.22738,
            18.89238,
            0
          ],
          [
            -99.22739,
            18.89238,
            0
          ],
          [
            -99.22759,
            18.8925,
            0
          ],
          [
            -99.22781,
            18.89265,
            0
          ],
          [
            -99.22798,
            18.89281,
            0
          ],
          [
            -99.22809,
            18.89298,
            0
          ],
          [
            -99.22819,
            18.89318,
            0
          ],
          [
            -99.22826,
            18.89336,
            0
          ],
          [
            -99.22831,
            18.89346,
            0
          ],
          [
            -99.22833,
            18.89347,
            0
          ],
          [
            -99.22836,
            18.8935,
            0
          ],
          [
            -99.2291,
            18.89518,
            0
          ],
          [
            -99.22911,
            18.89519,
            0
          ],
          [
            -99.23033,
            18.89782,
            0
          ],
          [
            -99.23105,
            18.89993,
            0
          ],
          [
            -99.23141,
            18.90127,
            0
          ],
          [
            -99.23168,
            18.90438,
            0
          ],
          [
            -99.23187,
            18.90573,
            0
          ],
          [
            -99.23204,
            18.90666,
            0
          ],
          [
            -99.23206,
            18.90672,
            0
          ],
          [
            -99.23208,
            18.90682,
            0
          ],
          [
            -99.23263,
            18.90787,
            0
          ],
          [
            -99.23561,
            18.91299,
            0
          ],
          [
            -99.23613,
            18.91422,
            0
          ],
          [
            -99.2365,
            18.91495,
            0
          ],
          [
            -99.23701,
            18.91604,
            0
          ],
          [
            -99.23709,
            18.91654,
            0
          ],
          [
            -99.2371,
            18.91656,
            0
          ],
          [
            -99.23712,
            18.91707,
            0
          ],
          [
            -99.23715,
            18.91724,
            0
          ],
          [
            -99.23727,
            18.91875,
            0
          ],
          [
            -99.23727,
            18.91886,
            0
          ],
          [
            -99.23738,
            18.9196,
            0
          ],
          [
            -99.23747,
            18.92059,
            0
          ],
          [
            -99.2377,
            18.92204,
            0
          ],
          [
            -99.23801,
            18.92446,
            0
          ],
          [
            -99.23833,
            18.9266,
            0
          ],
          [
            -99.23836,
            18.92719,
            0
          ],
          [
            -99.23839,
            18.92748,
            0
          ],
          [
            -99.23858,
            18.92875,
            0
          ],
          [
            -99.23865,
            18.92912,
            0
          ],
          [
            -99.23865,
            18.92914,
            0
          ],
          [
            -99.23899,
            18.93029,
            0
          ],
          [
            -99.23907,
            18.93071,
            0
          ],
          [
            -99.23926,
            18.93152,
            0
          ],
          [
            -99.23941,
            18.93205,
            0
          ],
          [
            -99.23946,
            18.93235,
            0
          ],
          [
            -99.23963,
            18.93308,
            0
          ],
          [
            -99.23975,
            18.93475,
            0
          ],
          [
            -99.23982,
            18.93519,
            0
          ],
          [
            -99.23989,
            18.93543,
            0
          ],
          [
            -99.24018,
            18.93678,
            0
          ],
          [
            -99.2402,
            18.93694,
            0
          ],
          [
            -99.24036,
            18.93755,
            0
          ],
          [
            -99.24046,
            18.93781,
            0
          ],
          [
            -99.2405,
            18.93789,
            0
          ],
          [
            -99.24097,
            18.93907,
            0
          ],
          [
            -99.24123,
            18.93982,
            0
          ],
          [
            -99.24143,
            18.94026,
            0
          ],
          [
            -99.24179,
            18.94199,
            0
          ],
          [
            -99.24196,
            18.94264,
            0
          ],
          [
            -99.2421,
            18.94296,
            0
          ],
          [
            -99.24249,
            18.94369,
            0
          ],
          [
            -99.24372,
            18.94683,
            0
          ],
          [
            -99.24436,
            18.94875,
            0
          ],
          [
            -99.24454,
            18.94955,
            0
          ],
          [
            -99.24463,
            18.94985,
            0
          ],
          [
            -99.24464,
            18.94993,
            0
          ],
          [
            -99.24463,
            18.95008,
            0
          ],
          [
            -99.24461,
            18.9501,
            0
          ],
          [
            -99.24461,
            18.95011,
            0
          ],
          [
            -99.2446,
            18.95012,
            0
          ],
          [
            -99.2446,
            18.95019,
            0
          ],
          [
            -99.24461,
            18.95019,
            0
          ],
          [
            -99.24461,
            18.95021,
            0
          ],
          [
            -99.24463,
            18.95023,
            0
          ],
          [
            -99.24463,
            18.95024,
            0
          ],
          [
            -99.24464,
            18.95024,
            0
          ],
          [
            -99.24464,
            18.95025,
            0
          ],
          [
            -99.24465,
            18.95025,
            0
          ],
          [
            -99.24465,
            18.95026,
            0
          ],
          [
            -99.24466,
            18.95026,
            0
          ],
          [
            -99.24467,
            18.95027,
            0
          ],
          [
            -99.24469,
            18.95027,
            0
          ],
          [
            -99.24483,
            18.95128,
            0
          ],
          [
            -99.24484,
            18.95131,
            0
          ],
          [
            -99.24504,
            18.95274,
            0
          ],
          [
            -99.24507,
            18.95289,
            0
          ],
          [
            -99.24651,
            18.96293,
            0
          ],
          [
            -99.24655,
            18.96347,
            0
          ],
          [
            -99.24673,
            18.9648,
            0
          ],
          [
            -99.24674,
            18.96509,
            0
          ],
          [
            -99.24672,
            18.96509,
            0
          ],
          [
            -99.24671,
            18.9651,
            0
          ],
          [
            -99.24669,
            18.96511,
            0
          ],
          [
            -99.24664,
            18.96516,
            0
          ],
          [
            -99.24664,
            18.96517,
            0
          ],
          [
            -99.24663,
            18.96518,
            0
          ],
          [
            -99.24663,
            18.9652,
            0
          ],
          [
            -99.24662,
            18.96521,
            0
          ],
          [
            -99.24662,
            18.96529,
            0
          ],
          [
            -99.24663,
            18.9653,
            0
          ],
          [
            -99.24663,
            18.96532,
            0
          ],
          [
            -99.24664,
            18.96533,
            0
          ],
          [
            -99.24664,
            18.96534,
            0
          ],
          [
            -99.24666,
            18.96536,
            0
          ],
          [
            -99.24667,
            18.96538,
            0
          ],
          [
            -99.24668,
            18.96538,
            0
          ],
          [
            -99.24669,
            18.96539,
            0
          ],
          [
            -99.24671,
            18.9654,
            0
          ],
          [
            -99.24671,
            18.96541,
            0
          ],
          [
            -99.24673,
            18.96541,
            0
          ],
          [
            -99.24674,
            18.96542,
            0
          ],
          [
            -99.24676,
            18.96542,
            0
          ],
          [
            -99.24678,
            18.96543,
            0
          ],
          [
            -99.24681,
            18.96543,
            0
          ],
          [
            -99.24688,
            18.96564,
            0
          ],
          [
            -99.24707,
            18.96634,
            0
          ],
          [
            -99.24727,
            18.96696,
            0
          ],
          [
            -99.24741,
            18.96734,
            0
          ],
          [
            -99.24747,
            18.96744,
            0
          ],
          [
            -99.24749,
            18.96746,
            0
          ],
          [
            -99.24751,
            18.96747,
            0
          ],
          [
            -99.24752,
            18.96751,
            0
          ],
          [
            -99.24755,
            18.96757,
            0
          ],
          [
            -99.24791,
            18.96847,
            0
          ],
          [
            -99.24841,
            18.96946,
            0
          ],
          [
            -99.24865,
            18.96984,
            0
          ],
          [
            -99.24893,
            18.97023,
            0
          ],
          [
            -99.24908,
            18.97041,
            0
          ],
          [
            -99.24944,
            18.9707,
            0
          ],
          [
            -99.25162,
            18.97206,
            0
          ],
          [
            -99.2518,
            18.97219,
            0
          ],
          [
            -99.25189,
            18.97229,
            0
          ],
          [
            -99.25193,
            18.97236,
            0
          ],
          [
            -99.25198,
            18.97254,
            0
          ],
          [
            -99.25197,
            18.97284,
            0
          ],
          [
            -99.25183,
            18.97348,
            0
          ],
          [
            -99.25183,
            18.97368,
            0
          ],
          [
            -99.25182,
            18.97374,
            0
          ],
          [
            -99.25183,
            18.9738,
            0
          ],
          [
            -99.25188,
            18.97395,
            0
          ],
          [
            -99.25195,
            18.97405,
            0
          ],
          [
            -99.25202,
            18.97413,
            0
          ],
          [
            -99.25234,
            18.97444,
            0
          ],
          [
            -99.25244,
            18.97459,
            0
          ],
          [
            -99.25247,
            18.97466,
            0
          ],
          [
            -99.25248,
            18.97474,
            0
          ],
          [
            -99.25248,
            18.97482,
            0
          ],
          [
            -99.25247,
            18.97492,
            0
          ],
          [
            -99.25228,
            18.97547,
            0
          ],
          [
            -99.25226,
            18.97562,
            0
          ],
          [
            -99.25228,
            18.97577,
            0
          ],
          [
            -99.25231,
            18.97588,
            0
          ],
          [
            -99.25241,
            18.97602,
            0
          ],
          [
            -99.25251,
            18.97611,
            0
          ],
          [
            -99.25259,
            18.97617,
            0
          ],
          [
            -99.25312,
            18.97651,
            0
          ],
          [
            -99.25327,
            18.97664,
            0
          ],
          [
            -99.2533,
            18.97668,
            0
          ],
          [
            -99.25332,
            18.97672,
            0
          ],
          [
            -99.25337,
            18.97688,
            0
          ],
          [
            -99.25338,
            18.97697,
            0
          ],
          [
            -99.25338,
            18.9774,
            0
          ],
          [
            -99.25334,
            18.97794,
            0
          ],
          [
            -99.25337,
            18.97812,
            0
          ],
          [
            -99.25342,
            18.97825,
            0
          ],
          [
            -99.25348,
            18.97836,
            0
          ],
          [
            -99.2536,
            18.97853,
            0
          ],
          [
            -99.25432,
            18.97919,
            0
          ],
          [
            -99.25444,
            18.97933,
            0
          ],
          [
            -99.25454,
            18.97948,
            0
          ],
          [
            -99.25457,
            18.97956,
            0
          ],
          [
            -99.25458,
            18.97962,
            0
          ],
          [
            -99.25458,
            18.97978,
            0
          ],
          [
            -99.25457,
            18.97986,
            0
          ],
          [
            -99.25449,
            18.98011,
            0
          ],
          [
            -99.2541,
            18.981,
            0
          ],
          [
            -99.25408,
            18.98103,
            0
          ],
          [
            -99.25405,
            18.98106,
            0
          ],
          [
            -99.25361,
            18.98214,
            0
          ],
          [
            -99.25355,
            18.98234,
            0
          ],
          [
            -99.25355,
            18.98245,
            0
          ],
          [
            -99.25356,
            18.98252,
            0
          ],
          [
            -99.25358,
            18.98256,
            0
          ],
          [
            -99.25362,
            18.98267,
            0
          ],
          [
            -99.25367,
            18.98276,
            0
          ],
          [
            -99.25373,
            18.98284,
            0
          ],
          [
            -99.25386,
            18.98295,
            0
          ],
          [
            -99.25453,
            18.98343,
            0
          ],
          [
            -99.25493,
            18.98366,
            0
          ],
          [
            -99.25517,
            18.98373,
            0
          ],
          [
            -99.25565,
            18.98383,
            0
          ],
          [
            -99.25578,
            18.98383,
            0
          ],
          [
            -99.25588,
            18.98381,
            0
          ],
          [
            -99.25599,
            18.98377,
            0
          ],
          [
            -99.2562,
            18.98365,
            0
          ],
          [
            -99.25642,
            18.98348,
            0
          ],
          [
            -99.25666,
            18.98336,
            0
          ],
          [
            -99.25691,
            18.98329,
            0
          ],
          [
            -99.25697,
            18.98328,
            0
          ],
          [
            -99.25707,
            18.98328,
            0
          ],
          [
            -99.25721,
            18.9833,
            0
          ],
          [
            -99.25729,
            18.98332,
            0
          ],
          [
            -99.25741,
            18.98339,
            0
          ],
          [
            -99.25746,
            18.98343,
            0
          ],
          [
            -99.25757,
            18.98356,
            0
          ],
          [
            -99.2576,
            18.98363,
            0
          ],
          [
            -99.25767,
            18.98387,
            0
          ],
          [
            -99.25765,
            18.9839,
            0
          ],
          [
            -99.25763,
            18.98412,
            0
          ],
          [
            -99.25765,
            18.98439,
            0
          ],
          [
            -99.25767,
            18.98447,
            0
          ],
          [
            -99.25767,
            18.98453,
            0
          ]
        ]
      },
      "properties": {
        "name": "3. UNIDAD MORELOS-AEROPUERTO-LA CRUZ DE LA MISION",
        "description": {
          "@type": "html",
          "value": "descripción: <br>OID: 784<br>ZONA: CENTRO<br>RUTA: RUTA 12<br>ITINERARIO: 3. UNIDAD MORELOS-AEROPUERTO-LA CRUZ DE LA MISION<br>DESCRIPCIO: UNIDAD MORELOS-LA CRUZ DE LA MISIàN<br>AUTO-AMPL: ITINERARIO<br>DEFIN-PROV: DEFINITIVOS<br>DURACION: DEFINITIVA<br>FOLIO: SGG/DGT/SDP/000536/97"
        },
        "styleUrl": "#line-0288D1-1200",
        "stroke-opacity": 1,
        "stroke": "#0288d1",
        "stroke-width": 1.2,
        "descripción": "",
        "OID": "784",
        "ZONA": "CENTRO",
        "RUTA": "RUTA 12",
        "ITINERARIO": "3. UNIDAD MORELOS-AEROPUERTO-LA CRUZ DE LA MISION",
        "DESCRIPCIO": "UNIDAD MORELOS-LA CRUZ DE LA MISIàN",
        "AUTO-AMPL": "ITINERARIO",
        "DEFIN-PROV": "DEFINITIVOS",
        "DURACION": "DEFINITIVA",
        "FOLIO": "SGG/DGT/SDP/000536/97"
      }
    },
    {
      "type": "Feature",
      "geometry": {
        "type": "LineString",
        "coordinates": [
          [
            -99.2251,
            18.8645,
            0
          ],
          [
            -99.22509,
            18.86448,
            0
          ],
          [
            -99.22507,
            18.86444,
            0
          ],
          [
            -99.22502,
            18.86439,
            0
          ],
          [
            -99.22495,
            18.86431,
            0
          ],
          [
            -99.22494,
            18.86429,
            0
          ],
          [
            -99.22484,
            18.86418,
            0
          ],
          [
            -99.22477,
            18.86409,
            0
          ],
          [
            -99.22473,
            18.86402,
            0
          ],
          [
            -99.22469,
            18.86395,
            0
          ],
          [
            -99.22467,
            18.8639,
            0
          ],
          [
            -99.22465,
            18.86386,
            0
          ],
          [
            -99.22465,
            18.86385,
            0
          ],
          [
            -99.22464,
            18.86377,
            0
          ],
          [
            -99.22464,
            18.8637,
            0
          ],
          [
            -99.22465,
            18.86365,
            0
          ],
          [
            -99.22466,
            18.86363,
            0
          ],
          [
            -99.22467,
            18.86361,
            0
          ],
          [
            -99.22468,
            18.86359,
            0
          ],
          [
            -99.2247,
            18.86358,
            0
          ],
          [
            -99.22472,
            18.86357,
            0
          ],
          [
            -99.22474,
            18.86357,
            0
          ],
          [
            -99.22475,
            18.86357,
            0
          ],
          [
            -99.22477,
            18.86357,
            0
          ],
          [
            -99.2249,
            18.86363,
            0
          ],
          [
            -99.225,
            18.8637,
            0
          ],
          [
            -99.22532,
            18.86389,
            0
          ],
          [
            -99.22565,
            18.86408,
            0
          ],
          [
            -99.2261,
            18.86437,
            0
          ],
          [
            -99.22643,
            18.86454,
            0
          ],
          [
            -99.2267,
            18.86471,
            0
          ],
          [
            -99.22672,
            18.86472,
            0
          ],
          [
            -99.22675,
            18.86474,
            0
          ],
          [
            -99.227,
            18.86476,
            0
          ],
          [
            -99.22719,
            18.86477,
            0
          ],
          [
            -99.22726,
            18.86478,
            0
          ],
          [
            -99.22724,
            18.86506,
            0
          ],
          [
            -99.22801,
            18.86555,
            0
          ],
          [
            -99.22844,
            18.86584,
            0
          ],
          [
            -99.22878,
            18.86603,
            0
          ],
          [
            -99.22876,
            18.86637,
            0
          ],
          [
            -99.22876,
            18.86638,
            0
          ],
          [
            -99.22876,
            18.86639,
            0
          ],
          [
            -99.22877,
            18.86644,
            0
          ],
          [
            -99.22879,
            18.86649,
            0
          ],
          [
            -99.2288,
            18.86652,
            0
          ],
          [
            -99.22899,
            18.86683,
            0
          ],
          [
            -99.22922,
            18.86719,
            0
          ],
          [
            -99.22934,
            18.86737,
            0
          ],
          [
            -99.22939,
            18.86749,
            0
          ],
          [
            -99.22949,
            18.86774,
            0
          ],
          [
            -99.22952,
            18.86783,
            0
          ],
          [
            -99.22961,
            18.86809,
            0
          ],
          [
            -99.22961,
            18.86811,
            0
          ],
          [
            -99.22966,
            18.86838,
            0
          ],
          [
            -99.22972,
            18.86872,
            0
          ],
          [
            -99.23011,
            18.86973,
            0
          ],
          [
            -99.23035,
            18.87036,
            0
          ],
          [
            -99.23047,
            18.87071,
            0
          ],
          [
            -99.2308,
            18.87163,
            0
          ],
          [
            -99.23086,
            18.8718,
            0
          ],
          [
            -99.23114,
            18.87256,
            0
          ],
          [
            -99.23158,
            18.87243,
            0
          ],
          [
            -99.23194,
            18.87337,
            0
          ],
          [
            -99.2321,
            18.87384,
            0
          ],
          [
            -99.23222,
            18.87422,
            0
          ],
          [
            -99.23234,
            18.87451,
            0
          ],
          [
            -99.23235,
            18.87454,
            0
          ],
          [
            -99.2325,
            18.8752,
            0
          ],
          [
            -99.23306,
            18.87627,
            0
          ],
          [
            -99.23326,
            18.87666,
            0
          ],
          [
            -99.23353,
            18.8771,
            0
          ],
          [
            -99.2338,
            18.87762,
            0
          ],
          [
            -99.23384,
            18.87768,
            0
          ],
          [
            -99.23387,
            18.87773,
            0
          ],
          [
            -99.23392,
            18.87773,
            0
          ],
          [
            -99.23395,
            18.87773,
            0
          ],
          [
            -99.23401,
            18.87774,
            0
          ],
          [
            -99.23406,
            18.87775,
            0
          ],
          [
            -99.23411,
            18.87776,
            0
          ],
          [
            -99.23424,
            18.8778,
            0
          ],
          [
            -99.23426,
            18.87781,
            0
          ],
          [
            -99.23443,
            18.87787,
            0
          ],
          [
            -99.23455,
            18.87792,
            0
          ],
          [
            -99.23487,
            18.87803,
            0
          ],
          [
            -99.23518,
            18.87816,
            0
          ],
          [
            -99.23529,
            18.8782,
            0
          ],
          [
            -99.23599,
            18.87851,
            0
          ],
          [
            -99.23626,
            18.87868,
            0
          ],
          [
            -99.23639,
            18.87874,
            0
          ],
          [
            -99.23646,
            18.87878,
            0
          ],
          [
            -99.23651,
            18.87882,
            0
          ],
          [
            -99.23653,
            18.87884,
            0
          ],
          [
            -99.23654,
            18.87885,
            0
          ],
          [
            -99.23656,
            18.87889,
            0
          ],
          [
            -99.23688,
            18.87979,
            0
          ],
          [
            -99.23712,
            18.88045,
            0
          ],
          [
            -99.23716,
            18.88056,
            0
          ],
          [
            -99.23721,
            18.88072,
            0
          ],
          [
            -99.2374,
            18.88127,
            0
          ]
        ]
      },
      "properties": {
        "name": "COL. LOS PRESIDENTES",
        "description": {
          "@type": "html",
          "value": "descripción: <br>OID: 1396<br>ZONA: CENTRO<br>RUTA: RUTA 12<br>ITINERARIO: AMPL. COL. LOS PRESIDENTES<br>DESCRIPCIO: COL. LOS PRESIDENTES<br>AUTO-AMPL: AMPLIACION<br>DEFIN-PROV: DEFINITIVOS<br>DURACION: DEFINITIVA<br>FOLIO: SG/DGT/SDP/0885/2001<br>SG/DGT/SDP/3641/IX/2012"
        },
        "styleUrl": "#line-880E4F-1200",
        "stroke-opacity": 1,
        "stroke": "#880e4f",
        "stroke-width": 1.2,
        "descripción": "",
        "OID": "1396",
        "ZONA": "CENTRO",
        "RUTA": "RUTA 12",
        "ITINERARIO": "AMPL. COL. LOS PRESIDENTES",
        "DESCRIPCIO": "COL. LOS PRESIDENTES",
        "AUTO-AMPL": "AMPLIACION",
        "DEFIN-PROV": "DEFINITIVOS",
        "DURACION": "DEFINITIVA",
        "FOLIO": "SG/DGT/SDP/0885/2001\nSG/DGT/SDP/3641/IX/2012"
      }
    }
  ]
}