{
  "type": "FeatureCollection",
  "features": [
    {
      "type": "Feature",
      "geometry": {
        "type": "LineString",
        "coordinates": [
          [
            -99.23744,
            18.88139,
            0
          ],
          [
            -99.23721,
            18.88072,
            0
          ],
          [
            -99.23716,
            18.88056,
            0
          ],
          [
            -99.23712,
            18.88045,
            0
          ],
          [
            -99.23688,
            18.87979,
            0
          ],
          [
            -99.23656,
            18.87889,
            0
          ],
          [
            -99.23654,
            18.87885,
            0
          ],
          [
            -99.23653,
            18.87884,
            0
          ],
          [
            -99.23651,
            18.87882,
            0
          ],
          [
            -99.23646,
            18.87878,
            0
          ],
          [
            -99.23639,
            18.87874,
            0
          ],
          [
            -99.23626,
            18.87868,
            0
          ],
          [
            -99.23599,
            18.87851,
            0
          ],
          [
            -99.23529,
            18.8782,
            0
          ],
          [
            -99.23518,
            18.87816,
            0
          ],
          [
            -99.23487,
            18.87803,
            0
          ],
          [
            -99.23455,
            18.87792,
            0
          ],
          [
            -99.23443,
            18.87787,
            0
          ],
          [
            -99.23426,
            18.87781,
            0
          ],
          [
            -99.23411,
            18.87776,
            0
          ],
          [
            -99.23406,
            18.87775,
            0
          ],
          [
            -99.23401,
            18.87774,
            0
          ],
          [
            -99.23395,
            18.87773,
            0
          ],
          [
            -99.23392,
            18.87773,
            0
          ],
          [
            -99.23387,
            18.87773,
            0
          ],
          [
            -99.23384,
            18.87768,
            0
          ],
          [
            -99.2338,
            18.87762,
            0
          ],
          [
            -99.23353,
            18.8771,
            0
          ],
          [
            -99.23326,
            18.87666,
            0
          ],
          [
            -99.23306,
            18.87627,
            0
          ],
          [
            -99.2325,
            18.8752,
            0
          ],
          [
            -99.23235,
            18.87454,
            0
          ],
          [
            -99.23234,
            18.87451,
            0
          ],
          [
            -99.23222,
            18.87422,
            0
          ],
          [
            -99.2321,
            18.87384,
            0
          ],
          [
            -99.23194,
            18.87337,
            0
          ],
          [
            -99.23158,
            18.87243,
            0
          ],
          [
            -99.23114,
            18.87256,
            0
          ],
          [
            -99.23066,
            18.87269,
            0
          ],
          [
            -99.23044,
            18.87274,
            0
          ],
          [
            -99.23043,
            18.87274,
            0
          ],
          [
            -99.23042,
            18.87274,
            0
          ],
          [
            -99.23032,
            18.87268,
            0
          ],
          [
            -99.22965,
            18.87234,
            0
          ],
          [
            -99.22955,
            18.87227,
            0
          ],
          [
            -99.22951,
            18.87224,
            0
          ],
          [
            -99.22949,
            18.87221,
            0
          ],
          [
            -99.22948,
            18.87221,
            0
          ],
          [
            -99.22948,
            18.8722,
            0
          ],
          [
            -99.22948,
            18.87219,
            0
          ],
          [
            -99.22948,
            18.87218,
            0
          ],
          [
            -99.22951,
            18.8721,
            0
          ],
          [
            -99.22952,
            18.87206,
            0
          ],
          [
            -99.22956,
            18.87197,
            0
          ],
          [
            -99.22959,
            18.87189,
            0
          ],
          [
            -99.22963,
            18.87175,
            0
          ],
          [
            -99.22965,
            18.87169,
            0
          ],
          [
            -99.22966,
            18.87164,
            0
          ],
          [
            -99.22966,
            18.87161,
            0
          ],
          [
            -99.22965,
            18.87158,
            0
          ],
          [
            -99.22961,
            18.87148,
            0
          ],
          [
            -99.22957,
            18.87148,
            0
          ],
          [
            -99.22956,
            18.87148,
            0
          ],
          [
            -99.22955,
            18.87149,
            0
          ],
          [
            -99.22954,
            18.87149,
            0
          ],
          [
            -99.22948,
            18.87151,
            0
          ],
          [
            -99.22922,
            18.87164,
            0
          ],
          [
            -99.22919,
            18.87148,
            0
          ],
          [
            -99.22914,
            18.87133,
            0
          ],
          [
            -99.22907,
            18.87118,
            0
          ],
          [
            -99.22891,
            18.87091,
            0
          ],
          [
            -99.22868,
            18.8706,
            0
          ],
          [
            -99.22846,
            18.87034,
            0
          ],
          [
            -99.22821,
            18.87007,
            0
          ],
          [
            -99.22817,
            18.87004,
            0
          ],
          [
            -99.22803,
            18.8699,
            0
          ],
          [
            -99.22802,
            18.86988,
            0
          ],
          [
            -99.228,
            18.86986,
            0
          ],
          [
            -99.22798,
            18.86985,
            0
          ],
          [
            -99.22796,
            18.86984,
            0
          ],
          [
            -99.22793,
            18.86983,
            0
          ],
          [
            -99.22784,
            18.86976,
            0
          ],
          [
            -99.22779,
            18.86972,
            0
          ],
          [
            -99.22774,
            18.86969,
            0
          ],
          [
            -99.22758,
            18.86959,
            0
          ],
          [
            -99.22727,
            18.86943,
            0
          ],
          [
            -99.22715,
            18.86937,
            0
          ],
          [
            -99.22691,
            18.86924,
            0
          ],
          [
            -99.22682,
            18.86919,
            0
          ],
          [
            -99.22678,
            18.86915,
            0
          ],
          [
            -99.22674,
            18.8691,
            0
          ],
          [
            -99.22659,
            18.86895,
            0
          ],
          [
            -99.22653,
            18.86889,
            0
          ],
          [
            -99.22648,
            18.86893,
            0
          ],
          [
            -99.22641,
            18.86902,
            0
          ],
          [
            -99.22637,
            18.86907,
            0
          ],
          [
            -99.22636,
            18.8691,
            0
          ],
          [
            -99.22635,
            18.86913,
            0
          ],
          [
            -99.22635,
            18.86917,
            0
          ],
          [
            -99.22625,
            18.86933,
            0
          ],
          [
            -99.22622,
            18.86939,
            0
          ],
          [
            -99.2262,
            18.86947,
            0
          ],
          [
            -99.22618,
            18.86953,
            0
          ],
          [
            -99.22624,
            18.86982,
            0
          ],
          [
            -99.22627,
            18.86986,
            0
          ],
          [
            -99.22633,
            18.86994,
            0
          ],
          [
            -99.22676,
            18.8704,
            0
          ],
          [
            -99.22682,
            18.87048,
            0
          ],
          [
            -99.22684,
            18.87051,
            0
          ],
          [
            -99.22685,
            18.87056,
            0
          ],
          [
            -99.22688,
            18.87064,
            0
          ],
          [
            -99.22689,
            18.87067,
            0
          ],
          [
            -99.2269,
            18.87071,
            0
          ],
          [
            -99.2269,
            18.87075,
            0
          ],
          [
            -99.2269,
            18.87078,
            0
          ],
          [
            -99.22689,
            18.87086,
            0
          ],
          [
            -99.22688,
            18.87094,
            0
          ],
          [
            -99.22687,
            18.871,
            0
          ],
          [
            -99.22684,
            18.87108,
            0
          ],
          [
            -99.22683,
            18.87111,
            0
          ],
          [
            -99.22678,
            18.87122,
            0
          ],
          [
            -99.22674,
            18.8713,
            0
          ],
          [
            -99.22664,
            18.87153,
            0
          ],
          [
            -99.2266,
            18.87161,
            0
          ],
          [
            -99.22653,
            18.87181,
            0
          ],
          [
            -99.2265,
            18.8719,
            0
          ],
          [
            -99.22648,
            18.87198,
            0
          ],
          [
            -99.22646,
            18.87209,
            0
          ],
          [
            -99.22644,
            18.87218,
            0
          ],
          [
            -99.22645,
            18.8723,
            0
          ],
          [
            -99.22646,
            18.87239,
            0
          ],
          [
            -99.22648,
            18.87252,
            0
          ],
          [
            -99.22654,
            18.87275,
            0
          ],
          [
            -99.22656,
            18.8729,
            0
          ],
          [
            -99.22662,
            18.87306,
            0
          ],
          [
            -99.22667,
            18.87319,
            0
          ],
          [
            -99.22673,
            18.87327,
            0
          ],
          [
            -99.22679,
            18.87334,
            0
          ],
          [
            -99.22694,
            18.8735,
            0
          ],
          [
            -99.22702,
            18.87357,
            0
          ],
          [
            -99.22707,
            18.87362,
            0
          ],
          [
            -99.22712,
            18.87371,
            0
          ],
          [
            -99.22717,
            18.8738,
            0
          ],
          [
            -99.2272,
            18.87385,
            0
          ],
          [
            -99.22721,
            18.8739,
            0
          ],
          [
            -99.22724,
            18.87407,
            0
          ],
          [
            -99.22726,
            18.87429,
            0
          ],
          [
            -99.2273,
            18.87455,
            0
          ],
          [
            -99.22731,
            18.87461,
            0
          ],
          [
            -99.22732,
            18.87468,
            0
          ],
          [
            -99.22736,
            18.87478,
            0
          ],
          [
            -99.2274,
            18.87487,
            0
          ],
          [
            -99.22742,
            18.87491,
            0
          ],
          [
            -99.22754,
            18.87511,
            0
          ],
          [
            -99.22776,
            18.87544,
            0
          ],
          [
            -99.22803,
            18.87579,
            0
          ],
          [
            -99.22822,
            18.87608,
            0
          ],
          [
            -99.22869,
            18.8766,
            0
          ],
          [
            -99.22881,
            18.87672,
            0
          ],
          [
            -99.22888,
            18.8768,
            0
          ],
          [
            -99.22891,
            18.87686,
            0
          ],
          [
            -99.22898,
            18.87701,
            0
          ],
          [
            -99.229,
            18.87706,
            0
          ],
          [
            -99.22904,
            18.87717,
            0
          ],
          [
            -99.22906,
            18.87727,
            0
          ],
          [
            -99.22906,
            18.8774,
            0
          ],
          [
            -99.22906,
            18.87769,
            0
          ],
          [
            -99.22907,
            18.87782,
            0
          ],
          [
            -99.22907,
            18.87785,
            0
          ],
          [
            -99.22908,
            18.87791,
            0
          ],
          [
            -99.22908,
            18.87794,
            0
          ],
          [
            -99.2291,
            18.87807,
            0
          ],
          [
            -99.22912,
            18.87815,
            0
          ],
          [
            -99.22915,
            18.87827,
            0
          ],
          [
            -99.22927,
            18.87863,
            0
          ],
          [
            -99.22946,
            18.87917,
            0
          ],
          [
            -99.2296,
            18.87958,
            0
          ],
          [
            -99.22963,
            18.87965,
            0
          ],
          [
            -99.22971,
            18.87984,
            0
          ],
          [
            -99.22975,
            18.88003,
            0
          ],
          [
            -99.22978,
            18.88017,
            0
          ],
          [
            -99.22981,
            18.88045,
            0
          ],
          [
            -99.22983,
            18.88062,
            0
          ],
          [
            -99.22985,
            18.88085,
            0
          ],
          [
            -99.22986,
            18.88105,
            0
          ],
          [
            -99.22987,
            18.88117,
            0
          ],
          [
            -99.22987,
            18.88135,
            0
          ],
          [
            -99.22985,
            18.88173,
            0
          ],
          [
            -99.22983,
            18.88193,
            0
          ],
          [
            -99.22983,
            18.88205,
            0
          ],
          [
            -99.22982,
            18.88222,
            0
          ],
          [
            -99.22984,
            18.88242,
            0
          ],
          [
            -99.22987,
            18.88267,
            0
          ],
          [
            -99.22993,
            18.88309,
            0
          ],
          [
            -99.23006,
            18.88386,
            0
          ],
          [
            -99.23016,
            18.88432,
            0
          ],
          [
            -99.23021,
            18.8847,
            0
          ],
          [
            -99.23022,
            18.88478,
            0
          ],
          [
            -99.23021,
            18.88489,
            0
          ],
          [
            -99.23019,
            18.88516,
            0
          ],
          [
            -99.23017,
            18.88529,
            0
          ],
          [
            -99.23014,
            18.88545,
            0
          ],
          [
            -99.23006,
            18.88571,
            0
          ],
          [
            -99.23,
            18.88588,
            0
          ],
          [
            -99.22989,
            18.88614,
            0
          ],
          [
            -99.22983,
            18.88627,
            0
          ],
          [
            -99.22975,
            18.88644,
            0
          ],
          [
            -99.22968,
            18.8866,
            0
          ],
          [
            -99.22967,
            18.88661,
            0
          ],
          [
            -99.22967,
            18.88662,
            0
          ],
          [
            -99.22946,
            18.88712,
            0
          ],
          [
            -99.22939,
            18.88726,
            0
          ],
          [
            -99.22926,
            18.88755,
            0
          ],
          [
            -99.22913,
            18.88783,
            0
          ],
          [
            -99.22896,
            18.88822,
            0
          ],
          [
            -99.22894,
            18.88828,
            0
          ],
          [
            -99.2289,
            18.88834,
            0
          ],
          [
            -99.22887,
            18.88838,
            0
          ],
          [
            -99.22884,
            18.88841,
            0
          ],
          [
            -99.22884,
            18.88842,
            0
          ],
          [
            -99.2288,
            18.88844,
            0
          ],
          [
            -99.22866,
            18.8885,
            0
          ],
          [
            -99.22861,
            18.88853,
            0
          ],
          [
            -99.22855,
            18.88859,
            0
          ],
          [
            -99.22852,
            18.88864,
            0
          ],
          [
            -99.2285,
            18.88869,
            0
          ],
          [
            -99.22847,
            18.88876,
            0
          ],
          [
            -99.22844,
            18.88883,
            0
          ],
          [
            -99.2283,
            18.8893,
            0
          ],
          [
            -99.22828,
            18.88947,
            0
          ],
          [
            -99.22825,
            18.8896,
            0
          ],
          [
            -99.22818,
            18.88979,
            0
          ],
          [
            -99.22808,
            18.88999,
            0
          ],
          [
            -99.22803,
            18.89008,
            0
          ],
          [
            -99.22798,
            18.89017,
            0
          ],
          [
            -99.22789,
            18.8903,
            0
          ],
          [
            -99.22774,
            18.89048,
            0
          ],
          [
            -99.22772,
            18.89054,
            0
          ],
          [
            -99.22771,
            18.89057,
            0
          ],
          [
            -99.2277,
            18.89059,
            0
          ],
          [
            -99.22767,
            18.89064,
            0
          ],
          [
            -99.22762,
            18.89072,
            0
          ],
          [
            -99.22749,
            18.89088,
            0
          ],
          [
            -99.22739,
            18.89098,
            0
          ],
          [
            -99.22733,
            18.89104,
            0
          ],
          [
            -99.22719,
            18.89122,
            0
          ],
          [
            -99.22713,
            18.8913,
            0
          ],
          [
            -99.227,
            18.89145,
            0
          ],
          [
            -99.22694,
            18.89153,
            0
          ],
          [
            -99.22691,
            18.89157,
            0
          ],
          [
            -99.22688,
            18.89163,
            0
          ],
          [
            -99.22687,
            18.89169,
            0
          ],
          [
            -99.22686,
            18.89173,
            0
          ],
          [
            -99.22685,
            18.89178,
            0
          ],
          [
            -99.22685,
            18.89183,
            0
          ],
          [
            -99.22686,
            18.89188,
            0
          ],
          [
            -99.22688,
            18.89197,
            0
          ],
          [
            -99.22689,
            18.892,
            0
          ],
          [
            -99.22691,
            18.89203,
            0
          ],
          [
            -99.22695,
            18.89208,
            0
          ],
          [
            -99.227,
            18.89214,
            0
          ],
          [
            -99.22707,
            18.89219,
            0
          ],
          [
            -99.22726,
            18.89231,
            0
          ],
          [
            -99.22733,
            18.89235,
            0
          ],
          [
            -99.22735,
            18.89236,
            0
          ],
          [
            -99.22738,
            18.89238,
            0
          ],
          [
            -99.22739,
            18.89238,
            0
          ],
          [
            -99.22749,
            18.89244,
            0
          ],
          [
            -99.22759,
            18.8925,
            0
          ],
          [
            -99.22781,
            18.89265,
            0
          ],
          [
            -99.22798,
            18.89281,
            0
          ],
          [
            -99.22809,
            18.89298,
            0
          ],
          [
            -99.22819,
            18.89318,
            0
          ],
          [
            -99.22824,
            18.8933,
            0
          ],
          [
            -99.22825,
            18.89333,
            0
          ],
          [
            -99.22826,
            18.89336,
            0
          ],
          [
            -99.22831,
            18.89346,
            0
          ],
          [
            -99.22833,
            18.89347,
            0
          ],
          [
            -99.22836,
            18.8935,
            0
          ],
          [
            -99.22847,
            18.89375,
            0
          ],
          [
            -99.22851,
            18.89385,
            0
          ],
          [
            -99.22866,
            18.89419,
            0
          ],
          [
            -99.22883,
            18.89459,
            0
          ],
          [
            -99.2291,
            18.89518,
            0
          ],
          [
            -99.22911,
            18.89519,
            0
          ],
          [
            -99.2294,
            18.89582,
            0
          ],
          [
            -99.22955,
            18.89614,
            0
          ],
          [
            -99.22983,
            18.89672,
            0
          ],
          [
            -99.23004,
            18.89718,
            0
          ],
          [
            -99.23008,
            18.89726,
            0
          ],
          [
            -99.23019,
            18.89751,
            0
          ],
          [
            -99.23033,
            18.89782,
            0
          ],
          [
            -99.23056,
            18.89847,
            0
          ],
          [
            -99.23088,
            18.89942,
            0
          ],
          [
            -99.23105,
            18.89993,
            0
          ],
          [
            -99.23119,
            18.90043,
            0
          ],
          [
            -99.23133,
            18.90094,
            0
          ],
          [
            -99.23141,
            18.90127,
            0
          ],
          [
            -99.23143,
            18.90147,
            0
          ],
          [
            -99.23147,
            18.90192,
            0
          ],
          [
            -99.23154,
            18.90289,
            0
          ],
          [
            -99.23158,
            18.90329,
            0
          ],
          [
            -99.23161,
            18.90364,
            0
          ],
          [
            -99.23163,
            18.90386,
            0
          ],
          [
            -99.23168,
            18.90438,
            0
          ],
          [
            -99.23177,
            18.90501,
            0
          ],
          [
            -99.23187,
            18.90573,
            0
          ],
          [
            -99.23192,
            18.90597,
            0
          ],
          [
            -99.23193,
            18.90601,
            0
          ],
          [
            -99.23197,
            18.90626,
            0
          ],
          [
            -99.23202,
            18.90657,
            0
          ],
          [
            -99.23204,
            18.90666,
            0
          ],
          [
            -99.23206,
            18.90672,
            0
          ],
          [
            -99.23208,
            18.90682,
            0
          ],
          [
            -99.23219,
            18.90703,
            0
          ],
          [
            -99.23227,
            18.9072,
            0
          ],
          [
            -99.23247,
            18.90757,
            0
          ],
          [
            -99.23263,
            18.90787,
            0
          ],
          [
            -99.23316,
            18.90877,
            0
          ],
          [
            -99.23356,
            18.90944,
            0
          ],
          [
            -99.23385,
            18.90996,
            0
          ],
          [
            -99.23399,
            18.9102,
            0
          ],
          [
            -99.23402,
            18.91025,
            0
          ],
          [
            -99.23412,
            18.91042,
            0
          ],
          [
            -99.23418,
            18.91053,
            0
          ],
          [
            -99.23458,
            18.91121,
            0
          ],
          [
            -99.23511,
            18.91213,
            0
          ],
          [
            -99.23561,
            18.91299,
            0
          ],
          [
            -99.23593,
            18.91376,
            0
          ],
          [
            -99.23613,
            18.91422,
            0
          ],
          [
            -99.2365,
            18.91495,
            0
          ],
          [
            -99.23684,
            18.91568,
            0
          ],
          [
            -99.23701,
            18.91604,
            0
          ],
          [
            -99.23705,
            18.91626,
            0
          ],
          [
            -99.23709,
            18.91654,
            0
          ],
          [
            -99.2371,
            18.91656,
            0
          ],
          [
            -99.23712,
            18.91707,
            0
          ],
          [
            -99.23715,
            18.91724,
            0
          ],
          [
            -99.23722,
            18.91801,
            0
          ],
          [
            -99.23727,
            18.91875,
            0
          ],
          [
            -99.23727,
            18.91886,
            0
          ],
          [
            -99.23738,
            18.9196,
            0
          ],
          [
            -99.2374,
            18.91987,
            0
          ],
          [
            -99.23747,
            18.92059,
            0
          ],
          [
            -99.23755,
            18.92114,
            0
          ],
          [
            -99.2377,
            18.92204,
            0
          ],
          [
            -99.23778,
            18.9226,
            0
          ],
          [
            -99.23787,
            18.92328,
            0
          ],
          [
            -99.2379,
            18.92352,
            0
          ],
          [
            -99.23794,
            18.92386,
            0
          ],
          [
            -99.23801,
            18.92446,
            0
          ],
          [
            -99.23804,
            18.92465,
            0
          ],
          [
            -99.23811,
            18.92508,
            0
          ],
          [
            -99.23812,
            18.92514,
            0
          ],
          [
            -99.23814,
            18.9253,
            0
          ],
          [
            -99.23819,
            18.92564,
            0
          ],
          [
            -99.23822,
            18.92583,
            0
          ],
          [
            -99.23825,
            18.926,
            0
          ],
          [
            -99.23829,
            18.92632,
            0
          ],
          [
            -99.23833,
            18.9266,
            0
          ],
          [
            -99.23835,
            18.92685,
            0
          ],
          [
            -99.23836,
            18.92719,
            0
          ],
          [
            -99.23839,
            18.92748,
            0
          ],
          [
            -99.23858,
            18.92875,
            0
          ],
          [
            -99.23865,
            18.92912,
            0
          ],
          [
            -99.23865,
            18.92914,
            0
          ],
          [
            -99.2387,
            18.92932,
            0
          ],
          [
            -99.23899,
            18.93029,
            0
          ],
          [
            -99.23907,
            18.93071,
            0
          ],
          [
            -99.23926,
            18.93152,
            0
          ],
          [
            -99.23941,
            18.93205,
            0
          ],
          [
            -99.23946,
            18.93235,
            0
          ],
          [
            -99.23963,
            18.93308,
            0
          ],
          [
            -99.23965,
            18.9334,
            0
          ],
          [
            -99.23971,
            18.93424,
            0
          ],
          [
            -99.23975,
            18.93475,
            0
          ],
          [
            -99.23978,
            18.93498,
            0
          ],
          [
            -99.23982,
            18.93519,
            0
          ],
          [
            -99.23989,
            18.93543,
            0
          ],
          [
            -99.23993,
            18.93565,
            0
          ],
          [
            -99.24003,
            18.9361,
            0
          ],
          [
            -99.24018,
            18.93678,
            0
          ],
          [
            -99.2402,
            18.93694,
            0
          ],
          [
            -99.24024,
            18.93711,
            0
          ],
          [
            -99.24029,
            18.93727,
            0
          ],
          [
            -99.24036,
            18.93755,
            0
          ],
          [
            -99.24041,
            18.93768,
            0
          ],
          [
            -99.24046,
            18.93781,
            0
          ],
          [
            -99.2405,
            18.93789,
            0
          ],
          [
            -99.24066,
            18.93829,
            0
          ],
          [
            -99.24097,
            18.93907,
            0
          ],
          [
            -99.24123,
            18.93982,
            0
          ],
          [
            -99.24143,
            18.94026,
            0
          ],
          [
            -99.24179,
            18.94199,
            0
          ],
          [
            -99.24186,
            18.94226,
            0
          ],
          [
            -99.24196,
            18.94264,
            0
          ],
          [
            -99.24202,
            18.94279,
            0
          ],
          [
            -99.2421,
            18.94296,
            0
          ],
          [
            -99.24233,
            18.9434,
            0
          ],
          [
            -99.24249,
            18.94369,
            0
          ],
          [
            -99.24296,
            18.94485,
            0
          ],
          [
            -99.24318,
            18.94543,
            0
          ],
          [
            -99.24336,
            18.94591,
            0
          ],
          [
            -99.24349,
            18.94625,
            0
          ],
          [
            -99.24357,
            18.94645,
            0
          ],
          [
            -99.24361,
            18.94656,
            0
          ],
          [
            -99.24372,
            18.94683,
            0
          ],
          [
            -99.24396,
            18.94752,
            0
          ],
          [
            -99.244,
            18.94766,
            0
          ],
          [
            -99.24416,
            18.94812,
            0
          ],
          [
            -99.24436,
            18.94875,
            0
          ],
          [
            -99.24445,
            18.94911,
            0
          ],
          [
            -99.24454,
            18.94955,
            0
          ],
          [
            -99.24463,
            18.94985,
            0
          ],
          [
            -99.24464,
            18.94993,
            0
          ],
          [
            -99.24464,
            18.94998,
            0
          ],
          [
            -99.24463,
            18.95008,
            0
          ],
          [
            -99.24462,
            18.95009,
            0
          ],
          [
            -99.24461,
            18.9501,
            0
          ],
          [
            -99.24461,
            18.95011,
            0
          ],
          [
            -99.2446,
            18.95012,
            0
          ],
          [
            -99.2446,
            18.95013,
            0
          ],
          [
            -99.2446,
            18.95014,
            0
          ],
          [
            -99.2446,
            18.95015,
            0
          ],
          [
            -99.2446,
            18.95016,
            0
          ],
          [
            -99.2446,
            18.95017,
            0
          ],
          [
            -99.2446,
            18.95018,
            0
          ],
          [
            -99.2446,
            18.95019,
            0
          ],
          [
            -99.24461,
            18.95019,
            0
          ],
          [
            -99.24461,
            18.9502,
            0
          ],
          [
            -99.24461,
            18.95021,
            0
          ],
          [
            -99.24462,
            18.95022,
            0
          ],
          [
            -99.24463,
            18.95023,
            0
          ],
          [
            -99.24463,
            18.95024,
            0
          ],
          [
            -99.24464,
            18.95024,
            0
          ],
          [
            -99.24464,
            18.95025,
            0
          ],
          [
            -99.24465,
            18.95025,
            0
          ],
          [
            -99.24465,
            18.95026,
            0
          ],
          [
            -99.24466,
            18.95026,
            0
          ],
          [
            -99.24467,
            18.95027,
            0
          ],
          [
            -99.24468,
            18.95027,
            0
          ],
          [
            -99.24469,
            18.95027,
            0
          ],
          [
            -99.24476,
            18.95074,
            0
          ],
          [
            -99.24483,
            18.95128,
            0
          ],
          [
            -99.24484,
            18.95131,
            0
          ],
          [
            -99.24491,
            18.95185,
            0
          ],
          [
            -99.24498,
            18.9523,
            0
          ],
          [
            -99.24499,
            18.95235,
            0
          ],
          [
            -99.24504,
            18.95274,
            0
          ],
          [
            -99.24507,
            18.95289,
            0
          ],
          [
            -99.24512,
            18.95326,
            0
          ],
          [
            -99.2452,
            18.95385,
            0
          ],
          [
            -99.24521,
            18.95395,
            0
          ],
          [
            -99.24531,
            18.95463,
            0
          ],
          [
            -99.24535,
            18.95493,
            0
          ],
          [
            -99.24539,
            18.95515,
            0
          ],
          [
            -99.2454,
            18.95522,
            0
          ],
          [
            -99.24541,
            18.95529,
            0
          ],
          [
            -99.24544,
            18.95555,
            0
          ],
          [
            -99.24549,
            18.95598,
            0
          ],
          [
            -99.24555,
            18.95641,
            0
          ],
          [
            -99.24556,
            18.95651,
            0
          ],
          [
            -99.24571,
            18.95756,
            0
          ],
          [
            -99.24575,
            18.95785,
            0
          ],
          [
            -99.24587,
            18.95862,
            0
          ],
          [
            -99.24594,
            18.95907,
            0
          ],
          [
            -99.24606,
            18.95994,
            0
          ],
          [
            -99.24608,
            18.96011,
            0
          ],
          [
            -99.24611,
            18.96026,
            0
          ],
          [
            -99.24632,
            18.96162,
            0
          ],
          [
            -99.24635,
            18.9618,
            0
          ],
          [
            -99.24636,
            18.96187,
            0
          ],
          [
            -99.24651,
            18.96293,
            0
          ],
          [
            -99.24654,
            18.96326,
            0
          ],
          [
            -99.24655,
            18.96347,
            0
          ],
          [
            -99.24657,
            18.96358,
            0
          ],
          [
            -99.24673,
            18.9648,
            0
          ],
          [
            -99.24674,
            18.96509,
            0
          ],
          [
            -99.24672,
            18.96509,
            0
          ],
          [
            -99.24671,
            18.9651,
            0
          ],
          [
            -99.24669,
            18.96511,
            0
          ],
          [
            -99.24668,
            18.96512,
            0
          ],
          [
            -99.24667,
            18.96513,
            0
          ],
          [
            -99.24666,
            18.96514,
            0
          ],
          [
            -99.24665,
            18.96515,
            0
          ],
          [
            -99.24664,
            18.96516,
            0
          ],
          [
            -99.24664,
            18.96517,
            0
          ],
          [
            -99.24663,
            18.96518,
            0
          ],
          [
            -99.24663,
            18.9652,
            0
          ],
          [
            -99.24662,
            18.96521,
            0
          ],
          [
            -99.24662,
            18.96522,
            0
          ],
          [
            -99.24662,
            18.96524,
            0
          ],
          [
            -99.24662,
            18.96525,
            0
          ],
          [
            -99.24662,
            18.96528,
            0
          ],
          [
            -99.24662,
            18.96529,
            0
          ],
          [
            -99.24663,
            18.9653,
            0
          ],
          [
            -99.24663,
            18.96532,
            0
          ],
          [
            -99.24664,
            18.96533,
            0
          ],
          [
            -99.24664,
            18.96534,
            0
          ],
          [
            -99.24665,
            18.96535,
            0
          ],
          [
            -99.24666,
            18.96536,
            0
          ],
          [
            -99.24667,
            18.96538,
            0
          ],
          [
            -99.24668,
            18.96538,
            0
          ],
          [
            -99.24669,
            18.96539,
            0
          ],
          [
            -99.24671,
            18.9654,
            0
          ],
          [
            -99.24671,
            18.96541,
            0
          ],
          [
            -99.24673,
            18.96541,
            0
          ],
          [
            -99.24674,
            18.96542,
            0
          ],
          [
            -99.24675,
            18.96542,
            0
          ],
          [
            -99.24676,
            18.96542,
            0
          ],
          [
            -99.24678,
            18.96543,
            0
          ],
          [
            -99.24679,
            18.96543,
            0
          ],
          [
            -99.2468,
            18.96543,
            0
          ],
          [
            -99.24681,
            18.96543,
            0
          ],
          [
            -99.24688,
            18.96564,
            0
          ],
          [
            -99.24707,
            18.96634,
            0
          ],
          [
            -99.24725,
            18.9669,
            0
          ],
          [
            -99.24727,
            18.96696,
            0
          ],
          [
            -99.24741,
            18.96734,
            0
          ],
          [
            -99.24747,
            18.96744,
            0
          ],
          [
            -99.24749,
            18.96746,
            0
          ],
          [
            -99.24751,
            18.96747,
            0
          ],
          [
            -99.24752,
            18.96751,
            0
          ],
          [
            -99.24755,
            18.96757,
            0
          ],
          [
            -99.24759,
            18.96767,
            0
          ],
          [
            -99.24771,
            18.96799,
            0
          ],
          [
            -99.24777,
            18.96814,
            0
          ],
          [
            -99.2478,
            18.96821,
            0
          ],
          [
            -99.24785,
            18.96832,
            0
          ],
          [
            -99.24791,
            18.96847,
            0
          ],
          [
            -99.24799,
            18.96862,
            0
          ],
          [
            -99.24831,
            18.96925,
            0
          ],
          [
            -99.24841,
            18.96946,
            0
          ],
          [
            -99.24849,
            18.96959,
            0
          ],
          [
            -99.24865,
            18.96984,
            0
          ],
          [
            -99.24874,
            18.96997,
            0
          ],
          [
            -99.2488,
            18.97005,
            0
          ],
          [
            -99.24893,
            18.97023,
            0
          ],
          [
            -99.24908,
            18.97041,
            0
          ],
          [
            -99.24925,
            18.97055,
            0
          ],
          [
            -99.24944,
            18.9707,
            0
          ],
          [
            -99.24962,
            18.97082,
            0
          ],
          [
            -99.24975,
            18.9709,
            0
          ],
          [
            -99.25017,
            18.97116,
            0
          ],
          [
            -99.25069,
            18.97148,
            0
          ],
          [
            -99.25082,
            18.97156,
            0
          ],
          [
            -99.25162,
            18.97206,
            0
          ],
          [
            -99.2518,
            18.97219,
            0
          ],
          [
            -99.25184,
            18.97223,
            0
          ],
          [
            -99.25189,
            18.97229,
            0
          ],
          [
            -99.25193,
            18.97236,
            0
          ],
          [
            -99.25196,
            18.97247,
            0
          ],
          [
            -99.25198,
            18.97254,
            0
          ],
          [
            -99.25198,
            18.97266,
            0
          ],
          [
            -99.25197,
            18.97284,
            0
          ],
          [
            -99.25192,
            18.97305,
            0
          ],
          [
            -99.2519,
            18.97317,
            0
          ],
          [
            -99.25187,
            18.97329,
            0
          ],
          [
            -99.25183,
            18.97348,
            0
          ],
          [
            -99.25183,
            18.97368,
            0
          ],
          [
            -99.25182,
            18.97374,
            0
          ],
          [
            -99.25183,
            18.9738,
            0
          ],
          [
            -99.25188,
            18.97395,
            0
          ],
          [
            -99.25195,
            18.97405,
            0
          ],
          [
            -99.25202,
            18.97413,
            0
          ],
          [
            -99.2521,
            18.97421,
            0
          ],
          [
            -99.25234,
            18.97444,
            0
          ],
          [
            -99.25236,
            18.97447,
            0
          ],
          [
            -99.25239,
            18.97452,
            0
          ],
          [
            -99.25244,
            18.97459,
            0
          ],
          [
            -99.25247,
            18.97466,
            0
          ],
          [
            -99.25248,
            18.97474,
            0
          ],
          [
            -99.25248,
            18.97482,
            0
          ],
          [
            -99.25247,
            18.97492,
            0
          ],
          [
            -99.25243,
            18.97505,
            0
          ],
          [
            -99.25233,
            18.97533,
            0
          ],
          [
            -99.25228,
            18.97547,
            0
          ],
          [
            -99.25226,
            18.97562,
            0
          ],
          [
            -99.25227,
            18.9757,
            0
          ],
          [
            -99.25228,
            18.97577,
            0
          ],
          [
            -99.25231,
            18.97588,
            0
          ],
          [
            -99.25237,
            18.97597,
            0
          ],
          [
            -99.25241,
            18.97602,
            0
          ],
          [
            -99.25251,
            18.97611,
            0
          ],
          [
            -99.25259,
            18.97617,
            0
          ],
          [
            -99.2527,
            18.97624,
            0
          ],
          [
            -99.25302,
            18.97644,
            0
          ],
          [
            -99.25312,
            18.97651,
            0
          ],
          [
            -99.25317,
            18.97655,
            0
          ],
          [
            -99.25327,
            18.97664,
            0
          ],
          [
            -99.2533,
            18.97668,
            0
          ],
          [
            -99.25332,
            18.97672,
            0
          ],
          [
            -99.25333,
            18.97676,
            0
          ],
          [
            -99.25336,
            18.97684,
            0
          ],
          [
            -99.25337,
            18.97688,
            0
          ],
          [
            -99.25338,
            18.97697,
            0
          ],
          [
            -99.25338,
            18.97704,
            0
          ],
          [
            -99.25338,
            18.97718,
            0
          ],
          [
            -99.25338,
            18.97728,
            0
          ],
          [
            -99.25338,
            18.97734,
            0
          ],
          [
            -99.25338,
            18.9774,
            0
          ],
          [
            -99.25337,
            18.9776,
            0
          ],
          [
            -99.25334,
            18.97794,
            0
          ],
          [
            -99.25335,
            18.97802,
            0
          ],
          [
            -99.25337,
            18.97812,
            0
          ],
          [
            -99.25342,
            18.97825,
            0
          ],
          [
            -99.25348,
            18.97836,
            0
          ],
          [
            -99.25353,
            18.97843,
            0
          ],
          [
            -99.2536,
            18.97853,
            0
          ],
          [
            -99.25368,
            18.97861,
            0
          ],
          [
            -99.25379,
            18.97871,
            0
          ],
          [
            -99.25421,
            18.97908,
            0
          ],
          [
            -99.25432,
            18.97919,
            0
          ],
          [
            -99.25444,
            18.97933,
            0
          ],
          [
            -99.2545,
            18.97942,
            0
          ],
          [
            -99.25454,
            18.97948,
            0
          ],
          [
            -99.25457,
            18.97956,
            0
          ],
          [
            -99.25458,
            18.97962,
            0
          ],
          [
            -99.25458,
            18.97967,
            0
          ],
          [
            -99.25458,
            18.97978,
            0
          ],
          [
            -99.25457,
            18.97986,
            0
          ],
          [
            -99.25454,
            18.97996,
            0
          ],
          [
            -99.25449,
            18.98011,
            0
          ],
          [
            -99.25442,
            18.98028,
            0
          ],
          [
            -99.25426,
            18.98063,
            0
          ],
          [
            -99.2541,
            18.981,
            0
          ],
          [
            -99.25408,
            18.98103,
            0
          ],
          [
            -99.25405,
            18.98106,
            0
          ],
          [
            -99.25391,
            18.9814,
            0
          ],
          [
            -99.25383,
            18.98159,
            0
          ],
          [
            -99.25379,
            18.9817,
            0
          ],
          [
            -99.25368,
            18.98196,
            0
          ],
          [
            -99.25361,
            18.98214,
            0
          ],
          [
            -99.25358,
            18.98225,
            0
          ],
          [
            -99.25355,
            18.98234,
            0
          ],
          [
            -99.25343,
            18.98239,
            0
          ],
          [
            -99.25334,
            18.98242,
            0
          ],
          [
            -99.25312,
            18.98249,
            0
          ],
          [
            -99.25293,
            18.98257,
            0
          ],
          [
            -99.25282,
            18.98261,
            0
          ],
          [
            -99.25274,
            18.98263,
            0
          ],
          [
            -99.25271,
            18.98264,
            0
          ],
          [
            -99.25261,
            18.98265,
            0
          ],
          [
            -99.25254,
            18.98266,
            0
          ],
          [
            -99.25235,
            18.98268,
            0
          ],
          [
            -99.25229,
            18.98269,
            0
          ],
          [
            -99.25211,
            18.98269,
            0
          ],
          [
            -99.2519,
            18.98267,
            0
          ],
          [
            -99.25162,
            18.98262,
            0
          ],
          [
            -99.25153,
            18.98259,
            0
          ]
        ]
      },
      "properties": {
        "name": "1. ALTA PALMIRA-EJIDO-TEPUENTE-INDEPENDENCIA",
        "description": {
          "@type": "html",
          "value": "descripción: <br>OID: 19<br>ZONA: CENTRO<br>RUTA: RUTA 12<br>ITINERARIO: 1. ALTA PALMIRA-EJIDO-TEPUENTE-INDEPENDENCIA<br>DESCRIPCIO: ALTA PALMIRA-INDEPENDENCIA<br>AUTO-AMPL: ITINERARIO<br>DEFIN-PROV: DEFINITIVOS<br>DURACION: DEFINITIVA<br>FOLIO: SGG/DGT/SDP/000536/97"
        },
        "styleUrl": "#line-9C27B0-1200",
        "stroke-opacity": 1,
        "stroke": "#9c27b0",
        "stroke-width": 1.2,
        "descripción": "",
        "OID": "19",
        "ZONA": "CENTRO",
        "RUTA": "RUTA 12",
        "ITINERARIO": "1. ALTA PALMIRA-EJIDO-TEPUENTE-INDEPENDENCIA",
        "DESCRIPCIO": "ALTA PALMIRA-INDEPENDENCIA",
        "AUTO-AMPL": "ITINERARIO",
        "DEFIN-PROV": "DEFINITIVOS",
        "DURACION": "DEFINITIVA",
        "FOLIO": "SGG/DGT/SDP/000536/97"
      }
    },
    {
      "type": "Feature",
      "geometry": {
        "type": "LineString",
        "coordinates": [
          [
            -99.25154,
            18.9826,
            0
          ],
          [
            -99.25162,
            18.98262,
            0
          ],
          [
            -99.2519,
            18.98267,
            0
          ],
          [
            -99.25211,
            18.98269,
            0
          ],
          [
            -99.25229,
            18.98269,
            0
          ],
          [
            -99.25235,
            18.98268,
            0
          ],
          [
            -99.25254,
            18.98266,
            0
          ],
          [
            -99.25261,
            18.98265,
            0
          ],
          [
            -99.25271,
            18.98264,
            0
          ],
          [
            -99.25274,
            18.98263,
            0
          ],
          [
            -99.25282,
            18.98261,
            0
          ],
          [
            -99.25293,
            18.98257,
            0
          ],
          [
            -99.25312,
            18.98249,
            0
          ],
          [
            -99.25334,
            18.98242,
            0
          ],
          [
            -99.25343,
            18.98239,
            0
          ],
          [
            -99.25355,
            18.98234,
            0
          ],
          [
            -99.25358,
            18.98225,
            0
          ],
          [
            -99.25361,
            18.98214,
            0
          ],
          [
            -99.25368,
            18.98196,
            0
          ],
          [
            -99.25379,
            18.9817,
            0
          ],
          [
            -99.25383,
            18.98159,
            0
          ],
          [
            -99.25391,
            18.9814,
            0
          ],
          [
            -99.25405,
            18.98106,
            0
          ],
          [
            -99.25408,
            18.98103,
            0
          ],
          [
            -99.2541,
            18.981,
            0
          ],
          [
            -99.25426,
            18.98063,
            0
          ],
          [
            -99.25442,
            18.98028,
            0
          ],
          [
            -99.25449,
            18.98011,
            0
          ],
          [
            -99.25454,
            18.97996,
            0
          ],
          [
            -99.25457,
            18.97986,
            0
          ],
          [
            -99.25458,
            18.97978,
            0
          ],
          [
            -99.25458,
            18.97967,
            0
          ],
          [
            -99.25458,
            18.97962,
            0
          ],
          [
            -99.25457,
            18.97956,
            0
          ],
          [
            -99.25454,
            18.97948,
            0
          ],
          [
            -99.2545,
            18.97942,
            0
          ],
          [
            -99.25444,
            18.97933,
            0
          ],
          [
            -99.25432,
            18.97919,
            0
          ],
          [
            -99.25421,
            18.97908,
            0
          ],
          [
            -99.25379,
            18.97871,
            0
          ],
          [
            -99.25368,
            18.97861,
            0
          ],
          [
            -99.2536,
            18.97853,
            0
          ],
          [
            -99.25353,
            18.97843,
            0
          ],
          [
            -99.25348,
            18.97836,
            0
          ],
          [
            -99.25342,
            18.97825,
            0
          ],
          [
            -99.25337,
            18.97812,
            0
          ],
          [
            -99.25335,
            18.97802,
            0
          ],
          [
            -99.25334,
            18.97794,
            0
          ],
          [
            -99.25337,
            18.9776,
            0
          ],
          [
            -99.25338,
            18.9774,
            0
          ],
          [
            -99.25338,
            18.97734,
            0
          ],
          [
            -99.25338,
            18.97728,
            0
          ],
          [
            -99.25338,
            18.97718,
            0
          ],
          [
            -99.25338,
            18.97704,
            0
          ],
          [
            -99.25338,
            18.97697,
            0
          ],
          [
            -99.25337,
            18.97688,
            0
          ],
          [
            -99.25336,
            18.97684,
            0
          ],
          [
            -99.25333,
            18.97676,
            0
          ],
          [
            -99.25332,
            18.97672,
            0
          ],
          [
            -99.2533,
            18.97668,
            0
          ],
          [
            -99.25327,
            18.97664,
            0
          ],
          [
            -99.25317,
            18.97655,
            0
          ],
          [
            -99.25312,
            18.97651,
            0
          ],
          [
            -99.25302,
            18.97644,
            0
          ],
          [
            -99.2527,
            18.97624,
            0
          ],
          [
            -99.25259,
            18.97617,
            0
          ],
          [
            -99.25251,
            18.97611,
            0
          ],
          [
            -99.25241,
            18.97602,
            0
          ],
          [
            -99.25237,
            18.97597,
            0
          ],
          [
            -99.25231,
            18.97588,
            0
          ],
          [
            -99.25228,
            18.97577,
            0
          ],
          [
            -99.25227,
            18.9757,
            0
          ],
          [
            -99.25226,
            18.97562,
            0
          ],
          [
            -99.25228,
            18.97547,
            0
          ],
          [
            -99.25233,
            18.97533,
            0
          ],
          [
            -99.25243,
            18.97505,
            0
          ],
          [
            -99.25247,
            18.97492,
            0
          ],
          [
            -99.25248,
            18.97482,
            0
          ],
          [
            -99.25248,
            18.97474,
            0
          ],
          [
            -99.25247,
            18.97466,
            0
          ],
          [
            -99.25244,
            18.97459,
            0
          ],
          [
            -99.25239,
            18.97452,
            0
          ],
          [
            -99.25236,
            18.97447,
            0
          ],
          [
            -99.25234,
            18.97444,
            0
          ],
          [
            -99.2521,
            18.97421,
            0
          ],
          [
            -99.25202,
            18.97413,
            0
          ],
          [
            -99.25195,
            18.97405,
            0
          ],
          [
            -99.25188,
            18.97395,
            0
          ],
          [
            -99.25183,
            18.9738,
            0
          ],
          [
            -99.25182,
            18.97374,
            0
          ],
          [
            -99.25183,
            18.97368,
            0
          ],
          [
            -99.25183,
            18.97348,
            0
          ],
          [
            -99.25187,
            18.97329,
            0
          ],
          [
            -99.2519,
            18.97317,
            0
          ],
          [
            -99.25192,
            18.97305,
            0
          ],
          [
            -99.25197,
            18.97284,
            0
          ],
          [
            -99.25198,
            18.97266,
            0
          ],
          [
            -99.25198,
            18.97254,
            0
          ],
          [
            -99.25196,
            18.97247,
            0
          ],
          [
            -99.25193,
            18.97236,
            0
          ],
          [
            -99.25189,
            18.97229,
            0
          ],
          [
            -99.25184,
            18.97223,
            0
          ],
          [
            -99.2518,
            18.97219,
            0
          ],
          [
            -99.25162,
            18.97206,
            0
          ],
          [
            -99.25082,
            18.97156,
            0
          ],
          [
            -99.25069,
            18.97148,
            0
          ],
          [
            -99.25017,
            18.97116,
            0
          ],
          [
            -99.24975,
            18.9709,
            0
          ],
          [
            -99.24962,
            18.97082,
            0
          ],
          [
            -99.24944,
            18.9707,
            0
          ],
          [
            -99.24925,
            18.97055,
            0
          ],
          [
            -99.24908,
            18.97041,
            0
          ],
          [
            -99.24893,
            18.97023,
            0
          ],
          [
            -99.2488,
            18.97005,
            0
          ],
          [
            -99.24874,
            18.96997,
            0
          ],
          [
            -99.24865,
            18.96984,
            0
          ],
          [
            -99.24849,
            18.96959,
            0
          ],
          [
            -99.24841,
            18.96946,
            0
          ],
          [
            -99.24831,
            18.96925,
            0
          ],
          [
            -99.24799,
            18.96862,
            0
          ],
          [
            -99.24791,
            18.96847,
            0
          ],
          [
            -99.24785,
            18.96832,
            0
          ],
          [
            -99.2478,
            18.96821,
            0
          ],
          [
            -99.24777,
            18.96814,
            0
          ],
          [
            -99.24771,
            18.96799,
            0
          ],
          [
            -99.24759,
            18.96767,
            0
          ],
          [
            -99.24755,
            18.96757,
            0
          ],
          [
            -99.24752,
            18.96751,
            0
          ],
          [
            -99.24751,
            18.96747,
            0
          ],
          [
            -99.24751,
            18.96744,
            0
          ],
          [
            -99.24751,
            18.96742,
            0
          ],
          [
            -99.24749,
            18.96733,
            0
          ],
          [
            -99.24745,
            18.96718,
            0
          ],
          [
            -99.24746,
            18.96713,
            0
          ],
          [
            -99.24746,
            18.9671,
            0
          ],
          [
            -99.24745,
            18.96707,
            0
          ],
          [
            -99.24744,
            18.96702,
            0
          ],
          [
            -99.24738,
            18.96681,
            0
          ],
          [
            -99.24723,
            18.96629,
            0
          ],
          [
            -99.24714,
            18.96595,
            0
          ],
          [
            -99.24705,
            18.96569,
            0
          ],
          [
            -99.24704,
            18.96565,
            0
          ],
          [
            -99.24702,
            18.96556,
            0
          ],
          [
            -99.247,
            18.96549,
            0
          ],
          [
            -99.24695,
            18.96535,
            0
          ],
          [
            -99.24696,
            18.96534,
            0
          ],
          [
            -99.24697,
            18.96533,
            0
          ],
          [
            -99.24698,
            18.96532,
            0
          ],
          [
            -99.24698,
            18.96531,
            0
          ],
          [
            -99.24698,
            18.96529,
            0
          ],
          [
            -99.24699,
            18.96528,
            0
          ],
          [
            -99.24699,
            18.96527,
            0
          ],
          [
            -99.24699,
            18.96526,
            0
          ],
          [
            -99.24699,
            18.96525,
            0
          ],
          [
            -99.24699,
            18.96524,
            0
          ],
          [
            -99.24699,
            18.96523,
            0
          ],
          [
            -99.24699,
            18.96522,
            0
          ],
          [
            -99.24699,
            18.96521,
            0
          ],
          [
            -99.24698,
            18.9652,
            0
          ],
          [
            -99.24698,
            18.96519,
            0
          ],
          [
            -99.24697,
            18.96518,
            0
          ],
          [
            -99.24697,
            18.96517,
            0
          ],
          [
            -99.24697,
            18.96516,
            0
          ],
          [
            -99.24696,
            18.96515,
            0
          ],
          [
            -99.24695,
            18.96515,
            0
          ],
          [
            -99.24695,
            18.96514,
            0
          ],
          [
            -99.24694,
            18.96513,
            0
          ],
          [
            -99.24693,
            18.96512,
            0
          ],
          [
            -99.24692,
            18.96512,
            0
          ],
          [
            -99.24691,
            18.96511,
            0
          ],
          [
            -99.2469,
            18.9651,
            0
          ],
          [
            -99.24689,
            18.9651,
            0
          ],
          [
            -99.24688,
            18.96509,
            0
          ],
          [
            -99.24687,
            18.96509,
            0
          ],
          [
            -99.24689,
            18.96506,
            0
          ],
          [
            -99.2469,
            18.96504,
            0
          ],
          [
            -99.24691,
            18.96502,
            0
          ],
          [
            -99.24691,
            18.965,
            0
          ],
          [
            -99.24692,
            18.96499,
            0
          ],
          [
            -99.24692,
            18.96497,
            0
          ],
          [
            -99.24692,
            18.96496,
            0
          ],
          [
            -99.24692,
            18.96495,
            0
          ],
          [
            -99.24691,
            18.96492,
            0
          ],
          [
            -99.24687,
            18.96472,
            0
          ],
          [
            -99.24677,
            18.9641,
            0
          ],
          [
            -99.24667,
            18.96338,
            0
          ],
          [
            -99.24665,
            18.96323,
            0
          ],
          [
            -99.24662,
            18.9631,
            0
          ],
          [
            -99.2466,
            18.96297,
            0
          ],
          [
            -99.24642,
            18.96187,
            0
          ],
          [
            -99.2464,
            18.96173,
            0
          ],
          [
            -99.24639,
            18.96164,
            0
          ],
          [
            -99.24638,
            18.96161,
            0
          ],
          [
            -99.24635,
            18.96142,
            0
          ],
          [
            -99.24631,
            18.96118,
            0
          ],
          [
            -99.24623,
            18.96066,
            0
          ],
          [
            -99.24617,
            18.96024,
            0
          ],
          [
            -99.24601,
            18.95906,
            0
          ],
          [
            -99.246,
            18.95899,
            0
          ],
          [
            -99.24593,
            18.9586,
            0
          ],
          [
            -99.24583,
            18.95784,
            0
          ],
          [
            -99.24579,
            18.95755,
            0
          ],
          [
            -99.24564,
            18.95653,
            0
          ],
          [
            -99.24564,
            18.9565,
            0
          ],
          [
            -99.24563,
            18.9564,
            0
          ],
          [
            -99.24561,
            18.95628,
            0
          ],
          [
            -99.24558,
            18.95597,
            0
          ],
          [
            -99.24542,
            18.95492,
            0
          ],
          [
            -99.24539,
            18.95462,
            0
          ],
          [
            -99.24528,
            18.95384,
            0
          ],
          [
            -99.24519,
            18.95324,
            0
          ],
          [
            -99.24512,
            18.95273,
            0
          ],
          [
            -99.24509,
            18.95249,
            0
          ],
          [
            -99.24507,
            18.95235,
            0
          ],
          [
            -99.24506,
            18.95228,
            0
          ],
          [
            -99.24492,
            18.95131,
            0
          ],
          [
            -99.24486,
            18.95075,
            0
          ],
          [
            -99.24479,
            18.95026,
            0
          ],
          [
            -99.2448,
            18.95025,
            0
          ],
          [
            -99.24481,
            18.95025,
            0
          ],
          [
            -99.24482,
            18.95024,
            0
          ],
          [
            -99.24482,
            18.95023,
            0
          ],
          [
            -99.24483,
            18.95023,
            0
          ],
          [
            -99.24483,
            18.95022,
            0
          ],
          [
            -99.24484,
            18.95021,
            0
          ],
          [
            -99.24484,
            18.9502,
            0
          ],
          [
            -99.24484,
            18.95019,
            0
          ],
          [
            -99.24485,
            18.95019,
            0
          ],
          [
            -99.24485,
            18.95018,
            0
          ],
          [
            -99.24485,
            18.95017,
            0
          ],
          [
            -99.24485,
            18.95016,
            0
          ],
          [
            -99.24485,
            18.95015,
            0
          ],
          [
            -99.24485,
            18.95014,
            0
          ],
          [
            -99.24485,
            18.95013,
            0
          ],
          [
            -99.24484,
            18.95013,
            0
          ],
          [
            -99.24484,
            18.95012,
            0
          ],
          [
            -99.24484,
            18.95011,
            0
          ],
          [
            -99.24483,
            18.9501,
            0
          ],
          [
            -99.24483,
            18.95009,
            0
          ],
          [
            -99.24482,
            18.95009,
            0
          ],
          [
            -99.24482,
            18.95008,
            0
          ],
          [
            -99.24481,
            18.95007,
            0
          ],
          [
            -99.2448,
            18.95007,
            0
          ],
          [
            -99.2448,
            18.95006,
            0
          ],
          [
            -99.24479,
            18.95006,
            0
          ],
          [
            -99.24478,
            18.95006,
            0
          ],
          [
            -99.24478,
            18.95005,
            0
          ],
          [
            -99.24477,
            18.95005,
            0
          ],
          [
            -99.24476,
            18.95005,
            0
          ],
          [
            -99.24475,
            18.95004,
            0
          ],
          [
            -99.24474,
            18.95004,
            0
          ],
          [
            -99.24473,
            18.9499,
            0
          ],
          [
            -99.24462,
            18.94946,
            0
          ],
          [
            -99.24454,
            18.94909,
            0
          ],
          [
            -99.24408,
            18.94764,
            0
          ],
          [
            -99.24404,
            18.9475,
            0
          ],
          [
            -99.24392,
            18.94716,
            0
          ],
          [
            -99.24372,
            18.94663,
            0
          ],
          [
            -99.24365,
            18.94644,
            0
          ],
          [
            -99.24357,
            18.94626,
            0
          ],
          [
            -99.24345,
            18.94589,
            0
          ],
          [
            -99.2431,
            18.94502,
            0
          ],
          [
            -99.24303,
            18.94483,
            0
          ],
          [
            -99.24283,
            18.94431,
            0
          ],
          [
            -99.24256,
            18.94366,
            0
          ],
          [
            -99.24242,
            18.94339,
            0
          ],
          [
            -99.24233,
            18.94324,
            0
          ],
          [
            -99.24223,
            18.94305,
            0
          ],
          [
            -99.2421,
            18.9428,
            0
          ],
          [
            -99.24202,
            18.9426,
            0
          ],
          [
            -99.24193,
            18.94224,
            0
          ],
          [
            -99.24179,
            18.94168,
            0
          ],
          [
            -99.24172,
            18.9413,
            0
          ],
          [
            -99.24164,
            18.94093,
            0
          ],
          [
            -99.24153,
            18.94041,
            0
          ],
          [
            -99.24153,
            18.94031,
            0
          ],
          [
            -99.24152,
            18.94023,
            0
          ],
          [
            -99.24141,
            18.93961,
            0
          ],
          [
            -99.24137,
            18.93938,
            0
          ],
          [
            -99.24125,
            18.93895,
            0
          ],
          [
            -99.24112,
            18.93846,
            0
          ],
          [
            -99.24103,
            18.93817,
            0
          ],
          [
            -99.24096,
            18.93796,
            0
          ],
          [
            -99.24088,
            18.93767,
            0
          ],
          [
            -99.24077,
            18.9373,
            0
          ],
          [
            -99.24075,
            18.9372,
            0
          ],
          [
            -99.24071,
            18.93701,
            0
          ],
          [
            -99.24068,
            18.93678,
            0
          ],
          [
            -99.24065,
            18.93645,
            0
          ],
          [
            -99.24061,
            18.936,
            0
          ],
          [
            -99.24061,
            18.93564,
            0
          ],
          [
            -99.24061,
            18.93529,
            0
          ],
          [
            -99.24063,
            18.93475,
            0
          ],
          [
            -99.24065,
            18.93386,
            0
          ],
          [
            -99.24063,
            18.9332,
            0
          ],
          [
            -99.24061,
            18.93301,
            0
          ],
          [
            -99.24046,
            18.93265,
            0
          ],
          [
            -99.24027,
            18.93228,
            0
          ],
          [
            -99.24013,
            18.93199,
            0
          ],
          [
            -99.24008,
            18.93187,
            0
          ],
          [
            -99.24006,
            18.93179,
            0
          ],
          [
            -99.24005,
            18.93169,
            0
          ],
          [
            -99.24006,
            18.93156,
            0
          ],
          [
            -99.24013,
            18.93126,
            0
          ],
          [
            -99.24021,
            18.93068,
            0
          ],
          [
            -99.24021,
            18.93067,
            0
          ],
          [
            -99.24023,
            18.93036,
            0
          ],
          [
            -99.24025,
            18.92971,
            0
          ],
          [
            -99.24027,
            18.92956,
            0
          ],
          [
            -99.24029,
            18.92947,
            0
          ],
          [
            -99.24024,
            18.9293,
            0
          ],
          [
            -99.2402,
            18.9292,
            0
          ],
          [
            -99.24016,
            18.92913,
            0
          ],
          [
            -99.24013,
            18.9291,
            0
          ],
          [
            -99.24008,
            18.92906,
            0
          ],
          [
            -99.23997,
            18.92901,
            0
          ],
          [
            -99.23982,
            18.92896,
            0
          ],
          [
            -99.23965,
            18.92891,
            0
          ],
          [
            -99.23963,
            18.92891,
            0
          ],
          [
            -99.23926,
            18.92883,
            0
          ],
          [
            -99.23892,
            18.92878,
            0
          ],
          [
            -99.23858,
            18.92875,
            0
          ],
          [
            -99.23842,
            18.92882,
            0
          ],
          [
            -99.23836,
            18.92885,
            0
          ],
          [
            -99.23833,
            18.92886,
            0
          ],
          [
            -99.2383,
            18.92887,
            0
          ],
          [
            -99.23785,
            18.92892,
            0
          ],
          [
            -99.23783,
            18.92893,
            0
          ],
          [
            -99.2378,
            18.92894,
            0
          ],
          [
            -99.23778,
            18.92896,
            0
          ],
          [
            -99.23777,
            18.92899,
            0
          ],
          [
            -99.23776,
            18.92902,
            0
          ],
          [
            -99.23777,
            18.92904,
            0
          ],
          [
            -99.23778,
            18.92907,
            0
          ],
          [
            -99.2378,
            18.9291,
            0
          ],
          [
            -99.23784,
            18.92914,
            0
          ],
          [
            -99.2379,
            18.92917,
            0
          ],
          [
            -99.23801,
            18.92921,
            0
          ],
          [
            -99.23806,
            18.92924,
            0
          ],
          [
            -99.23808,
            18.92925,
            0
          ],
          [
            -99.23809,
            18.92927,
            0
          ],
          [
            -99.2381,
            18.92929,
            0
          ],
          [
            -99.2381,
            18.92931,
            0
          ],
          [
            -99.2381,
            18.92933,
            0
          ],
          [
            -99.2381,
            18.92935,
            0
          ],
          [
            -99.2381,
            18.92937,
            0
          ],
          [
            -99.23808,
            18.92939,
            0
          ],
          [
            -99.23805,
            18.92941,
            0
          ],
          [
            -99.23803,
            18.92942,
            0
          ],
          [
            -99.23799,
            18.92944,
            0
          ],
          [
            -99.23794,
            18.92946,
            0
          ],
          [
            -99.23785,
            18.92946,
            0
          ],
          [
            -99.23784,
            18.92936,
            0
          ],
          [
            -99.23783,
            18.92932,
            0
          ],
          [
            -99.23782,
            18.92927,
            0
          ],
          [
            -99.2378,
            18.92923,
            0
          ],
          [
            -99.23777,
            18.92921,
            0
          ],
          [
            -99.23749,
            18.92898,
            0
          ],
          [
            -99.23744,
            18.92893,
            0
          ],
          [
            -99.23741,
            18.9289,
            0
          ],
          [
            -99.23739,
            18.92887,
            0
          ],
          [
            -99.23738,
            18.92881,
            0
          ],
          [
            -99.23737,
            18.9287,
            0
          ],
          [
            -99.23732,
            18.92802,
            0
          ],
          [
            -99.23729,
            18.92748,
            0
          ],
          [
            -99.23724,
            18.92698,
            0
          ],
          [
            -99.23723,
            18.92696,
            0
          ],
          [
            -99.23722,
            18.92694,
            0
          ],
          [
            -99.2372,
            18.92692,
            0
          ],
          [
            -99.23635,
            18.92615,
            0
          ],
          [
            -99.23625,
            18.92604,
            0
          ],
          [
            -99.23606,
            18.92586,
            0
          ],
          [
            -99.236,
            18.92566,
            0
          ],
          [
            -99.23585,
            18.92511,
            0
          ],
          [
            -99.23574,
            18.92468,
            0
          ],
          [
            -99.23567,
            18.92422,
            0
          ],
          [
            -99.23566,
            18.92416,
            0
          ],
          [
            -99.23557,
            18.92384,
            0
          ],
          [
            -99.23547,
            18.92341,
            0
          ],
          [
            -99.23545,
            18.92328,
            0
          ],
          [
            -99.2354,
            18.92307,
            0
          ],
          [
            -99.23531,
            18.92274,
            0
          ],
          [
            -99.23531,
            18.92273,
            0
          ],
          [
            -99.23531,
            18.92271,
            0
          ],
          [
            -99.23531,
            18.92268,
            0
          ],
          [
            -99.23534,
            18.9226,
            0
          ],
          [
            -99.23533,
            18.92259,
            0
          ],
          [
            -99.23532,
            18.92258,
            0
          ],
          [
            -99.23526,
            18.92212,
            0
          ],
          [
            -99.23525,
            18.92203,
            0
          ],
          [
            -99.23516,
            18.92138,
            0
          ],
          [
            -99.23512,
            18.92113,
            0
          ],
          [
            -99.2351,
            18.92083,
            0
          ],
          [
            -99.23509,
            18.92033,
            0
          ],
          [
            -99.23508,
            18.91889,
            0
          ],
          [
            -99.23511,
            18.91889,
            0
          ],
          [
            -99.2351,
            18.91827,
            0
          ],
          [
            -99.2351,
            18.91809,
            0
          ],
          [
            -99.23509,
            18.91755,
            0
          ],
          [
            -99.23508,
            18.91732,
            0
          ],
          [
            -99.23508,
            18.91712,
            0
          ],
          [
            -99.23506,
            18.91655,
            0
          ],
          [
            -99.23504,
            18.9158,
            0
          ],
          [
            -99.23504,
            18.91577,
            0
          ],
          [
            -99.23496,
            18.91496,
            0
          ],
          [
            -99.23494,
            18.91472,
            0
          ],
          [
            -99.23488,
            18.91425,
            0
          ],
          [
            -99.23468,
            18.91353,
            0
          ],
          [
            -99.2346,
            18.91332,
            0
          ],
          [
            -99.23449,
            18.91311,
            0
          ],
          [
            -99.23434,
            18.9129,
            0
          ],
          [
            -99.23394,
            18.91223,
            0
          ],
          [
            -99.23381,
            18.912,
            0
          ],
          [
            -99.23356,
            18.91152,
            0
          ],
          [
            -99.23335,
            18.91105,
            0
          ],
          [
            -99.23313,
            18.91054,
            0
          ],
          [
            -99.23296,
            18.91009,
            0
          ],
          [
            -99.23284,
            18.90976,
            0
          ],
          [
            -99.23276,
            18.90955,
            0
          ],
          [
            -99.23263,
            18.90919,
            0
          ],
          [
            -99.23254,
            18.9089,
            0
          ],
          [
            -99.23249,
            18.90872,
            0
          ],
          [
            -99.23242,
            18.90853,
            0
          ],
          [
            -99.23236,
            18.90833,
            0
          ],
          [
            -99.23217,
            18.9076,
            0
          ],
          [
            -99.23214,
            18.90742,
            0
          ],
          [
            -99.23213,
            18.90729,
            0
          ],
          [
            -99.2321,
            18.90707,
            0
          ],
          [
            -99.23219,
            18.90703,
            0
          ],
          [
            -99.23208,
            18.90682,
            0
          ],
          [
            -99.23206,
            18.90672,
            0
          ],
          [
            -99.23204,
            18.90666,
            0
          ],
          [
            -99.23202,
            18.90657,
            0
          ],
          [
            -99.23197,
            18.90626,
            0
          ],
          [
            -99.23193,
            18.90601,
            0
          ],
          [
            -99.23192,
            18.90597,
            0
          ],
          [
            -99.23187,
            18.90573,
            0
          ],
          [
            -99.23177,
            18.90501,
            0
          ],
          [
            -99.23168,
            18.90438,
            0
          ],
          [
            -99.23163,
            18.90386,
            0
          ],
          [
            -99.23161,
            18.90364,
            0
          ],
          [
            -99.23158,
            18.90329,
            0
          ],
          [
            -99.23154,
            18.90289,
            0
          ],
          [
            -99.23147,
            18.90192,
            0
          ],
          [
            -99.23143,
            18.90147,
            0
          ],
          [
            -99.23141,
            18.90127,
            0
          ],
          [
            -99.23133,
            18.90094,
            0
          ],
          [
            -99.23119,
            18.90043,
            0
          ],
          [
            -99.23105,
            18.89993,
            0
          ],
          [
            -99.23088,
            18.89942,
            0
          ],
          [
            -99.23056,
            18.89847,
            0
          ],
          [
            -99.23033,
            18.89782,
            0
          ],
          [
            -99.23019,
            18.89751,
            0
          ],
          [
            -99.23008,
            18.89726,
            0
          ],
          [
            -99.23004,
            18.89718,
            0
          ],
          [
            -99.22983,
            18.89672,
            0
          ],
          [
            -99.22955,
            18.89614,
            0
          ],
          [
            -99.2294,
            18.89582,
            0
          ],
          [
            -99.22911,
            18.89519,
            0
          ],
          [
            -99.2291,
            18.89518,
            0
          ],
          [
            -99.22883,
            18.89459,
            0
          ],
          [
            -99.22866,
            18.89419,
            0
          ],
          [
            -99.22851,
            18.89385,
            0
          ],
          [
            -99.22847,
            18.89375,
            0
          ],
          [
            -99.22836,
            18.8935,
            0
          ],
          [
            -99.22836,
            18.89348,
            0
          ],
          [
            -99.22836,
            18.89345,
            0
          ],
          [
            -99.22835,
            18.89341,
            0
          ],
          [
            -99.22832,
            18.8933,
            0
          ],
          [
            -99.22832,
            18.89328,
            0
          ],
          [
            -99.22832,
            18.89325,
            0
          ],
          [
            -99.2283,
            18.89318,
            0
          ],
          [
            -99.22821,
            18.89297,
            0
          ],
          [
            -99.22818,
            18.89289,
            0
          ],
          [
            -99.22816,
            18.8928,
            0
          ],
          [
            -99.22806,
            18.89243,
            0
          ],
          [
            -99.22804,
            18.89234,
            0
          ],
          [
            -99.22803,
            18.89228,
            0
          ],
          [
            -99.22801,
            18.89216,
            0
          ],
          [
            -99.22797,
            18.89194,
            0
          ],
          [
            -99.22797,
            18.89192,
            0
          ],
          [
            -99.22796,
            18.89181,
            0
          ],
          [
            -99.22795,
            18.89168,
            0
          ],
          [
            -99.22796,
            18.89145,
            0
          ],
          [
            -99.22796,
            18.89142,
            0
          ],
          [
            -99.22798,
            18.89127,
            0
          ],
          [
            -99.22804,
            18.89099,
            0
          ],
          [
            -99.22803,
            18.89094,
            0
          ],
          [
            -99.22803,
            18.89091,
            0
          ],
          [
            -99.22803,
            18.89089,
            0
          ],
          [
            -99.22801,
            18.89081,
            0
          ],
          [
            -99.22808,
            18.89061,
            0
          ],
          [
            -99.22813,
            18.89048,
            0
          ],
          [
            -99.22825,
            18.89013,
            0
          ],
          [
            -99.22834,
            18.88994,
            0
          ],
          [
            -99.22843,
            18.88976,
            0
          ],
          [
            -99.22852,
            18.8896,
            0
          ],
          [
            -99.22855,
            18.88955,
            0
          ],
          [
            -99.22862,
            18.88941,
            0
          ],
          [
            -99.2288,
            18.88893,
            0
          ],
          [
            -99.22895,
            18.88854,
            0
          ],
          [
            -99.229,
            18.88843,
            0
          ],
          [
            -99.2291,
            18.88818,
            0
          ],
          [
            -99.22923,
            18.88787,
            0
          ],
          [
            -99.22929,
            18.8877,
            0
          ],
          [
            -99.22936,
            18.88752,
            0
          ],
          [
            -99.22943,
            18.88737,
            0
          ],
          [
            -99.22951,
            18.88714,
            0
          ],
          [
            -99.22961,
            18.88689,
            0
          ],
          [
            -99.22966,
            18.88675,
            0
          ],
          [
            -99.22968,
            18.88662,
            0
          ],
          [
            -99.22968,
            18.88661,
            0
          ],
          [
            -99.22968,
            18.8866,
            0
          ],
          [
            -99.22975,
            18.88644,
            0
          ],
          [
            -99.22983,
            18.88627,
            0
          ],
          [
            -99.22989,
            18.88614,
            0
          ],
          [
            -99.23,
            18.88588,
            0
          ],
          [
            -99.23006,
            18.88571,
            0
          ],
          [
            -99.23014,
            18.88545,
            0
          ],
          [
            -99.23017,
            18.88529,
            0
          ],
          [
            -99.23019,
            18.88516,
            0
          ],
          [
            -99.23021,
            18.88489,
            0
          ],
          [
            -99.23022,
            18.88478,
            0
          ],
          [
            -99.23021,
            18.8847,
            0
          ],
          [
            -99.23016,
            18.88432,
            0
          ],
          [
            -99.23006,
            18.88386,
            0
          ],
          [
            -99.22993,
            18.88309,
            0
          ],
          [
            -99.22987,
            18.88267,
            0
          ],
          [
            -99.22984,
            18.88242,
            0
          ],
          [
            -99.22982,
            18.88222,
            0
          ],
          [
            -99.22983,
            18.88205,
            0
          ],
          [
            -99.22983,
            18.88193,
            0
          ],
          [
            -99.22985,
            18.88173,
            0
          ],
          [
            -99.22987,
            18.88135,
            0
          ],
          [
            -99.22987,
            18.88117,
            0
          ],
          [
            -99.22986,
            18.88105,
            0
          ],
          [
            -99.22985,
            18.88085,
            0
          ],
          [
            -99.22983,
            18.88062,
            0
          ],
          [
            -99.22981,
            18.88045,
            0
          ],
          [
            -99.22978,
            18.88017,
            0
          ],
          [
            -99.22975,
            18.88003,
            0
          ],
          [
            -99.22971,
            18.87984,
            0
          ],
          [
            -99.22963,
            18.87965,
            0
          ],
          [
            -99.2296,
            18.87958,
            0
          ],
          [
            -99.22946,
            18.87917,
            0
          ],
          [
            -99.22927,
            18.87863,
            0
          ],
          [
            -99.22915,
            18.87827,
            0
          ],
          [
            -99.22912,
            18.87815,
            0
          ],
          [
            -99.2291,
            18.87807,
            0
          ],
          [
            -99.22908,
            18.87794,
            0
          ],
          [
            -99.22908,
            18.87791,
            0
          ],
          [
            -99.22907,
            18.87785,
            0
          ],
          [
            -99.22907,
            18.87782,
            0
          ],
          [
            -99.22906,
            18.87769,
            0
          ],
          [
            -99.22906,
            18.8774,
            0
          ],
          [
            -99.22906,
            18.87727,
            0
          ],
          [
            -99.22904,
            18.87717,
            0
          ],
          [
            -99.229,
            18.87706,
            0
          ],
          [
            -99.22898,
            18.87701,
            0
          ],
          [
            -99.22891,
            18.87686,
            0
          ],
          [
            -99.22888,
            18.8768,
            0
          ],
          [
            -99.22881,
            18.87672,
            0
          ],
          [
            -99.22869,
            18.8766,
            0
          ],
          [
            -99.22822,
            18.87608,
            0
          ],
          [
            -99.22803,
            18.87579,
            0
          ],
          [
            -99.22776,
            18.87544,
            0
          ],
          [
            -99.22754,
            18.87511,
            0
          ],
          [
            -99.22742,
            18.87491,
            0
          ],
          [
            -99.2274,
            18.87487,
            0
          ],
          [
            -99.22736,
            18.87478,
            0
          ],
          [
            -99.22732,
            18.87468,
            0
          ],
          [
            -99.22731,
            18.87461,
            0
          ],
          [
            -99.2273,
            18.87455,
            0
          ],
          [
            -99.22726,
            18.87429,
            0
          ],
          [
            -99.22724,
            18.87407,
            0
          ],
          [
            -99.22721,
            18.8739,
            0
          ],
          [
            -99.2272,
            18.87385,
            0
          ],
          [
            -99.22717,
            18.8738,
            0
          ],
          [
            -99.22712,
            18.87371,
            0
          ],
          [
            -99.22707,
            18.87362,
            0
          ],
          [
            -99.22702,
            18.87357,
            0
          ],
          [
            -99.22694,
            18.8735,
            0
          ],
          [
            -99.22679,
            18.87334,
            0
          ],
          [
            -99.22673,
            18.87327,
            0
          ],
          [
            -99.22667,
            18.87319,
            0
          ],
          [
            -99.22662,
            18.87306,
            0
          ],
          [
            -99.22656,
            18.8729,
            0
          ],
          [
            -99.22654,
            18.87275,
            0
          ],
          [
            -99.22648,
            18.87252,
            0
          ],
          [
            -99.22646,
            18.87239,
            0
          ],
          [
            -99.22645,
            18.8723,
            0
          ],
          [
            -99.22644,
            18.87218,
            0
          ],
          [
            -99.22646,
            18.87209,
            0
          ],
          [
            -99.22648,
            18.87198,
            0
          ],
          [
            -99.2265,
            18.8719,
            0
          ],
          [
            -99.22653,
            18.87181,
            0
          ],
          [
            -99.2266,
            18.87161,
            0
          ],
          [
            -99.22664,
            18.87153,
            0
          ],
          [
            -99.22674,
            18.8713,
            0
          ],
          [
            -99.22678,
            18.87122,
            0
          ],
          [
            -99.22683,
            18.87111,
            0
          ],
          [
            -99.22684,
            18.87108,
            0
          ],
          [
            -99.22687,
            18.871,
            0
          ],
          [
            -99.22688,
            18.87094,
            0
          ],
          [
            -99.22689,
            18.87086,
            0
          ],
          [
            -99.2269,
            18.87078,
            0
          ],
          [
            -99.2269,
            18.87075,
            0
          ],
          [
            -99.2269,
            18.87071,
            0
          ],
          [
            -99.22689,
            18.87067,
            0
          ],
          [
            -99.22688,
            18.87064,
            0
          ],
          [
            -99.22685,
            18.87056,
            0
          ],
          [
            -99.22684,
            18.87051,
            0
          ],
          [
            -99.22682,
            18.87048,
            0
          ],
          [
            -99.22676,
            18.8704,
            0
          ],
          [
            -99.22633,
            18.86994,
            0
          ],
          [
            -99.22627,
            18.86986,
            0
          ],
          [
            -99.22624,
            18.86982,
            0
          ],
          [
            -99.22618,
            18.86953,
            0
          ],
          [
            -99.2262,
            18.86947,
            0
          ],
          [
            -99.22622,
            18.86939,
            0
          ],
          [
            -99.22625,
            18.86933,
            0
          ],
          [
            -99.22635,
            18.86917,
            0
          ],
          [
            -99.22639,
            18.86916,
            0
          ],
          [
            -99.22641,
            18.86914,
            0
          ],
          [
            -99.22644,
            18.86912,
            0
          ],
          [
            -99.22647,
            18.86909,
            0
          ],
          [
            -99.22649,
            18.86906,
            0
          ],
          [
            -99.22654,
            18.86901,
            0
          ],
          [
            -99.22659,
            18.86895,
            0
          ],
          [
            -99.22674,
            18.8691,
            0
          ],
          [
            -99.22678,
            18.86915,
            0
          ],
          [
            -99.22682,
            18.86919,
            0
          ],
          [
            -99.22691,
            18.86924,
            0
          ],
          [
            -99.22715,
            18.86937,
            0
          ],
          [
            -99.22727,
            18.86943,
            0
          ],
          [
            -99.22758,
            18.86959,
            0
          ],
          [
            -99.22774,
            18.86969,
            0
          ],
          [
            -99.22779,
            18.86972,
            0
          ],
          [
            -99.22784,
            18.86976,
            0
          ],
          [
            -99.22793,
            18.86983,
            0
          ],
          [
            -99.22795,
            18.86988,
            0
          ],
          [
            -99.22808,
            18.87006,
            0
          ],
          [
            -99.22811,
            18.87011,
            0
          ],
          [
            -99.22812,
            18.87013,
            0
          ],
          [
            -99.22814,
            18.87018,
            0
          ],
          [
            -99.22818,
            18.87026,
            0
          ],
          [
            -99.22819,
            18.87029,
            0
          ],
          [
            -99.22821,
            18.87037,
            0
          ],
          [
            -99.22823,
            18.87041,
            0
          ],
          [
            -99.22824,
            18.87047,
            0
          ],
          [
            -99.22824,
            18.87049,
            0
          ],
          [
            -99.22825,
            18.87055,
            0
          ],
          [
            -99.22826,
            18.87061,
            0
          ],
          [
            -99.22826,
            18.87064,
            0
          ],
          [
            -99.22826,
            18.87067,
            0
          ],
          [
            -99.22826,
            18.8707,
            0
          ],
          [
            -99.22823,
            18.87082,
            0
          ],
          [
            -99.22818,
            18.871,
            0
          ],
          [
            -99.22811,
            18.8713,
            0
          ],
          [
            -99.22794,
            18.87205,
            0
          ],
          [
            -99.22809,
            18.8721,
            0
          ],
          [
            -99.22811,
            18.8721,
            0
          ],
          [
            -99.22813,
            18.8721,
            0
          ],
          [
            -99.22816,
            18.8721,
            0
          ],
          [
            -99.22818,
            18.87209,
            0
          ],
          [
            -99.22821,
            18.87209,
            0
          ],
          [
            -99.22823,
            18.87208,
            0
          ],
          [
            -99.22824,
            18.87208,
            0
          ],
          [
            -99.22875,
            18.87185,
            0
          ],
          [
            -99.22905,
            18.87172,
            0
          ],
          [
            -99.22922,
            18.87164,
            0
          ],
          [
            -99.22948,
            18.87151,
            0
          ],
          [
            -99.22954,
            18.87149,
            0
          ],
          [
            -99.22955,
            18.87149,
            0
          ],
          [
            -99.22956,
            18.87148,
            0
          ],
          [
            -99.22957,
            18.87148,
            0
          ],
          [
            -99.22961,
            18.87148,
            0
          ],
          [
            -99.22965,
            18.87158,
            0
          ],
          [
            -99.22966,
            18.87161,
            0
          ],
          [
            -99.22966,
            18.87164,
            0
          ],
          [
            -99.22965,
            18.87169,
            0
          ],
          [
            -99.22963,
            18.87175,
            0
          ],
          [
            -99.22959,
            18.87189,
            0
          ],
          [
            -99.22956,
            18.87197,
            0
          ],
          [
            -99.22952,
            18.87206,
            0
          ],
          [
            -99.22951,
            18.8721,
            0
          ],
          [
            -99.22948,
            18.87218,
            0
          ],
          [
            -99.22948,
            18.87219,
            0
          ],
          [
            -99.22948,
            18.8722,
            0
          ],
          [
            -99.22948,
            18.87221,
            0
          ],
          [
            -99.22949,
            18.87221,
            0
          ],
          [
            -99.22951,
            18.87224,
            0
          ],
          [
            -99.22955,
            18.87227,
            0
          ],
          [
            -99.22965,
            18.87234,
            0
          ],
          [
            -99.23032,
            18.87268,
            0
          ],
          [
            -99.23042,
            18.87274,
            0
          ],
          [
            -99.23043,
            18.87274,
            0
          ],
          [
            -99.23044,
            18.87274,
            0
          ],
          [
            -99.23066,
            18.87269,
            0
          ],
          [
            -99.23114,
            18.87256,
            0
          ],
          [
            -99.23158,
            18.87243,
            0
          ],
          [
            -99.23194,
            18.87337,
            0
          ],
          [
            -99.2321,
            18.87384,
            0
          ],
          [
            -99.23222,
            18.87422,
            0
          ],
          [
            -99.23234,
            18.87451,
            0
          ],
          [
            -99.23235,
            18.87454,
            0
          ],
          [
            -99.2325,
            18.8752,
            0
          ],
          [
            -99.23306,
            18.87627,
            0
          ],
          [
            -99.23326,
            18.87666,
            0
          ],
          [
            -99.23353,
            18.8771,
            0
          ],
          [
            -99.2338,
            18.87762,
            0
          ],
          [
            -99.23384,
            18.87768,
            0
          ],
          [
            -99.23387,
            18.87773,
            0
          ],
          [
            -99.23392,
            18.87773,
            0
          ],
          [
            -99.23395,
            18.87773,
            0
          ],
          [
            -99.23401,
            18.87774,
            0
          ],
          [
            -99.23406,
            18.87775,
            0
          ],
          [
            -99.23411,
            18.87776,
            0
          ],
          [
            -99.23426,
            18.87781,
            0
          ],
          [
            -99.23443,
            18.87787,
            0
          ],
          [
            -99.23455,
            18.87792,
            0
          ],
          [
            -99.23487,
            18.87803,
            0
          ],
          [
            -99.23518,
            18.87816,
            0
          ],
          [
            -99.23529,
            18.8782,
            0
          ],
          [
            -99.23599,
            18.87851,
            0
          ],
          [
            -99.23626,
            18.87868,
            0
          ],
          [
            -99.23639,
            18.87874,
            0
          ],
          [
            -99.23646,
            18.87878,
            0
          ],
          [
            -99.23651,
            18.87882,
            0
          ],
          [
            -99.23653,
            18.87884,
            0
          ],
          [
            -99.23654,
            18.87885,
            0
          ],
          [
            -99.23656,
            18.87889,
            0
          ],
          [
            -99.23688,
            18.87979,
            0
          ],
          [
            -99.23712,
            18.88045,
            0
          ],
          [
            -99.23716,
            18.88056,
            0
          ],
          [
            -99.23721,
            18.88072,
            0
          ],
          [
            -99.23745,
            18.88139,
            0
          ]
        ]
      },
      "properties": {
        "name": "1. ALTA PALMIRA-EJIDO-TEPUENTE-INDEPENDENCIA",
        "description": {
          "@type": "html",
          "value": "descripción: <br>OID: 181<br>ZONA: CENTRO<br>RUTA: RUTA 12<br>ITINERARIO: 1. ALTA PALMIRA-EJIDO-TEPUENTE-INDEPENDENCIA<br>DESCRIPCIO: INDEPENDENCIA-ALTA PALMIRA<br>AUTO-AMPL: ITINERARIO<br>DEFIN-PROV: DEFINITIVOS<br>DURACION: DEFINITIVA<br>FOLIO: SGG/DGT/SDP/000536/97"
        },
        "styleUrl": "#line-558B2F-1200",
        "stroke-opacity": 1,
        "stroke": "#558b2f",
        "stroke-width": 1.2,
        "descripción": "",
        "OID": "181",
        "ZONA": "CENTRO",
        "RUTA": "RUTA 12",
        "ITINERARIO": "1. ALTA PALMIRA-EJIDO-TEPUENTE-INDEPENDENCIA",
        "DESCRIPCIO": "INDEPENDENCIA-ALTA PALMIRA",
        "AUTO-AMPL": "ITINERARIO",
        "DEFIN-PROV": "DEFINITIVOS",
        "DURACION": "DEFINITIVA",
        "FOLIO": "SGG/DGT/SDP/000536/97"
      }
    },
    {
      "type": "Feature",
      "geometry": {
        "type": "LineString",
        "coordinates": [
          [
            -99.2251,
            18.8645,
            0
          ],
          [
            -99.22509,
            18.86448,
            0
          ],
          [
            -99.22507,
            18.86444,
            0
          ],
          [
            -99.22502,
            18.86439,
            0
          ],
          [
            -99.22495,
            18.86431,
            0
          ],
          [
            -99.22494,
            18.86429,
            0
          ],
          [
            -99.22484,
            18.86418,
            0
          ],
          [
            -99.22477,
            18.86409,
            0
          ],
          [
            -99.22473,
            18.86402,
            0
          ],
          [
            -99.22469,
            18.86395,
            0
          ],
          [
            -99.22467,
            18.8639,
            0
          ],
          [
            -99.22465,
            18.86386,
            0
          ],
          [
            -99.22465,
            18.86385,
            0
          ],
          [
            -99.22464,
            18.86377,
            0
          ],
          [
            -99.22464,
            18.8637,
            0
          ],
          [
            -99.22465,
            18.86365,
            0
          ],
          [
            -99.22466,
            18.86363,
            0
          ],
          [
            -99.22467,
            18.86361,
            0
          ],
          [
            -99.22468,
            18.86359,
            0
          ],
          [
            -99.2247,
            18.86358,
            0
          ],
          [
            -99.22472,
            18.86357,
            0
          ],
          [
            -99.22474,
            18.86357,
            0
          ],
          [
            -99.22475,
            18.86357,
            0
          ],
          [
            -99.22477,
            18.86357,
            0
          ],
          [
            -99.2249,
            18.86363,
            0
          ],
          [
            -99.225,
            18.8637,
            0
          ],
          [
            -99.22532,
            18.86389,
            0
          ],
          [
            -99.22565,
            18.86408,
            0
          ],
          [
            -99.2261,
            18.86437,
            0
          ],
          [
            -99.22643,
            18.86454,
            0
          ],
          [
            -99.2267,
            18.86471,
            0
          ],
          [
            -99.22672,
            18.86472,
            0
          ],
          [
            -99.22675,
            18.86474,
            0
          ],
          [
            -99.227,
            18.86476,
            0
          ],
          [
            -99.22719,
            18.86477,
            0
          ],
          [
            -99.22726,
            18.86478,
            0
          ],
          [
            -99.22724,
            18.86506,
            0
          ],
          [
            -99.22801,
            18.86555,
            0
          ],
          [
            -99.22844,
            18.86584,
            0
          ],
          [
            -99.22878,
            18.86603,
            0
          ],
          [
            -99.22876,
            18.86637,
            0
          ],
          [
            -99.22876,
            18.86638,
            0
          ],
          [
            -99.22876,
            18.86639,
            0
          ],
          [
            -99.22877,
            18.86644,
            0
          ],
          [
            -99.22879,
            18.86649,
            0
          ],
          [
            -99.2288,
            18.86652,
            0
          ],
          [
            -99.22899,
            18.86683,
            0
          ],
          [
            -99.22922,
            18.86719,
            0
          ],
          [
            -99.22934,
            18.86737,
            0
          ],
          [
            -99.22939,
            18.86749,
            0
          ],
          [
            -99.22949,
            18.86774,
            0
          ],
          [
            -99.22952,
            18.86783,
            0
          ],
          [
            -99.22961,
            18.86809,
            0
          ],
          [
            -99.22961,
            18.86811,
            0
          ],
          [
            -99.22966,
            18.86838,
            0
          ],
          [
            -99.22972,
            18.86872,
            0
          ],
          [
            -99.23011,
            18.86973,
            0
          ],
          [
            -99.23035,
            18.87036,
            0
          ],
          [
            -99.23047,
            18.87071,
            0
          ],
          [
            -99.2308,
            18.87163,
            0
          ],
          [
            -99.23086,
            18.8718,
            0
          ],
          [
            -99.23114,
            18.87256,
            0
          ],
          [
            -99.23158,
            18.87243,
            0
          ],
          [
            -99.23194,
            18.87337,
            0
          ],
          [
            -99.2321,
            18.87384,
            0
          ],
          [
            -99.23222,
            18.87422,
            0
          ],
          [
            -99.23234,
            18.87451,
            0
          ],
          [
            -99.23235,
            18.87454,
            0
          ],
          [
            -99.2325,
            18.8752,
            0
          ],
          [
            -99.23306,
            18.87627,
            0
          ],
          [
            -99.23326,
            18.87666,
            0
          ],
          [
            -99.23353,
            18.8771,
            0
          ],
          [
            -99.2338,
            18.87762,
            0
          ],
          [
            -99.23384,
            18.87768,
            0
          ],
          [
            -99.23387,
            18.87773,
            0
          ],
          [
            -99.23392,
            18.87773,
            0
          ],
          [
            -99.23395,
            18.87773,
            0
          ],
          [
            -99.23401,
            18.87774,
            0
          ],
          [
            -99.23406,
            18.87775,
            0
          ],
          [
            -99.23411,
            18.87776,
            0
          ],
          [
            -99.23424,
            18.8778,
            0
          ],
          [
            -99.23426,
            18.87781,
            0
          ],
          [
            -99.23443,
            18.87787,
            0
          ],
          [
            -99.23455,
            18.87792,
            0
          ],
          [
            -99.23487,
            18.87803,
            0
          ],
          [
            -99.23518,
            18.87816,
            0
          ],
          [
            -99.23529,
            18.8782,
            0
          ],
          [
            -99.23599,
            18.87851,
            0
          ],
          [
            -99.23626,
            18.87868,
            0
          ],
          [
            -99.23639,
            18.87874,
            0
          ],
          [
            -99.23646,
            18.87878,
            0
          ],
          [
            -99.23651,
            18.87882,
            0
          ],
          [
            -99.23653,
            18.87884,
            0
          ],
          [
            -99.23654,
            18.87885,
            0
          ],
          [
            -99.23656,
            18.87889,
            0
          ],
          [
            -99.23688,
            18.87979,
            0
          ],
          [
            -99.23712,
            18.88045,
            0
          ],
          [
            -99.23716,
            18.88056,
            0
          ],
          [
            -99.23721,
            18.88072,
            0
          ],
          [
            -99.2374,
            18.88127,
            0
          ]
        ]
      },
      "properties": {
        "name": "COL. LOS PRESIDENTES",
        "description": {
          "@type": "html",
          "value": "descripción: <br>OID: 1396<br>ZONA: CENTRO<br>RUTA: RUTA 12<br>ITINERARIO: AMPL. COL. LOS PRESIDENTES<br>DESCRIPCIO: COL. LOS PRESIDENTES<br>AUTO-AMPL: AMPLIACION<br>DEFIN-PROV: DEFINITIVOS<br>DURACION: DEFINITIVA<br>FOLIO: SG/DGT/SDP/0885/2001<br>SG/DGT/SDP/3641/IX/2012"
        },
        "styleUrl": "#line-E65100-1200",
        "stroke-opacity": 1,
        "stroke": "#e65100",
        "stroke-width": 1.2,
        "descripción": "",
        "OID": "1396",
        "ZONA": "CENTRO",
        "RUTA": "RUTA 12",
        "ITINERARIO": "AMPL. COL. LOS PRESIDENTES",
        "DESCRIPCIO": "COL. LOS PRESIDENTES",
        "AUTO-AMPL": "AMPLIACION",
        "DEFIN-PROV": "DEFINITIVOS",
        "DURACION": "DEFINITIVA",
        "FOLIO": "SG/DGT/SDP/0885/2001\nSG/DGT/SDP/3641/IX/2012"
      }
    }
  ]
}