{
  "type": "FeatureCollection",
  "features": [
    {
      "type": "Feature",
      "geometry": {
        "type": "LineString",
        "coordinates": [
          [
            -99.17659,
            18.91689,
            0
          ],
          [
            -99.17641,
            18.91703,
            0
          ],
          [
            -99.17632,
            18.91705,
            0
          ],
          [
            -99.17636,
            18.91711,
            0
          ],
          [
            -99.1764,
            18.91716,
            0
          ],
          [
            -99.17641,
            18.91756,
            0
          ],
          [
            -99.17643,
            18.91792,
            0
          ],
          [
            -99.17646,
            18.91905,
            0
          ],
          [
            -99.17648,
            18.91995,
            0
          ],
          [
            -99.17648,
            18.92001,
            0
          ],
          [
            -99.17653,
            18.92154,
            0
          ],
          [
            -99.17654,
            18.92209,
            0
          ],
          [
            -99.17657,
            18.92239,
            0
          ],
          [
            -99.1766,
            18.92251,
            0
          ],
          [
            -99.17665,
            18.92262,
            0
          ],
          [
            -99.17674,
            18.92279,
            0
          ],
          [
            -99.17693,
            18.92299,
            0
          ],
          [
            -99.1771,
            18.92314,
            0
          ],
          [
            -99.17724,
            18.92327,
            0
          ],
          [
            -99.17741,
            18.92339,
            0
          ],
          [
            -99.17751,
            18.92347,
            0
          ],
          [
            -99.17761,
            18.92353,
            0
          ],
          [
            -99.17798,
            18.92374,
            0
          ],
          [
            -99.17804,
            18.92378,
            0
          ],
          [
            -99.17806,
            18.9238,
            0
          ],
          [
            -99.17808,
            18.92382,
            0
          ],
          [
            -99.17809,
            18.92384,
            0
          ],
          [
            -99.17811,
            18.92386,
            0
          ],
          [
            -99.17812,
            18.92389,
            0
          ],
          [
            -99.17818,
            18.92426,
            0
          ],
          [
            -99.17818,
            18.92433,
            0
          ],
          [
            -99.17819,
            18.92438,
            0
          ],
          [
            -99.17821,
            18.92442,
            0
          ],
          [
            -99.17823,
            18.92448,
            0
          ],
          [
            -99.17842,
            18.92487,
            0
          ],
          [
            -99.17853,
            18.92504,
            0
          ],
          [
            -99.17894,
            18.92559,
            0
          ],
          [
            -99.17905,
            18.92574,
            0
          ],
          [
            -99.17932,
            18.92608,
            0
          ],
          [
            -99.17968,
            18.92658,
            0
          ],
          [
            -99.17979,
            18.92658,
            0
          ],
          [
            -99.17983,
            18.92739,
            0
          ],
          [
            -99.17985,
            18.92788,
            0
          ],
          [
            -99.17986,
            18.92821,
            0
          ],
          [
            -99.17988,
            18.92897,
            0
          ],
          [
            -99.17988,
            18.92967,
            0
          ],
          [
            -99.17986,
            18.92985,
            0
          ],
          [
            -99.17983,
            18.93037,
            0
          ],
          [
            -99.17975,
            18.93035,
            0
          ],
          [
            -99.17974,
            18.93045,
            0
          ],
          [
            -99.17974,
            18.93056,
            0
          ],
          [
            -99.17996,
            18.93195,
            0
          ],
          [
            -99.1801,
            18.93288,
            0
          ],
          [
            -99.18039,
            18.93296,
            0
          ],
          [
            -99.1806,
            18.93303,
            0
          ],
          [
            -99.18107,
            18.93317,
            0
          ],
          [
            -99.18155,
            18.93331,
            0
          ],
          [
            -99.18192,
            18.93342,
            0
          ],
          [
            -99.18191,
            18.93334,
            0
          ],
          [
            -99.18237,
            18.93337,
            0
          ],
          [
            -99.18284,
            18.93341,
            0
          ],
          [
            -99.18331,
            18.93344,
            0
          ],
          [
            -99.18377,
            18.93348,
            0
          ],
          [
            -99.18425,
            18.93352,
            0
          ],
          [
            -99.18468,
            18.93357,
            0
          ],
          [
            -99.18495,
            18.9336,
            0
          ],
          [
            -99.18506,
            18.93269,
            0
          ],
          [
            -99.18511,
            18.93237,
            0
          ],
          [
            -99.18511,
            18.93234,
            0
          ],
          [
            -99.18511,
            18.93233,
            0
          ],
          [
            -99.18511,
            18.9323,
            0
          ],
          [
            -99.18512,
            18.93229,
            0
          ],
          [
            -99.18513,
            18.93228,
            0
          ],
          [
            -99.18514,
            18.93226,
            0
          ],
          [
            -99.18517,
            18.93225,
            0
          ],
          [
            -99.18519,
            18.93225,
            0
          ],
          [
            -99.18524,
            18.93225,
            0
          ],
          [
            -99.18591,
            18.93227,
            0
          ],
          [
            -99.18591,
            18.93181,
            0
          ],
          [
            -99.1859,
            18.93137,
            0
          ],
          [
            -99.18685,
            18.93142,
            0
          ],
          [
            -99.18787,
            18.93148,
            0
          ],
          [
            -99.18787,
            18.93102,
            0
          ],
          [
            -99.18787,
            18.93056,
            0
          ],
          [
            -99.18788,
            18.93009,
            0
          ],
          [
            -99.18788,
            18.92962,
            0
          ],
          [
            -99.18787,
            18.92916,
            0
          ],
          [
            -99.18791,
            18.92883,
            0
          ],
          [
            -99.18794,
            18.92868,
            0
          ],
          [
            -99.18803,
            18.9282,
            0
          ],
          [
            -99.18815,
            18.92757,
            0
          ],
          [
            -99.18783,
            18.92751,
            0
          ],
          [
            -99.18782,
            18.92751,
            0
          ],
          [
            -99.18781,
            18.9275,
            0
          ],
          [
            -99.18781,
            18.92749,
            0
          ],
          [
            -99.18781,
            18.92748,
            0
          ],
          [
            -99.18781,
            18.92747,
            0
          ],
          [
            -99.18789,
            18.92686,
            0
          ],
          [
            -99.18801,
            18.92622,
            0
          ],
          [
            -99.18811,
            18.92569,
            0
          ],
          [
            -99.18813,
            18.92556,
            0
          ],
          [
            -99.18826,
            18.92494,
            0
          ],
          [
            -99.18835,
            18.92453,
            0
          ],
          [
            -99.1884,
            18.92428,
            0
          ],
          [
            -99.18841,
            18.92423,
            0
          ],
          [
            -99.18843,
            18.9241,
            0
          ],
          [
            -99.18859,
            18.92395,
            0
          ],
          [
            -99.1886,
            18.92395,
            0
          ],
          [
            -99.18861,
            18.92395,
            0
          ],
          [
            -99.18862,
            18.92395,
            0
          ],
          [
            -99.18863,
            18.92395,
            0
          ],
          [
            -99.18864,
            18.92395,
            0
          ],
          [
            -99.18865,
            18.92395,
            0
          ],
          [
            -99.18866,
            18.92395,
            0
          ],
          [
            -99.18867,
            18.92394,
            0
          ],
          [
            -99.18868,
            18.92394,
            0
          ],
          [
            -99.18869,
            18.92394,
            0
          ],
          [
            -99.18869,
            18.92393,
            0
          ],
          [
            -99.1887,
            18.92393,
            0
          ],
          [
            -99.1887,
            18.92392,
            0
          ],
          [
            -99.18871,
            18.92392,
            0
          ],
          [
            -99.18872,
            18.92391,
            0
          ],
          [
            -99.18873,
            18.9239,
            0
          ],
          [
            -99.18873,
            18.92389,
            0
          ],
          [
            -99.18874,
            18.92389,
            0
          ],
          [
            -99.18874,
            18.92388,
            0
          ],
          [
            -99.18874,
            18.92387,
            0
          ],
          [
            -99.18874,
            18.92386,
            0
          ],
          [
            -99.18874,
            18.92385,
            0
          ],
          [
            -99.18874,
            18.92384,
            0
          ],
          [
            -99.18874,
            18.92383,
            0
          ],
          [
            -99.18874,
            18.92382,
            0
          ],
          [
            -99.18874,
            18.92381,
            0
          ],
          [
            -99.18874,
            18.9238,
            0
          ],
          [
            -99.18873,
            18.9238,
            0
          ],
          [
            -99.18873,
            18.92379,
            0
          ],
          [
            -99.18873,
            18.92378,
            0
          ],
          [
            -99.18872,
            18.92378,
            0
          ],
          [
            -99.18872,
            18.92377,
            0
          ],
          [
            -99.18871,
            18.92377,
            0
          ],
          [
            -99.18871,
            18.92376,
            0
          ],
          [
            -99.1887,
            18.92376,
            0
          ],
          [
            -99.1887,
            18.92375,
            0
          ],
          [
            -99.18869,
            18.92375,
            0
          ],
          [
            -99.18869,
            18.92374,
            0
          ],
          [
            -99.18868,
            18.92374,
            0
          ],
          [
            -99.18867,
            18.92374,
            0
          ],
          [
            -99.18866,
            18.92373,
            0
          ],
          [
            -99.18865,
            18.92373,
            0
          ],
          [
            -99.18864,
            18.92373,
            0
          ],
          [
            -99.18863,
            18.92373,
            0
          ],
          [
            -99.18862,
            18.92373,
            0
          ],
          [
            -99.18861,
            18.92373,
            0
          ],
          [
            -99.1886,
            18.92373,
            0
          ],
          [
            -99.18859,
            18.92373,
            0
          ],
          [
            -99.18858,
            18.92373,
            0
          ],
          [
            -99.18858,
            18.92374,
            0
          ],
          [
            -99.18857,
            18.92374,
            0
          ],
          [
            -99.18856,
            18.92374,
            0
          ],
          [
            -99.18856,
            18.92375,
            0
          ],
          [
            -99.18855,
            18.92375,
            0
          ],
          [
            -99.18854,
            18.92376,
            0
          ],
          [
            -99.18853,
            18.92376,
            0
          ],
          [
            -99.18853,
            18.92377,
            0
          ],
          [
            -99.18852,
            18.92378,
            0
          ],
          [
            -99.18848,
            18.92376,
            0
          ],
          [
            -99.18841,
            18.92375,
            0
          ],
          [
            -99.18836,
            18.92375,
            0
          ],
          [
            -99.18833,
            18.92375,
            0
          ],
          [
            -99.18828,
            18.92375,
            0
          ],
          [
            -99.18756,
            18.92375,
            0
          ],
          [
            -99.18711,
            18.92373,
            0
          ],
          [
            -99.18654,
            18.92374,
            0
          ],
          [
            -99.18597,
            18.92374,
            0
          ],
          [
            -99.1855,
            18.92374,
            0
          ],
          [
            -99.18419,
            18.92375,
            0
          ],
          [
            -99.18381,
            18.92376,
            0
          ],
          [
            -99.18382,
            18.92336,
            0
          ],
          [
            -99.18381,
            18.92296,
            0
          ],
          [
            -99.18381,
            18.92261,
            0
          ],
          [
            -99.18381,
            18.92221,
            0
          ],
          [
            -99.18381,
            18.92185,
            0
          ],
          [
            -99.1838,
            18.92148,
            0
          ],
          [
            -99.1838,
            18.92112,
            0
          ],
          [
            -99.1838,
            18.92076,
            0
          ],
          [
            -99.18365,
            18.92078,
            0
          ],
          [
            -99.18319,
            18.92085,
            0
          ],
          [
            -99.18316,
            18.92031,
            0
          ],
          [
            -99.18317,
            18.91986,
            0
          ],
          [
            -99.18317,
            18.91966,
            0
          ],
          [
            -99.18315,
            18.91867,
            0
          ],
          [
            -99.18313,
            18.91766,
            0
          ],
          [
            -99.18359,
            18.9176,
            0
          ],
          [
            -99.18383,
            18.91758,
            0
          ],
          [
            -99.18406,
            18.91754,
            0
          ],
          [
            -99.18452,
            18.91748,
            0
          ],
          [
            -99.18496,
            18.91739,
            0
          ],
          [
            -99.18554,
            18.91726,
            0
          ],
          [
            -99.18557,
            18.91725,
            0
          ],
          [
            -99.18572,
            18.91716,
            0
          ],
          [
            -99.18584,
            18.91706,
            0
          ],
          [
            -99.18606,
            18.91687,
            0
          ],
          [
            -99.18637,
            18.91662,
            0
          ],
          [
            -99.18649,
            18.91672,
            0
          ],
          [
            -99.18657,
            18.91679,
            0
          ],
          [
            -99.18657,
            18.9168,
            0
          ],
          [
            -99.18675,
            18.91696,
            0
          ],
          [
            -99.18704,
            18.91721,
            0
          ],
          [
            -99.1873,
            18.91746,
            0
          ],
          [
            -99.18757,
            18.9177,
            0
          ],
          [
            -99.18805,
            18.91811,
            0
          ],
          [
            -99.18821,
            18.91823,
            0
          ],
          [
            -99.18838,
            18.91834,
            0
          ],
          [
            -99.18854,
            18.91841,
            0
          ],
          [
            -99.18896,
            18.91858,
            0
          ],
          [
            -99.19093,
            18.91918,
            0
          ],
          [
            -99.19185,
            18.91946,
            0
          ],
          [
            -99.19257,
            18.91968,
            0
          ],
          [
            -99.19346,
            18.91995,
            0
          ],
          [
            -99.19363,
            18.92,
            0
          ],
          [
            -99.19386,
            18.92004,
            0
          ],
          [
            -99.19397,
            18.92005,
            0
          ],
          [
            -99.19408,
            18.92005,
            0
          ],
          [
            -99.19422,
            18.92005,
            0
          ],
          [
            -99.19437,
            18.92002,
            0
          ],
          [
            -99.19451,
            18.91999,
            0
          ],
          [
            -99.19459,
            18.91997,
            0
          ],
          [
            -99.19477,
            18.91991,
            0
          ],
          [
            -99.1951,
            18.9198,
            0
          ],
          [
            -99.19532,
            18.91977,
            0
          ],
          [
            -99.19543,
            18.91976,
            0
          ],
          [
            -99.19558,
            18.91974,
            0
          ],
          [
            -99.19574,
            18.91973,
            0
          ],
          [
            -99.19586,
            18.91973,
            0
          ],
          [
            -99.19597,
            18.91974,
            0
          ],
          [
            -99.1961,
            18.91975,
            0
          ],
          [
            -99.19622,
            18.91977,
            0
          ],
          [
            -99.19636,
            18.91979,
            0
          ],
          [
            -99.19649,
            18.91981,
            0
          ],
          [
            -99.19689,
            18.91989,
            0
          ],
          [
            -99.19723,
            18.91996,
            0
          ],
          [
            -99.19725,
            18.91996,
            0
          ],
          [
            -99.19749,
            18.92001,
            0
          ],
          [
            -99.19771,
            18.92007,
            0
          ],
          [
            -99.19777,
            18.92009,
            0
          ],
          [
            -99.19778,
            18.9201,
            0
          ],
          [
            -99.19786,
            18.92012,
            0
          ],
          [
            -99.19787,
            18.92012,
            0
          ],
          [
            -99.19794,
            18.92015,
            0
          ],
          [
            -99.19809,
            18.92021,
            0
          ],
          [
            -99.19826,
            18.92029,
            0
          ],
          [
            -99.19866,
            18.92046,
            0
          ],
          [
            -99.19869,
            18.92047,
            0
          ],
          [
            -99.19873,
            18.92049,
            0
          ],
          [
            -99.19924,
            18.9207,
            0
          ],
          [
            -99.1994,
            18.92076,
            0
          ],
          [
            -99.19943,
            18.92077,
            0
          ],
          [
            -99.19948,
            18.92079,
            0
          ],
          [
            -99.19952,
            18.9208,
            0
          ],
          [
            -99.19955,
            18.92081,
            0
          ],
          [
            -99.19956,
            18.92082,
            0
          ],
          [
            -99.1998,
            18.92089,
            0
          ],
          [
            -99.19988,
            18.92092,
            0
          ],
          [
            -99.20009,
            18.92096,
            0
          ],
          [
            -99.20018,
            18.92098,
            0
          ],
          [
            -99.20037,
            18.921,
            0
          ],
          [
            -99.20045,
            18.921,
            0
          ],
          [
            -99.20051,
            18.92101,
            0
          ],
          [
            -99.2006,
            18.92102,
            0
          ],
          [
            -99.20086,
            18.92103,
            0
          ],
          [
            -99.20125,
            18.92103,
            0
          ],
          [
            -99.20141,
            18.92103,
            0
          ],
          [
            -99.20144,
            18.92103,
            0
          ],
          [
            -99.20159,
            18.92102,
            0
          ],
          [
            -99.20198,
            18.921,
            0
          ],
          [
            -99.20221,
            18.92099,
            0
          ],
          [
            -99.20241,
            18.92099,
            0
          ],
          [
            -99.20263,
            18.921,
            0
          ],
          [
            -99.20277,
            18.92101,
            0
          ],
          [
            -99.20293,
            18.92103,
            0
          ],
          [
            -99.20317,
            18.92109,
            0
          ],
          [
            -99.20336,
            18.92113,
            0
          ],
          [
            -99.20369,
            18.92122,
            0
          ],
          [
            -99.20387,
            18.92126,
            0
          ],
          [
            -99.20411,
            18.92134,
            0
          ],
          [
            -99.2044,
            18.92148,
            0
          ],
          [
            -99.20445,
            18.92152,
            0
          ],
          [
            -99.2047,
            18.92162,
            0
          ],
          [
            -99.20476,
            18.92165,
            0
          ],
          [
            -99.20483,
            18.92167,
            0
          ],
          [
            -99.20491,
            18.92169,
            0
          ],
          [
            -99.205,
            18.92171,
            0
          ],
          [
            -99.2051,
            18.92171,
            0
          ],
          [
            -99.20522,
            18.9217,
            0
          ],
          [
            -99.20529,
            18.92169,
            0
          ],
          [
            -99.20569,
            18.92168,
            0
          ],
          [
            -99.20612,
            18.92166,
            0
          ],
          [
            -99.20625,
            18.92166,
            0
          ],
          [
            -99.20636,
            18.92167,
            0
          ],
          [
            -99.20655,
            18.92169,
            0
          ],
          [
            -99.2069,
            18.92174,
            0
          ],
          [
            -99.20705,
            18.92176,
            0
          ],
          [
            -99.20714,
            18.92178,
            0
          ],
          [
            -99.20724,
            18.92181,
            0
          ],
          [
            -99.20739,
            18.92186,
            0
          ],
          [
            -99.20762,
            18.92196,
            0
          ],
          [
            -99.20774,
            18.92203,
            0
          ],
          [
            -99.20785,
            18.9221,
            0
          ],
          [
            -99.20798,
            18.92221,
            0
          ],
          [
            -99.20814,
            18.92234,
            0
          ],
          [
            -99.20836,
            18.92252,
            0
          ],
          [
            -99.20861,
            18.92273,
            0
          ],
          [
            -99.20873,
            18.92282,
            0
          ],
          [
            -99.20887,
            18.9229,
            0
          ],
          [
            -99.20899,
            18.92296,
            0
          ],
          [
            -99.20912,
            18.92302,
            0
          ],
          [
            -99.20925,
            18.92307,
            0
          ],
          [
            -99.20938,
            18.92312,
            0
          ],
          [
            -99.20972,
            18.92321,
            0
          ],
          [
            -99.20978,
            18.92323,
            0
          ],
          [
            -99.21013,
            18.92331,
            0
          ],
          [
            -99.21041,
            18.92334,
            0
          ],
          [
            -99.2108,
            18.92343,
            0
          ],
          [
            -99.21131,
            18.92357,
            0
          ],
          [
            -99.21157,
            18.92363,
            0
          ],
          [
            -99.2118,
            18.92368,
            0
          ],
          [
            -99.21211,
            18.92378,
            0
          ],
          [
            -99.21271,
            18.92392,
            0
          ],
          [
            -99.21318,
            18.92403,
            0
          ],
          [
            -99.21365,
            18.9241,
            0
          ],
          [
            -99.21399,
            18.92412,
            0
          ],
          [
            -99.2146,
            18.92413,
            0
          ],
          [
            -99.21462,
            18.92413,
            0
          ],
          [
            -99.21481,
            18.92413,
            0
          ],
          [
            -99.21499,
            18.92413,
            0
          ],
          [
            -99.2152,
            18.92413,
            0
          ],
          [
            -99.21592,
            18.92413,
            0
          ],
          [
            -99.21646,
            18.92413,
            0
          ],
          [
            -99.21656,
            18.92413,
            0
          ],
          [
            -99.21694,
            18.92414,
            0
          ],
          [
            -99.2176,
            18.92412,
            0
          ],
          [
            -99.21798,
            18.92411,
            0
          ],
          [
            -99.21861,
            18.9241,
            0
          ],
          [
            -99.21877,
            18.9241,
            0
          ],
          [
            -99.2201,
            18.92407,
            0
          ],
          [
            -99.22033,
            18.92408,
            0
          ],
          [
            -99.22076,
            18.92409,
            0
          ],
          [
            -99.22106,
            18.92413,
            0
          ],
          [
            -99.22153,
            18.92425,
            0
          ],
          [
            -99.22163,
            18.92428,
            0
          ],
          [
            -99.22251,
            18.92448,
            0
          ],
          [
            -99.22325,
            18.92465,
            0
          ],
          [
            -99.22336,
            18.92467,
            0
          ],
          [
            -99.22339,
            18.92468,
            0
          ],
          [
            -99.22416,
            18.92485,
            0
          ],
          [
            -99.22492,
            18.92502,
            0
          ],
          [
            -99.22544,
            18.92514,
            0
          ],
          [
            -99.22584,
            18.92523,
            0
          ],
          [
            -99.22611,
            18.92529,
            0
          ],
          [
            -99.22732,
            18.92557,
            0
          ],
          [
            -99.22769,
            18.92566,
            0
          ],
          [
            -99.22774,
            18.92567,
            0
          ],
          [
            -99.22793,
            18.92572,
            0
          ],
          [
            -99.2281,
            18.92578,
            0
          ],
          [
            -99.22824,
            18.92584,
            0
          ],
          [
            -99.22842,
            18.92594,
            0
          ],
          [
            -99.22864,
            18.92608,
            0
          ],
          [
            -99.22874,
            18.92616,
            0
          ],
          [
            -99.22878,
            18.92619,
            0
          ],
          [
            -99.22888,
            18.92628,
            0
          ],
          [
            -99.22908,
            18.92649,
            0
          ],
          [
            -99.22925,
            18.92669,
            0
          ],
          [
            -99.22934,
            18.92681,
            0
          ],
          [
            -99.22943,
            18.92698,
            0
          ],
          [
            -99.22951,
            18.92712,
            0
          ],
          [
            -99.22963,
            18.92741,
            0
          ],
          [
            -99.22981,
            18.92784,
            0
          ],
          [
            -99.22983,
            18.92792,
            0
          ],
          [
            -99.23006,
            18.92848,
            0
          ],
          [
            -99.23025,
            18.92895,
            0
          ],
          [
            -99.23043,
            18.92935,
            0
          ],
          [
            -99.23047,
            18.92947,
            0
          ],
          [
            -99.23055,
            18.9297,
            0
          ],
          [
            -99.23058,
            18.92977,
            0
          ],
          [
            -99.23063,
            18.93004,
            0
          ],
          [
            -99.23069,
            18.93031,
            0
          ],
          [
            -99.23069,
            18.93038,
            0
          ],
          [
            -99.23071,
            18.93047,
            0
          ],
          [
            -99.23072,
            18.93059,
            0
          ],
          [
            -99.23073,
            18.9307,
            0
          ],
          [
            -99.23066,
            18.93071,
            0
          ],
          [
            -99.23064,
            18.93071,
            0
          ],
          [
            -99.23058,
            18.93073,
            0
          ],
          [
            -99.23053,
            18.93075,
            0
          ],
          [
            -99.23041,
            18.93081,
            0
          ],
          [
            -99.23034,
            18.93085,
            0
          ],
          [
            -99.22971,
            18.93121,
            0
          ],
          [
            -99.22967,
            18.93123,
            0
          ],
          [
            -99.22962,
            18.93124,
            0
          ],
          [
            -99.22959,
            18.93126,
            0
          ],
          [
            -99.22949,
            18.93127,
            0
          ],
          [
            -99.22934,
            18.9313,
            0
          ],
          [
            -99.22916,
            18.93132,
            0
          ],
          [
            -99.22906,
            18.93134,
            0
          ],
          [
            -99.22902,
            18.93136,
            0
          ],
          [
            -99.22899,
            18.93139,
            0
          ],
          [
            -99.22893,
            18.9315,
            0
          ],
          [
            -99.22885,
            18.93171,
            0
          ],
          [
            -99.22876,
            18.93195,
            0
          ],
          [
            -99.22899,
            18.93208,
            0
          ],
          [
            -99.22934,
            18.93226,
            0
          ],
          [
            -99.22966,
            18.93207,
            0
          ],
          [
            -99.22979,
            18.93205,
            0
          ],
          [
            -99.22985,
            18.93207,
            0
          ],
          [
            -99.22986,
            18.93207,
            0
          ],
          [
            -99.22987,
            18.93207,
            0
          ],
          [
            -99.23028,
            18.93207,
            0
          ],
          [
            -99.23079,
            18.93208,
            0
          ],
          [
            -99.23089,
            18.93208,
            0
          ],
          [
            -99.231,
            18.93209,
            0
          ],
          [
            -99.23132,
            18.93211,
            0
          ],
          [
            -99.23136,
            18.93211,
            0
          ],
          [
            -99.2315,
            18.93212,
            0
          ],
          [
            -99.23172,
            18.93213,
            0
          ],
          [
            -99.23173,
            18.93213,
            0
          ],
          [
            -99.23175,
            18.93212,
            0
          ],
          [
            -99.23177,
            18.93212,
            0
          ],
          [
            -99.23182,
            18.9321,
            0
          ],
          [
            -99.23196,
            18.9321,
            0
          ],
          [
            -99.23204,
            18.93209,
            0
          ],
          [
            -99.23228,
            18.93204,
            0
          ],
          [
            -99.23236,
            18.93204,
            0
          ],
          [
            -99.23255,
            18.93205,
            0
          ],
          [
            -99.23263,
            18.93205,
            0
          ],
          [
            -99.23288,
            18.93206,
            0
          ],
          [
            -99.23295,
            18.93208,
            0
          ],
          [
            -99.23303,
            18.93209,
            0
          ],
          [
            -99.2331,
            18.93212,
            0
          ],
          [
            -99.23328,
            18.93221,
            0
          ],
          [
            -99.23337,
            18.93227,
            0
          ],
          [
            -99.23347,
            18.93235,
            0
          ],
          [
            -99.23366,
            18.93257,
            0
          ],
          [
            -99.23377,
            18.93285,
            0
          ],
          [
            -99.2338,
            18.93294,
            0
          ],
          [
            -99.23384,
            18.93306,
            0
          ],
          [
            -99.23391,
            18.93325,
            0
          ],
          [
            -99.23394,
            18.93332,
            0
          ],
          [
            -99.23402,
            18.93344,
            0
          ],
          [
            -99.23409,
            18.93353,
            0
          ],
          [
            -99.23415,
            18.9336,
            0
          ],
          [
            -99.23434,
            18.93377,
            0
          ],
          [
            -99.23478,
            18.93413,
            0
          ],
          [
            -99.23498,
            18.9343,
            0
          ],
          [
            -99.23452,
            18.93487,
            0
          ],
          [
            -99.23451,
            18.93489,
            0
          ],
          [
            -99.23424,
            18.93522,
            0
          ],
          [
            -99.23421,
            18.93525,
            0
          ],
          [
            -99.23395,
            18.93557,
            0
          ],
          [
            -99.23384,
            18.93572,
            0
          ],
          [
            -99.23377,
            18.93584,
            0
          ],
          [
            -99.23375,
            18.93589,
            0
          ],
          [
            -99.23373,
            18.93601,
            0
          ],
          [
            -99.23372,
            18.93606,
            0
          ],
          [
            -99.23373,
            18.93618,
            0
          ],
          [
            -99.23378,
            18.93641,
            0
          ],
          [
            -99.23385,
            18.93663,
            0
          ],
          [
            -99.23398,
            18.93725,
            0
          ],
          [
            -99.23403,
            18.93747,
            0
          ],
          [
            -99.23404,
            18.93751,
            0
          ],
          [
            -99.23406,
            18.93756,
            0
          ],
          [
            -99.23408,
            18.9376,
            0
          ],
          [
            -99.23411,
            18.93763,
            0
          ],
          [
            -99.23422,
            18.93773,
            0
          ],
          [
            -99.23444,
            18.93791,
            0
          ],
          [
            -99.23447,
            18.93796,
            0
          ],
          [
            -99.23452,
            18.93804,
            0
          ],
          [
            -99.23454,
            18.9381,
            0
          ],
          [
            -99.23454,
            18.93815,
            0
          ],
          [
            -99.23455,
            18.93821,
            0
          ],
          [
            -99.23454,
            18.93827,
            0
          ],
          [
            -99.23452,
            18.93845,
            0
          ],
          [
            -99.23447,
            18.93872,
            0
          ],
          [
            -99.23443,
            18.939,
            0
          ],
          [
            -99.23437,
            18.93935,
            0
          ],
          [
            -99.23437,
            18.93943,
            0
          ],
          [
            -99.23437,
            18.93948,
            0
          ],
          [
            -99.23438,
            18.93951,
            0
          ],
          [
            -99.23447,
            18.93971,
            0
          ],
          [
            -99.23456,
            18.93986,
            0
          ],
          [
            -99.2349,
            18.94047,
            0
          ],
          [
            -99.23507,
            18.94078,
            0
          ],
          [
            -99.2351,
            18.94086,
            0
          ],
          [
            -99.23511,
            18.94091,
            0
          ],
          [
            -99.23511,
            18.94094,
            0
          ],
          [
            -99.23512,
            18.94111,
            0
          ],
          [
            -99.23515,
            18.94197,
            0
          ],
          [
            -99.23517,
            18.94243,
            0
          ],
          [
            -99.23516,
            18.94285,
            0
          ],
          [
            -99.2352,
            18.94409,
            0
          ],
          [
            -99.23521,
            18.9449,
            0
          ],
          [
            -99.23521,
            18.94511,
            0
          ],
          [
            -99.23523,
            18.94539,
            0
          ],
          [
            -99.23523,
            18.94572,
            0
          ],
          [
            -99.23525,
            18.94611,
            0
          ],
          [
            -99.23525,
            18.9464,
            0
          ],
          [
            -99.23526,
            18.94671,
            0
          ],
          [
            -99.23527,
            18.94772,
            0
          ],
          [
            -99.23528,
            18.9482,
            0
          ],
          [
            -99.23529,
            18.94831,
            0
          ],
          [
            -99.23532,
            18.94935,
            0
          ],
          [
            -99.2354,
            18.9502,
            0
          ],
          [
            -99.23528,
            18.95021,
            0
          ],
          [
            -99.23513,
            18.95024,
            0
          ],
          [
            -99.23542,
            18.95114,
            0
          ],
          [
            -99.2355,
            18.95142,
            0
          ],
          [
            -99.23555,
            18.95158,
            0
          ],
          [
            -99.23566,
            18.95195,
            0
          ],
          [
            -99.23585,
            18.95259,
            0
          ],
          [
            -99.23595,
            18.95295,
            0
          ],
          [
            -99.23598,
            18.95304,
            0
          ],
          [
            -99.23605,
            18.95325,
            0
          ],
          [
            -99.23635,
            18.95435,
            0
          ],
          [
            -99.23659,
            18.95518,
            0
          ],
          [
            -99.23676,
            18.95569,
            0
          ],
          [
            -99.23685,
            18.95598,
            0
          ],
          [
            -99.23689,
            18.95613,
            0
          ],
          [
            -99.23692,
            18.95622,
            0
          ],
          [
            -99.23715,
            18.95704,
            0
          ],
          [
            -99.23716,
            18.9571,
            0
          ],
          [
            -99.23719,
            18.95722,
            0
          ],
          [
            -99.23721,
            18.95728,
            0
          ],
          [
            -99.23732,
            18.95773,
            0
          ],
          [
            -99.23752,
            18.95851,
            0
          ],
          [
            -99.23821,
            18.96082,
            0
          ],
          [
            -99.23825,
            18.96095,
            0
          ],
          [
            -99.23846,
            18.96156,
            0
          ],
          [
            -99.23852,
            18.96173,
            0
          ],
          [
            -99.23872,
            18.9625,
            0
          ],
          [
            -99.23887,
            18.96298,
            0
          ],
          [
            -99.23902,
            18.96344,
            0
          ],
          [
            -99.23906,
            18.96359,
            0
          ],
          [
            -99.2391,
            18.96375,
            0
          ],
          [
            -99.23913,
            18.96385,
            0
          ],
          [
            -99.23916,
            18.96397,
            0
          ],
          [
            -99.23923,
            18.9642,
            0
          ],
          [
            -99.2395,
            18.96518,
            0
          ],
          [
            -99.23952,
            18.96525,
            0
          ],
          [
            -99.23965,
            18.96569,
            0
          ],
          [
            -99.23974,
            18.96601,
            0
          ],
          [
            -99.23981,
            18.96624,
            0
          ],
          [
            -99.23992,
            18.9666,
            0
          ],
          [
            -99.24013,
            18.96716,
            0
          ],
          [
            -99.24015,
            18.96724,
            0
          ],
          [
            -99.2402,
            18.96743,
            0
          ],
          [
            -99.24012,
            18.9676,
            0
          ],
          [
            -99.24011,
            18.96763,
            0
          ],
          [
            -99.24008,
            18.96766,
            0
          ],
          [
            -99.24004,
            18.9677,
            0
          ],
          [
            -99.24001,
            18.96772,
            0
          ],
          [
            -99.24,
            18.96773,
            0
          ],
          [
            -99.23994,
            18.96776,
            0
          ],
          [
            -99.23984,
            18.96776,
            0
          ],
          [
            -99.23968,
            18.96778,
            0
          ],
          [
            -99.23962,
            18.96778,
            0
          ],
          [
            -99.23927,
            18.9678,
            0
          ],
          [
            -99.23905,
            18.9678,
            0
          ],
          [
            -99.23895,
            18.96779,
            0
          ],
          [
            -99.23878,
            18.96776,
            0
          ],
          [
            -99.23875,
            18.96775,
            0
          ],
          [
            -99.23856,
            18.96768,
            0
          ],
          [
            -99.23846,
            18.96764,
            0
          ],
          [
            -99.23816,
            18.96753,
            0
          ],
          [
            -99.23804,
            18.96748,
            0
          ],
          [
            -99.2378,
            18.9674,
            0
          ],
          [
            -99.23769,
            18.96737,
            0
          ],
          [
            -99.23732,
            18.96726,
            0
          ],
          [
            -99.23718,
            18.96723,
            0
          ],
          [
            -99.23671,
            18.96707,
            0
          ],
          [
            -99.23669,
            18.96706,
            0
          ],
          [
            -99.23652,
            18.967,
            0
          ],
          [
            -99.2365,
            18.96699,
            0
          ],
          [
            -99.23645,
            18.96697,
            0
          ],
          [
            -99.23634,
            18.96693,
            0
          ],
          [
            -99.23618,
            18.96688,
            0
          ],
          [
            -99.23611,
            18.96685,
            0
          ],
          [
            -99.23583,
            18.96674,
            0
          ],
          [
            -99.23582,
            18.96674,
            0
          ],
          [
            -99.23569,
            18.96669,
            0
          ],
          [
            -99.23565,
            18.96668,
            0
          ],
          [
            -99.23548,
            18.96661,
            0
          ],
          [
            -99.2353,
            18.96655,
            0
          ],
          [
            -99.2352,
            18.96651,
            0
          ],
          [
            -99.23509,
            18.96649,
            0
          ],
          [
            -99.23504,
            18.96651,
            0
          ],
          [
            -99.235,
            18.96652,
            0
          ],
          [
            -99.23496,
            18.96654,
            0
          ],
          [
            -99.23493,
            18.96656,
            0
          ],
          [
            -99.2349,
            18.96658,
            0
          ],
          [
            -99.23488,
            18.96661,
            0
          ],
          [
            -99.23487,
            18.96664,
            0
          ],
          [
            -99.23485,
            18.9667,
            0
          ],
          [
            -99.23487,
            18.96676,
            0
          ],
          [
            -99.23489,
            18.96679,
            0
          ],
          [
            -99.23492,
            18.96683,
            0
          ],
          [
            -99.23498,
            18.96685,
            0
          ],
          [
            -99.23506,
            18.96686,
            0
          ],
          [
            -99.23511,
            18.96684,
            0
          ],
          [
            -99.23516,
            18.96682,
            0
          ],
          [
            -99.23527,
            18.96678,
            0
          ],
          [
            -99.23547,
            18.96674,
            0
          ],
          [
            -99.2355,
            18.96674,
            0
          ],
          [
            -99.23564,
            18.96679,
            0
          ],
          [
            -99.2358,
            18.96686,
            0
          ],
          [
            -99.23593,
            18.96692,
            0
          ],
          [
            -99.23622,
            18.96713,
            0
          ],
          [
            -99.23635,
            18.96722,
            0
          ],
          [
            -99.23647,
            18.96736,
            0
          ],
          [
            -99.23666,
            18.96767,
            0
          ],
          [
            -99.23686,
            18.96798,
            0
          ],
          [
            -99.23698,
            18.96817,
            0
          ],
          [
            -99.23721,
            18.96858,
            0
          ],
          [
            -99.23723,
            18.9686,
            0
          ],
          [
            -99.23735,
            18.96881,
            0
          ],
          [
            -99.2375,
            18.96898,
            0
          ],
          [
            -99.23765,
            18.96911,
            0
          ],
          [
            -99.23765,
            18.96912,
            0
          ],
          [
            -99.23765,
            18.96917,
            0
          ],
          [
            -99.23766,
            18.96922,
            0
          ],
          [
            -99.23763,
            18.96943,
            0
          ],
          [
            -99.23752,
            18.96991,
            0
          ],
          [
            -99.23749,
            18.97007,
            0
          ],
          [
            -99.23748,
            18.97015,
            0
          ],
          [
            -99.23754,
            18.9702,
            0
          ],
          [
            -99.23774,
            18.97035,
            0
          ],
          [
            -99.23785,
            18.97036,
            0
          ],
          [
            -99.23783,
            18.97053,
            0
          ],
          [
            -99.23776,
            18.97143,
            0
          ],
          [
            -99.23774,
            18.97199,
            0
          ],
          [
            -99.23773,
            18.97217,
            0
          ],
          [
            -99.23772,
            18.97253,
            0
          ],
          [
            -99.23805,
            18.97255,
            0
          ],
          [
            -99.23826,
            18.97257,
            0
          ],
          [
            -99.23851,
            18.97261,
            0
          ],
          [
            -99.23904,
            18.97266,
            0
          ],
          [
            -99.23923,
            18.97268,
            0
          ],
          [
            -99.23938,
            18.9727,
            0
          ],
          [
            -99.23951,
            18.97271,
            0
          ],
          [
            -99.23975,
            18.97276,
            0
          ],
          [
            -99.23994,
            18.97279,
            0
          ],
          [
            -99.23994,
            18.9728,
            0
          ],
          [
            -99.23995,
            18.9728,
            0
          ],
          [
            -99.24003,
            18.97281,
            0
          ],
          [
            -99.24019,
            18.97284,
            0
          ],
          [
            -99.24029,
            18.97286,
            0
          ],
          [
            -99.24038,
            18.97288,
            0
          ],
          [
            -99.24038,
            18.97319,
            0
          ],
          [
            -99.24036,
            18.97342,
            0
          ],
          [
            -99.24035,
            18.97369,
            0
          ],
          [
            -99.24034,
            18.97396,
            0
          ],
          [
            -99.24034,
            18.974,
            0
          ],
          [
            -99.24034,
            18.97415,
            0
          ],
          [
            -99.24033,
            18.97447,
            0
          ],
          [
            -99.24031,
            18.9746,
            0
          ],
          [
            -99.24024,
            18.97489,
            0
          ],
          [
            -99.24019,
            18.97512,
            0
          ],
          [
            -99.24018,
            18.97517,
            0
          ],
          [
            -99.24014,
            18.97536,
            0
          ],
          [
            -99.24009,
            18.97555,
            0
          ],
          [
            -99.24009,
            18.97563,
            0
          ],
          [
            -99.24008,
            18.9757,
            0
          ],
          [
            -99.24008,
            18.97586,
            0
          ],
          [
            -99.24008,
            18.97597,
            0
          ],
          [
            -99.24013,
            18.97652,
            0
          ],
          [
            -99.24012,
            18.97676,
            0
          ],
          [
            -99.24012,
            18.97685,
            0
          ],
          [
            -99.24012,
            18.97698,
            0
          ],
          [
            -99.24012,
            18.97712,
            0
          ],
          [
            -99.24013,
            18.97716,
            0
          ],
          [
            -99.24018,
            18.97735,
            0
          ],
          [
            -99.24019,
            18.97736,
            0
          ]
        ]
      },
      "properties": {
        "name": "2. COL. PORVENIR-COL. MORELOS-STA. MARTHA-CHAMILPA-UNIVERSIDAD",
        "description": {
          "@type": "html",
          "value": "descripción: <br>OID: 453<br>ZONA: CENTRO<br>RUTA: RUTA 15<br>ITINERARIO: 2. COL. PORVENIR-COL. MORELOS-STA. MARTHA-CHAMILPA-UNIVERSIDAD<br>DESCRIPCIO: COL. PORVENIR-UNIVERSIDAD<br>AUTO-AMPL: ITINERARIO<br>DEFIN-PROV: DEFINITIVOS<br>DURACION: DEFINITIVA<br>FOLIO: SGG/DGT/SDP/000323/96"
        },
        "styleUrl": "#line-01579B-1200",
        "stroke-opacity": 1,
        "stroke": "#01579b",
        "stroke-width": 1.2,
        "descripción": "",
        "OID": "453",
        "ZONA": "CENTRO",
        "RUTA": "RUTA 15",
        "ITINERARIO": "2. COL. PORVENIR-COL. MORELOS-STA. MARTHA-CHAMILPA-UNIVERSIDAD",
        "DESCRIPCIO": "COL. PORVENIR-UNIVERSIDAD",
        "AUTO-AMPL": "ITINERARIO",
        "DEFIN-PROV": "DEFINITIVOS",
        "DURACION": "DEFINITIVA",
        "FOLIO": "SGG/DGT/SDP/000323/96"
      }
    },
    {
      "type": "Feature",
      "geometry": {
        "type": "LineString",
        "coordinates": [
          [
            -99.23873,
            18.979,
            0
          ],
          [
            -99.23907,
            18.97938,
            0
          ],
          [
            -99.23943,
            18.9798,
            0
          ],
          [
            -99.2397,
            18.98008,
            0
          ],
          [
            -99.23975,
            18.98014,
            0
          ],
          [
            -99.23996,
            18.98037,
            0
          ],
          [
            -99.24006,
            18.98052,
            0
          ],
          [
            -99.24016,
            18.9807,
            0
          ],
          [
            -99.24026,
            18.98087,
            0
          ],
          [
            -99.24031,
            18.98097,
            0
          ],
          [
            -99.24042,
            18.98118,
            0
          ],
          [
            -99.24044,
            18.98121,
            0
          ],
          [
            -99.24064,
            18.98158,
            0
          ],
          [
            -99.24068,
            18.98164,
            0
          ],
          [
            -99.24083,
            18.98191,
            0
          ],
          [
            -99.24084,
            18.98176,
            0
          ],
          [
            -99.24083,
            18.98162,
            0
          ],
          [
            -99.24082,
            18.9816,
            0
          ],
          [
            -99.24078,
            18.98113,
            0
          ],
          [
            -99.24076,
            18.98087,
            0
          ],
          [
            -99.2407,
            18.98051,
            0
          ],
          [
            -99.24068,
            18.98031,
            0
          ],
          [
            -99.24067,
            18.98026,
            0
          ],
          [
            -99.24061,
            18.97971,
            0
          ],
          [
            -99.24058,
            18.97941,
            0
          ],
          [
            -99.24053,
            18.97893,
            0
          ],
          [
            -99.24053,
            18.97887,
            0
          ],
          [
            -99.24049,
            18.97836,
            0
          ],
          [
            -99.24039,
            18.9783,
            0
          ],
          [
            -99.24039,
            18.97829,
            0
          ],
          [
            -99.24037,
            18.97827,
            0
          ],
          [
            -99.24032,
            18.97801,
            0
          ],
          [
            -99.24027,
            18.97775,
            0
          ],
          [
            -99.24022,
            18.97749,
            0
          ],
          [
            -99.23992,
            18.97751,
            0
          ],
          [
            -99.23998,
            18.97804,
            0
          ],
          [
            -99.24032,
            18.97801,
            0
          ],
          [
            -99.24027,
            18.97775,
            0
          ],
          [
            -99.24022,
            18.97749,
            0
          ],
          [
            -99.24018,
            18.97735,
            0
          ],
          [
            -99.24013,
            18.97716,
            0
          ],
          [
            -99.24012,
            18.97712,
            0
          ],
          [
            -99.24012,
            18.97698,
            0
          ],
          [
            -99.24012,
            18.97685,
            0
          ],
          [
            -99.24012,
            18.97676,
            0
          ],
          [
            -99.24013,
            18.97652,
            0
          ],
          [
            -99.24008,
            18.97597,
            0
          ],
          [
            -99.24008,
            18.97586,
            0
          ],
          [
            -99.24008,
            18.9757,
            0
          ],
          [
            -99.24009,
            18.97563,
            0
          ],
          [
            -99.24009,
            18.97555,
            0
          ],
          [
            -99.24014,
            18.97536,
            0
          ],
          [
            -99.24018,
            18.97517,
            0
          ],
          [
            -99.24019,
            18.97512,
            0
          ],
          [
            -99.24024,
            18.97489,
            0
          ],
          [
            -99.24031,
            18.9746,
            0
          ],
          [
            -99.24033,
            18.97447,
            0
          ],
          [
            -99.24034,
            18.97415,
            0
          ],
          [
            -99.24034,
            18.974,
            0
          ],
          [
            -99.24034,
            18.97396,
            0
          ],
          [
            -99.24035,
            18.97369,
            0
          ],
          [
            -99.24036,
            18.97342,
            0
          ],
          [
            -99.24038,
            18.97319,
            0
          ],
          [
            -99.24038,
            18.97288,
            0
          ],
          [
            -99.24029,
            18.97286,
            0
          ],
          [
            -99.24019,
            18.97284,
            0
          ],
          [
            -99.24003,
            18.97281,
            0
          ],
          [
            -99.23995,
            18.9728,
            0
          ],
          [
            -99.23994,
            18.9728,
            0
          ],
          [
            -99.23994,
            18.97279,
            0
          ],
          [
            -99.23975,
            18.97276,
            0
          ],
          [
            -99.23951,
            18.97271,
            0
          ],
          [
            -99.23938,
            18.9727,
            0
          ],
          [
            -99.23923,
            18.97268,
            0
          ],
          [
            -99.23904,
            18.97266,
            0
          ],
          [
            -99.23851,
            18.97261,
            0
          ],
          [
            -99.23826,
            18.97257,
            0
          ],
          [
            -99.23805,
            18.97255,
            0
          ],
          [
            -99.23772,
            18.97253,
            0
          ],
          [
            -99.23773,
            18.97217,
            0
          ],
          [
            -99.23774,
            18.97199,
            0
          ],
          [
            -99.23776,
            18.97143,
            0
          ],
          [
            -99.23783,
            18.97053,
            0
          ],
          [
            -99.23785,
            18.97036,
            0
          ],
          [
            -99.23774,
            18.97035,
            0
          ],
          [
            -99.23743,
            18.97032,
            0
          ],
          [
            -99.23748,
            18.97015,
            0
          ],
          [
            -99.23749,
            18.97009,
            0
          ],
          [
            -99.23749,
            18.97007,
            0
          ],
          [
            -99.23752,
            18.96991,
            0
          ],
          [
            -99.23763,
            18.96943,
            0
          ],
          [
            -99.23766,
            18.96922,
            0
          ],
          [
            -99.23765,
            18.96917,
            0
          ],
          [
            -99.23765,
            18.96912,
            0
          ],
          [
            -99.23765,
            18.96911,
            0
          ],
          [
            -99.2375,
            18.96898,
            0
          ],
          [
            -99.23735,
            18.96881,
            0
          ],
          [
            -99.23732,
            18.96876,
            0
          ],
          [
            -99.23723,
            18.9686,
            0
          ],
          [
            -99.23721,
            18.96858,
            0
          ],
          [
            -99.23698,
            18.96817,
            0
          ],
          [
            -99.23686,
            18.96798,
            0
          ],
          [
            -99.23666,
            18.96767,
            0
          ],
          [
            -99.23647,
            18.96736,
            0
          ],
          [
            -99.23635,
            18.96722,
            0
          ],
          [
            -99.23622,
            18.96713,
            0
          ],
          [
            -99.23593,
            18.96692,
            0
          ],
          [
            -99.2358,
            18.96686,
            0
          ],
          [
            -99.23564,
            18.96679,
            0
          ],
          [
            -99.2355,
            18.96674,
            0
          ],
          [
            -99.23547,
            18.96674,
            0
          ],
          [
            -99.23532,
            18.96677,
            0
          ],
          [
            -99.23527,
            18.96678,
            0
          ],
          [
            -99.23516,
            18.96682,
            0
          ],
          [
            -99.23511,
            18.96684,
            0
          ],
          [
            -99.23506,
            18.96686,
            0
          ],
          [
            -99.23498,
            18.96685,
            0
          ],
          [
            -99.23492,
            18.96683,
            0
          ],
          [
            -99.23489,
            18.96679,
            0
          ],
          [
            -99.23487,
            18.96676,
            0
          ],
          [
            -99.23485,
            18.9667,
            0
          ],
          [
            -99.23487,
            18.96664,
            0
          ],
          [
            -99.23488,
            18.96661,
            0
          ],
          [
            -99.2349,
            18.96658,
            0
          ],
          [
            -99.23493,
            18.96656,
            0
          ],
          [
            -99.23496,
            18.96654,
            0
          ],
          [
            -99.235,
            18.96652,
            0
          ],
          [
            -99.23504,
            18.96651,
            0
          ],
          [
            -99.23509,
            18.96649,
            0
          ],
          [
            -99.2352,
            18.96651,
            0
          ],
          [
            -99.2353,
            18.96655,
            0
          ],
          [
            -99.23548,
            18.96661,
            0
          ],
          [
            -99.23565,
            18.96668,
            0
          ],
          [
            -99.23569,
            18.96669,
            0
          ],
          [
            -99.23582,
            18.96674,
            0
          ],
          [
            -99.23583,
            18.96674,
            0
          ],
          [
            -99.23611,
            18.96685,
            0
          ],
          [
            -99.23618,
            18.96688,
            0
          ],
          [
            -99.23634,
            18.96693,
            0
          ],
          [
            -99.23636,
            18.96694,
            0
          ],
          [
            -99.23645,
            18.96697,
            0
          ],
          [
            -99.2365,
            18.96699,
            0
          ],
          [
            -99.23652,
            18.967,
            0
          ],
          [
            -99.23669,
            18.96706,
            0
          ],
          [
            -99.23671,
            18.96707,
            0
          ],
          [
            -99.23718,
            18.96723,
            0
          ],
          [
            -99.23732,
            18.96729,
            0
          ],
          [
            -99.23773,
            18.96745,
            0
          ],
          [
            -99.23785,
            18.96749,
            0
          ],
          [
            -99.23801,
            18.96755,
            0
          ],
          [
            -99.23813,
            18.96759,
            0
          ],
          [
            -99.23827,
            18.96765,
            0
          ],
          [
            -99.23828,
            18.96765,
            0
          ],
          [
            -99.23879,
            18.96783,
            0
          ],
          [
            -99.23889,
            18.96785,
            0
          ],
          [
            -99.23902,
            18.96787,
            0
          ],
          [
            -99.23917,
            18.96787,
            0
          ],
          [
            -99.23931,
            18.96787,
            0
          ],
          [
            -99.23959,
            18.96785,
            0
          ],
          [
            -99.23969,
            18.96785,
            0
          ],
          [
            -99.23975,
            18.96786,
            0
          ],
          [
            -99.2398,
            18.96788,
            0
          ],
          [
            -99.23984,
            18.96791,
            0
          ],
          [
            -99.23989,
            18.96793,
            0
          ],
          [
            -99.24001,
            18.96796,
            0
          ],
          [
            -99.24,
            18.96798,
            0
          ],
          [
            -99.23999,
            18.96799,
            0
          ],
          [
            -99.23999,
            18.96801,
            0
          ],
          [
            -99.23998,
            18.96802,
            0
          ],
          [
            -99.23998,
            18.96804,
            0
          ],
          [
            -99.23998,
            18.96806,
            0
          ],
          [
            -99.23998,
            18.96808,
            0
          ],
          [
            -99.23998,
            18.96809,
            0
          ],
          [
            -99.23999,
            18.96812,
            0
          ],
          [
            -99.24,
            18.96814,
            0
          ],
          [
            -99.24002,
            18.96815,
            0
          ],
          [
            -99.24004,
            18.96817,
            0
          ],
          [
            -99.24005,
            18.96819,
            0
          ],
          [
            -99.24007,
            18.9682,
            0
          ],
          [
            -99.2401,
            18.96821,
            0
          ],
          [
            -99.24012,
            18.96822,
            0
          ],
          [
            -99.24015,
            18.96823,
            0
          ],
          [
            -99.24018,
            18.96824,
            0
          ],
          [
            -99.24022,
            18.96824,
            0
          ],
          [
            -99.24025,
            18.96823,
            0
          ],
          [
            -99.24028,
            18.96823,
            0
          ],
          [
            -99.2403,
            18.96822,
            0
          ],
          [
            -99.24031,
            18.96822,
            0
          ],
          [
            -99.24034,
            18.9682,
            0
          ],
          [
            -99.24037,
            18.96819,
            0
          ],
          [
            -99.2404,
            18.96817,
            0
          ],
          [
            -99.24042,
            18.96815,
            0
          ],
          [
            -99.24045,
            18.96811,
            0
          ],
          [
            -99.24046,
            18.96808,
            0
          ],
          [
            -99.24048,
            18.96806,
            0
          ],
          [
            -99.24048,
            18.96803,
            0
          ],
          [
            -99.24049,
            18.96801,
            0
          ],
          [
            -99.24049,
            18.96798,
            0
          ],
          [
            -99.24049,
            18.96795,
            0
          ],
          [
            -99.24049,
            18.96793,
            0
          ],
          [
            -99.24048,
            18.9679,
            0
          ],
          [
            -99.24048,
            18.96789,
            0
          ],
          [
            -99.24047,
            18.96789,
            0
          ],
          [
            -99.24046,
            18.96788,
            0
          ],
          [
            -99.24046,
            18.96787,
            0
          ],
          [
            -99.24045,
            18.96787,
            0
          ],
          [
            -99.24044,
            18.96786,
            0
          ],
          [
            -99.24043,
            18.96786,
            0
          ],
          [
            -99.24043,
            18.96785,
            0
          ],
          [
            -99.24037,
            18.9676,
            0
          ],
          [
            -99.2403,
            18.96739,
            0
          ],
          [
            -99.24027,
            18.96732,
            0
          ],
          [
            -99.24024,
            18.96714,
            0
          ],
          [
            -99.23998,
            18.96628,
            0
          ],
          [
            -99.23966,
            18.9652,
            0
          ],
          [
            -99.23964,
            18.96515,
            0
          ],
          [
            -99.23951,
            18.96472,
            0
          ],
          [
            -99.23935,
            18.96419,
            0
          ],
          [
            -99.23924,
            18.96382,
            0
          ],
          [
            -99.23922,
            18.96373,
            0
          ],
          [
            -99.23917,
            18.96357,
            0
          ],
          [
            -99.23899,
            18.96293,
            0
          ],
          [
            -99.23885,
            18.96246,
            0
          ],
          [
            -99.23863,
            18.96171,
            0
          ],
          [
            -99.23858,
            18.96154,
            0
          ],
          [
            -99.23841,
            18.96092,
            0
          ],
          [
            -99.23839,
            18.96084,
            0
          ],
          [
            -99.23835,
            18.96074,
            0
          ],
          [
            -99.23826,
            18.96038,
            0
          ],
          [
            -99.23815,
            18.95995,
            0
          ],
          [
            -99.23806,
            18.95963,
            0
          ],
          [
            -99.23791,
            18.95918,
            0
          ],
          [
            -99.23776,
            18.9587,
            0
          ],
          [
            -99.23767,
            18.95846,
            0
          ],
          [
            -99.23751,
            18.95779,
            0
          ],
          [
            -99.23748,
            18.95766,
            0
          ],
          [
            -99.23742,
            18.95742,
            0
          ],
          [
            -99.23735,
            18.95719,
            0
          ],
          [
            -99.23731,
            18.95711,
            0
          ],
          [
            -99.23729,
            18.95704,
            0
          ],
          [
            -99.23718,
            18.95666,
            0
          ],
          [
            -99.23704,
            18.95619,
            0
          ],
          [
            -99.23702,
            18.95608,
            0
          ],
          [
            -99.23697,
            18.95595,
            0
          ],
          [
            -99.23693,
            18.95584,
            0
          ],
          [
            -99.23673,
            18.95515,
            0
          ],
          [
            -99.23657,
            18.95458,
            0
          ],
          [
            -99.23649,
            18.95433,
            0
          ],
          [
            -99.23635,
            18.95386,
            0
          ],
          [
            -99.23622,
            18.95342,
            0
          ],
          [
            -99.23616,
            18.95322,
            0
          ],
          [
            -99.23611,
            18.95301,
            0
          ],
          [
            -99.23608,
            18.95292,
            0
          ],
          [
            -99.23607,
            18.95288,
            0
          ],
          [
            -99.23599,
            18.95257,
            0
          ],
          [
            -99.23593,
            18.95236,
            0
          ],
          [
            -99.2358,
            18.95192,
            0
          ],
          [
            -99.23565,
            18.95145,
            0
          ],
          [
            -99.23557,
            18.95112,
            0
          ],
          [
            -99.23541,
            18.95063,
            0
          ],
          [
            -99.23528,
            18.95021,
            0
          ],
          [
            -99.2354,
            18.9502,
            0
          ],
          [
            -99.23532,
            18.94935,
            0
          ],
          [
            -99.23529,
            18.94831,
            0
          ],
          [
            -99.23528,
            18.9482,
            0
          ],
          [
            -99.23527,
            18.94772,
            0
          ],
          [
            -99.23526,
            18.94671,
            0
          ],
          [
            -99.23525,
            18.9464,
            0
          ],
          [
            -99.23525,
            18.94611,
            0
          ],
          [
            -99.23523,
            18.94572,
            0
          ],
          [
            -99.23523,
            18.94539,
            0
          ],
          [
            -99.23521,
            18.94511,
            0
          ],
          [
            -99.23521,
            18.9449,
            0
          ],
          [
            -99.2352,
            18.94409,
            0
          ],
          [
            -99.23516,
            18.94285,
            0
          ],
          [
            -99.23517,
            18.94243,
            0
          ],
          [
            -99.23515,
            18.94197,
            0
          ],
          [
            -99.23512,
            18.94111,
            0
          ],
          [
            -99.23511,
            18.94094,
            0
          ],
          [
            -99.23511,
            18.94091,
            0
          ],
          [
            -99.2351,
            18.94086,
            0
          ],
          [
            -99.23507,
            18.94078,
            0
          ],
          [
            -99.2349,
            18.94047,
            0
          ],
          [
            -99.23456,
            18.93986,
            0
          ],
          [
            -99.23447,
            18.93971,
            0
          ],
          [
            -99.23438,
            18.93951,
            0
          ],
          [
            -99.23437,
            18.93948,
            0
          ],
          [
            -99.23437,
            18.93943,
            0
          ],
          [
            -99.23437,
            18.93935,
            0
          ],
          [
            -99.23443,
            18.939,
            0
          ],
          [
            -99.23447,
            18.93872,
            0
          ],
          [
            -99.23452,
            18.93845,
            0
          ],
          [
            -99.23454,
            18.93827,
            0
          ],
          [
            -99.23455,
            18.93821,
            0
          ],
          [
            -99.23454,
            18.93815,
            0
          ],
          [
            -99.23454,
            18.9381,
            0
          ],
          [
            -99.23452,
            18.93804,
            0
          ],
          [
            -99.23447,
            18.93796,
            0
          ],
          [
            -99.23444,
            18.93791,
            0
          ],
          [
            -99.23422,
            18.93773,
            0
          ],
          [
            -99.23411,
            18.93763,
            0
          ],
          [
            -99.23408,
            18.9376,
            0
          ],
          [
            -99.23406,
            18.93756,
            0
          ],
          [
            -99.23404,
            18.93751,
            0
          ],
          [
            -99.23403,
            18.93747,
            0
          ],
          [
            -99.23398,
            18.93725,
            0
          ],
          [
            -99.23385,
            18.93663,
            0
          ],
          [
            -99.23378,
            18.93641,
            0
          ],
          [
            -99.23373,
            18.93618,
            0
          ],
          [
            -99.23372,
            18.93606,
            0
          ],
          [
            -99.23373,
            18.93601,
            0
          ],
          [
            -99.23375,
            18.93589,
            0
          ],
          [
            -99.23377,
            18.93584,
            0
          ],
          [
            -99.23384,
            18.93572,
            0
          ],
          [
            -99.23395,
            18.93557,
            0
          ],
          [
            -99.23421,
            18.93525,
            0
          ],
          [
            -99.23424,
            18.93522,
            0
          ],
          [
            -99.23451,
            18.93489,
            0
          ],
          [
            -99.23452,
            18.93487,
            0
          ],
          [
            -99.23463,
            18.93474,
            0
          ],
          [
            -99.23498,
            18.9343,
            0
          ],
          [
            -99.23478,
            18.93413,
            0
          ],
          [
            -99.23434,
            18.93377,
            0
          ],
          [
            -99.23415,
            18.9336,
            0
          ],
          [
            -99.23409,
            18.93353,
            0
          ],
          [
            -99.23402,
            18.93344,
            0
          ],
          [
            -99.23394,
            18.93332,
            0
          ],
          [
            -99.23391,
            18.93325,
            0
          ],
          [
            -99.23384,
            18.93306,
            0
          ],
          [
            -99.2338,
            18.93294,
            0
          ],
          [
            -99.23377,
            18.93285,
            0
          ],
          [
            -99.23366,
            18.93257,
            0
          ],
          [
            -99.23347,
            18.93235,
            0
          ],
          [
            -99.23337,
            18.93227,
            0
          ],
          [
            -99.23336,
            18.93226,
            0
          ],
          [
            -99.23328,
            18.93221,
            0
          ],
          [
            -99.2332,
            18.93217,
            0
          ],
          [
            -99.2331,
            18.93212,
            0
          ],
          [
            -99.23303,
            18.93209,
            0
          ],
          [
            -99.23295,
            18.93208,
            0
          ],
          [
            -99.23288,
            18.93206,
            0
          ],
          [
            -99.23263,
            18.93205,
            0
          ],
          [
            -99.23255,
            18.93205,
            0
          ],
          [
            -99.23236,
            18.93204,
            0
          ],
          [
            -99.23228,
            18.93204,
            0
          ],
          [
            -99.23204,
            18.93209,
            0
          ],
          [
            -99.23188,
            18.93148,
            0
          ],
          [
            -99.23187,
            18.93144,
            0
          ],
          [
            -99.23187,
            18.93141,
            0
          ],
          [
            -99.23187,
            18.93139,
            0
          ],
          [
            -99.23187,
            18.93138,
            0
          ],
          [
            -99.23187,
            18.93133,
            0
          ],
          [
            -99.23188,
            18.93133,
            0
          ],
          [
            -99.23189,
            18.93133,
            0
          ],
          [
            -99.2319,
            18.93133,
            0
          ],
          [
            -99.23191,
            18.93133,
            0
          ],
          [
            -99.23192,
            18.93132,
            0
          ],
          [
            -99.23193,
            18.93132,
            0
          ],
          [
            -99.23194,
            18.93132,
            0
          ],
          [
            -99.23194,
            18.93131,
            0
          ],
          [
            -99.23195,
            18.93131,
            0
          ],
          [
            -99.23195,
            18.9313,
            0
          ],
          [
            -99.23196,
            18.9313,
            0
          ],
          [
            -99.23196,
            18.93129,
            0
          ],
          [
            -99.23197,
            18.93129,
            0
          ],
          [
            -99.23197,
            18.93128,
            0
          ],
          [
            -99.23198,
            18.93127,
            0
          ],
          [
            -99.23198,
            18.93126,
            0
          ],
          [
            -99.23198,
            18.93125,
            0
          ],
          [
            -99.23199,
            18.93125,
            0
          ],
          [
            -99.23199,
            18.93124,
            0
          ],
          [
            -99.23199,
            18.93123,
            0
          ],
          [
            -99.23199,
            18.93122,
            0
          ],
          [
            -99.23199,
            18.93121,
            0
          ],
          [
            -99.23198,
            18.93121,
            0
          ],
          [
            -99.23198,
            18.9312,
            0
          ],
          [
            -99.23198,
            18.93119,
            0
          ],
          [
            -99.23198,
            18.93118,
            0
          ],
          [
            -99.23197,
            18.93118,
            0
          ],
          [
            -99.23197,
            18.93117,
            0
          ],
          [
            -99.23196,
            18.93117,
            0
          ],
          [
            -99.23196,
            18.93116,
            0
          ],
          [
            -99.23195,
            18.93115,
            0
          ],
          [
            -99.23194,
            18.93115,
            0
          ],
          [
            -99.23194,
            18.93114,
            0
          ],
          [
            -99.23193,
            18.93114,
            0
          ],
          [
            -99.23192,
            18.93114,
            0
          ],
          [
            -99.23192,
            18.93113,
            0
          ],
          [
            -99.23191,
            18.93113,
            0
          ],
          [
            -99.2319,
            18.93113,
            0
          ],
          [
            -99.23189,
            18.93113,
            0
          ],
          [
            -99.23188,
            18.93113,
            0
          ],
          [
            -99.23187,
            18.93113,
            0
          ],
          [
            -99.23186,
            18.93113,
            0
          ],
          [
            -99.23185,
            18.93113,
            0
          ],
          [
            -99.23185,
            18.93114,
            0
          ],
          [
            -99.23184,
            18.93114,
            0
          ],
          [
            -99.23183,
            18.93114,
            0
          ],
          [
            -99.23182,
            18.93115,
            0
          ],
          [
            -99.23181,
            18.93115,
            0
          ],
          [
            -99.23181,
            18.93116,
            0
          ],
          [
            -99.2318,
            18.93116,
            0
          ],
          [
            -99.2318,
            18.93117,
            0
          ],
          [
            -99.23179,
            18.93117,
            0
          ],
          [
            -99.23155,
            18.93115,
            0
          ],
          [
            -99.23084,
            18.93111,
            0
          ],
          [
            -99.23082,
            18.93085,
            0
          ],
          [
            -99.23081,
            18.93071,
            0
          ],
          [
            -99.23078,
            18.93047,
            0
          ],
          [
            -99.23077,
            18.93037,
            0
          ],
          [
            -99.2307,
            18.92992,
            0
          ],
          [
            -99.23069,
            18.92989,
            0
          ],
          [
            -99.23064,
            18.9297,
            0
          ],
          [
            -99.2306,
            18.9296,
            0
          ],
          [
            -99.2305,
            18.92934,
            0
          ],
          [
            -99.23031,
            18.92892,
            0
          ],
          [
            -99.2303,
            18.92889,
            0
          ],
          [
            -99.23013,
            18.92842,
            0
          ],
          [
            -99.2301,
            18.92836,
            0
          ],
          [
            -99.22995,
            18.92795,
            0
          ],
          [
            -99.22992,
            18.92787,
            0
          ],
          [
            -99.22988,
            18.92781,
            0
          ],
          [
            -99.22982,
            18.92768,
            0
          ],
          [
            -99.22952,
            18.92698,
            0
          ],
          [
            -99.22948,
            18.92691,
            0
          ],
          [
            -99.22939,
            18.92675,
            0
          ],
          [
            -99.22935,
            18.92669,
            0
          ],
          [
            -99.22913,
            18.92642,
            0
          ],
          [
            -99.22898,
            18.92627,
            0
          ],
          [
            -99.22888,
            18.92618,
            0
          ],
          [
            -99.22882,
            18.92613,
            0
          ],
          [
            -99.2287,
            18.92603,
            0
          ],
          [
            -99.22851,
            18.92591,
            0
          ],
          [
            -99.22839,
            18.92583,
            0
          ],
          [
            -99.22829,
            18.92578,
            0
          ],
          [
            -99.22804,
            18.92567,
            0
          ],
          [
            -99.22794,
            18.92562,
            0
          ],
          [
            -99.22776,
            18.92559,
            0
          ],
          [
            -99.22684,
            18.92537,
            0
          ],
          [
            -99.22563,
            18.92509,
            0
          ],
          [
            -99.22546,
            18.92506,
            0
          ],
          [
            -99.22496,
            18.92494,
            0
          ],
          [
            -99.22418,
            18.92476,
            0
          ],
          [
            -99.22336,
            18.92456,
            0
          ],
          [
            -99.22327,
            18.92455,
            0
          ],
          [
            -99.22218,
            18.92432,
            0
          ],
          [
            -99.2216,
            18.92418,
            0
          ],
          [
            -99.2215,
            18.92416,
            0
          ],
          [
            -99.22106,
            18.92405,
            0
          ],
          [
            -99.22078,
            18.92402,
            0
          ],
          [
            -99.22041,
            18.924,
            0
          ],
          [
            -99.22015,
            18.924,
            0
          ],
          [
            -99.21989,
            18.924,
            0
          ],
          [
            -99.21894,
            18.92402,
            0
          ],
          [
            -99.21868,
            18.92403,
            0
          ],
          [
            -99.21865,
            18.92403,
            0
          ],
          [
            -99.21852,
            18.92403,
            0
          ],
          [
            -99.21798,
            18.92402,
            0
          ],
          [
            -99.21765,
            18.92402,
            0
          ],
          [
            -99.21693,
            18.92404,
            0
          ],
          [
            -99.2167,
            18.92404,
            0
          ],
          [
            -99.21655,
            18.92404,
            0
          ],
          [
            -99.21592,
            18.92403,
            0
          ],
          [
            -99.21591,
            18.92403,
            0
          ],
          [
            -99.21519,
            18.92403,
            0
          ],
          [
            -99.21462,
            18.92403,
            0
          ],
          [
            -99.21399,
            18.92402,
            0
          ],
          [
            -99.21366,
            18.92402,
            0
          ],
          [
            -99.21306,
            18.92391,
            0
          ],
          [
            -99.21273,
            18.92382,
            0
          ],
          [
            -99.21212,
            18.92368,
            0
          ],
          [
            -99.21183,
            18.9236,
            0
          ],
          [
            -99.21156,
            18.92354,
            0
          ],
          [
            -99.21133,
            18.92349,
            0
          ],
          [
            -99.2108,
            18.92335,
            0
          ],
          [
            -99.21042,
            18.92326,
            0
          ],
          [
            -99.21026,
            18.92322,
            0
          ],
          [
            -99.21016,
            18.92318,
            0
          ],
          [
            -99.20993,
            18.92312,
            0
          ],
          [
            -99.20983,
            18.92309,
            0
          ],
          [
            -99.20941,
            18.92299,
            0
          ],
          [
            -99.20922,
            18.92294,
            0
          ],
          [
            -99.20912,
            18.92291,
            0
          ],
          [
            -99.20903,
            18.92286,
            0
          ],
          [
            -99.2089,
            18.92278,
            0
          ],
          [
            -99.20868,
            18.92263,
            0
          ],
          [
            -99.20828,
            18.92228,
            0
          ],
          [
            -99.20826,
            18.92227,
            0
          ],
          [
            -99.20801,
            18.92208,
            0
          ],
          [
            -99.20799,
            18.92207,
            0
          ],
          [
            -99.20791,
            18.92201,
            0
          ],
          [
            -99.20781,
            18.92194,
            0
          ],
          [
            -99.20775,
            18.92191,
            0
          ],
          [
            -99.20767,
            18.92187,
            0
          ],
          [
            -99.2075,
            18.92177,
            0
          ],
          [
            -99.20742,
            18.92174,
            0
          ],
          [
            -99.20732,
            18.9217,
            0
          ],
          [
            -99.20723,
            18.92168,
            0
          ],
          [
            -99.20721,
            18.92168,
            0
          ],
          [
            -99.20708,
            18.92165,
            0
          ],
          [
            -99.20691,
            18.92162,
            0
          ],
          [
            -99.20652,
            18.92157,
            0
          ],
          [
            -99.2062,
            18.92153,
            0
          ],
          [
            -99.20599,
            18.92151,
            0
          ],
          [
            -99.20582,
            18.92148,
            0
          ],
          [
            -99.20566,
            18.92144,
            0
          ],
          [
            -99.20528,
            18.92134,
            0
          ],
          [
            -99.20481,
            18.92126,
            0
          ],
          [
            -99.20469,
            18.92125,
            0
          ],
          [
            -99.20465,
            18.92125,
            0
          ],
          [
            -99.20454,
            18.92125,
            0
          ],
          [
            -99.20409,
            18.92118,
            0
          ],
          [
            -99.20389,
            18.92112,
            0
          ],
          [
            -99.20374,
            18.92108,
            0
          ],
          [
            -99.20366,
            18.92106,
            0
          ],
          [
            -99.20332,
            18.92099,
            0
          ],
          [
            -99.20292,
            18.92094,
            0
          ],
          [
            -99.2026,
            18.9209,
            0
          ],
          [
            -99.20248,
            18.9209,
            0
          ],
          [
            -99.20239,
            18.92089,
            0
          ],
          [
            -99.20215,
            18.9209,
            0
          ],
          [
            -99.20198,
            18.92088,
            0
          ],
          [
            -99.20186,
            18.92087,
            0
          ],
          [
            -99.20165,
            18.92089,
            0
          ],
          [
            -99.20125,
            18.92093,
            0
          ],
          [
            -99.20121,
            18.92094,
            0
          ],
          [
            -99.20079,
            18.92095,
            0
          ],
          [
            -99.2006,
            18.92094,
            0
          ],
          [
            -99.20055,
            18.92094,
            0
          ],
          [
            -99.20051,
            18.92093,
            0
          ],
          [
            -99.20043,
            18.92093,
            0
          ],
          [
            -99.20036,
            18.92092,
            0
          ],
          [
            -99.20022,
            18.92091,
            0
          ],
          [
            -99.20009,
            18.92089,
            0
          ],
          [
            -99.1999,
            18.92085,
            0
          ],
          [
            -99.19968,
            18.92079,
            0
          ],
          [
            -99.19959,
            18.92076,
            0
          ],
          [
            -99.19951,
            18.92073,
            0
          ],
          [
            -99.19917,
            18.92059,
            0
          ],
          [
            -99.19877,
            18.92042,
            0
          ],
          [
            -99.19873,
            18.9204,
            0
          ],
          [
            -99.19869,
            18.92039,
            0
          ],
          [
            -99.19796,
            18.92008,
            0
          ],
          [
            -99.1979,
            18.92006,
            0
          ],
          [
            -99.19784,
            18.92004,
            0
          ],
          [
            -99.19779,
            18.92002,
            0
          ],
          [
            -99.19764,
            18.91998,
            0
          ],
          [
            -99.1975,
            18.91994,
            0
          ],
          [
            -99.19728,
            18.9199,
            0
          ],
          [
            -99.19724,
            18.91989,
            0
          ],
          [
            -99.19707,
            18.91985,
            0
          ],
          [
            -99.19647,
            18.91973,
            0
          ],
          [
            -99.19638,
            18.91972,
            0
          ],
          [
            -99.19608,
            18.91967,
            0
          ],
          [
            -99.19591,
            18.91964,
            0
          ],
          [
            -99.19581,
            18.91964,
            0
          ],
          [
            -99.19573,
            18.91964,
            0
          ],
          [
            -99.19564,
            18.91964,
            0
          ],
          [
            -99.19547,
            18.91965,
            0
          ],
          [
            -99.19537,
            18.91966,
            0
          ],
          [
            -99.19529,
            18.91968,
            0
          ],
          [
            -99.19512,
            18.91971,
            0
          ],
          [
            -99.19475,
            18.9198,
            0
          ],
          [
            -99.19445,
            18.91988,
            0
          ],
          [
            -99.19433,
            18.91989,
            0
          ],
          [
            -99.19427,
            18.9199,
            0
          ],
          [
            -99.19414,
            18.9199,
            0
          ],
          [
            -99.194,
            18.91989,
            0
          ],
          [
            -99.19389,
            18.91988,
            0
          ],
          [
            -99.19377,
            18.91985,
            0
          ],
          [
            -99.19366,
            18.91983,
            0
          ],
          [
            -99.19351,
            18.91978,
            0
          ],
          [
            -99.19307,
            18.91964,
            0
          ],
          [
            -99.19261,
            18.91949,
            0
          ],
          [
            -99.1912,
            18.91906,
            0
          ],
          [
            -99.19113,
            18.91903,
            0
          ],
          [
            -99.19021,
            18.91875,
            0
          ],
          [
            -99.18947,
            18.91853,
            0
          ],
          [
            -99.18924,
            18.91846,
            0
          ],
          [
            -99.18916,
            18.91844,
            0
          ],
          [
            -99.18904,
            18.9184,
            0
          ],
          [
            -99.18882,
            18.91833,
            0
          ],
          [
            -99.18871,
            18.91828,
            0
          ],
          [
            -99.18867,
            18.91826,
            0
          ],
          [
            -99.18862,
            18.91824,
            0
          ],
          [
            -99.18853,
            18.9182,
            0
          ],
          [
            -99.18844,
            18.91815,
            0
          ],
          [
            -99.18835,
            18.91809,
            0
          ],
          [
            -99.18828,
            18.91804,
            0
          ],
          [
            -99.1882,
            18.91798,
            0
          ],
          [
            -99.18802,
            18.91782,
            0
          ],
          [
            -99.18771,
            18.91754,
            0
          ],
          [
            -99.18703,
            18.91695,
            0
          ],
          [
            -99.18694,
            18.91687,
            0
          ],
          [
            -99.18671,
            18.91666,
            0
          ],
          [
            -99.18663,
            18.91659,
            0
          ],
          [
            -99.18651,
            18.91648,
            0
          ],
          [
            -99.18637,
            18.91662,
            0
          ],
          [
            -99.18606,
            18.91687,
            0
          ],
          [
            -99.18584,
            18.91706,
            0
          ],
          [
            -99.18572,
            18.91716,
            0
          ],
          [
            -99.18557,
            18.91725,
            0
          ],
          [
            -99.18554,
            18.91726,
            0
          ],
          [
            -99.18496,
            18.91739,
            0
          ],
          [
            -99.18452,
            18.91748,
            0
          ],
          [
            -99.18406,
            18.91754,
            0
          ],
          [
            -99.18383,
            18.91758,
            0
          ],
          [
            -99.18359,
            18.9176,
            0
          ],
          [
            -99.18313,
            18.91766,
            0
          ],
          [
            -99.18315,
            18.91867,
            0
          ],
          [
            -99.18317,
            18.91966,
            0
          ],
          [
            -99.18317,
            18.91986,
            0
          ],
          [
            -99.18316,
            18.92031,
            0
          ],
          [
            -99.18319,
            18.92085,
            0
          ],
          [
            -99.18365,
            18.92078,
            0
          ],
          [
            -99.1838,
            18.92076,
            0
          ],
          [
            -99.1838,
            18.92112,
            0
          ],
          [
            -99.1838,
            18.92148,
            0
          ],
          [
            -99.18381,
            18.92185,
            0
          ],
          [
            -99.18381,
            18.92221,
            0
          ],
          [
            -99.18381,
            18.92261,
            0
          ],
          [
            -99.18381,
            18.92296,
            0
          ],
          [
            -99.18382,
            18.92336,
            0
          ],
          [
            -99.18381,
            18.92376,
            0
          ],
          [
            -99.18419,
            18.92375,
            0
          ],
          [
            -99.1855,
            18.92374,
            0
          ],
          [
            -99.18597,
            18.92374,
            0
          ],
          [
            -99.18654,
            18.92374,
            0
          ],
          [
            -99.18711,
            18.92373,
            0
          ],
          [
            -99.18756,
            18.92375,
            0
          ],
          [
            -99.18828,
            18.92375,
            0
          ],
          [
            -99.18833,
            18.92375,
            0
          ],
          [
            -99.18836,
            18.92375,
            0
          ],
          [
            -99.18841,
            18.92375,
            0
          ],
          [
            -99.18848,
            18.92376,
            0
          ],
          [
            -99.18852,
            18.92378,
            0
          ],
          [
            -99.18852,
            18.92379,
            0
          ],
          [
            -99.18851,
            18.92379,
            0
          ],
          [
            -99.18851,
            18.9238,
            0
          ],
          [
            -99.18851,
            18.92381,
            0
          ],
          [
            -99.18851,
            18.92382,
            0
          ],
          [
            -99.18851,
            18.92383,
            0
          ],
          [
            -99.18851,
            18.92384,
            0
          ],
          [
            -99.18851,
            18.92385,
            0
          ],
          [
            -99.18851,
            18.92386,
            0
          ],
          [
            -99.18851,
            18.92387,
            0
          ],
          [
            -99.18852,
            18.92388,
            0
          ],
          [
            -99.18852,
            18.92389,
            0
          ],
          [
            -99.18853,
            18.9239,
            0
          ],
          [
            -99.18853,
            18.92391,
            0
          ],
          [
            -99.18854,
            18.92391,
            0
          ],
          [
            -99.18854,
            18.92392,
            0
          ],
          [
            -99.18855,
            18.92392,
            0
          ],
          [
            -99.18856,
            18.92393,
            0
          ],
          [
            -99.18857,
            18.92393,
            0
          ],
          [
            -99.18857,
            18.92394,
            0
          ],
          [
            -99.18858,
            18.92394,
            0
          ],
          [
            -99.18859,
            18.92395,
            0
          ],
          [
            -99.18842,
            18.9241,
            0
          ],
          [
            -99.18841,
            18.92422,
            0
          ],
          [
            -99.1884,
            18.92428,
            0
          ],
          [
            -99.18835,
            18.92453,
            0
          ],
          [
            -99.18826,
            18.92494,
            0
          ],
          [
            -99.18813,
            18.92556,
            0
          ],
          [
            -99.18811,
            18.92569,
            0
          ],
          [
            -99.18801,
            18.92622,
            0
          ],
          [
            -99.18789,
            18.92686,
            0
          ],
          [
            -99.18781,
            18.92747,
            0
          ],
          [
            -99.18781,
            18.92748,
            0
          ],
          [
            -99.18781,
            18.92749,
            0
          ],
          [
            -99.18781,
            18.9275,
            0
          ],
          [
            -99.18782,
            18.92751,
            0
          ],
          [
            -99.18783,
            18.92751,
            0
          ],
          [
            -99.18815,
            18.92757,
            0
          ],
          [
            -99.18803,
            18.9282,
            0
          ],
          [
            -99.18794,
            18.92868,
            0
          ],
          [
            -99.18791,
            18.92883,
            0
          ],
          [
            -99.18787,
            18.92916,
            0
          ],
          [
            -99.18788,
            18.92962,
            0
          ],
          [
            -99.18788,
            18.93009,
            0
          ],
          [
            -99.18787,
            18.93056,
            0
          ],
          [
            -99.18787,
            18.93102,
            0
          ],
          [
            -99.18787,
            18.93148,
            0
          ],
          [
            -99.18685,
            18.93142,
            0
          ],
          [
            -99.1859,
            18.93137,
            0
          ],
          [
            -99.18591,
            18.93181,
            0
          ],
          [
            -99.18591,
            18.93227,
            0
          ],
          [
            -99.18524,
            18.93225,
            0
          ],
          [
            -99.18519,
            18.93225,
            0
          ],
          [
            -99.18517,
            18.93225,
            0
          ],
          [
            -99.18514,
            18.93226,
            0
          ],
          [
            -99.18513,
            18.93228,
            0
          ],
          [
            -99.18512,
            18.93229,
            0
          ],
          [
            -99.18511,
            18.9323,
            0
          ],
          [
            -99.18511,
            18.93233,
            0
          ],
          [
            -99.18511,
            18.93234,
            0
          ],
          [
            -99.18511,
            18.93237,
            0
          ],
          [
            -99.18506,
            18.93269,
            0
          ],
          [
            -99.18495,
            18.9336,
            0
          ],
          [
            -99.18468,
            18.93357,
            0
          ],
          [
            -99.18425,
            18.93352,
            0
          ],
          [
            -99.18377,
            18.93348,
            0
          ],
          [
            -99.18331,
            18.93344,
            0
          ],
          [
            -99.18284,
            18.93341,
            0
          ],
          [
            -99.18237,
            18.93337,
            0
          ],
          [
            -99.18191,
            18.93334,
            0
          ],
          [
            -99.18192,
            18.93342,
            0
          ],
          [
            -99.18155,
            18.93331,
            0
          ],
          [
            -99.18107,
            18.93317,
            0
          ],
          [
            -99.1806,
            18.93303,
            0
          ],
          [
            -99.18039,
            18.93296,
            0
          ],
          [
            -99.1801,
            18.93288,
            0
          ],
          [
            -99.17996,
            18.93195,
            0
          ],
          [
            -99.17974,
            18.93056,
            0
          ],
          [
            -99.17974,
            18.93045,
            0
          ],
          [
            -99.17975,
            18.93035,
            0
          ],
          [
            -99.17983,
            18.93037,
            0
          ],
          [
            -99.17986,
            18.92985,
            0
          ],
          [
            -99.17988,
            18.92967,
            0
          ],
          [
            -99.17988,
            18.92897,
            0
          ],
          [
            -99.17986,
            18.92821,
            0
          ],
          [
            -99.17985,
            18.92788,
            0
          ],
          [
            -99.17983,
            18.92739,
            0
          ],
          [
            -99.17979,
            18.92658,
            0
          ],
          [
            -99.17968,
            18.92658,
            0
          ],
          [
            -99.17932,
            18.92608,
            0
          ],
          [
            -99.17905,
            18.92574,
            0
          ],
          [
            -99.17894,
            18.92559,
            0
          ],
          [
            -99.17853,
            18.92504,
            0
          ],
          [
            -99.17842,
            18.92487,
            0
          ],
          [
            -99.17823,
            18.92448,
            0
          ],
          [
            -99.17821,
            18.92442,
            0
          ],
          [
            -99.17819,
            18.92438,
            0
          ],
          [
            -99.17818,
            18.92433,
            0
          ],
          [
            -99.17818,
            18.92426,
            0
          ],
          [
            -99.17812,
            18.92389,
            0
          ],
          [
            -99.17811,
            18.92386,
            0
          ],
          [
            -99.17809,
            18.92384,
            0
          ],
          [
            -99.17808,
            18.92382,
            0
          ],
          [
            -99.17806,
            18.9238,
            0
          ],
          [
            -99.17804,
            18.92378,
            0
          ],
          [
            -99.17798,
            18.92374,
            0
          ],
          [
            -99.17761,
            18.92353,
            0
          ],
          [
            -99.17751,
            18.92347,
            0
          ],
          [
            -99.17741,
            18.92339,
            0
          ],
          [
            -99.17724,
            18.92327,
            0
          ],
          [
            -99.1771,
            18.92314,
            0
          ],
          [
            -99.17693,
            18.92299,
            0
          ],
          [
            -99.17674,
            18.92279,
            0
          ],
          [
            -99.17665,
            18.92262,
            0
          ],
          [
            -99.1766,
            18.92251,
            0
          ],
          [
            -99.17657,
            18.92239,
            0
          ],
          [
            -99.17654,
            18.92209,
            0
          ],
          [
            -99.17653,
            18.92154,
            0
          ],
          [
            -99.17648,
            18.92001,
            0
          ],
          [
            -99.17648,
            18.91995,
            0
          ],
          [
            -99.17646,
            18.91905,
            0
          ],
          [
            -99.17643,
            18.91792,
            0
          ],
          [
            -99.17641,
            18.91756,
            0
          ],
          [
            -99.1764,
            18.91716,
            0
          ],
          [
            -99.1764,
            18.91708,
            0
          ],
          [
            -99.17641,
            18.91703,
            0
          ],
          [
            -99.17658,
            18.9169,
            0
          ]
        ]
      },
      "properties": {
        "name": "2. COL. PORVENIR-COL. MORELOS-STA. MARTHA-CHAMILPA-UNIVERSIDAD",
        "description": {
          "@type": "html",
          "value": "descripción: <br>OID: 602<br>ZONA: CENTRO<br>RUTA: RUTA 15<br>ITINERARIO: 2. COL. PORVENIR-COL. MORELOS-STA. MARTHA-CHAMILPA-UNIVERSIDAD<br>DESCRIPCIO: UNIVERSIDAD-COL. PORVENIR<br>AUTO-AMPL: ITINERARIO<br>DEFIN-PROV: DEFINITIVOS<br>DURACION: DEFINITIVA<br>FOLIO: SGG/DGT/SDP/000323/96"
        },
        "styleUrl": "#line-4E342E-1200",
        "stroke-opacity": 1,
        "stroke": "#4e342e",
        "stroke-width": 1.2,
        "descripción": "",
        "OID": "602",
        "ZONA": "CENTRO",
        "RUTA": "RUTA 15",
        "ITINERARIO": "2. COL. PORVENIR-COL. MORELOS-STA. MARTHA-CHAMILPA-UNIVERSIDAD",
        "DESCRIPCIO": "UNIVERSIDAD-COL. PORVENIR",
        "AUTO-AMPL": "ITINERARIO",
        "DEFIN-PROV": "DEFINITIVOS",
        "DURACION": "DEFINITIVA",
        "FOLIO": "SGG/DGT/SDP/000323/96"
      }
    },
    {
      "type": "Feature",
      "geometry": {
        "type": "LineString",
        "coordinates": [
          [
            -99.18495,
            18.93357,
            0
          ],
          [
            -99.18495,
            18.9336,
            0
          ],
          [
            -99.18494,
            18.93361,
            0
          ],
          [
            -99.18487,
            18.93432,
            0
          ],
          [
            -99.18477,
            18.93522,
            0
          ],
          [
            -99.18469,
            18.93607,
            0
          ],
          [
            -99.18464,
            18.9367,
            0
          ],
          [
            -99.1846,
            18.93696,
            0
          ],
          [
            -99.18457,
            18.93724,
            0
          ],
          [
            -99.18452,
            18.9376,
            0
          ],
          [
            -99.18445,
            18.93814,
            0
          ],
          [
            -99.18442,
            18.93843,
            0
          ],
          [
            -99.18435,
            18.93889,
            0
          ],
          [
            -99.18428,
            18.93933,
            0
          ],
          [
            -99.18428,
            18.93934,
            0
          ],
          [
            -99.18428,
            18.93939,
            0
          ],
          [
            -99.18409,
            18.94055,
            0
          ],
          [
            -99.18406,
            18.9408,
            0
          ],
          [
            -99.18392,
            18.94188,
            0
          ],
          [
            -99.18441,
            18.94194,
            0
          ],
          [
            -99.18427,
            18.94299,
            0
          ],
          [
            -99.1842,
            18.94353,
            0
          ],
          [
            -99.18417,
            18.94371,
            0
          ],
          [
            -99.18416,
            18.94383,
            0
          ],
          [
            -99.18414,
            18.94393,
            0
          ],
          [
            -99.18406,
            18.94457,
            0
          ],
          [
            -99.18401,
            18.94493,
            0
          ],
          [
            -99.1844,
            18.94501,
            0
          ],
          [
            -99.18443,
            18.94501,
            0
          ],
          [
            -99.18444,
            18.945,
            0
          ],
          [
            -99.18445,
            18.945,
            0
          ],
          [
            -99.18446,
            18.94499,
            0
          ],
          [
            -99.18447,
            18.94497,
            0
          ],
          [
            -99.18448,
            18.94494,
            0
          ],
          [
            -99.18455,
            18.94441,
            0
          ],
          [
            -99.18461,
            18.94392,
            0
          ],
          [
            -99.18475,
            18.94394,
            0
          ],
          [
            -99.18482,
            18.94396,
            0
          ],
          [
            -99.18485,
            18.94398,
            0
          ],
          [
            -99.18487,
            18.94399,
            0
          ],
          [
            -99.18502,
            18.94417,
            0
          ],
          [
            -99.18517,
            18.94436,
            0
          ],
          [
            -99.18523,
            18.94421,
            0
          ],
          [
            -99.18544,
            18.94425,
            0
          ],
          [
            -99.18575,
            18.94429,
            0
          ],
          [
            -99.18578,
            18.94393,
            0
          ],
          [
            -99.18583,
            18.94377,
            0
          ],
          [
            -99.18587,
            18.94367,
            0
          ],
          [
            -99.18597,
            18.9435,
            0
          ],
          [
            -99.18601,
            18.94335,
            0
          ],
          [
            -99.18657,
            18.9434,
            0
          ],
          [
            -99.18658,
            18.9434,
            0
          ],
          [
            -99.18728,
            18.94345,
            0
          ],
          [
            -99.18732,
            18.94303,
            0
          ],
          [
            -99.18739,
            18.9426,
            0
          ]
        ]
      },
      "properties": {
        "name": "MILPILLAS",
        "description": {
          "@type": "html",
          "value": "descripción: <br>OID: 1414<br>ZONA: CENTRO<br>RUTA: RUTA 15<br>ITINERARIO: AMPL. MILPILLAS<br>DESCRIPCIO: MILPILLAS<br>AUTO-AMPL: AMPLIACION<br>DEFIN-PROV: DEFINITIVOS<br>DURACION: DEFINITIVA<br>FOLIO: SG/DGT/SDP/4348/IX/2006<br>SG/DGT/SDP/2657/XII/2009<br>SG/DGT/SDP/1887/VI/2012<br>SG/DGT/SDP/3115/VI/2012"
        },
        "styleUrl": "#line-9C27B0-1200",
        "stroke-opacity": 1,
        "stroke": "#9c27b0",
        "stroke-width": 1.2,
        "descripción": "",
        "OID": "1414",
        "ZONA": "CENTRO",
        "RUTA": "RUTA 15",
        "ITINERARIO": "AMPL. MILPILLAS",
        "DESCRIPCIO": "MILPILLAS",
        "AUTO-AMPL": "AMPLIACION",
        "DEFIN-PROV": "DEFINITIVOS",
        "DURACION": "DEFINITIVA",
        "FOLIO": "SG/DGT/SDP/4348/IX/2006\nSG/DGT/SDP/2657/XII/2009\nSG/DGT/SDP/1887/VI/2012\nSG/DGT/SDP/3115/VI/2012"
      }
    }
  ]
}