{
  "type": "FeatureCollection",
  "features": [
    {
      "type": "Feature",
      "geometry": {
        "type": "LineString",
        "coordinates": [
          [
            -99.18228,
            18.83024,
            0
          ],
          [
            -99.18174,
            18.83057,
            0
          ],
          [
            -99.18192,
            18.83113,
            0
          ],
          [
            -99.18219,
            18.83179,
            0
          ],
          [
            -99.18238,
            18.83236,
            0
          ],
          [
            -99.18238,
            18.83241,
            0
          ],
          [
            -99.18237,
            18.83244,
            0
          ],
          [
            -99.18168,
            18.83391,
            0
          ],
          [
            -99.18165,
            18.83402,
            0
          ],
          [
            -99.18163,
            18.83415,
            0
          ],
          [
            -99.18162,
            18.83431,
            0
          ],
          [
            -99.18163,
            18.8345,
            0
          ],
          [
            -99.18167,
            18.83479,
            0
          ],
          [
            -99.18167,
            18.8349,
            0
          ],
          [
            -99.1826,
            18.835,
            0
          ],
          [
            -99.18262,
            18.83502,
            0
          ],
          [
            -99.18265,
            18.83504,
            0
          ],
          [
            -99.18268,
            18.83507,
            0
          ],
          [
            -99.18276,
            18.83518,
            0
          ],
          [
            -99.18285,
            18.83534,
            0
          ],
          [
            -99.18265,
            18.83539,
            0
          ],
          [
            -99.18254,
            18.83543,
            0
          ],
          [
            -99.18248,
            18.83546,
            0
          ],
          [
            -99.18229,
            18.83561,
            0
          ],
          [
            -99.18213,
            18.83579,
            0
          ],
          [
            -99.18181,
            18.83629,
            0
          ],
          [
            -99.18167,
            18.83655,
            0
          ],
          [
            -99.18158,
            18.83668,
            0
          ],
          [
            -99.18189,
            18.83689,
            0
          ],
          [
            -99.18251,
            18.83727,
            0
          ],
          [
            -99.18266,
            18.83734,
            0
          ],
          [
            -99.18276,
            18.83743,
            0
          ],
          [
            -99.18358,
            18.83804,
            0
          ],
          [
            -99.18377,
            18.83804,
            0
          ],
          [
            -99.18393,
            18.83806,
            0
          ],
          [
            -99.18422,
            18.83816,
            0
          ],
          [
            -99.18426,
            18.83816,
            0
          ],
          [
            -99.18431,
            18.83817,
            0
          ],
          [
            -99.18435,
            18.83816,
            0
          ],
          [
            -99.18439,
            18.83816,
            0
          ],
          [
            -99.18455,
            18.83809,
            0
          ],
          [
            -99.18457,
            18.83809,
            0
          ],
          [
            -99.18494,
            18.83792,
            0
          ],
          [
            -99.18498,
            18.83791,
            0
          ],
          [
            -99.18517,
            18.83792,
            0
          ],
          [
            -99.18525,
            18.83795,
            0
          ],
          [
            -99.18539,
            18.83805,
            0
          ],
          [
            -99.18542,
            18.83808,
            0
          ],
          [
            -99.18545,
            18.8381,
            0
          ],
          [
            -99.18546,
            18.83813,
            0
          ],
          [
            -99.18548,
            18.83815,
            0
          ],
          [
            -99.1855,
            18.83823,
            0
          ],
          [
            -99.18552,
            18.83836,
            0
          ],
          [
            -99.18549,
            18.8385,
            0
          ],
          [
            -99.18548,
            18.83852,
            0
          ],
          [
            -99.18548,
            18.83853,
            0
          ],
          [
            -99.18643,
            18.8386,
            0
          ],
          [
            -99.18689,
            18.83866,
            0
          ],
          [
            -99.18713,
            18.83872,
            0
          ],
          [
            -99.18621,
            18.84057,
            0
          ],
          [
            -99.18589,
            18.84128,
            0
          ],
          [
            -99.18587,
            18.84149,
            0
          ],
          [
            -99.18586,
            18.84154,
            0
          ],
          [
            -99.1859,
            18.84175,
            0
          ],
          [
            -99.18604,
            18.84219,
            0
          ],
          [
            -99.18613,
            18.84239,
            0
          ],
          [
            -99.18616,
            18.84249,
            0
          ],
          [
            -99.18618,
            18.84262,
            0
          ],
          [
            -99.18619,
            18.84294,
            0
          ],
          [
            -99.18614,
            18.84311,
            0
          ],
          [
            -99.1861,
            18.84319,
            0
          ],
          [
            -99.18587,
            18.84304,
            0
          ],
          [
            -99.18568,
            18.8429,
            0
          ],
          [
            -99.18533,
            18.84261,
            0
          ],
          [
            -99.18494,
            18.84242,
            0
          ],
          [
            -99.18467,
            18.84232,
            0
          ],
          [
            -99.18439,
            18.84272,
            0
          ],
          [
            -99.18434,
            18.84282,
            0
          ],
          [
            -99.18434,
            18.8429,
            0
          ],
          [
            -99.18435,
            18.84295,
            0
          ],
          [
            -99.1844,
            18.84306,
            0
          ],
          [
            -99.1844,
            18.84313,
            0
          ],
          [
            -99.18439,
            18.84318,
            0
          ],
          [
            -99.18439,
            18.84323,
            0
          ],
          [
            -99.18434,
            18.84337,
            0
          ],
          [
            -99.18359,
            18.84492,
            0
          ],
          [
            -99.18355,
            18.84505,
            0
          ],
          [
            -99.18331,
            18.84606,
            0
          ],
          [
            -99.18304,
            18.84692,
            0
          ],
          [
            -99.18291,
            18.84717,
            0
          ],
          [
            -99.1826,
            18.84765,
            0
          ],
          [
            -99.18246,
            18.84783,
            0
          ],
          [
            -99.18233,
            18.84795,
            0
          ],
          [
            -99.18229,
            18.84797,
            0
          ],
          [
            -99.18228,
            18.84798,
            0
          ],
          [
            -99.18221,
            18.84801,
            0
          ],
          [
            -99.18207,
            18.84805,
            0
          ],
          [
            -99.18206,
            18.84805,
            0
          ],
          [
            -99.18138,
            18.84822,
            0
          ],
          [
            -99.18102,
            18.84838,
            0
          ],
          [
            -99.18092,
            18.84845,
            0
          ],
          [
            -99.18079,
            18.84858,
            0
          ],
          [
            -99.18063,
            18.84882,
            0
          ],
          [
            -99.1805,
            18.84907,
            0
          ],
          [
            -99.18036,
            18.84942,
            0
          ],
          [
            -99.18033,
            18.84954,
            0
          ],
          [
            -99.18032,
            18.84962,
            0
          ],
          [
            -99.18034,
            18.84969,
            0
          ],
          [
            -99.18034,
            18.84975,
            0
          ],
          [
            -99.18037,
            18.84995,
            0
          ],
          [
            -99.18035,
            18.85004,
            0
          ],
          [
            -99.18035,
            18.85005,
            0
          ],
          [
            -99.18015,
            18.85046,
            0
          ],
          [
            -99.18,
            18.85072,
            0
          ],
          [
            -99.17998,
            18.85078,
            0
          ],
          [
            -99.17987,
            18.85099,
            0
          ],
          [
            -99.17971,
            18.85138,
            0
          ],
          [
            -99.17966,
            18.85153,
            0
          ],
          [
            -99.17961,
            18.85164,
            0
          ],
          [
            -99.17929,
            18.85224,
            0
          ],
          [
            -99.17915,
            18.85244,
            0
          ],
          [
            -99.17904,
            18.85256,
            0
          ],
          [
            -99.17897,
            18.85272,
            0
          ],
          [
            -99.17893,
            18.85291,
            0
          ],
          [
            -99.17892,
            18.85308,
            0
          ],
          [
            -99.17893,
            18.85332,
            0
          ],
          [
            -99.17898,
            18.85366,
            0
          ],
          [
            -99.17899,
            18.85367,
            0
          ],
          [
            -99.17901,
            18.85376,
            0
          ],
          [
            -99.17904,
            18.85384,
            0
          ],
          [
            -99.17909,
            18.85402,
            0
          ],
          [
            -99.17913,
            18.85413,
            0
          ],
          [
            -99.17924,
            18.8546,
            0
          ],
          [
            -99.17934,
            18.85486,
            0
          ],
          [
            -99.17937,
            18.85492,
            0
          ],
          [
            -99.17943,
            18.855,
            0
          ],
          [
            -99.17949,
            18.8551,
            0
          ],
          [
            -99.17988,
            18.85552,
            0
          ],
          [
            -99.17994,
            18.85563,
            0
          ],
          [
            -99.17994,
            18.85565,
            0
          ],
          [
            -99.17996,
            18.85571,
            0
          ],
          [
            -99.17995,
            18.85584,
            0
          ],
          [
            -99.17988,
            18.85603,
            0
          ],
          [
            -99.17986,
            18.85604,
            0
          ],
          [
            -99.17985,
            18.85605,
            0
          ],
          [
            -99.17983,
            18.85606,
            0
          ],
          [
            -99.18014,
            18.85654,
            0
          ],
          [
            -99.18017,
            18.8566,
            0
          ],
          [
            -99.18023,
            18.85679,
            0
          ],
          [
            -99.18025,
            18.85692,
            0
          ],
          [
            -99.18024,
            18.85723,
            0
          ],
          [
            -99.18022,
            18.85736,
            0
          ],
          [
            -99.18016,
            18.85755,
            0
          ],
          [
            -99.17996,
            18.85786,
            0
          ],
          [
            -99.17982,
            18.85801,
            0
          ],
          [
            -99.17963,
            18.85817,
            0
          ],
          [
            -99.17895,
            18.85868,
            0
          ],
          [
            -99.17884,
            18.85878,
            0
          ],
          [
            -99.17877,
            18.85886,
            0
          ],
          [
            -99.1786,
            18.85914,
            0
          ],
          [
            -99.17812,
            18.86001,
            0
          ],
          [
            -99.17812,
            18.86002,
            0
          ],
          [
            -99.17795,
            18.86026,
            0
          ],
          [
            -99.17727,
            18.86093,
            0
          ],
          [
            -99.17724,
            18.86097,
            0
          ],
          [
            -99.17694,
            18.86125,
            0
          ],
          [
            -99.17654,
            18.8617,
            0
          ],
          [
            -99.17631,
            18.862,
            0
          ],
          [
            -99.17497,
            18.86394,
            0
          ],
          [
            -99.17474,
            18.86432,
            0
          ],
          [
            -99.17463,
            18.86458,
            0
          ],
          [
            -99.17429,
            18.8658,
            0
          ],
          [
            -99.17428,
            18.86589,
            0
          ],
          [
            -99.17405,
            18.86671,
            0
          ],
          [
            -99.1739,
            18.8674,
            0
          ],
          [
            -99.17361,
            18.86829,
            0
          ],
          [
            -99.17354,
            18.86864,
            0
          ],
          [
            -99.17352,
            18.86881,
            0
          ],
          [
            -99.17354,
            18.86904,
            0
          ],
          [
            -99.17361,
            18.86929,
            0
          ],
          [
            -99.17369,
            18.86976,
            0
          ],
          [
            -99.1737,
            18.86995,
            0
          ],
          [
            -99.17368,
            18.8701,
            0
          ],
          [
            -99.17358,
            18.87043,
            0
          ],
          [
            -99.17345,
            18.87076,
            0
          ],
          [
            -99.17332,
            18.87102,
            0
          ],
          [
            -99.17291,
            18.872,
            0
          ],
          [
            -99.17282,
            18.87225,
            0
          ],
          [
            -99.17268,
            18.87274,
            0
          ],
          [
            -99.17261,
            18.87309,
            0
          ],
          [
            -99.17259,
            18.87327,
            0
          ],
          [
            -99.17257,
            18.87366,
            0
          ],
          [
            -99.17269,
            18.87644,
            0
          ],
          [
            -99.17271,
            18.87655,
            0
          ],
          [
            -99.17276,
            18.8767,
            0
          ],
          [
            -99.17286,
            18.8769,
            0
          ],
          [
            -99.17299,
            18.87706,
            0
          ],
          [
            -99.17317,
            18.87721,
            0
          ],
          [
            -99.17334,
            18.8773,
            0
          ],
          [
            -99.17339,
            18.87732,
            0
          ],
          [
            -99.17349,
            18.87734,
            0
          ],
          [
            -99.17467,
            18.87766,
            0
          ],
          [
            -99.17313,
            18.88203,
            0
          ],
          [
            -99.17595,
            18.88294,
            0
          ],
          [
            -99.17627,
            18.88303,
            0
          ],
          [
            -99.17627,
            18.88304,
            0
          ],
          [
            -99.17519,
            18.88615,
            0
          ],
          [
            -99.17508,
            18.8864,
            0
          ],
          [
            -99.17496,
            18.8866,
            0
          ],
          [
            -99.17453,
            18.88744,
            0
          ],
          [
            -99.17437,
            18.88771,
            0
          ],
          [
            -99.17299,
            18.89032,
            0
          ],
          [
            -99.17292,
            18.89042,
            0
          ],
          [
            -99.17186,
            18.89241,
            0
          ],
          [
            -99.17182,
            18.8925,
            0
          ],
          [
            -99.17071,
            18.89459,
            0
          ],
          [
            -99.1704,
            18.89513,
            0
          ],
          [
            -99.16972,
            18.89641,
            0
          ],
          [
            -99.16966,
            18.89654,
            0
          ],
          [
            -99.16917,
            18.89605,
            0
          ],
          [
            -99.16912,
            18.89598,
            0
          ],
          [
            -99.1686,
            18.89551,
            0
          ],
          [
            -99.1681,
            18.89502,
            0
          ],
          [
            -99.16806,
            18.89507,
            0
          ],
          [
            -99.16771,
            18.89572,
            0
          ],
          [
            -99.16749,
            18.89594,
            0
          ],
          [
            -99.16758,
            18.89603,
            0
          ],
          [
            -99.16775,
            18.89626,
            0
          ],
          [
            -99.16859,
            18.89708,
            0
          ],
          [
            -99.16867,
            18.89717,
            0
          ],
          [
            -99.16899,
            18.89748,
            0
          ],
          [
            -99.16901,
            18.89751,
            0
          ],
          [
            -99.16928,
            18.89781,
            0
          ],
          [
            -99.16982,
            18.8983,
            0
          ],
          [
            -99.17074,
            18.89923,
            0
          ],
          [
            -99.17079,
            18.89927,
            0
          ],
          [
            -99.17102,
            18.8995,
            0
          ],
          [
            -99.17112,
            18.89958,
            0
          ],
          [
            -99.17116,
            18.8996,
            0
          ],
          [
            -99.17122,
            18.89964,
            0
          ],
          [
            -99.17398,
            18.90238,
            0
          ],
          [
            -99.17416,
            18.90258,
            0
          ],
          [
            -99.17397,
            18.90278,
            0
          ],
          [
            -99.17386,
            18.90292,
            0
          ],
          [
            -99.17225,
            18.90466,
            0
          ],
          [
            -99.17219,
            18.90471,
            0
          ],
          [
            -99.16984,
            18.90724,
            0
          ],
          [
            -99.16973,
            18.90738,
            0
          ],
          [
            -99.16943,
            18.90769,
            0
          ],
          [
            -99.16935,
            18.9078,
            0
          ],
          [
            -99.16923,
            18.90804,
            0
          ],
          [
            -99.16915,
            18.90825,
            0
          ],
          [
            -99.16912,
            18.90837,
            0
          ],
          [
            -99.16912,
            18.90842,
            0
          ],
          [
            -99.169,
            18.9095,
            0
          ],
          [
            -99.1688,
            18.91059,
            0
          ],
          [
            -99.16872,
            18.91113,
            0
          ],
          [
            -99.16872,
            18.91115,
            0
          ],
          [
            -99.16876,
            18.91125,
            0
          ],
          [
            -99.16879,
            18.91128,
            0
          ],
          [
            -99.16885,
            18.91131,
            0
          ],
          [
            -99.16885,
            18.91135,
            0
          ],
          [
            -99.16886,
            18.91137,
            0
          ],
          [
            -99.16887,
            18.91138,
            0
          ],
          [
            -99.16887,
            18.9114,
            0
          ],
          [
            -99.16888,
            18.91142,
            0
          ],
          [
            -99.16891,
            18.91145,
            0
          ],
          [
            -99.16836,
            18.912,
            0
          ],
          [
            -99.16799,
            18.91242,
            0
          ],
          [
            -99.16532,
            18.91526,
            0
          ],
          [
            -99.16528,
            18.91526,
            0
          ],
          [
            -99.16527,
            18.91525,
            0
          ],
          [
            -99.16525,
            18.91525,
            0
          ],
          [
            -99.16515,
            18.91527,
            0
          ],
          [
            -99.1651,
            18.91529,
            0
          ],
          [
            -99.16502,
            18.91535,
            0
          ],
          [
            -99.16498,
            18.91539,
            0
          ],
          [
            -99.16494,
            18.91548,
            0
          ],
          [
            -99.16492,
            18.91558,
            0
          ],
          [
            -99.16493,
            18.91565,
            0
          ],
          [
            -99.16494,
            18.91566,
            0
          ],
          [
            -99.16494,
            18.91567,
            0
          ],
          [
            -99.16496,
            18.91569,
            0
          ],
          [
            -99.16496,
            18.9157,
            0
          ],
          [
            -99.16497,
            18.91571,
            0
          ],
          [
            -99.16498,
            18.91573,
            0
          ],
          [
            -99.165,
            18.91574,
            0
          ],
          [
            -99.16502,
            18.91576,
            0
          ],
          [
            -99.16504,
            18.91577,
            0
          ],
          [
            -99.16505,
            18.91578,
            0
          ],
          [
            -99.16508,
            18.91579,
            0
          ],
          [
            -99.16509,
            18.91579,
            0
          ],
          [
            -99.1651,
            18.9158,
            0
          ],
          [
            -99.16515,
            18.9158,
            0
          ],
          [
            -99.16516,
            18.91581,
            0
          ],
          [
            -99.16518,
            18.91584,
            0
          ],
          [
            -99.1652,
            18.91586,
            0
          ],
          [
            -99.16577,
            18.91611,
            0
          ],
          [
            -99.16584,
            18.91615,
            0
          ],
          [
            -99.16588,
            18.91616,
            0
          ],
          [
            -99.17193,
            18.92122,
            0
          ],
          [
            -99.17224,
            18.92103,
            0
          ],
          [
            -99.17242,
            18.92088,
            0
          ],
          [
            -99.17596,
            18.91736,
            0
          ],
          [
            -99.17632,
            18.91705,
            0
          ],
          [
            -99.17641,
            18.91703,
            0
          ],
          [
            -99.1764,
            18.91658,
            0
          ],
          [
            -99.17641,
            18.91635,
            0
          ],
          [
            -99.17643,
            18.91624,
            0
          ],
          [
            -99.17651,
            18.91595,
            0
          ],
          [
            -99.17657,
            18.91578,
            0
          ],
          [
            -99.17664,
            18.91564,
            0
          ],
          [
            -99.17678,
            18.91541,
            0
          ],
          [
            -99.17706,
            18.91508,
            0
          ],
          [
            -99.18083,
            18.91151,
            0
          ],
          [
            -99.18095,
            18.91141,
            0
          ],
          [
            -99.181,
            18.91138,
            0
          ],
          [
            -99.18106,
            18.91137,
            0
          ],
          [
            -99.18111,
            18.91137,
            0
          ],
          [
            -99.18118,
            18.91138,
            0
          ],
          [
            -99.18129,
            18.91141,
            0
          ],
          [
            -99.18135,
            18.91151,
            0
          ],
          [
            -99.18164,
            18.91187,
            0
          ],
          [
            -99.18423,
            18.91463,
            0
          ],
          [
            -99.18472,
            18.91512,
            0
          ],
          [
            -99.18571,
            18.916,
            0
          ],
          [
            -99.18637,
            18.91662,
            0
          ],
          [
            -99.18657,
            18.91679,
            0
          ],
          [
            -99.18657,
            18.9168,
            0
          ],
          [
            -99.18704,
            18.91721,
            0
          ],
          [
            -99.1873,
            18.91746,
            0
          ],
          [
            -99.18805,
            18.91811,
            0
          ],
          [
            -99.18831,
            18.9183,
            0
          ],
          [
            -99.18838,
            18.91834,
            0
          ],
          [
            -99.1886,
            18.91844,
            0
          ],
          [
            -99.18896,
            18.91858,
            0
          ],
          [
            -99.19363,
            18.92,
            0
          ],
          [
            -99.19386,
            18.92004,
            0
          ],
          [
            -99.19397,
            18.92005,
            0
          ],
          [
            -99.19422,
            18.92005,
            0
          ],
          [
            -99.19459,
            18.91997,
            0
          ],
          [
            -99.1951,
            18.9198,
            0
          ],
          [
            -99.19558,
            18.91974,
            0
          ],
          [
            -99.19586,
            18.91973,
            0
          ],
          [
            -99.1961,
            18.91975,
            0
          ],
          [
            -99.19649,
            18.91981,
            0
          ],
          [
            -99.19723,
            18.91996,
            0
          ],
          [
            -99.19725,
            18.91996,
            0
          ],
          [
            -99.19749,
            18.92001,
            0
          ],
          [
            -99.19777,
            18.92009,
            0
          ],
          [
            -99.19778,
            18.9201,
            0
          ],
          [
            -99.19786,
            18.92012,
            0
          ],
          [
            -99.19787,
            18.92012,
            0
          ],
          [
            -99.19948,
            18.92079,
            0
          ],
          [
            -99.19955,
            18.92081,
            0
          ],
          [
            -99.19956,
            18.92082,
            0
          ],
          [
            -99.19988,
            18.92092,
            0
          ],
          [
            -99.20018,
            18.92098,
            0
          ],
          [
            -99.20037,
            18.921,
            0
          ],
          [
            -99.20045,
            18.921,
            0
          ],
          [
            -99.2006,
            18.92102,
            0
          ],
          [
            -99.20144,
            18.92103,
            0
          ],
          [
            -99.20221,
            18.92099,
            0
          ],
          [
            -99.20241,
            18.92099,
            0
          ],
          [
            -99.20277,
            18.92101,
            0
          ],
          [
            -99.20293,
            18.92103,
            0
          ],
          [
            -99.20387,
            18.92126,
            0
          ],
          [
            -99.20411,
            18.92134,
            0
          ],
          [
            -99.2044,
            18.92148,
            0
          ],
          [
            -99.20445,
            18.92152,
            0
          ],
          [
            -99.20476,
            18.92165,
            0
          ],
          [
            -99.205,
            18.92171,
            0
          ],
          [
            -99.2051,
            18.92171,
            0
          ],
          [
            -99.20529,
            18.92169,
            0
          ],
          [
            -99.20625,
            18.92166,
            0
          ],
          [
            -99.20705,
            18.92176,
            0
          ],
          [
            -99.20714,
            18.92178,
            0
          ],
          [
            -99.20739,
            18.92186,
            0
          ],
          [
            -99.20762,
            18.92196,
            0
          ],
          [
            -99.20785,
            18.9221,
            0
          ],
          [
            -99.20873,
            18.92282,
            0
          ],
          [
            -99.20905,
            18.92299,
            0
          ],
          [
            -99.20938,
            18.92312,
            0
          ],
          [
            -99.21013,
            18.92331,
            0
          ],
          [
            -99.21041,
            18.92334,
            0
          ],
          [
            -99.2118,
            18.92368,
            0
          ],
          [
            -99.21211,
            18.92378,
            0
          ],
          [
            -99.21318,
            18.92403,
            0
          ],
          [
            -99.21365,
            18.9241,
            0
          ],
          [
            -99.21399,
            18.92412,
            0
          ],
          [
            -99.21694,
            18.92414,
            0
          ],
          [
            -99.2201,
            18.92407,
            0
          ],
          [
            -99.22076,
            18.92409,
            0
          ],
          [
            -99.22097,
            18.92411,
            0
          ],
          [
            -99.22163,
            18.92428,
            0
          ],
          [
            -99.22793,
            18.92572,
            0
          ],
          [
            -99.22824,
            18.92584,
            0
          ],
          [
            -99.22842,
            18.92594,
            0
          ],
          [
            -99.22864,
            18.92608,
            0
          ],
          [
            -99.22888,
            18.92628,
            0
          ],
          [
            -99.22908,
            18.92649,
            0
          ],
          [
            -99.22934,
            18.92681,
            0
          ],
          [
            -99.22951,
            18.92712,
            0
          ],
          [
            -99.23025,
            18.92895,
            0
          ],
          [
            -99.23043,
            18.92935,
            0
          ],
          [
            -99.23058,
            18.92977,
            0
          ],
          [
            -99.23069,
            18.93031,
            0
          ],
          [
            -99.23069,
            18.93038,
            0
          ],
          [
            -99.23071,
            18.93047,
            0
          ],
          [
            -99.23077,
            18.93117,
            0
          ],
          [
            -99.23072,
            18.93122,
            0
          ],
          [
            -99.23069,
            18.93126,
            0
          ],
          [
            -99.23067,
            18.93131,
            0
          ],
          [
            -99.23067,
            18.93133,
            0
          ],
          [
            -99.23063,
            18.93157,
            0
          ],
          [
            -99.23061,
            18.93163,
            0
          ],
          [
            -99.23061,
            18.93164,
            0
          ],
          [
            -99.2306,
            18.93167,
            0
          ],
          [
            -99.23055,
            18.93173,
            0
          ],
          [
            -99.23036,
            18.93189,
            0
          ],
          [
            -99.2303,
            18.93196,
            0
          ],
          [
            -99.23023,
            18.93202,
            0
          ],
          [
            -99.23015,
            18.93201,
            0
          ],
          [
            -99.22992,
            18.93202,
            0
          ],
          [
            -99.22986,
            18.93203,
            0
          ],
          [
            -99.22984,
            18.93203,
            0
          ],
          [
            -99.22979,
            18.93205,
            0
          ],
          [
            -99.22966,
            18.93207,
            0
          ],
          [
            -99.22885,
            18.93171,
            0
          ],
          [
            -99.22876,
            18.93195,
            0
          ],
          [
            -99.22934,
            18.93226,
            0
          ],
          [
            -99.22966,
            18.93207,
            0
          ],
          [
            -99.22979,
            18.93205,
            0
          ],
          [
            -99.22985,
            18.93207,
            0
          ],
          [
            -99.23089,
            18.93208,
            0
          ],
          [
            -99.23173,
            18.93213,
            0
          ],
          [
            -99.23175,
            18.93212,
            0
          ],
          [
            -99.23177,
            18.93212,
            0
          ],
          [
            -99.23182,
            18.9321,
            0
          ],
          [
            -99.23196,
            18.9321,
            0
          ],
          [
            -99.23204,
            18.93209,
            0
          ],
          [
            -99.23228,
            18.93204,
            0
          ],
          [
            -99.23255,
            18.93205,
            0
          ],
          [
            -99.23267,
            18.9319,
            0
          ],
          [
            -99.23273,
            18.93185,
            0
          ],
          [
            -99.2328,
            18.93181,
            0
          ],
          [
            -99.23316,
            18.93154,
            0
          ],
          [
            -99.23328,
            18.93149,
            0
          ],
          [
            -99.2335,
            18.93144,
            0
          ],
          [
            -99.23357,
            18.93144,
            0
          ],
          [
            -99.23365,
            18.93146,
            0
          ],
          [
            -99.23375,
            18.9315,
            0
          ],
          [
            -99.23385,
            18.93158,
            0
          ],
          [
            -99.23394,
            18.93168,
            0
          ],
          [
            -99.23396,
            18.93173,
            0
          ],
          [
            -99.23409,
            18.93195,
            0
          ],
          [
            -99.23415,
            18.93207,
            0
          ],
          [
            -99.23417,
            18.9321,
            0
          ],
          [
            -99.2342,
            18.93213,
            0
          ],
          [
            -99.23426,
            18.93217,
            0
          ],
          [
            -99.23432,
            18.9322,
            0
          ],
          [
            -99.23445,
            18.93223,
            0
          ],
          [
            -99.23456,
            18.93224,
            0
          ],
          [
            -99.23471,
            18.93221,
            0
          ],
          [
            -99.23484,
            18.93216,
            0
          ],
          [
            -99.23496,
            18.93209,
            0
          ],
          [
            -99.23501,
            18.93204,
            0
          ],
          [
            -99.23507,
            18.93196,
            0
          ],
          [
            -99.2351,
            18.93189,
            0
          ],
          [
            -99.23501,
            18.93064,
            0
          ],
          [
            -99.23504,
            18.93027,
            0
          ],
          [
            -99.23512,
            18.92986,
            0
          ],
          [
            -99.23513,
            18.92976,
            0
          ],
          [
            -99.23513,
            18.92958,
            0
          ],
          [
            -99.23506,
            18.9291,
            0
          ],
          [
            -99.23504,
            18.92901,
            0
          ],
          [
            -99.23504,
            18.92891,
            0
          ],
          [
            -99.23506,
            18.92879,
            0
          ],
          [
            -99.23508,
            18.92874,
            0
          ],
          [
            -99.23513,
            18.92866,
            0
          ],
          [
            -99.23521,
            18.92859,
            0
          ],
          [
            -99.23537,
            18.92854,
            0
          ],
          [
            -99.23543,
            18.92854,
            0
          ],
          [
            -99.2355,
            18.92851,
            0
          ],
          [
            -99.23554,
            18.92853,
            0
          ],
          [
            -99.23555,
            18.92853,
            0
          ],
          [
            -99.23568,
            18.92863,
            0
          ],
          [
            -99.23574,
            18.92869,
            0
          ],
          [
            -99.23612,
            18.9292,
            0
          ],
          [
            -99.23626,
            18.92933,
            0
          ],
          [
            -99.23655,
            18.92956,
            0
          ],
          [
            -99.23711,
            18.9299,
            0
          ],
          [
            -99.23716,
            18.92991,
            0
          ],
          [
            -99.2373,
            18.92991,
            0
          ],
          [
            -99.23737,
            18.92989,
            0
          ],
          [
            -99.23754,
            18.92997,
            0
          ],
          [
            -99.23767,
            18.92983,
            0
          ],
          [
            -99.23773,
            18.92964,
            0
          ],
          [
            -99.23785,
            18.92946,
            0
          ],
          [
            -99.23784,
            18.92936,
            0
          ],
          [
            -99.23782,
            18.92927,
            0
          ],
          [
            -99.2378,
            18.92923,
            0
          ],
          [
            -99.23749,
            18.92898,
            0
          ],
          [
            -99.23741,
            18.9289,
            0
          ],
          [
            -99.23739,
            18.92887,
            0
          ],
          [
            -99.23738,
            18.92881,
            0
          ],
          [
            -99.23729,
            18.92748,
            0
          ],
          [
            -99.23735,
            18.92718,
            0
          ],
          [
            -99.23744,
            18.92697,
            0
          ],
          [
            -99.23739,
            18.9268,
            0
          ],
          [
            -99.2369,
            18.92574,
            0
          ],
          [
            -99.23656,
            18.92437,
            0
          ],
          [
            -99.23651,
            18.92426,
            0
          ],
          [
            -99.23561,
            18.92287,
            0
          ],
          [
            -99.23543,
            18.92267,
            0
          ],
          [
            -99.23532,
            18.92258,
            0
          ],
          [
            -99.23512,
            18.92113,
            0
          ],
          [
            -99.2351,
            18.92083,
            0
          ],
          [
            -99.23508,
            18.91889,
            0
          ],
          [
            -99.23511,
            18.91889,
            0
          ],
          [
            -99.23504,
            18.91577,
            0
          ],
          [
            -99.23488,
            18.91425,
            0
          ],
          [
            -99.23468,
            18.91353,
            0
          ],
          [
            -99.2346,
            18.91332,
            0
          ],
          [
            -99.23449,
            18.91311,
            0
          ],
          [
            -99.23434,
            18.9129,
            0
          ],
          [
            -99.23381,
            18.912,
            0
          ],
          [
            -99.23356,
            18.91152,
            0
          ],
          [
            -99.23313,
            18.91054,
            0
          ],
          [
            -99.23299,
            18.91017,
            0
          ]
        ]
      },
      "properties": {
        "name": "MODESTO RANGEL - CENTRO",
        "styleUrl": "#line-673AB7-5000-nodesc",
        "stroke-opacity": 1,
        "stroke": "#673ab7",
        "stroke-width": 5
      }
    },
    {
      "type": "Feature",
      "geometry": {
        "type": "LineString",
        "coordinates": [
          [
            -99.23299,
            18.91016,
            0
          ],
          [
            -99.23296,
            18.91009,
            0
          ],
          [
            -99.23284,
            18.90976,
            0
          ],
          [
            -99.23324,
            18.90958,
            0
          ],
          [
            -99.23356,
            18.90944,
            0
          ],
          [
            -99.23371,
            18.90971,
            0
          ],
          [
            -99.23385,
            18.90996,
            0
          ],
          [
            -99.23399,
            18.9102,
            0
          ],
          [
            -99.23402,
            18.91025,
            0
          ],
          [
            -99.23412,
            18.91042,
            0
          ],
          [
            -99.23418,
            18.91053,
            0
          ],
          [
            -99.23458,
            18.91121,
            0
          ],
          [
            -99.23511,
            18.91213,
            0
          ],
          [
            -99.23561,
            18.91299,
            0
          ],
          [
            -99.23593,
            18.91376,
            0
          ],
          [
            -99.23613,
            18.91422,
            0
          ],
          [
            -99.2365,
            18.91495,
            0
          ],
          [
            -99.23684,
            18.91568,
            0
          ],
          [
            -99.23701,
            18.91604,
            0
          ],
          [
            -99.23705,
            18.91626,
            0
          ],
          [
            -99.23709,
            18.91654,
            0
          ],
          [
            -99.2371,
            18.91656,
            0
          ],
          [
            -99.23712,
            18.91707,
            0
          ],
          [
            -99.23715,
            18.91724,
            0
          ],
          [
            -99.23722,
            18.91801,
            0
          ],
          [
            -99.23727,
            18.91875,
            0
          ],
          [
            -99.23727,
            18.91886,
            0
          ],
          [
            -99.23738,
            18.9196,
            0
          ],
          [
            -99.2374,
            18.91987,
            0
          ],
          [
            -99.23747,
            18.92059,
            0
          ],
          [
            -99.23755,
            18.92114,
            0
          ],
          [
            -99.2377,
            18.92204,
            0
          ],
          [
            -99.23778,
            18.9226,
            0
          ],
          [
            -99.23787,
            18.92328,
            0
          ],
          [
            -99.2379,
            18.92352,
            0
          ],
          [
            -99.23794,
            18.92386,
            0
          ],
          [
            -99.23801,
            18.92446,
            0
          ],
          [
            -99.23794,
            18.92444,
            0
          ],
          [
            -99.23789,
            18.92443,
            0
          ],
          [
            -99.23782,
            18.92443,
            0
          ],
          [
            -99.2376,
            18.92446,
            0
          ],
          [
            -99.23733,
            18.92447,
            0
          ],
          [
            -99.23696,
            18.9245,
            0
          ],
          [
            -99.23661,
            18.92454,
            0
          ],
          [
            -99.23624,
            18.9246,
            0
          ],
          [
            -99.23574,
            18.92468,
            0
          ],
          [
            -99.23528,
            18.92472,
            0
          ],
          [
            -99.2352,
            18.92472,
            0
          ],
          [
            -99.23523,
            18.92478,
            0
          ],
          [
            -99.23528,
            18.92497,
            0
          ],
          [
            -99.23532,
            18.92515,
            0
          ],
          [
            -99.23537,
            18.92537,
            0
          ],
          [
            -99.23538,
            18.92539,
            0
          ],
          [
            -99.23546,
            18.92569,
            0
          ],
          [
            -99.23552,
            18.92596,
            0
          ],
          [
            -99.23558,
            18.92618,
            0
          ],
          [
            -99.23564,
            18.92635,
            0
          ],
          [
            -99.23567,
            18.9264,
            0
          ],
          [
            -99.23569,
            18.92645,
            0
          ],
          [
            -99.23579,
            18.92663,
            0
          ],
          [
            -99.23592,
            18.92685,
            0
          ],
          [
            -99.23596,
            18.92693,
            0
          ],
          [
            -99.23611,
            18.92715,
            0
          ],
          [
            -99.23631,
            18.92748,
            0
          ],
          [
            -99.23633,
            18.92751,
            0
          ],
          [
            -99.23638,
            18.92763,
            0
          ],
          [
            -99.23639,
            18.92763,
            0
          ],
          [
            -99.23644,
            18.92776,
            0
          ],
          [
            -99.2365,
            18.9279,
            0
          ],
          [
            -99.23651,
            18.92794,
            0
          ],
          [
            -99.23651,
            18.92798,
            0
          ],
          [
            -99.23651,
            18.92803,
            0
          ],
          [
            -99.2365,
            18.92809,
            0
          ],
          [
            -99.23649,
            18.92815,
            0
          ],
          [
            -99.23647,
            18.92818,
            0
          ],
          [
            -99.23646,
            18.9282,
            0
          ],
          [
            -99.23644,
            18.92822,
            0
          ],
          [
            -99.2364,
            18.92825,
            0
          ],
          [
            -99.23635,
            18.92826,
            0
          ],
          [
            -99.23632,
            18.92827,
            0
          ],
          [
            -99.23628,
            18.92828,
            0
          ],
          [
            -99.23624,
            18.92829,
            0
          ],
          [
            -99.23618,
            18.92829,
            0
          ],
          [
            -99.23613,
            18.92828,
            0
          ],
          [
            -99.23611,
            18.92827,
            0
          ],
          [
            -99.23609,
            18.92825,
            0
          ],
          [
            -99.23607,
            18.92823,
            0
          ],
          [
            -99.23591,
            18.92799,
            0
          ],
          [
            -99.23586,
            18.92794,
            0
          ],
          [
            -99.23579,
            18.9279,
            0
          ],
          [
            -99.23571,
            18.92785,
            0
          ],
          [
            -99.23567,
            18.92784,
            0
          ],
          [
            -99.23563,
            18.92783,
            0
          ],
          [
            -99.23558,
            18.92783,
            0
          ],
          [
            -99.23555,
            18.92784,
            0
          ],
          [
            -99.23552,
            18.92785,
            0
          ],
          [
            -99.23547,
            18.92787,
            0
          ],
          [
            -99.23527,
            18.92798,
            0
          ],
          [
            -99.23519,
            18.92804,
            0
          ],
          [
            -99.23496,
            18.92818,
            0
          ],
          [
            -99.23471,
            18.92832,
            0
          ],
          [
            -99.23464,
            18.92838,
            0
          ],
          [
            -99.23459,
            18.92843,
            0
          ],
          [
            -99.23456,
            18.92847,
            0
          ],
          [
            -99.23454,
            18.92851,
            0
          ],
          [
            -99.23453,
            18.92854,
            0
          ],
          [
            -99.23435,
            18.9291,
            0
          ],
          [
            -99.2343,
            18.92933,
            0
          ],
          [
            -99.23428,
            18.92945,
            0
          ],
          [
            -99.23425,
            18.92991,
            0
          ],
          [
            -99.23422,
            18.93006,
            0
          ],
          [
            -99.23421,
            18.9301,
            0
          ],
          [
            -99.2342,
            18.93014,
            0
          ],
          [
            -99.23416,
            18.9302,
            0
          ],
          [
            -99.23412,
            18.93027,
            0
          ],
          [
            -99.23405,
            18.93039,
            0
          ],
          [
            -99.23306,
            18.93073,
            0
          ],
          [
            -99.23298,
            18.93076,
            0
          ],
          [
            -99.23294,
            18.93078,
            0
          ],
          [
            -99.23284,
            18.93081,
            0
          ],
          [
            -99.23196,
            18.93116,
            0
          ],
          [
            -99.23195,
            18.93115,
            0
          ],
          [
            -99.23194,
            18.93115,
            0
          ],
          [
            -99.23194,
            18.93114,
            0
          ],
          [
            -99.23193,
            18.93114,
            0
          ],
          [
            -99.23192,
            18.93114,
            0
          ],
          [
            -99.23192,
            18.93113,
            0
          ],
          [
            -99.23191,
            18.93113,
            0
          ],
          [
            -99.2319,
            18.93113,
            0
          ],
          [
            -99.23189,
            18.93113,
            0
          ],
          [
            -99.23188,
            18.93113,
            0
          ],
          [
            -99.23187,
            18.93113,
            0
          ],
          [
            -99.23186,
            18.93113,
            0
          ],
          [
            -99.23185,
            18.93113,
            0
          ],
          [
            -99.23185,
            18.93114,
            0
          ],
          [
            -99.23184,
            18.93114,
            0
          ],
          [
            -99.23183,
            18.93114,
            0
          ],
          [
            -99.23182,
            18.93115,
            0
          ],
          [
            -99.23181,
            18.93115,
            0
          ],
          [
            -99.23181,
            18.93116,
            0
          ],
          [
            -99.2318,
            18.93116,
            0
          ],
          [
            -99.2318,
            18.93117,
            0
          ],
          [
            -99.23179,
            18.93117,
            0
          ],
          [
            -99.23155,
            18.93115,
            0
          ],
          [
            -99.23084,
            18.93111,
            0
          ],
          [
            -99.23082,
            18.93085,
            0
          ],
          [
            -99.23081,
            18.93071,
            0
          ],
          [
            -99.23078,
            18.93047,
            0
          ],
          [
            -99.23077,
            18.93037,
            0
          ],
          [
            -99.2307,
            18.92992,
            0
          ],
          [
            -99.23069,
            18.92989,
            0
          ],
          [
            -99.23064,
            18.9297,
            0
          ],
          [
            -99.2306,
            18.9296,
            0
          ],
          [
            -99.2305,
            18.92934,
            0
          ],
          [
            -99.23031,
            18.92892,
            0
          ],
          [
            -99.2303,
            18.92889,
            0
          ],
          [
            -99.23013,
            18.92842,
            0
          ],
          [
            -99.2301,
            18.92836,
            0
          ],
          [
            -99.22995,
            18.92796,
            0
          ],
          [
            -99.22993,
            18.92788,
            0
          ],
          [
            -99.22988,
            18.92781,
            0
          ],
          [
            -99.22982,
            18.92768,
            0
          ],
          [
            -99.22952,
            18.92698,
            0
          ],
          [
            -99.22948,
            18.92691,
            0
          ],
          [
            -99.22939,
            18.92675,
            0
          ],
          [
            -99.22935,
            18.92669,
            0
          ],
          [
            -99.22913,
            18.92642,
            0
          ],
          [
            -99.22898,
            18.92627,
            0
          ],
          [
            -99.22888,
            18.92618,
            0
          ],
          [
            -99.22882,
            18.92613,
            0
          ],
          [
            -99.2287,
            18.92603,
            0
          ],
          [
            -99.22851,
            18.92591,
            0
          ],
          [
            -99.22839,
            18.92583,
            0
          ],
          [
            -99.22829,
            18.92578,
            0
          ],
          [
            -99.22804,
            18.92567,
            0
          ],
          [
            -99.22794,
            18.92562,
            0
          ],
          [
            -99.22776,
            18.92559,
            0
          ],
          [
            -99.22684,
            18.92537,
            0
          ],
          [
            -99.22563,
            18.92509,
            0
          ],
          [
            -99.22546,
            18.92506,
            0
          ],
          [
            -99.22496,
            18.92494,
            0
          ],
          [
            -99.22418,
            18.92476,
            0
          ],
          [
            -99.22336,
            18.92456,
            0
          ],
          [
            -99.22327,
            18.92455,
            0
          ],
          [
            -99.22218,
            18.92432,
            0
          ],
          [
            -99.2216,
            18.92418,
            0
          ],
          [
            -99.2215,
            18.92416,
            0
          ],
          [
            -99.22107,
            18.92405,
            0
          ],
          [
            -99.22092,
            18.92402,
            0
          ],
          [
            -99.22078,
            18.92401,
            0
          ],
          [
            -99.22041,
            18.924,
            0
          ],
          [
            -99.22015,
            18.924,
            0
          ],
          [
            -99.21989,
            18.924,
            0
          ],
          [
            -99.21894,
            18.92402,
            0
          ],
          [
            -99.21868,
            18.92403,
            0
          ],
          [
            -99.21865,
            18.92403,
            0
          ],
          [
            -99.21852,
            18.92403,
            0
          ],
          [
            -99.21798,
            18.92402,
            0
          ],
          [
            -99.21765,
            18.92402,
            0
          ],
          [
            -99.21693,
            18.92404,
            0
          ],
          [
            -99.2167,
            18.92404,
            0
          ],
          [
            -99.21655,
            18.92404,
            0
          ],
          [
            -99.21592,
            18.92403,
            0
          ],
          [
            -99.21591,
            18.92403,
            0
          ],
          [
            -99.21519,
            18.92403,
            0
          ],
          [
            -99.21462,
            18.92403,
            0
          ],
          [
            -99.21399,
            18.92402,
            0
          ],
          [
            -99.21366,
            18.92402,
            0
          ],
          [
            -99.21306,
            18.92391,
            0
          ],
          [
            -99.21273,
            18.92382,
            0
          ],
          [
            -99.21212,
            18.92368,
            0
          ],
          [
            -99.21183,
            18.9236,
            0
          ],
          [
            -99.21156,
            18.92354,
            0
          ],
          [
            -99.21133,
            18.92349,
            0
          ],
          [
            -99.2108,
            18.92335,
            0
          ],
          [
            -99.21042,
            18.92326,
            0
          ],
          [
            -99.21026,
            18.92322,
            0
          ],
          [
            -99.21016,
            18.92318,
            0
          ],
          [
            -99.20993,
            18.92312,
            0
          ],
          [
            -99.20983,
            18.92309,
            0
          ],
          [
            -99.20941,
            18.92299,
            0
          ],
          [
            -99.20922,
            18.92294,
            0
          ],
          [
            -99.20916,
            18.92291,
            0
          ],
          [
            -99.20905,
            18.92285,
            0
          ],
          [
            -99.20889,
            18.92277,
            0
          ],
          [
            -99.20868,
            18.92263,
            0
          ],
          [
            -99.20828,
            18.92228,
            0
          ],
          [
            -99.20826,
            18.92227,
            0
          ],
          [
            -99.20801,
            18.92208,
            0
          ],
          [
            -99.20799,
            18.92207,
            0
          ],
          [
            -99.20791,
            18.92201,
            0
          ],
          [
            -99.20781,
            18.92194,
            0
          ],
          [
            -99.20775,
            18.92191,
            0
          ],
          [
            -99.20767,
            18.92187,
            0
          ],
          [
            -99.2075,
            18.92177,
            0
          ],
          [
            -99.20742,
            18.92174,
            0
          ],
          [
            -99.20732,
            18.9217,
            0
          ],
          [
            -99.20723,
            18.92168,
            0
          ],
          [
            -99.20721,
            18.92168,
            0
          ],
          [
            -99.20708,
            18.92165,
            0
          ],
          [
            -99.20691,
            18.92162,
            0
          ],
          [
            -99.20652,
            18.92157,
            0
          ],
          [
            -99.2062,
            18.92153,
            0
          ],
          [
            -99.20599,
            18.92151,
            0
          ],
          [
            -99.20582,
            18.92148,
            0
          ],
          [
            -99.20566,
            18.92144,
            0
          ],
          [
            -99.20528,
            18.92134,
            0
          ],
          [
            -99.20481,
            18.92126,
            0
          ],
          [
            -99.20469,
            18.92125,
            0
          ],
          [
            -99.20465,
            18.92125,
            0
          ],
          [
            -99.20454,
            18.92125,
            0
          ],
          [
            -99.20409,
            18.92118,
            0
          ],
          [
            -99.20396,
            18.92113,
            0
          ],
          [
            -99.20386,
            18.9211,
            0
          ],
          [
            -99.2038,
            18.92109,
            0
          ],
          [
            -99.20353,
            18.92103,
            0
          ],
          [
            -99.20304,
            18.92096,
            0
          ],
          [
            -99.20263,
            18.92091,
            0
          ],
          [
            -99.20248,
            18.9209,
            0
          ],
          [
            -99.20239,
            18.92089,
            0
          ],
          [
            -99.20226,
            18.92088,
            0
          ],
          [
            -99.20211,
            18.92089,
            0
          ],
          [
            -99.20197,
            18.9208,
            0
          ],
          [
            -99.20194,
            18.92079,
            0
          ],
          [
            -99.20191,
            18.92078,
            0
          ],
          [
            -99.20183,
            18.92077,
            0
          ],
          [
            -99.20168,
            18.92075,
            0
          ],
          [
            -99.20156,
            18.92074,
            0
          ],
          [
            -99.20123,
            18.92076,
            0
          ],
          [
            -99.20107,
            18.92078,
            0
          ],
          [
            -99.20079,
            18.92083,
            0
          ],
          [
            -99.20072,
            18.92083,
            0
          ],
          [
            -99.20071,
            18.92083,
            0
          ],
          [
            -99.20064,
            18.92083,
            0
          ],
          [
            -99.20059,
            18.92083,
            0
          ],
          [
            -99.20054,
            18.92083,
            0
          ],
          [
            -99.20033,
            18.92082,
            0
          ],
          [
            -99.20023,
            18.92081,
            0
          ],
          [
            -99.20015,
            18.9208,
            0
          ],
          [
            -99.19997,
            18.92076,
            0
          ],
          [
            -99.1999,
            18.92074,
            0
          ],
          [
            -99.19968,
            18.92068,
            0
          ],
          [
            -99.19876,
            18.92031,
            0
          ],
          [
            -99.19859,
            18.92024,
            0
          ],
          [
            -99.19849,
            18.9202,
            0
          ],
          [
            -99.19788,
            18.91995,
            0
          ],
          [
            -99.19724,
            18.9198,
            0
          ],
          [
            -99.19627,
            18.91962,
            0
          ],
          [
            -99.19611,
            18.91959,
            0
          ],
          [
            -99.19595,
            18.91957,
            0
          ],
          [
            -99.1959,
            18.91957,
            0
          ],
          [
            -99.19576,
            18.91956,
            0
          ],
          [
            -99.1957,
            18.91956,
            0
          ],
          [
            -99.19565,
            18.91957,
            0
          ],
          [
            -99.19553,
            18.91957,
            0
          ],
          [
            -99.19544,
            18.91958,
            0
          ],
          [
            -99.19534,
            18.9196,
            0
          ],
          [
            -99.19533,
            18.9196,
            0
          ],
          [
            -99.19523,
            18.91962,
            0
          ],
          [
            -99.19522,
            18.91962,
            0
          ],
          [
            -99.19521,
            18.91963,
            0
          ],
          [
            -99.19512,
            18.91971,
            0
          ],
          [
            -99.19475,
            18.9198,
            0
          ],
          [
            -99.19445,
            18.91988,
            0
          ],
          [
            -99.19433,
            18.91989,
            0
          ],
          [
            -99.19427,
            18.9199,
            0
          ],
          [
            -99.19414,
            18.9199,
            0
          ],
          [
            -99.194,
            18.91989,
            0
          ],
          [
            -99.19389,
            18.91988,
            0
          ],
          [
            -99.19377,
            18.91985,
            0
          ],
          [
            -99.19366,
            18.91983,
            0
          ],
          [
            -99.19351,
            18.91978,
            0
          ],
          [
            -99.19307,
            18.91964,
            0
          ],
          [
            -99.19261,
            18.91949,
            0
          ],
          [
            -99.19237,
            18.91942,
            0
          ],
          [
            -99.19163,
            18.91919,
            0
          ],
          [
            -99.1912,
            18.91906,
            0
          ],
          [
            -99.19113,
            18.91903,
            0
          ],
          [
            -99.19021,
            18.91875,
            0
          ],
          [
            -99.18947,
            18.91853,
            0
          ],
          [
            -99.18924,
            18.91846,
            0
          ],
          [
            -99.18916,
            18.91844,
            0
          ],
          [
            -99.18904,
            18.9184,
            0
          ],
          [
            -99.18882,
            18.91833,
            0
          ],
          [
            -99.18871,
            18.91828,
            0
          ],
          [
            -99.18867,
            18.91826,
            0
          ],
          [
            -99.18862,
            18.91824,
            0
          ],
          [
            -99.18853,
            18.9182,
            0
          ],
          [
            -99.18844,
            18.91815,
            0
          ],
          [
            -99.18835,
            18.91809,
            0
          ],
          [
            -99.18828,
            18.91804,
            0
          ],
          [
            -99.1882,
            18.91798,
            0
          ],
          [
            -99.18802,
            18.91782,
            0
          ],
          [
            -99.188,
            18.9178,
            0
          ],
          [
            -99.18771,
            18.91754,
            0
          ],
          [
            -99.18703,
            18.91695,
            0
          ],
          [
            -99.18694,
            18.91687,
            0
          ],
          [
            -99.18671,
            18.91666,
            0
          ],
          [
            -99.18663,
            18.91659,
            0
          ],
          [
            -99.18651,
            18.91648,
            0
          ],
          [
            -99.18634,
            18.91632,
            0
          ],
          [
            -99.18585,
            18.9159,
            0
          ],
          [
            -99.18551,
            18.91559,
            0
          ],
          [
            -99.1853,
            18.91539,
            0
          ],
          [
            -99.18479,
            18.91494,
            0
          ],
          [
            -99.18468,
            18.91482,
            0
          ],
          [
            -99.18451,
            18.91465,
            0
          ],
          [
            -99.18434,
            18.91447,
            0
          ],
          [
            -99.18422,
            18.91434,
            0
          ],
          [
            -99.18397,
            18.91408,
            0
          ],
          [
            -99.18359,
            18.91367,
            0
          ],
          [
            -99.18325,
            18.91331,
            0
          ],
          [
            -99.18286,
            18.9129,
            0
          ],
          [
            -99.18259,
            18.9126,
            0
          ],
          [
            -99.18239,
            18.91239,
            0
          ],
          [
            -99.18227,
            18.91227,
            0
          ],
          [
            -99.18209,
            18.91207,
            0
          ],
          [
            -99.18193,
            18.9119,
            0
          ],
          [
            -99.182,
            18.9118,
            0
          ],
          [
            -99.18197,
            18.91145,
            0
          ],
          [
            -99.182,
            18.9118,
            0
          ],
          [
            -99.18193,
            18.9119,
            0
          ],
          [
            -99.18176,
            18.91172,
            0
          ],
          [
            -99.18165,
            18.91159,
            0
          ],
          [
            -99.18143,
            18.91127,
            0
          ],
          [
            -99.18132,
            18.91109,
            0
          ],
          [
            -99.18126,
            18.91098,
            0
          ],
          [
            -99.18111,
            18.91111,
            0
          ],
          [
            -99.18076,
            18.91146,
            0
          ],
          [
            -99.18029,
            18.9119,
            0
          ],
          [
            -99.18005,
            18.91212,
            0
          ],
          [
            -99.17919,
            18.91292,
            0
          ],
          [
            -99.17898,
            18.91312,
            0
          ],
          [
            -99.17815,
            18.91391,
            0
          ],
          [
            -99.17802,
            18.91404,
            0
          ],
          [
            -99.17775,
            18.9143,
            0
          ],
          [
            -99.17713,
            18.91489,
            0
          ],
          [
            -99.17702,
            18.91499,
            0
          ],
          [
            -99.1769,
            18.91511,
            0
          ],
          [
            -99.17684,
            18.91518,
            0
          ],
          [
            -99.17675,
            18.91529,
            0
          ],
          [
            -99.17669,
            18.91538,
            0
          ],
          [
            -99.17662,
            18.91549,
            0
          ],
          [
            -99.17655,
            18.9156,
            0
          ],
          [
            -99.17647,
            18.91578,
            0
          ],
          [
            -99.17641,
            18.91593,
            0
          ],
          [
            -99.17638,
            18.91604,
            0
          ],
          [
            -99.17635,
            18.91616,
            0
          ],
          [
            -99.17633,
            18.91627,
            0
          ],
          [
            -99.17632,
            18.91634,
            0
          ],
          [
            -99.17631,
            18.91642,
            0
          ],
          [
            -99.1763,
            18.91659,
            0
          ],
          [
            -99.17631,
            18.91677,
            0
          ],
          [
            -99.17632,
            18.91705,
            0
          ],
          [
            -99.17596,
            18.91736,
            0
          ],
          [
            -99.17524,
            18.91809,
            0
          ],
          [
            -99.17453,
            18.91879,
            0
          ],
          [
            -99.17412,
            18.9192,
            0
          ],
          [
            -99.17371,
            18.9196,
            0
          ],
          [
            -99.17298,
            18.92033,
            0
          ],
          [
            -99.17242,
            18.92088,
            0
          ],
          [
            -99.17234,
            18.92095,
            0
          ],
          [
            -99.17218,
            18.9209,
            0
          ],
          [
            -99.17215,
            18.92089,
            0
          ],
          [
            -99.17204,
            18.92082,
            0
          ],
          [
            -99.17163,
            18.92051,
            0
          ],
          [
            -99.17096,
            18.91995,
            0
          ],
          [
            -99.17038,
            18.91948,
            0
          ],
          [
            -99.1701,
            18.91924,
            0
          ],
          [
            -99.16996,
            18.91912,
            0
          ],
          [
            -99.16943,
            18.91868,
            0
          ],
          [
            -99.16911,
            18.91841,
            0
          ],
          [
            -99.16885,
            18.91819,
            0
          ],
          [
            -99.16846,
            18.91786,
            0
          ],
          [
            -99.16791,
            18.9174,
            0
          ],
          [
            -99.16686,
            18.91654,
            0
          ],
          [
            -99.16672,
            18.9164,
            0
          ],
          [
            -99.16658,
            18.9163,
            0
          ],
          [
            -99.16608,
            18.91586,
            0
          ],
          [
            -99.16555,
            18.91544,
            0
          ],
          [
            -99.16554,
            18.91544,
            0
          ],
          [
            -99.1655,
            18.91542,
            0
          ],
          [
            -99.16549,
            18.91542,
            0
          ],
          [
            -99.16547,
            18.91543,
            0
          ],
          [
            -99.16546,
            18.91542,
            0
          ],
          [
            -99.16546,
            18.91541,
            0
          ],
          [
            -99.16546,
            18.9154,
            0
          ],
          [
            -99.16545,
            18.91539,
            0
          ],
          [
            -99.16545,
            18.91538,
            0
          ],
          [
            -99.16545,
            18.91537,
            0
          ],
          [
            -99.16641,
            18.91432,
            0
          ],
          [
            -99.16642,
            18.9143,
            0
          ],
          [
            -99.16723,
            18.91343,
            0
          ],
          [
            -99.16809,
            18.91251,
            0
          ],
          [
            -99.16847,
            18.91209,
            0
          ],
          [
            -99.16853,
            18.91203,
            0
          ],
          [
            -99.16865,
            18.91191,
            0
          ],
          [
            -99.169,
            18.91153,
            0
          ],
          [
            -99.16901,
            18.91154,
            0
          ],
          [
            -99.16902,
            18.91154,
            0
          ],
          [
            -99.16903,
            18.91154,
            0
          ],
          [
            -99.16904,
            18.91155,
            0
          ],
          [
            -99.16906,
            18.91155,
            0
          ],
          [
            -99.16907,
            18.91155,
            0
          ],
          [
            -99.16908,
            18.91155,
            0
          ],
          [
            -99.16909,
            18.91155,
            0
          ],
          [
            -99.16912,
            18.91155,
            0
          ],
          [
            -99.16915,
            18.91155,
            0
          ],
          [
            -99.16917,
            18.91155,
            0
          ],
          [
            -99.1692,
            18.91155,
            0
          ],
          [
            -99.16923,
            18.91154,
            0
          ],
          [
            -99.16926,
            18.91153,
            0
          ],
          [
            -99.16929,
            18.91152,
            0
          ],
          [
            -99.16931,
            18.91151,
            0
          ],
          [
            -99.16935,
            18.91149,
            0
          ],
          [
            -99.16938,
            18.91147,
            0
          ],
          [
            -99.16942,
            18.91144,
            0
          ],
          [
            -99.16945,
            18.91141,
            0
          ],
          [
            -99.16947,
            18.91138,
            0
          ],
          [
            -99.16949,
            18.91134,
            0
          ],
          [
            -99.16951,
            18.91131,
            0
          ],
          [
            -99.16953,
            18.91127,
            0
          ],
          [
            -99.16952,
            18.9112,
            0
          ],
          [
            -99.16951,
            18.91115,
            0
          ],
          [
            -99.16948,
            18.91111,
            0
          ],
          [
            -99.16946,
            18.91107,
            0
          ],
          [
            -99.16942,
            18.91104,
            0
          ],
          [
            -99.16939,
            18.91101,
            0
          ],
          [
            -99.16934,
            18.91098,
            0
          ],
          [
            -99.1693,
            18.91096,
            0
          ],
          [
            -99.16925,
            18.91095,
            0
          ],
          [
            -99.16923,
            18.91078,
            0
          ],
          [
            -99.1692,
            18.9106,
            0
          ],
          [
            -99.16916,
            18.91043,
            0
          ],
          [
            -99.16913,
            18.91026,
            0
          ],
          [
            -99.16913,
            18.91015,
            0
          ],
          [
            -99.16915,
            18.90978,
            0
          ],
          [
            -99.16923,
            18.90909,
            0
          ],
          [
            -99.1693,
            18.90856,
            0
          ],
          [
            -99.16932,
            18.90839,
            0
          ],
          [
            -99.16933,
            18.9083,
            0
          ],
          [
            -99.16935,
            18.90822,
            0
          ],
          [
            -99.16938,
            18.90813,
            0
          ],
          [
            -99.1694,
            18.90807,
            0
          ],
          [
            -99.16945,
            18.90798,
            0
          ],
          [
            -99.16948,
            18.90793,
            0
          ],
          [
            -99.16952,
            18.90786,
            0
          ],
          [
            -99.16956,
            18.90781,
            0
          ],
          [
            -99.16986,
            18.90746,
            0
          ],
          [
            -99.1705,
            18.90678,
            0
          ],
          [
            -99.17053,
            18.90675,
            0
          ],
          [
            -99.17076,
            18.9065,
            0
          ],
          [
            -99.17114,
            18.9061,
            0
          ],
          [
            -99.17131,
            18.90593,
            0
          ],
          [
            -99.17161,
            18.9056,
            0
          ],
          [
            -99.17212,
            18.90504,
            0
          ],
          [
            -99.17217,
            18.90498,
            0
          ],
          [
            -99.17298,
            18.9041,
            0
          ],
          [
            -99.17334,
            18.9037,
            0
          ],
          [
            -99.17384,
            18.90315,
            0
          ],
          [
            -99.17399,
            18.903,
            0
          ],
          [
            -99.17409,
            18.90288,
            0
          ],
          [
            -99.17427,
            18.90269,
            0
          ],
          [
            -99.17442,
            18.90255,
            0
          ],
          [
            -99.1743,
            18.90243,
            0
          ],
          [
            -99.17424,
            18.90237,
            0
          ],
          [
            -99.17389,
            18.902,
            0
          ],
          [
            -99.17379,
            18.90191,
            0
          ],
          [
            -99.17365,
            18.90177,
            0
          ],
          [
            -99.17322,
            18.90136,
            0
          ],
          [
            -99.1728,
            18.90092,
            0
          ],
          [
            -99.17275,
            18.90087,
            0
          ],
          [
            -99.17271,
            18.90082,
            0
          ],
          [
            -99.17265,
            18.90077,
            0
          ],
          [
            -99.17238,
            18.90051,
            0
          ],
          [
            -99.17227,
            18.9004,
            0
          ],
          [
            -99.17209,
            18.90024,
            0
          ],
          [
            -99.17194,
            18.90009,
            0
          ],
          [
            -99.17178,
            18.89994,
            0
          ],
          [
            -99.17148,
            18.89965,
            0
          ],
          [
            -99.17137,
            18.89955,
            0
          ],
          [
            -99.17135,
            18.89949,
            0
          ],
          [
            -99.17135,
            18.89947,
            0
          ],
          [
            -99.17134,
            18.89946,
            0
          ],
          [
            -99.17132,
            18.89943,
            0
          ],
          [
            -99.17123,
            18.89934,
            0
          ],
          [
            -99.17074,
            18.89885,
            0
          ],
          [
            -99.17068,
            18.89879,
            0
          ],
          [
            -99.17028,
            18.89839,
            0
          ],
          [
            -99.16991,
            18.89804,
            0
          ],
          [
            -99.16974,
            18.89787,
            0
          ],
          [
            -99.1695,
            18.89763,
            0
          ],
          [
            -99.16923,
            18.89736,
            0
          ],
          [
            -99.16925,
            18.89731,
            0
          ],
          [
            -99.16929,
            18.89723,
            0
          ],
          [
            -99.16934,
            18.89713,
            0
          ],
          [
            -99.16935,
            18.89712,
            0
          ],
          [
            -99.16937,
            18.89708,
            0
          ],
          [
            -99.16938,
            18.89706,
            0
          ],
          [
            -99.16939,
            18.89705,
            0
          ],
          [
            -99.16942,
            18.89699,
            0
          ],
          [
            -99.16945,
            18.89693,
            0
          ],
          [
            -99.16952,
            18.89681,
            0
          ],
          [
            -99.16966,
            18.89654,
            0
          ],
          [
            -99.16972,
            18.89641,
            0
          ],
          [
            -99.16981,
            18.89624,
            0
          ],
          [
            -99.1704,
            18.89513,
            0
          ],
          [
            -99.17071,
            18.89459,
            0
          ],
          [
            -99.17086,
            18.89431,
            0
          ],
          [
            -99.17092,
            18.89419,
            0
          ],
          [
            -99.17099,
            18.89405,
            0
          ],
          [
            -99.17115,
            18.89375,
            0
          ],
          [
            -99.17162,
            18.89288,
            0
          ],
          [
            -99.17182,
            18.8925,
            0
          ],
          [
            -99.17186,
            18.89241,
            0
          ],
          [
            -99.1724,
            18.89139,
            0
          ],
          [
            -99.17246,
            18.89129,
            0
          ],
          [
            -99.17292,
            18.89042,
            0
          ],
          [
            -99.17297,
            18.89043,
            0
          ],
          [
            -99.17301,
            18.89043,
            0
          ],
          [
            -99.17308,
            18.89043,
            0
          ],
          [
            -99.1732,
            18.89042,
            0
          ],
          [
            -99.17338,
            18.8904,
            0
          ],
          [
            -99.17363,
            18.89039,
            0
          ],
          [
            -99.17393,
            18.8904,
            0
          ],
          [
            -99.1741,
            18.89042,
            0
          ],
          [
            -99.17424,
            18.89044,
            0
          ],
          [
            -99.17436,
            18.89048,
            0
          ],
          [
            -99.17451,
            18.89053,
            0
          ],
          [
            -99.17477,
            18.89064,
            0
          ],
          [
            -99.17481,
            18.89056,
            0
          ],
          [
            -99.17486,
            18.89047,
            0
          ],
          [
            -99.17502,
            18.89018,
            0
          ],
          [
            -99.17548,
            18.88927,
            0
          ],
          [
            -99.17556,
            18.88911,
            0
          ],
          [
            -99.17587,
            18.8885,
            0
          ],
          [
            -99.17591,
            18.88843,
            0
          ],
          [
            -99.17605,
            18.88814,
            0
          ],
          [
            -99.17613,
            18.88796,
            0
          ],
          [
            -99.1762,
            18.8878,
            0
          ],
          [
            -99.17628,
            18.88756,
            0
          ],
          [
            -99.17656,
            18.88678,
            0
          ],
          [
            -99.17673,
            18.88626,
            0
          ],
          [
            -99.17683,
            18.88598,
            0
          ],
          [
            -99.17696,
            18.88559,
            0
          ],
          [
            -99.17701,
            18.88546,
            0
          ],
          [
            -99.17706,
            18.8853,
            0
          ],
          [
            -99.17719,
            18.88491,
            0
          ],
          [
            -99.17751,
            18.88394,
            0
          ],
          [
            -99.17765,
            18.88346,
            0
          ],
          [
            -99.17777,
            18.88312,
            0
          ],
          [
            -99.17802,
            18.8824,
            0
          ],
          [
            -99.17824,
            18.88179,
            0
          ],
          [
            -99.17827,
            18.8817,
            0
          ],
          [
            -99.1784,
            18.88134,
            0
          ],
          [
            -99.17853,
            18.88093,
            0
          ],
          [
            -99.17854,
            18.88089,
            0
          ],
          [
            -99.17856,
            18.88085,
            0
          ],
          [
            -99.17868,
            18.88051,
            0
          ],
          [
            -99.17871,
            18.88042,
            0
          ],
          [
            -99.17876,
            18.88028,
            0
          ],
          [
            -99.17886,
            18.87998,
            0
          ],
          [
            -99.17889,
            18.87989,
            0
          ],
          [
            -99.17889,
            18.87986,
            0
          ],
          [
            -99.17889,
            18.87984,
            0
          ],
          [
            -99.17889,
            18.8798,
            0
          ],
          [
            -99.17889,
            18.87974,
            0
          ],
          [
            -99.17887,
            18.87961,
            0
          ],
          [
            -99.17885,
            18.87947,
            0
          ],
          [
            -99.17884,
            18.87937,
            0
          ],
          [
            -99.17883,
            18.87933,
            0
          ],
          [
            -99.17881,
            18.87927,
            0
          ],
          [
            -99.1786,
            18.87899,
            0
          ],
          [
            -99.17844,
            18.87878,
            0
          ],
          [
            -99.17829,
            18.87863,
            0
          ],
          [
            -99.17824,
            18.87861,
            0
          ],
          [
            -99.17815,
            18.87858,
            0
          ],
          [
            -99.17775,
            18.87848,
            0
          ],
          [
            -99.17774,
            18.87848,
            0
          ],
          [
            -99.1772,
            18.87834,
            0
          ],
          [
            -99.17552,
            18.87788,
            0
          ],
          [
            -99.17537,
            18.87784,
            0
          ],
          [
            -99.17505,
            18.87776,
            0
          ],
          [
            -99.17467,
            18.87766,
            0
          ],
          [
            -99.17423,
            18.87754,
            0
          ],
          [
            -99.1739,
            18.87745,
            0
          ],
          [
            -99.17349,
            18.87734,
            0
          ],
          [
            -99.17339,
            18.87732,
            0
          ],
          [
            -99.17334,
            18.8773,
            0
          ],
          [
            -99.17326,
            18.87726,
            0
          ],
          [
            -99.17317,
            18.87721,
            0
          ],
          [
            -99.17312,
            18.87717,
            0
          ],
          [
            -99.17303,
            18.87709,
            0
          ],
          [
            -99.17299,
            18.87706,
            0
          ],
          [
            -99.17296,
            18.87702,
            0
          ],
          [
            -99.17292,
            18.87697,
            0
          ],
          [
            -99.17286,
            18.8769,
            0
          ],
          [
            -99.17282,
            18.87682,
            0
          ],
          [
            -99.17276,
            18.8767,
            0
          ],
          [
            -99.17271,
            18.87655,
            0
          ],
          [
            -99.1727,
            18.87648,
            0
          ],
          [
            -99.17269,
            18.87644,
            0
          ],
          [
            -99.17268,
            18.87619,
            0
          ],
          [
            -99.17265,
            18.87561,
            0
          ],
          [
            -99.17263,
            18.87491,
            0
          ],
          [
            -99.17261,
            18.87455,
            0
          ],
          [
            -99.1726,
            18.87442,
            0
          ],
          [
            -99.17258,
            18.87401,
            0
          ],
          [
            -99.17257,
            18.87366,
            0
          ],
          [
            -99.17258,
            18.8735,
            0
          ],
          [
            -99.17259,
            18.87327,
            0
          ],
          [
            -99.17261,
            18.87309,
            0
          ],
          [
            -99.17263,
            18.87299,
            0
          ],
          [
            -99.17268,
            18.87274,
            0
          ],
          [
            -99.17274,
            18.87252,
            0
          ],
          [
            -99.17282,
            18.87225,
            0
          ],
          [
            -99.17291,
            18.872,
            0
          ],
          [
            -99.173,
            18.87178,
            0
          ],
          [
            -99.17311,
            18.87152,
            0
          ],
          [
            -99.17332,
            18.87102,
            0
          ],
          [
            -99.17345,
            18.87076,
            0
          ],
          [
            -99.17358,
            18.87043,
            0
          ],
          [
            -99.17363,
            18.87026,
            0
          ],
          [
            -99.17368,
            18.8701,
            0
          ],
          [
            -99.17369,
            18.87003,
            0
          ],
          [
            -99.1737,
            18.86995,
            0
          ],
          [
            -99.17369,
            18.86976,
            0
          ],
          [
            -99.17367,
            18.86964,
            0
          ],
          [
            -99.17364,
            18.86947,
            0
          ],
          [
            -99.17361,
            18.86929,
            0
          ],
          [
            -99.17354,
            18.86904,
            0
          ],
          [
            -99.17353,
            18.86896,
            0
          ],
          [
            -99.17352,
            18.86881,
            0
          ],
          [
            -99.17354,
            18.86864,
            0
          ],
          [
            -99.17359,
            18.86839,
            0
          ],
          [
            -99.17361,
            18.86829,
            0
          ],
          [
            -99.17367,
            18.8681,
            0
          ],
          [
            -99.17374,
            18.86791,
            0
          ],
          [
            -99.1738,
            18.86771,
            0
          ],
          [
            -99.17384,
            18.86758,
            0
          ],
          [
            -99.1739,
            18.8674,
            0
          ],
          [
            -99.17396,
            18.86711,
            0
          ],
          [
            -99.17398,
            18.86701,
            0
          ],
          [
            -99.17399,
            18.86697,
            0
          ],
          [
            -99.17405,
            18.86671,
            0
          ],
          [
            -99.17417,
            18.86625,
            0
          ],
          [
            -99.17428,
            18.86589,
            0
          ],
          [
            -99.17429,
            18.8658,
            0
          ],
          [
            -99.17436,
            18.86556,
            0
          ],
          [
            -99.17446,
            18.8652,
            0
          ],
          [
            -99.17448,
            18.86511,
            0
          ],
          [
            -99.1746,
            18.86469,
            0
          ],
          [
            -99.17463,
            18.86458,
            0
          ],
          [
            -99.17468,
            18.86447,
            0
          ],
          [
            -99.17474,
            18.86432,
            0
          ],
          [
            -99.17478,
            18.86426,
            0
          ],
          [
            -99.17488,
            18.86409,
            0
          ],
          [
            -99.17497,
            18.86394,
            0
          ],
          [
            -99.17525,
            18.86354,
            0
          ],
          [
            -99.1753,
            18.86347,
            0
          ],
          [
            -99.17558,
            18.86305,
            0
          ],
          [
            -99.17616,
            18.86221,
            0
          ],
          [
            -99.17631,
            18.862,
            0
          ],
          [
            -99.17654,
            18.8617,
            0
          ],
          [
            -99.17675,
            18.86146,
            0
          ],
          [
            -99.17694,
            18.86125,
            0
          ],
          [
            -99.17724,
            18.86097,
            0
          ],
          [
            -99.17727,
            18.86093,
            0
          ],
          [
            -99.1778,
            18.86041,
            0
          ],
          [
            -99.17795,
            18.86026,
            0
          ],
          [
            -99.17805,
            18.86012,
            0
          ],
          [
            -99.17812,
            18.86002,
            0
          ],
          [
            -99.17812,
            18.86001,
            0
          ],
          [
            -99.17821,
            18.85986,
            0
          ],
          [
            -99.17841,
            18.85948,
            0
          ],
          [
            -99.17849,
            18.85935,
            0
          ],
          [
            -99.1786,
            18.85914,
            0
          ],
          [
            -99.17874,
            18.85891,
            0
          ],
          [
            -99.17877,
            18.85886,
            0
          ],
          [
            -99.1788,
            18.85883,
            0
          ],
          [
            -99.17884,
            18.85878,
            0
          ],
          [
            -99.17895,
            18.85868,
            0
          ],
          [
            -99.17904,
            18.85861,
            0
          ],
          [
            -99.17918,
            18.8585,
            0
          ],
          [
            -99.1795,
            18.85826,
            0
          ],
          [
            -99.17963,
            18.85817,
            0
          ],
          [
            -99.17973,
            18.85809,
            0
          ],
          [
            -99.17975,
            18.85807,
            0
          ],
          [
            -99.17982,
            18.85801,
            0
          ],
          [
            -99.17987,
            18.85796,
            0
          ],
          [
            -99.17996,
            18.85786,
            0
          ],
          [
            -99.18001,
            18.85779,
            0
          ],
          [
            -99.18007,
            18.8577,
            0
          ],
          [
            -99.1801,
            18.85765,
            0
          ],
          [
            -99.18013,
            18.8576,
            0
          ],
          [
            -99.18016,
            18.85755,
            0
          ],
          [
            -99.1802,
            18.85743,
            0
          ],
          [
            -99.18022,
            18.85736,
            0
          ],
          [
            -99.18024,
            18.85723,
            0
          ],
          [
            -99.18025,
            18.85708,
            0
          ],
          [
            -99.18025,
            18.85692,
            0
          ],
          [
            -99.18024,
            18.85685,
            0
          ],
          [
            -99.18023,
            18.85679,
            0
          ],
          [
            -99.1802,
            18.85669,
            0
          ],
          [
            -99.18017,
            18.8566,
            0
          ],
          [
            -99.18014,
            18.85654,
            0
          ],
          [
            -99.18002,
            18.85635,
            0
          ],
          [
            -99.17983,
            18.85606,
            0
          ],
          [
            -99.17979,
            18.856,
            0
          ],
          [
            -99.17964,
            18.8558,
            0
          ],
          [
            -99.17928,
            18.85531,
            0
          ],
          [
            -99.17919,
            18.85518,
            0
          ],
          [
            -99.17896,
            18.85486,
            0
          ],
          [
            -99.17876,
            18.85457,
            0
          ],
          [
            -99.17851,
            18.85421,
            0
          ],
          [
            -99.1784,
            18.85405,
            0
          ],
          [
            -99.17835,
            18.85397,
            0
          ],
          [
            -99.1783,
            18.85385,
            0
          ],
          [
            -99.17821,
            18.8536,
            0
          ],
          [
            -99.17819,
            18.85352,
            0
          ],
          [
            -99.17818,
            18.85341,
            0
          ],
          [
            -99.17816,
            18.8533,
            0
          ],
          [
            -99.17815,
            18.85313,
            0
          ],
          [
            -99.17815,
            18.85288,
            0
          ],
          [
            -99.17815,
            18.85282,
            0
          ],
          [
            -99.17817,
            18.85259,
            0
          ],
          [
            -99.17819,
            18.85248,
            0
          ],
          [
            -99.17821,
            18.8524,
            0
          ],
          [
            -99.17836,
            18.85172,
            0
          ],
          [
            -99.1784,
            18.85154,
            0
          ],
          [
            -99.17856,
            18.85072,
            0
          ],
          [
            -99.1786,
            18.8505,
            0
          ],
          [
            -99.17864,
            18.85036,
            0
          ],
          [
            -99.17868,
            18.85021,
            0
          ],
          [
            -99.17869,
            18.85017,
            0
          ],
          [
            -99.17887,
            18.84971,
            0
          ],
          [
            -99.17899,
            18.84943,
            0
          ],
          [
            -99.17917,
            18.84913,
            0
          ],
          [
            -99.17927,
            18.84892,
            0
          ],
          [
            -99.17933,
            18.84881,
            0
          ],
          [
            -99.17944,
            18.8486,
            0
          ],
          [
            -99.17964,
            18.84815,
            0
          ],
          [
            -99.17967,
            18.84809,
            0
          ],
          [
            -99.17974,
            18.84797,
            0
          ],
          [
            -99.17982,
            18.84786,
            0
          ],
          [
            -99.18014,
            18.84746,
            0
          ],
          [
            -99.18022,
            18.84736,
            0
          ],
          [
            -99.18028,
            18.84728,
            0
          ],
          [
            -99.18039,
            18.84717,
            0
          ],
          [
            -99.1805,
            18.84702,
            0
          ],
          [
            -99.18054,
            18.84695,
            0
          ],
          [
            -99.18059,
            18.84691,
            0
          ],
          [
            -99.18065,
            18.84687,
            0
          ],
          [
            -99.18068,
            18.84686,
            0
          ],
          [
            -99.18071,
            18.84684,
            0
          ],
          [
            -99.18079,
            18.84682,
            0
          ],
          [
            -99.18086,
            18.84683,
            0
          ],
          [
            -99.18127,
            18.84685,
            0
          ],
          [
            -99.18136,
            18.84679,
            0
          ],
          [
            -99.18145,
            18.84671,
            0
          ],
          [
            -99.18159,
            18.84656,
            0
          ],
          [
            -99.18174,
            18.84639,
            0
          ],
          [
            -99.18178,
            18.84634,
            0
          ],
          [
            -99.18225,
            18.84578,
            0
          ],
          [
            -99.18254,
            18.84545,
            0
          ],
          [
            -99.18264,
            18.84527,
            0
          ],
          [
            -99.18275,
            18.84503,
            0
          ],
          [
            -99.18284,
            18.84476,
            0
          ],
          [
            -99.18301,
            18.84432,
            0
          ],
          [
            -99.18303,
            18.84429,
            0
          ],
          [
            -99.18314,
            18.84398,
            0
          ],
          [
            -99.18336,
            18.84327,
            0
          ],
          [
            -99.18344,
            18.84303,
            0
          ],
          [
            -99.18356,
            18.84261,
            0
          ],
          [
            -99.18363,
            18.84231,
            0
          ],
          [
            -99.18372,
            18.84204,
            0
          ],
          [
            -99.18376,
            18.84192,
            0
          ],
          [
            -99.18378,
            18.84187,
            0
          ],
          [
            -99.18381,
            18.84181,
            0
          ],
          [
            -99.18386,
            18.84176,
            0
          ],
          [
            -99.18394,
            18.84167,
            0
          ],
          [
            -99.18412,
            18.84144,
            0
          ],
          [
            -99.18417,
            18.84138,
            0
          ],
          [
            -99.18434,
            18.84115,
            0
          ],
          [
            -99.18443,
            18.84103,
            0
          ],
          [
            -99.18454,
            18.84077,
            0
          ],
          [
            -99.18459,
            18.84063,
            0
          ],
          [
            -99.18458,
            18.84051,
            0
          ],
          [
            -99.1846,
            18.84044,
            0
          ],
          [
            -99.18461,
            18.84038,
            0
          ],
          [
            -99.18464,
            18.84032,
            0
          ],
          [
            -99.1847,
            18.84022,
            0
          ],
          [
            -99.18441,
            18.84001,
            0
          ],
          [
            -99.18414,
            18.83983,
            0
          ],
          [
            -99.18383,
            18.8396,
            0
          ],
          [
            -99.1838,
            18.83958,
            0
          ],
          [
            -99.18379,
            18.83957,
            0
          ],
          [
            -99.18347,
            18.83949,
            0
          ],
          [
            -99.18344,
            18.83939,
            0
          ],
          [
            -99.18343,
            18.83934,
            0
          ],
          [
            -99.18343,
            18.83927,
            0
          ],
          [
            -99.18343,
            18.83912,
            0
          ],
          [
            -99.18344,
            18.83902,
            0
          ],
          [
            -99.18347,
            18.83889,
            0
          ],
          [
            -99.18354,
            18.83866,
            0
          ],
          [
            -99.1836,
            18.83846,
            0
          ],
          [
            -99.18363,
            18.83836,
            0
          ],
          [
            -99.18364,
            18.83821,
            0
          ],
          [
            -99.18363,
            18.83818,
            0
          ],
          [
            -99.18358,
            18.83804,
            0
          ],
          [
            -99.18335,
            18.83787,
            0
          ],
          [
            -99.1831,
            18.83769,
            0
          ],
          [
            -99.18288,
            18.83752,
            0
          ],
          [
            -99.18276,
            18.83743,
            0
          ],
          [
            -99.18266,
            18.83734,
            0
          ],
          [
            -99.18251,
            18.83727,
            0
          ],
          [
            -99.18189,
            18.83689,
            0
          ],
          [
            -99.18158,
            18.83668,
            0
          ],
          [
            -99.18117,
            18.83641,
            0
          ],
          [
            -99.18098,
            18.83628,
            0
          ],
          [
            -99.18091,
            18.83622,
            0
          ],
          [
            -99.18082,
            18.83615,
            0
          ],
          [
            -99.1807,
            18.83604,
            0
          ],
          [
            -99.18098,
            18.83558,
            0
          ],
          [
            -99.18103,
            18.83546,
            0
          ],
          [
            -99.18111,
            18.83521,
            0
          ],
          [
            -99.18118,
            18.83504,
            0
          ],
          [
            -99.18121,
            18.83496,
            0
          ],
          [
            -99.18125,
            18.83493,
            0
          ],
          [
            -99.18128,
            18.83491,
            0
          ],
          [
            -99.1813,
            18.8349,
            0
          ],
          [
            -99.18133,
            18.83489,
            0
          ],
          [
            -99.18135,
            18.83489,
            0
          ],
          [
            -99.18167,
            18.8349,
            0
          ],
          [
            -99.18167,
            18.83479,
            0
          ],
          [
            -99.18163,
            18.8345,
            0
          ],
          [
            -99.18162,
            18.83431,
            0
          ],
          [
            -99.18163,
            18.83415,
            0
          ],
          [
            -99.18165,
            18.83402,
            0
          ],
          [
            -99.18168,
            18.83391,
            0
          ],
          [
            -99.18171,
            18.83385,
            0
          ],
          [
            -99.18181,
            18.83365,
            0
          ],
          [
            -99.18186,
            18.83355,
            0
          ],
          [
            -99.18199,
            18.83327,
            0
          ],
          [
            -99.18223,
            18.83275,
            0
          ],
          [
            -99.18237,
            18.83244,
            0
          ],
          [
            -99.18238,
            18.83241,
            0
          ],
          [
            -99.18238,
            18.83236,
            0
          ],
          [
            -99.18219,
            18.83179,
            0
          ],
          [
            -99.18212,
            18.83161,
            0
          ],
          [
            -99.18203,
            18.8314,
            0
          ],
          [
            -99.18192,
            18.83113,
            0
          ],
          [
            -99.18181,
            18.83078,
            0
          ],
          [
            -99.18176,
            18.83063,
            0
          ],
          [
            -99.18174,
            18.83057,
            0
          ],
          [
            -99.18222,
            18.83028,
            0
          ],
          [
            -99.1823,
            18.83024,
            0
          ]
        ]
      },
      "properties": {
        "name": "CENTRO - MODESTO RANGEL",
        "styleUrl": "#line-673AB7-5000-nodesc",
        "stroke-opacity": 1,
        "stroke": "#673ab7",
        "stroke-width": 5
      }
    }
  ]
}