{
  "type": "FeatureCollection",
  "features": [
    {
      "type": "Feature",
      "geometry": {
        "type": "LineString",
        "coordinates": [
          [
            -99.23047,
            18.97748,
            0
          ],
          [
            -99.23047,
            18.97743,
            0
          ],
          [
            -99.22982,
            18.97748,
            0
          ],
          [
            -99.2297,
            18.97623,
            0
          ],
          [
            -99.2297,
            18.97617,
            0
          ],
          [
            -99.22968,
            18.97604,
            0
          ],
          [
            -99.22973,
            18.97589,
            0
          ],
          [
            -99.22985,
            18.97563,
            0
          ],
          [
            -99.2301,
            18.97486,
            0
          ],
          [
            -99.23012,
            18.97483,
            0
          ],
          [
            -99.23023,
            18.97458,
            0
          ],
          [
            -99.23101,
            18.97346,
            0
          ],
          [
            -99.23105,
            18.97339,
            0
          ],
          [
            -99.23126,
            18.97309,
            0
          ],
          [
            -99.23141,
            18.97284,
            0
          ],
          [
            -99.2315,
            18.97256,
            0
          ],
          [
            -99.23166,
            18.97139,
            0
          ],
          [
            -99.23167,
            18.97125,
            0
          ],
          [
            -99.23185,
            18.96996,
            0
          ],
          [
            -99.23194,
            18.96883,
            0
          ],
          [
            -99.23204,
            18.96818,
            0
          ],
          [
            -99.23204,
            18.96765,
            0
          ],
          [
            -99.23201,
            18.96732,
            0
          ],
          [
            -99.23391,
            18.96671,
            0
          ],
          [
            -99.23399,
            18.96666,
            0
          ],
          [
            -99.23406,
            18.96663,
            0
          ],
          [
            -99.23443,
            18.96653,
            0
          ],
          [
            -99.23448,
            18.96651,
            0
          ],
          [
            -99.2346,
            18.96649,
            0
          ],
          [
            -99.23483,
            18.96647,
            0
          ],
          [
            -99.23498,
            18.96647,
            0
          ],
          [
            -99.2352,
            18.96651,
            0
          ],
          [
            -99.23582,
            18.96674,
            0
          ],
          [
            -99.23583,
            18.96674,
            0
          ],
          [
            -99.23618,
            18.96688,
            0
          ],
          [
            -99.23718,
            18.96723,
            0
          ],
          [
            -99.23827,
            18.96765,
            0
          ],
          [
            -99.23828,
            18.96765,
            0
          ],
          [
            -99.23879,
            18.96783,
            0
          ],
          [
            -99.23902,
            18.96787,
            0
          ],
          [
            -99.23969,
            18.96785,
            0
          ],
          [
            -99.23975,
            18.96786,
            0
          ],
          [
            -99.2398,
            18.96788,
            0
          ],
          [
            -99.23984,
            18.96791,
            0
          ],
          [
            -99.23989,
            18.96793,
            0
          ],
          [
            -99.24001,
            18.96796,
            0
          ],
          [
            -99.24,
            18.96798,
            0
          ],
          [
            -99.23999,
            18.96799,
            0
          ],
          [
            -99.23999,
            18.96801,
            0
          ],
          [
            -99.23998,
            18.96802,
            0
          ],
          [
            -99.23998,
            18.96809,
            0
          ],
          [
            -99.24,
            18.96814,
            0
          ],
          [
            -99.24002,
            18.96815,
            0
          ],
          [
            -99.24004,
            18.96817,
            0
          ],
          [
            -99.24005,
            18.96819,
            0
          ],
          [
            -99.24018,
            18.96824,
            0
          ],
          [
            -99.24022,
            18.96824,
            0
          ],
          [
            -99.24025,
            18.96823,
            0
          ],
          [
            -99.24028,
            18.96823,
            0
          ],
          [
            -99.2403,
            18.96822,
            0
          ],
          [
            -99.24031,
            18.96822,
            0
          ],
          [
            -99.24034,
            18.9682,
            0
          ],
          [
            -99.24037,
            18.96819,
            0
          ],
          [
            -99.2404,
            18.96817,
            0
          ],
          [
            -99.24045,
            18.96811,
            0
          ],
          [
            -99.24046,
            18.96808,
            0
          ],
          [
            -99.24048,
            18.96806,
            0
          ],
          [
            -99.24048,
            18.96803,
            0
          ],
          [
            -99.24049,
            18.96801,
            0
          ],
          [
            -99.24049,
            18.96793,
            0
          ],
          [
            -99.24048,
            18.9679,
            0
          ],
          [
            -99.24048,
            18.96789,
            0
          ],
          [
            -99.24047,
            18.96789,
            0
          ],
          [
            -99.24046,
            18.96788,
            0
          ],
          [
            -99.24046,
            18.96787,
            0
          ],
          [
            -99.24045,
            18.96787,
            0
          ],
          [
            -99.24044,
            18.96786,
            0
          ],
          [
            -99.24043,
            18.96786,
            0
          ],
          [
            -99.24043,
            18.96785,
            0
          ],
          [
            -99.24037,
            18.9676,
            0
          ],
          [
            -99.24027,
            18.96732,
            0
          ],
          [
            -99.24024,
            18.96714,
            0
          ],
          [
            -99.23839,
            18.96084,
            0
          ],
          [
            -99.23835,
            18.96074,
            0
          ],
          [
            -99.23806,
            18.95963,
            0
          ],
          [
            -99.23767,
            18.95846,
            0
          ],
          [
            -99.23742,
            18.95742,
            0
          ],
          [
            -99.23735,
            18.95719,
            0
          ],
          [
            -99.23731,
            18.95711,
            0
          ],
          [
            -99.23704,
            18.95619,
            0
          ],
          [
            -99.23702,
            18.95608,
            0
          ],
          [
            -99.23693,
            18.95584,
            0
          ],
          [
            -99.23616,
            18.95322,
            0
          ],
          [
            -99.23599,
            18.95257,
            0
          ],
          [
            -99.23565,
            18.95145,
            0
          ],
          [
            -99.23557,
            18.95112,
            0
          ],
          [
            -99.23528,
            18.95021,
            0
          ],
          [
            -99.2354,
            18.9502,
            0
          ],
          [
            -99.23532,
            18.94935,
            0
          ],
          [
            -99.23523,
            18.94539,
            0
          ],
          [
            -99.23521,
            18.94511,
            0
          ],
          [
            -99.23516,
            18.94285,
            0
          ],
          [
            -99.23517,
            18.94243,
            0
          ],
          [
            -99.23511,
            18.94091,
            0
          ],
          [
            -99.2351,
            18.94086,
            0
          ],
          [
            -99.23507,
            18.94078,
            0
          ],
          [
            -99.23447,
            18.93971,
            0
          ],
          [
            -99.23437,
            18.93948,
            0
          ],
          [
            -99.23437,
            18.93935,
            0
          ],
          [
            -99.23455,
            18.93821,
            0
          ],
          [
            -99.23454,
            18.93815,
            0
          ],
          [
            -99.23454,
            18.9381,
            0
          ],
          [
            -99.23452,
            18.93804,
            0
          ],
          [
            -99.23444,
            18.93791,
            0
          ],
          [
            -99.23408,
            18.9376,
            0
          ],
          [
            -99.23404,
            18.93751,
            0
          ],
          [
            -99.23385,
            18.93663,
            0
          ],
          [
            -99.23378,
            18.93641,
            0
          ],
          [
            -99.23373,
            18.93618,
            0
          ],
          [
            -99.23372,
            18.93606,
            0
          ],
          [
            -99.23375,
            18.93589,
            0
          ],
          [
            -99.23377,
            18.93584,
            0
          ],
          [
            -99.23384,
            18.93572,
            0
          ],
          [
            -99.23451,
            18.93489,
            0
          ],
          [
            -99.23452,
            18.93487,
            0
          ],
          [
            -99.23498,
            18.9343,
            0
          ],
          [
            -99.23415,
            18.9336,
            0
          ],
          [
            -99.23402,
            18.93344,
            0
          ],
          [
            -99.23394,
            18.93332,
            0
          ],
          [
            -99.23366,
            18.93257,
            0
          ],
          [
            -99.23347,
            18.93235,
            0
          ],
          [
            -99.23328,
            18.93221,
            0
          ],
          [
            -99.23303,
            18.93209,
            0
          ],
          [
            -99.23295,
            18.93208,
            0
          ],
          [
            -99.23288,
            18.93206,
            0
          ],
          [
            -99.23255,
            18.93205,
            0
          ],
          [
            -99.23267,
            18.9319,
            0
          ],
          [
            -99.23273,
            18.93185,
            0
          ],
          [
            -99.2328,
            18.93181,
            0
          ],
          [
            -99.23316,
            18.93154,
            0
          ],
          [
            -99.23328,
            18.93149,
            0
          ],
          [
            -99.2335,
            18.93144,
            0
          ],
          [
            -99.23357,
            18.93144,
            0
          ],
          [
            -99.23365,
            18.93146,
            0
          ],
          [
            -99.23375,
            18.9315,
            0
          ],
          [
            -99.23385,
            18.93158,
            0
          ],
          [
            -99.23394,
            18.93168,
            0
          ],
          [
            -99.23396,
            18.93173,
            0
          ],
          [
            -99.23417,
            18.9321,
            0
          ],
          [
            -99.2342,
            18.93213,
            0
          ],
          [
            -99.23426,
            18.93217,
            0
          ],
          [
            -99.23432,
            18.9322,
            0
          ],
          [
            -99.23445,
            18.93223,
            0
          ],
          [
            -99.23456,
            18.93224,
            0
          ],
          [
            -99.23471,
            18.93221,
            0
          ],
          [
            -99.23484,
            18.93216,
            0
          ],
          [
            -99.23496,
            18.93209,
            0
          ],
          [
            -99.23501,
            18.93204,
            0
          ],
          [
            -99.23507,
            18.93196,
            0
          ],
          [
            -99.2351,
            18.93189,
            0
          ],
          [
            -99.23501,
            18.93064,
            0
          ],
          [
            -99.23504,
            18.93027,
            0
          ],
          [
            -99.23512,
            18.92986,
            0
          ],
          [
            -99.23513,
            18.92976,
            0
          ],
          [
            -99.23513,
            18.92958,
            0
          ],
          [
            -99.23504,
            18.92901,
            0
          ],
          [
            -99.23504,
            18.92891,
            0
          ],
          [
            -99.23506,
            18.92879,
            0
          ],
          [
            -99.23508,
            18.92874,
            0
          ],
          [
            -99.23513,
            18.92866,
            0
          ],
          [
            -99.23521,
            18.92859,
            0
          ],
          [
            -99.23537,
            18.92854,
            0
          ],
          [
            -99.23543,
            18.92854,
            0
          ],
          [
            -99.2355,
            18.92851,
            0
          ],
          [
            -99.23554,
            18.92853,
            0
          ],
          [
            -99.23555,
            18.92853,
            0
          ],
          [
            -99.23568,
            18.92863,
            0
          ],
          [
            -99.23574,
            18.92869,
            0
          ],
          [
            -99.23612,
            18.9292,
            0
          ],
          [
            -99.23626,
            18.92933,
            0
          ],
          [
            -99.23655,
            18.92956,
            0
          ],
          [
            -99.23711,
            18.9299,
            0
          ],
          [
            -99.23716,
            18.92991,
            0
          ],
          [
            -99.2373,
            18.92991,
            0
          ],
          [
            -99.23737,
            18.92989,
            0
          ],
          [
            -99.23754,
            18.92997,
            0
          ],
          [
            -99.23767,
            18.92983,
            0
          ],
          [
            -99.23773,
            18.92964,
            0
          ],
          [
            -99.23785,
            18.92946,
            0
          ],
          [
            -99.23784,
            18.92936,
            0
          ],
          [
            -99.23782,
            18.92927,
            0
          ],
          [
            -99.2378,
            18.92923,
            0
          ],
          [
            -99.23749,
            18.92898,
            0
          ],
          [
            -99.23741,
            18.9289,
            0
          ],
          [
            -99.23739,
            18.92887,
            0
          ],
          [
            -99.23738,
            18.92881,
            0
          ],
          [
            -99.23729,
            18.92748,
            0
          ],
          [
            -99.23735,
            18.92718,
            0
          ],
          [
            -99.23744,
            18.92697,
            0
          ],
          [
            -99.23739,
            18.9268,
            0
          ],
          [
            -99.2369,
            18.92574,
            0
          ],
          [
            -99.23656,
            18.92437,
            0
          ],
          [
            -99.23651,
            18.92426,
            0
          ],
          [
            -99.23561,
            18.92287,
            0
          ],
          [
            -99.23543,
            18.92267,
            0
          ],
          [
            -99.23532,
            18.92258,
            0
          ],
          [
            -99.23512,
            18.92113,
            0
          ],
          [
            -99.2351,
            18.92083,
            0
          ],
          [
            -99.23508,
            18.91889,
            0
          ],
          [
            -99.23511,
            18.91889,
            0
          ],
          [
            -99.23504,
            18.91577,
            0
          ],
          [
            -99.23488,
            18.91425,
            0
          ],
          [
            -99.23468,
            18.91353,
            0
          ],
          [
            -99.2346,
            18.91332,
            0
          ],
          [
            -99.23449,
            18.91311,
            0
          ],
          [
            -99.23434,
            18.9129,
            0
          ],
          [
            -99.23381,
            18.912,
            0
          ],
          [
            -99.23356,
            18.91152,
            0
          ],
          [
            -99.23313,
            18.91054,
            0
          ],
          [
            -99.23263,
            18.90919,
            0
          ],
          [
            -99.23249,
            18.90872,
            0
          ],
          [
            -99.23242,
            18.90853,
            0
          ],
          [
            -99.23217,
            18.9076,
            0
          ],
          [
            -99.2321,
            18.90707,
            0
          ],
          [
            -99.23219,
            18.90703,
            0
          ],
          [
            -99.23208,
            18.90682,
            0
          ],
          [
            -99.23206,
            18.90672,
            0
          ],
          [
            -99.23204,
            18.90666,
            0
          ],
          [
            -99.23187,
            18.90573,
            0
          ],
          [
            -99.23168,
            18.90438,
            0
          ],
          [
            -99.23141,
            18.90127,
            0
          ],
          [
            -99.23105,
            18.89993,
            0
          ],
          [
            -99.23033,
            18.89782,
            0
          ],
          [
            -99.22911,
            18.89519,
            0
          ],
          [
            -99.2291,
            18.89518,
            0
          ],
          [
            -99.22836,
            18.8935,
            0
          ],
          [
            -99.22836,
            18.89345,
            0
          ],
          [
            -99.22832,
            18.8933,
            0
          ],
          [
            -99.22832,
            18.89325,
            0
          ],
          [
            -99.2283,
            18.89318,
            0
          ],
          [
            -99.22818,
            18.89289,
            0
          ],
          [
            -99.22804,
            18.89234,
            0
          ],
          [
            -99.22797,
            18.89194,
            0
          ],
          [
            -99.22795,
            18.89168,
            0
          ],
          [
            -99.22796,
            18.89142,
            0
          ],
          [
            -99.22798,
            18.89127,
            0
          ],
          [
            -99.22804,
            18.89099,
            0
          ],
          [
            -99.22803,
            18.89094,
            0
          ],
          [
            -99.22803,
            18.89089,
            0
          ],
          [
            -99.22801,
            18.89081,
            0
          ],
          [
            -99.22825,
            18.89013,
            0
          ],
          [
            -99.22834,
            18.88994,
            0
          ],
          [
            -99.22847,
            18.88955,
            0
          ],
          [
            -99.22848,
            18.88954,
            0
          ],
          [
            -99.22894,
            18.88839,
            0
          ],
          [
            -99.22867,
            18.88735,
            0
          ],
          [
            -99.22858,
            18.88717,
            0
          ],
          [
            -99.22863,
            18.88519,
            0
          ],
          [
            -99.22862,
            18.88497,
            0
          ],
          [
            -99.2285,
            18.88399,
            0
          ],
          [
            -99.22798,
            18.88119,
            0
          ],
          [
            -99.22786,
            18.8804,
            0
          ],
          [
            -99.22745,
            18.87841,
            0
          ],
          [
            -99.22722,
            18.87779,
            0
          ],
          [
            -99.22714,
            18.87751,
            0
          ],
          [
            -99.22637,
            18.87549,
            0
          ],
          [
            -99.22622,
            18.87515,
            0
          ],
          [
            -99.22602,
            18.87457,
            0
          ],
          [
            -99.22573,
            18.87359,
            0
          ],
          [
            -99.2257,
            18.87352,
            0
          ],
          [
            -99.22566,
            18.87345,
            0
          ],
          [
            -99.22555,
            18.87331,
            0
          ],
          [
            -99.22545,
            18.87322,
            0
          ],
          [
            -99.2254,
            18.8732,
            0
          ],
          [
            -99.22531,
            18.87315,
            0
          ],
          [
            -99.22518,
            18.87312,
            0
          ],
          [
            -99.22507,
            18.87312,
            0
          ],
          [
            -99.22495,
            18.87314,
            0
          ],
          [
            -99.22411,
            18.87336,
            0
          ],
          [
            -99.22381,
            18.87338,
            0
          ],
          [
            -99.22297,
            18.8735,
            0
          ],
          [
            -99.22283,
            18.87356,
            0
          ],
          [
            -99.22276,
            18.8736,
            0
          ],
          [
            -99.22266,
            18.8737,
            0
          ],
          [
            -99.22261,
            18.87381,
            0
          ],
          [
            -99.22259,
            18.87388,
            0
          ],
          [
            -99.22251,
            18.87431,
            0
          ],
          [
            -99.22246,
            18.87476,
            0
          ],
          [
            -99.22245,
            18.87507,
            0
          ],
          [
            -99.2227,
            18.87577,
            0
          ],
          [
            -99.22273,
            18.8759,
            0
          ],
          [
            -99.22273,
            18.87593,
            0
          ],
          [
            -99.22276,
            18.8761,
            0
          ],
          [
            -99.22276,
            18.87626,
            0
          ],
          [
            -99.22277,
            18.87637,
            0
          ],
          [
            -99.22273,
            18.87686,
            0
          ],
          [
            -99.22268,
            18.87698,
            0
          ],
          [
            -99.22257,
            18.87688,
            0
          ],
          [
            -99.22251,
            18.8768,
            0
          ],
          [
            -99.22247,
            18.87671,
            0
          ],
          [
            -99.22239,
            18.87657,
            0
          ],
          [
            -99.22237,
            18.8765,
            0
          ],
          [
            -99.22231,
            18.87614,
            0
          ],
          [
            -99.22229,
            18.87609,
            0
          ],
          [
            -99.22225,
            18.87602,
            0
          ],
          [
            -99.22223,
            18.876,
            0
          ],
          [
            -99.2222,
            18.87595,
            0
          ],
          [
            -99.22183,
            18.87562,
            0
          ],
          [
            -99.22172,
            18.87556,
            0
          ],
          [
            -99.22171,
            18.87555,
            0
          ],
          [
            -99.22136,
            18.87544,
            0
          ],
          [
            -99.22081,
            18.87523,
            0
          ],
          [
            -99.22068,
            18.87521,
            0
          ],
          [
            -99.22012,
            18.87537,
            0
          ],
          [
            -99.22006,
            18.87534,
            0
          ],
          [
            -99.21991,
            18.87529,
            0
          ],
          [
            -99.21982,
            18.87522,
            0
          ],
          [
            -99.21971,
            18.87505,
            0
          ],
          [
            -99.21964,
            18.8749,
            0
          ],
          [
            -99.21962,
            18.87474,
            0
          ],
          [
            -99.21951,
            18.87447,
            0
          ],
          [
            -99.21911,
            18.87369,
            0
          ],
          [
            -99.21912,
            18.87368,
            0
          ],
          [
            -99.21913,
            18.87368,
            0
          ],
          [
            -99.21916,
            18.87365,
            0
          ],
          [
            -99.21916,
            18.87364,
            0
          ],
          [
            -99.21918,
            18.87362,
            0
          ],
          [
            -99.21919,
            18.87359,
            0
          ],
          [
            -99.21919,
            18.87356,
            0
          ],
          [
            -99.2192,
            18.87354,
            0
          ],
          [
            -99.2192,
            18.87351,
            0
          ],
          [
            -99.21919,
            18.87349,
            0
          ],
          [
            -99.21919,
            18.87346,
            0
          ],
          [
            -99.21916,
            18.87339,
            0
          ],
          [
            -99.21912,
            18.87335,
            0
          ],
          [
            -99.2191,
            18.87334,
            0
          ],
          [
            -99.21908,
            18.87332,
            0
          ],
          [
            -99.219,
            18.87329,
            0
          ],
          [
            -99.21898,
            18.87329,
            0
          ],
          [
            -99.21895,
            18.87328,
            0
          ],
          [
            -99.21892,
            18.87328,
            0
          ],
          [
            -99.21886,
            18.87317,
            0
          ],
          [
            -99.21864,
            18.87302,
            0
          ],
          [
            -99.21849,
            18.87288,
            0
          ],
          [
            -99.21844,
            18.87285,
            0
          ],
          [
            -99.2182,
            18.87274,
            0
          ],
          [
            -99.218,
            18.87269,
            0
          ],
          [
            -99.21796,
            18.87269,
            0
          ],
          [
            -99.2178,
            18.87271,
            0
          ],
          [
            -99.2133,
            18.87376,
            0
          ],
          [
            -99.21279,
            18.87386,
            0
          ],
          [
            -99.2127,
            18.87392,
            0
          ],
          [
            -99.2127,
            18.8739,
            0
          ],
          [
            -99.21269,
            18.87389,
            0
          ],
          [
            -99.21269,
            18.87388,
            0
          ],
          [
            -99.21267,
            18.87386,
            0
          ],
          [
            -99.21266,
            18.87386,
            0
          ],
          [
            -99.21266,
            18.87385,
            0
          ],
          [
            -99.21265,
            18.87385,
            0
          ],
          [
            -99.21264,
            18.87384,
            0
          ],
          [
            -99.21257,
            18.87384,
            0
          ],
          [
            -99.21256,
            18.87385,
            0
          ],
          [
            -99.21255,
            18.87385,
            0
          ],
          [
            -99.21255,
            18.87386,
            0
          ],
          [
            -99.21254,
            18.87386,
            0
          ],
          [
            -99.21252,
            18.87388,
            0
          ],
          [
            -99.21252,
            18.8739,
            0
          ],
          [
            -99.21251,
            18.8739,
            0
          ],
          [
            -99.21251,
            18.87395,
            0
          ],
          [
            -99.21218,
            18.87427,
            0
          ],
          [
            -99.21195,
            18.87452,
            0
          ],
          [
            -99.21161,
            18.87476,
            0
          ],
          [
            -99.21119,
            18.87497,
            0
          ],
          [
            -99.21114,
            18.87498,
            0
          ],
          [
            -99.21104,
            18.87502,
            0
          ],
          [
            -99.21078,
            18.87509,
            0
          ],
          [
            -99.21051,
            18.87513,
            0
          ],
          [
            -99.21003,
            18.87514,
            0
          ],
          [
            -99.20994,
            18.87512,
            0
          ],
          [
            -99.20938,
            18.87507,
            0
          ],
          [
            -99.20875,
            18.87508,
            0
          ],
          [
            -99.2084,
            18.87514,
            0
          ],
          [
            -99.20742,
            18.87542,
            0
          ],
          [
            -99.20738,
            18.87544,
            0
          ],
          [
            -99.20692,
            18.87559,
            0
          ],
          [
            -99.20653,
            18.87568,
            0
          ],
          [
            -99.20622,
            18.87573,
            0
          ],
          [
            -99.20598,
            18.87573,
            0
          ],
          [
            -99.20568,
            18.87575,
            0
          ],
          [
            -99.2052,
            18.8757,
            0
          ],
          [
            -99.20468,
            18.87557,
            0
          ],
          [
            -99.20465,
            18.87557,
            0
          ],
          [
            -99.20442,
            18.87552,
            0
          ],
          [
            -99.20389,
            18.87546,
            0
          ],
          [
            -99.20388,
            18.87527,
            0
          ],
          [
            -99.20383,
            18.87503,
            0
          ],
          [
            -99.20379,
            18.87494,
            0
          ],
          [
            -99.20372,
            18.87482,
            0
          ],
          [
            -99.20364,
            18.87474,
            0
          ],
          [
            -99.2035,
            18.87457,
            0
          ],
          [
            -99.2033,
            18.87442,
            0
          ],
          [
            -99.20315,
            18.87424,
            0
          ],
          [
            -99.20285,
            18.87395,
            0
          ],
          [
            -99.2028,
            18.87392,
            0
          ],
          [
            -99.20276,
            18.87391,
            0
          ],
          [
            -99.20269,
            18.87391,
            0
          ],
          [
            -99.20227,
            18.87398,
            0
          ],
          [
            -99.20209,
            18.87405,
            0
          ],
          [
            -99.2019,
            18.87415,
            0
          ],
          [
            -99.20181,
            18.87421,
            0
          ],
          [
            -99.2016,
            18.87438,
            0
          ],
          [
            -99.20148,
            18.87452,
            0
          ],
          [
            -99.20137,
            18.87468,
            0
          ],
          [
            -99.2013,
            18.87483,
            0
          ],
          [
            -99.20122,
            18.87504,
            0
          ],
          [
            -99.20116,
            18.87545,
            0
          ],
          [
            -99.20114,
            18.87553,
            0
          ],
          [
            -99.2011,
            18.87559,
            0
          ],
          [
            -99.20082,
            18.87586,
            0
          ],
          [
            -99.20077,
            18.87588,
            0
          ],
          [
            -99.20072,
            18.87589,
            0
          ],
          [
            -99.20043,
            18.87589,
            0
          ],
          [
            -99.20038,
            18.87588,
            0
          ],
          [
            -99.20022,
            18.87579,
            0
          ],
          [
            -99.19998,
            18.8756,
            0
          ],
          [
            -99.19989,
            18.87554,
            0
          ],
          [
            -99.19981,
            18.8755,
            0
          ],
          [
            -99.19977,
            18.87549,
            0
          ],
          [
            -99.19976,
            18.87549,
            0
          ],
          [
            -99.19973,
            18.87548,
            0
          ],
          [
            -99.19969,
            18.87548,
            0
          ],
          [
            -99.19965,
            18.87547,
            0
          ],
          [
            -99.19918,
            18.87547,
            0
          ],
          [
            -99.19868,
            18.87538,
            0
          ],
          [
            -99.19799,
            18.87529,
            0
          ],
          [
            -99.19792,
            18.87529,
            0
          ],
          [
            -99.19768,
            18.87525,
            0
          ],
          [
            -99.19745,
            18.87517,
            0
          ],
          [
            -99.19738,
            18.87513,
            0
          ],
          [
            -99.19732,
            18.87507,
            0
          ],
          [
            -99.19707,
            18.87487,
            0
          ],
          [
            -99.19629,
            18.87455,
            0
          ],
          [
            -99.19611,
            18.8745,
            0
          ],
          [
            -99.19579,
            18.87447,
            0
          ],
          [
            -99.19494,
            18.87452,
            0
          ],
          [
            -99.19482,
            18.87451,
            0
          ],
          [
            -99.19439,
            18.87434,
            0
          ],
          [
            -99.19418,
            18.87429,
            0
          ],
          [
            -99.19392,
            18.87427,
            0
          ],
          [
            -99.19377,
            18.87428,
            0
          ],
          [
            -99.19358,
            18.87431,
            0
          ],
          [
            -99.19329,
            18.87439,
            0
          ],
          [
            -99.19303,
            18.8745,
            0
          ],
          [
            -99.19294,
            18.87457,
            0
          ],
          [
            -99.19293,
            18.87457,
            0
          ],
          [
            -99.19283,
            18.87465,
            0
          ],
          [
            -99.19263,
            18.87478,
            0
          ],
          [
            -99.19268,
            18.87504,
            0
          ],
          [
            -99.19292,
            18.87586,
            0
          ],
          [
            -99.19292,
            18.87588,
            0
          ],
          [
            -99.19291,
            18.8759,
            0
          ],
          [
            -99.19291,
            18.87592,
            0
          ],
          [
            -99.19288,
            18.87595,
            0
          ],
          [
            -99.1928,
            18.87601,
            0
          ],
          [
            -99.19268,
            18.87608,
            0
          ],
          [
            -99.19259,
            18.87615,
            0
          ],
          [
            -99.19258,
            18.87615,
            0
          ],
          [
            -99.19252,
            18.87618,
            0
          ],
          [
            -99.19241,
            18.87621,
            0
          ],
          [
            -99.19184,
            18.87625,
            0
          ],
          [
            -99.19136,
            18.87624,
            0
          ],
          [
            -99.19129,
            18.87625,
            0
          ],
          [
            -99.19126,
            18.87628,
            0
          ],
          [
            -99.19123,
            18.87636,
            0
          ],
          [
            -99.19114,
            18.87705,
            0
          ],
          [
            -99.19111,
            18.87716,
            0
          ],
          [
            -99.19105,
            18.87725,
            0
          ],
          [
            -99.19102,
            18.87728,
            0
          ],
          [
            -99.19031,
            18.87758,
            0
          ],
          [
            -99.19026,
            18.87761,
            0
          ],
          [
            -99.19004,
            18.87769,
            0
          ],
          [
            -99.18955,
            18.87779,
            0
          ],
          [
            -99.18914,
            18.87799,
            0
          ],
          [
            -99.18904,
            18.87805,
            0
          ],
          [
            -99.18831,
            18.87837,
            0
          ],
          [
            -99.18823,
            18.87842,
            0
          ],
          [
            -99.18816,
            18.87848,
            0
          ],
          [
            -99.18813,
            18.87852,
            0
          ],
          [
            -99.18809,
            18.87866,
            0
          ],
          [
            -99.18806,
            18.87908,
            0
          ],
          [
            -99.18807,
            18.87972,
            0
          ],
          [
            -99.18804,
            18.87979,
            0
          ],
          [
            -99.18801,
            18.87982,
            0
          ],
          [
            -99.18747,
            18.88025,
            0
          ],
          [
            -99.1874,
            18.88033,
            0
          ],
          [
            -99.18737,
            18.88038,
            0
          ],
          [
            -99.18734,
            18.88045,
            0
          ],
          [
            -99.1873,
            18.88061,
            0
          ],
          [
            -99.1871,
            18.88188,
            0
          ],
          [
            -99.18706,
            18.88192,
            0
          ],
          [
            -99.18694,
            18.88201,
            0
          ],
          [
            -99.18679,
            18.88204,
            0
          ],
          [
            -99.18596,
            18.8819,
            0
          ],
          [
            -99.18563,
            18.88178,
            0
          ],
          [
            -99.1855,
            18.88176,
            0
          ],
          [
            -99.18522,
            18.88174,
            0
          ],
          [
            -99.18486,
            18.88177,
            0
          ],
          [
            -99.18472,
            18.8818,
            0
          ],
          [
            -99.18458,
            18.88186,
            0
          ],
          [
            -99.1842,
            18.88206,
            0
          ],
          [
            -99.1839,
            18.88218,
            0
          ],
          [
            -99.18345,
            18.88223,
            0
          ],
          [
            -99.18321,
            18.88224,
            0
          ],
          [
            -99.18228,
            18.88223,
            0
          ],
          [
            -99.18223,
            18.88224,
            0
          ],
          [
            -99.1818,
            18.88248,
            0
          ],
          [
            -99.1817,
            18.88256,
            0
          ],
          [
            -99.18158,
            18.8827,
            0
          ],
          [
            -99.18149,
            18.88283,
            0
          ],
          [
            -99.18144,
            18.88288,
            0
          ],
          [
            -99.18125,
            18.883,
            0
          ],
          [
            -99.18097,
            18.88312,
            0
          ],
          [
            -99.18085,
            18.88311,
            0
          ],
          [
            -99.18005,
            18.88292,
            0
          ],
          [
            -99.1795,
            18.88283,
            0
          ],
          [
            -99.17947,
            18.88283,
            0
          ],
          [
            -99.1786,
            18.88261,
            0
          ],
          [
            -99.17808,
            18.88245,
            0
          ],
          [
            -99.17802,
            18.8824,
            0
          ],
          [
            -99.1784,
            18.88134,
            0
          ],
          [
            -99.17854,
            18.88089,
            0
          ],
          [
            -99.17856,
            18.88085,
            0
          ],
          [
            -99.1789,
            18.87986,
            0
          ],
          [
            -99.1789,
            18.8798,
            0
          ],
          [
            -99.17885,
            18.87937,
            0
          ],
          [
            -99.17882,
            18.87927,
            0
          ],
          [
            -99.17861,
            18.87899,
            0
          ],
          [
            -99.17829,
            18.87861,
            0
          ],
          [
            -99.17467,
            18.87766,
            0
          ],
          [
            -99.17354,
            18.88091,
            0
          ],
          [
            -99.17425,
            18.88117,
            0
          ],
          [
            -99.17493,
            18.88139,
            0
          ],
          [
            -99.17458,
            18.88248,
            0
          ],
          [
            -99.1754,
            18.88276,
            0
          ],
          [
            -99.17631,
            18.88303,
            0
          ],
          [
            -99.1763,
            18.88303,
            0
          ],
          [
            -99.17584,
            18.88438,
            0
          ],
          [
            -99.17509,
            18.8864,
            0
          ],
          [
            -99.17451,
            18.88743,
            0
          ],
          [
            -99.17299,
            18.89032,
            0
          ],
          [
            -99.17289,
            18.89028,
            0
          ],
          [
            -99.17273,
            18.89028,
            0
          ],
          [
            -99.1686,
            18.89053,
            0
          ],
          [
            -99.16796,
            18.89059,
            0
          ],
          [
            -99.16729,
            18.89058,
            0
          ],
          [
            -99.16713,
            18.89056,
            0
          ],
          [
            -99.16681,
            18.89041,
            0
          ],
          [
            -99.16658,
            18.89028,
            0
          ],
          [
            -99.16643,
            18.89016,
            0
          ],
          [
            -99.16628,
            18.89001,
            0
          ],
          [
            -99.16616,
            18.88981,
            0
          ],
          [
            -99.16601,
            18.88946,
            0
          ],
          [
            -99.16588,
            18.88883,
            0
          ],
          [
            -99.1658,
            18.88855,
            0
          ],
          [
            -99.16577,
            18.88824,
            0
          ],
          [
            -99.16645,
            18.88813,
            0
          ],
          [
            -99.16685,
            18.88803,
            0
          ],
          [
            -99.16765,
            18.88766,
            0
          ],
          [
            -99.16826,
            18.88733,
            0
          ],
          [
            -99.16819,
            18.88721,
            0
          ]
        ]
      },
      "properties": {
        "name": "2. COL. CUAUHTEMOC-CHAMILPA-JIUTEPEC-POCHOTAL",
        "description": {
          "@type": "html",
          "value": "descripción: <br>OID: 457<br>ZONA: CENTRO<br>RUTA: RUTA 18<br>ITINERARIO: 2. COL. CUAUHTEMOC-CHAMILPA-JIUTEPEC-POCHOTAL<br>DESCRIPCIO: COL.CUAUHTEMOC-POCHOTAL<br>AUTO-AMPL: ITINERARIO<br>DEFIN-PROV: DEFINITIVOS<br>DURACION: DEFINITIVA<br>FOLIO: SGG/DGT/SDP/000320/97<br>SGG/DGTT/SJ/747/99"
        },
        "styleUrl": "#line-A52714-1200",
        "stroke-opacity": 1,
        "stroke": "#a52714",
        "stroke-width": 1.2,
        "descripción": "",
        "OID": "457",
        "ZONA": "CENTRO",
        "RUTA": "RUTA 18",
        "ITINERARIO": "2. COL. CUAUHTEMOC-CHAMILPA-JIUTEPEC-POCHOTAL",
        "DESCRIPCIO": "COL.CUAUHTEMOC-POCHOTAL",
        "AUTO-AMPL": "ITINERARIO",
        "DEFIN-PROV": "DEFINITIVOS",
        "DURACION": "DEFINITIVA",
        "FOLIO": "SGG/DGT/SDP/000320/97\nSGG/DGTT/SJ/747/99"
      }
    },
    {
      "type": "Feature",
      "geometry": {
        "type": "LineString",
        "coordinates": [
          [
            -99.20623,
            18.87644,
            0
          ],
          [
            -99.20622,
            18.87641,
            0
          ],
          [
            -99.20621,
            18.87634,
            0
          ],
          [
            -99.2062,
            18.87618,
            0
          ],
          [
            -99.20617,
            18.87588,
            0
          ],
          [
            -99.20634,
            18.87586,
            0
          ],
          [
            -99.20653,
            18.87583,
            0
          ],
          [
            -99.20674,
            18.87579,
            0
          ],
          [
            -99.20691,
            18.87575,
            0
          ],
          [
            -99.20706,
            18.8757,
            0
          ],
          [
            -99.20725,
            18.87564,
            0
          ],
          [
            -99.20743,
            18.87558,
            0
          ],
          [
            -99.20738,
            18.87544,
            0
          ],
          [
            -99.20692,
            18.87559,
            0
          ],
          [
            -99.20653,
            18.87568,
            0
          ],
          [
            -99.20622,
            18.87573,
            0
          ],
          [
            -99.20598,
            18.87573,
            0
          ],
          [
            -99.20568,
            18.87575,
            0
          ],
          [
            -99.20551,
            18.87573,
            0
          ],
          [
            -99.20536,
            18.87572,
            0
          ],
          [
            -99.2052,
            18.8757,
            0
          ],
          [
            -99.20504,
            18.87566,
            0
          ],
          [
            -99.20495,
            18.87564,
            0
          ],
          [
            -99.20478,
            18.8756,
            0
          ],
          [
            -99.20468,
            18.87557,
            0
          ],
          [
            -99.20465,
            18.87557,
            0
          ],
          [
            -99.20456,
            18.87555,
            0
          ],
          [
            -99.20442,
            18.87552,
            0
          ],
          [
            -99.20429,
            18.87551,
            0
          ],
          [
            -99.20417,
            18.87549,
            0
          ],
          [
            -99.20409,
            18.87548,
            0
          ],
          [
            -99.20389,
            18.87546,
            0
          ],
          [
            -99.20388,
            18.87527,
            0
          ],
          [
            -99.20386,
            18.87516,
            0
          ],
          [
            -99.20383,
            18.87503,
            0
          ],
          [
            -99.20379,
            18.87494,
            0
          ],
          [
            -99.20372,
            18.87482,
            0
          ],
          [
            -99.2037,
            18.8748,
            0
          ],
          [
            -99.20364,
            18.87474,
            0
          ],
          [
            -99.2035,
            18.87457,
            0
          ],
          [
            -99.2033,
            18.87442,
            0
          ],
          [
            -99.20315,
            18.87424,
            0
          ],
          [
            -99.20296,
            18.87406,
            0
          ],
          [
            -99.20289,
            18.87399,
            0
          ],
          [
            -99.20286,
            18.87396,
            0
          ],
          [
            -99.20285,
            18.87395,
            0
          ],
          [
            -99.20283,
            18.87394,
            0
          ],
          [
            -99.2028,
            18.87392,
            0
          ],
          [
            -99.20276,
            18.87391,
            0
          ],
          [
            -99.20269,
            18.87391,
            0
          ],
          [
            -99.20259,
            18.87392,
            0
          ],
          [
            -99.20247,
            18.87394,
            0
          ],
          [
            -99.20239,
            18.87396,
            0
          ],
          [
            -99.20227,
            18.87398,
            0
          ],
          [
            -99.20217,
            18.87402,
            0
          ],
          [
            -99.20209,
            18.87405,
            0
          ],
          [
            -99.20203,
            18.87408,
            0
          ],
          [
            -99.202,
            18.8741,
            0
          ],
          [
            -99.2019,
            18.87415,
            0
          ],
          [
            -99.20181,
            18.87421,
            0
          ],
          [
            -99.20171,
            18.87429,
            0
          ],
          [
            -99.2017,
            18.8743,
            0
          ],
          [
            -99.2016,
            18.87438,
            0
          ],
          [
            -99.20148,
            18.87452,
            0
          ],
          [
            -99.20146,
            18.87455,
            0
          ],
          [
            -99.20137,
            18.87468,
            0
          ],
          [
            -99.2013,
            18.87483,
            0
          ],
          [
            -99.20122,
            18.87504,
            0
          ],
          [
            -99.20122,
            18.87505,
            0
          ],
          [
            -99.20119,
            18.87526,
            0
          ],
          [
            -99.20116,
            18.87545,
            0
          ],
          [
            -99.20114,
            18.87553,
            0
          ],
          [
            -99.20112,
            18.87556,
            0
          ],
          [
            -99.2011,
            18.87559,
            0
          ],
          [
            -99.20104,
            18.87565,
            0
          ],
          [
            -99.20086,
            18.87582,
            0
          ],
          [
            -99.20082,
            18.87586,
            0
          ],
          [
            -99.20077,
            18.87588,
            0
          ],
          [
            -99.20072,
            18.87589,
            0
          ],
          [
            -99.20069,
            18.87589,
            0
          ],
          [
            -99.20064,
            18.87589,
            0
          ],
          [
            -99.20055,
            18.87589,
            0
          ],
          [
            -99.20049,
            18.87589,
            0
          ],
          [
            -99.20043,
            18.87589,
            0
          ],
          [
            -99.20038,
            18.87588,
            0
          ],
          [
            -99.20022,
            18.87579,
            0
          ],
          [
            -99.19998,
            18.8756,
            0
          ],
          [
            -99.19989,
            18.87554,
            0
          ],
          [
            -99.19983,
            18.87551,
            0
          ],
          [
            -99.19981,
            18.8755,
            0
          ],
          [
            -99.19977,
            18.87549,
            0
          ],
          [
            -99.19976,
            18.87549,
            0
          ],
          [
            -99.19973,
            18.87548,
            0
          ],
          [
            -99.19969,
            18.87548,
            0
          ],
          [
            -99.19965,
            18.87547,
            0
          ],
          [
            -99.19962,
            18.87547,
            0
          ],
          [
            -99.19957,
            18.87547,
            0
          ],
          [
            -99.1993,
            18.87547,
            0
          ],
          [
            -99.19925,
            18.87547,
            0
          ],
          [
            -99.19918,
            18.87547,
            0
          ],
          [
            -99.19911,
            18.87546,
            0
          ],
          [
            -99.19886,
            18.87542,
            0
          ],
          [
            -99.19868,
            18.87538,
            0
          ],
          [
            -99.19871,
            18.87591,
            0
          ],
          [
            -99.19872,
            18.87635,
            0
          ],
          [
            -99.19871,
            18.8764,
            0
          ],
          [
            -99.1987,
            18.87673,
            0
          ],
          [
            -99.19868,
            18.87686,
            0
          ],
          [
            -99.19867,
            18.87691,
            0
          ],
          [
            -99.19865,
            18.87701,
            0
          ],
          [
            -99.19863,
            18.87719,
            0
          ],
          [
            -99.19854,
            18.87749,
            0
          ],
          [
            -99.19853,
            18.87758,
            0
          ],
          [
            -99.19853,
            18.87761,
            0
          ],
          [
            -99.19854,
            18.87763,
            0
          ],
          [
            -99.19854,
            18.87765,
            0
          ],
          [
            -99.19855,
            18.87767,
            0
          ],
          [
            -99.19865,
            18.87782,
            0
          ],
          [
            -99.19879,
            18.87801,
            0
          ],
          [
            -99.19885,
            18.87808,
            0
          ],
          [
            -99.19891,
            18.87817,
            0
          ],
          [
            -99.19896,
            18.87826,
            0
          ],
          [
            -99.19898,
            18.8783,
            0
          ],
          [
            -99.19899,
            18.87833,
            0
          ],
          [
            -99.19901,
            18.87839,
            0
          ],
          [
            -99.19902,
            18.87846,
            0
          ],
          [
            -99.19902,
            18.8785,
            0
          ],
          [
            -99.19901,
            18.87857,
            0
          ],
          [
            -99.19901,
            18.87862,
            0
          ],
          [
            -99.19895,
            18.8787,
            0
          ],
          [
            -99.19877,
            18.87894,
            0
          ],
          [
            -99.19871,
            18.87904,
            0
          ],
          [
            -99.19868,
            18.87908,
            0
          ],
          [
            -99.19867,
            18.87911,
            0
          ],
          [
            -99.1986,
            18.87923,
            0
          ],
          [
            -99.19851,
            18.87946,
            0
          ],
          [
            -99.19849,
            18.87952,
            0
          ],
          [
            -99.19848,
            18.87957,
            0
          ],
          [
            -99.19846,
            18.87963,
            0
          ],
          [
            -99.19846,
            18.87969,
            0
          ],
          [
            -99.19848,
            18.88036,
            0
          ],
          [
            -99.19847,
            18.881,
            0
          ],
          [
            -99.19847,
            18.88104,
            0
          ],
          [
            -99.19846,
            18.88107,
            0
          ],
          [
            -99.19843,
            18.88113,
            0
          ],
          [
            -99.1983,
            18.8814,
            0
          ],
          [
            -99.19828,
            18.88144,
            0
          ],
          [
            -99.19827,
            18.88147,
            0
          ],
          [
            -99.19826,
            18.8815,
            0
          ],
          [
            -99.19824,
            18.88159,
            0
          ],
          [
            -99.19812,
            18.88188,
            0
          ],
          [
            -99.19885,
            18.88185,
            0
          ],
          [
            -99.20098,
            18.88178,
            0
          ],
          [
            -99.20098,
            18.8825,
            0
          ],
          [
            -99.20095,
            18.8832,
            0
          ],
          [
            -99.20092,
            18.88394,
            0
          ],
          [
            -99.20092,
            18.88395,
            0
          ],
          [
            -99.20092,
            18.88414,
            0
          ],
          [
            -99.20094,
            18.88429,
            0
          ],
          [
            -99.201,
            18.88445,
            0
          ],
          [
            -99.20105,
            18.88454,
            0
          ],
          [
            -99.20107,
            18.88461,
            0
          ],
          [
            -99.20108,
            18.88474,
            0
          ],
          [
            -99.20111,
            18.88499,
            0
          ],
          [
            -99.20112,
            18.88504,
            0
          ],
          [
            -99.20112,
            18.8854,
            0
          ],
          [
            -99.20113,
            18.88579,
            0
          ],
          [
            -99.20113,
            18.88585,
            0
          ],
          [
            -99.20114,
            18.88593,
            0
          ],
          [
            -99.20117,
            18.88601,
            0
          ],
          [
            -99.20123,
            18.88614,
            0
          ],
          [
            -99.20125,
            18.88618,
            0
          ],
          [
            -99.20127,
            18.88624,
            0
          ],
          [
            -99.20128,
            18.8863,
            0
          ],
          [
            -99.20128,
            18.88636,
            0
          ],
          [
            -99.20118,
            18.88627,
            0
          ],
          [
            -99.20112,
            18.88622,
            0
          ],
          [
            -99.20085,
            18.88596,
            0
          ],
          [
            -99.20083,
            18.88594,
            0
          ],
          [
            -99.20081,
            18.88593,
            0
          ],
          [
            -99.2008,
            18.88592,
            0
          ],
          [
            -99.20077,
            18.88591,
            0
          ],
          [
            -99.20068,
            18.88589,
            0
          ],
          [
            -99.20044,
            18.88583,
            0
          ],
          [
            -99.20036,
            18.8858,
            0
          ],
          [
            -99.20029,
            18.88578,
            0
          ],
          [
            -99.20022,
            18.88575,
            0
          ],
          [
            -99.19999,
            18.88567,
            0
          ],
          [
            -99.19971,
            18.88556,
            0
          ],
          [
            -99.19901,
            18.88535,
            0
          ],
          [
            -99.19851,
            18.88518,
            0
          ],
          [
            -99.19829,
            18.8851,
            0
          ],
          [
            -99.19812,
            18.88504,
            0
          ],
          [
            -99.19794,
            18.88496,
            0
          ],
          [
            -99.19778,
            18.8849,
            0
          ],
          [
            -99.19748,
            18.88478,
            0
          ],
          [
            -99.19736,
            18.88473,
            0
          ],
          [
            -99.19724,
            18.88469,
            0
          ],
          [
            -99.19698,
            18.88459,
            0
          ],
          [
            -99.1966,
            18.88444,
            0
          ],
          [
            -99.19654,
            18.88442,
            0
          ],
          [
            -99.19652,
            18.8844,
            0
          ],
          [
            -99.19651,
            18.88439,
            0
          ],
          [
            -99.1965,
            18.88437,
            0
          ],
          [
            -99.19649,
            18.88435,
            0
          ],
          [
            -99.19649,
            18.88432,
            0
          ],
          [
            -99.19649,
            18.88424,
            0
          ],
          [
            -99.19652,
            18.88362,
            0
          ],
          [
            -99.19654,
            18.88334,
            0
          ],
          [
            -99.19655,
            18.88321,
            0
          ],
          [
            -99.19657,
            18.88311,
            0
          ],
          [
            -99.19664,
            18.88283,
            0
          ],
          [
            -99.1967,
            18.88281,
            0
          ],
          [
            -99.19673,
            18.8828,
            0
          ],
          [
            -99.19678,
            18.88278,
            0
          ],
          [
            -99.19688,
            18.88273,
            0
          ],
          [
            -99.19733,
            18.88247,
            0
          ],
          [
            -99.19756,
            18.88234,
            0
          ],
          [
            -99.19767,
            18.88228,
            0
          ],
          [
            -99.19772,
            18.88225,
            0
          ],
          [
            -99.19774,
            18.88223,
            0
          ],
          [
            -99.1978,
            18.8822,
            0
          ],
          [
            -99.19792,
            18.88211,
            0
          ],
          [
            -99.19798,
            18.88206,
            0
          ],
          [
            -99.19801,
            18.88202,
            0
          ],
          [
            -99.19805,
            18.88199,
            0
          ],
          [
            -99.19808,
            18.88194,
            0
          ],
          [
            -99.19812,
            18.88188,
            0
          ],
          [
            -99.19824,
            18.88159,
            0
          ],
          [
            -99.19826,
            18.8815,
            0
          ],
          [
            -99.19827,
            18.88147,
            0
          ],
          [
            -99.19828,
            18.88144,
            0
          ],
          [
            -99.1983,
            18.8814,
            0
          ],
          [
            -99.19843,
            18.88113,
            0
          ],
          [
            -99.19846,
            18.88107,
            0
          ],
          [
            -99.19847,
            18.88104,
            0
          ],
          [
            -99.19847,
            18.881,
            0
          ],
          [
            -99.19848,
            18.88036,
            0
          ],
          [
            -99.19846,
            18.87969,
            0
          ],
          [
            -99.19846,
            18.87963,
            0
          ],
          [
            -99.19848,
            18.87957,
            0
          ],
          [
            -99.19849,
            18.87952,
            0
          ],
          [
            -99.19851,
            18.87946,
            0
          ],
          [
            -99.1986,
            18.87923,
            0
          ],
          [
            -99.19867,
            18.87911,
            0
          ],
          [
            -99.19868,
            18.87908,
            0
          ],
          [
            -99.19871,
            18.87904,
            0
          ],
          [
            -99.19877,
            18.87894,
            0
          ],
          [
            -99.19895,
            18.8787,
            0
          ],
          [
            -99.19901,
            18.87862,
            0
          ],
          [
            -99.19901,
            18.87857,
            0
          ],
          [
            -99.19902,
            18.8785,
            0
          ],
          [
            -99.19902,
            18.87846,
            0
          ],
          [
            -99.19901,
            18.87839,
            0
          ],
          [
            -99.19899,
            18.87833,
            0
          ],
          [
            -99.19898,
            18.8783,
            0
          ],
          [
            -99.19896,
            18.87826,
            0
          ],
          [
            -99.19891,
            18.87817,
            0
          ],
          [
            -99.19885,
            18.87808,
            0
          ],
          [
            -99.19879,
            18.87801,
            0
          ],
          [
            -99.19865,
            18.87782,
            0
          ],
          [
            -99.19855,
            18.87767,
            0
          ],
          [
            -99.19854,
            18.87765,
            0
          ],
          [
            -99.19854,
            18.87763,
            0
          ],
          [
            -99.19853,
            18.87761,
            0
          ],
          [
            -99.19853,
            18.87758,
            0
          ],
          [
            -99.19854,
            18.87749,
            0
          ],
          [
            -99.19863,
            18.87719,
            0
          ],
          [
            -99.19868,
            18.8771,
            0
          ],
          [
            -99.19874,
            18.87697,
            0
          ],
          [
            -99.1988,
            18.87681,
            0
          ],
          [
            -99.19882,
            18.87676,
            0
          ],
          [
            -99.19883,
            18.87673,
            0
          ],
          [
            -99.19883,
            18.87671,
            0
          ],
          [
            -99.19883,
            18.87669,
            0
          ],
          [
            -99.19883,
            18.87667,
            0
          ],
          [
            -99.1988,
            18.8766,
            0
          ],
          [
            -99.19878,
            18.87655,
            0
          ],
          [
            -99.19876,
            18.87649,
            0
          ],
          [
            -99.19874,
            18.87644,
            0
          ],
          [
            -99.19874,
            18.87641,
            0
          ],
          [
            -99.19872,
            18.87635,
            0
          ],
          [
            -99.19871,
            18.87591,
            0
          ],
          [
            -99.19868,
            18.87538,
            0
          ],
          [
            -99.1981,
            18.8753,
            0
          ],
          [
            -99.19799,
            18.87529,
            0
          ],
          [
            -99.19792,
            18.87529,
            0
          ],
          [
            -99.19778,
            18.87527,
            0
          ],
          [
            -99.19777,
            18.87526,
            0
          ],
          [
            -99.19768,
            18.87525,
            0
          ],
          [
            -99.19758,
            18.87522,
            0
          ],
          [
            -99.19745,
            18.87517,
            0
          ],
          [
            -99.19738,
            18.87513,
            0
          ],
          [
            -99.19732,
            18.87507,
            0
          ],
          [
            -99.19707,
            18.87487,
            0
          ],
          [
            -99.19629,
            18.87455,
            0
          ],
          [
            -99.19617,
            18.87452,
            0
          ],
          [
            -99.19611,
            18.8745,
            0
          ],
          [
            -99.19603,
            18.87449,
            0
          ],
          [
            -99.19589,
            18.87448,
            0
          ],
          [
            -99.19579,
            18.87447,
            0
          ],
          [
            -99.19568,
            18.87448,
            0
          ],
          [
            -99.1955,
            18.87449,
            0
          ],
          [
            -99.19518,
            18.87451,
            0
          ],
          [
            -99.19511,
            18.87451,
            0
          ],
          [
            -99.19494,
            18.87452,
            0
          ],
          [
            -99.19486,
            18.87451,
            0
          ],
          [
            -99.19482,
            18.87451,
            0
          ],
          [
            -99.19477,
            18.87449,
            0
          ],
          [
            -99.19439,
            18.87434,
            0
          ],
          [
            -99.19418,
            18.87429,
            0
          ],
          [
            -99.19406,
            18.87428,
            0
          ],
          [
            -99.19392,
            18.87427,
            0
          ],
          [
            -99.19377,
            18.87428,
            0
          ],
          [
            -99.19358,
            18.87431,
            0
          ],
          [
            -99.19347,
            18.87434,
            0
          ],
          [
            -99.19337,
            18.87437,
            0
          ],
          [
            -99.19329,
            18.87439,
            0
          ],
          [
            -99.19317,
            18.87444,
            0
          ],
          [
            -99.19303,
            18.8745,
            0
          ],
          [
            -99.19294,
            18.87457,
            0
          ],
          [
            -99.19293,
            18.87457,
            0
          ],
          [
            -99.19283,
            18.87465,
            0
          ],
          [
            -99.19263,
            18.87478,
            0
          ],
          [
            -99.19268,
            18.87504,
            0
          ],
          [
            -99.19283,
            18.87553,
            0
          ],
          [
            -99.19288,
            18.87571,
            0
          ],
          [
            -99.1929,
            18.87579,
            0
          ],
          [
            -99.19292,
            18.87586,
            0
          ],
          [
            -99.19292,
            18.87588,
            0
          ],
          [
            -99.19291,
            18.8759,
            0
          ],
          [
            -99.19291,
            18.87592,
            0
          ],
          [
            -99.1929,
            18.87593,
            0
          ],
          [
            -99.19288,
            18.87595,
            0
          ],
          [
            -99.1928,
            18.87601,
            0
          ],
          [
            -99.19268,
            18.87608,
            0
          ],
          [
            -99.19259,
            18.87615,
            0
          ],
          [
            -99.19258,
            18.87615,
            0
          ],
          [
            -99.19252,
            18.87618,
            0
          ],
          [
            -99.19246,
            18.8762,
            0
          ],
          [
            -99.19241,
            18.87621,
            0
          ],
          [
            -99.19212,
            18.87623,
            0
          ],
          [
            -99.192,
            18.87624,
            0
          ],
          [
            -99.19184,
            18.87625,
            0
          ],
          [
            -99.19159,
            18.87625,
            0
          ],
          [
            -99.19146,
            18.87624,
            0
          ],
          [
            -99.19136,
            18.87624,
            0
          ],
          [
            -99.19129,
            18.87625,
            0
          ],
          [
            -99.19126,
            18.87628,
            0
          ],
          [
            -99.19125,
            18.8763,
            0
          ],
          [
            -99.19124,
            18.87633,
            0
          ],
          [
            -99.19123,
            18.87636,
            0
          ],
          [
            -99.19122,
            18.87644,
            0
          ],
          [
            -99.19117,
            18.87686,
            0
          ],
          [
            -99.19114,
            18.87705,
            0
          ],
          [
            -99.19113,
            18.87709,
            0
          ],
          [
            -99.19112,
            18.87712,
            0
          ],
          [
            -99.19111,
            18.87716,
            0
          ],
          [
            -99.19107,
            18.87722,
            0
          ],
          [
            -99.19105,
            18.87725,
            0
          ],
          [
            -99.19102,
            18.87728,
            0
          ],
          [
            -99.19098,
            18.8773,
            0
          ],
          [
            -99.19053,
            18.87749,
            0
          ],
          [
            -99.19039,
            18.87755,
            0
          ],
          [
            -99.19031,
            18.87758,
            0
          ],
          [
            -99.19026,
            18.87761,
            0
          ],
          [
            -99.19016,
            18.87765,
            0
          ],
          [
            -99.19004,
            18.87769,
            0
          ],
          [
            -99.18985,
            18.87773,
            0
          ],
          [
            -99.18969,
            18.87776,
            0
          ],
          [
            -99.18967,
            18.87776,
            0
          ],
          [
            -99.18955,
            18.87779,
            0
          ],
          [
            -99.18942,
            18.87786,
            0
          ],
          [
            -99.18929,
            18.87792,
            0
          ],
          [
            -99.18914,
            18.87799,
            0
          ],
          [
            -99.18904,
            18.87805,
            0
          ],
          [
            -99.18899,
            18.87807,
            0
          ],
          [
            -99.18855,
            18.87826,
            0
          ],
          [
            -99.18844,
            18.87831,
            0
          ],
          [
            -99.18831,
            18.87837,
            0
          ],
          [
            -99.18823,
            18.87842,
            0
          ],
          [
            -99.18816,
            18.87848,
            0
          ],
          [
            -99.18813,
            18.87852,
            0
          ],
          [
            -99.18811,
            18.87859,
            0
          ],
          [
            -99.18809,
            18.87866,
            0
          ],
          [
            -99.18808,
            18.87875,
            0
          ],
          [
            -99.18807,
            18.8789,
            0
          ],
          [
            -99.18806,
            18.87908,
            0
          ],
          [
            -99.18807,
            18.8794,
            0
          ],
          [
            -99.18807,
            18.87966,
            0
          ],
          [
            -99.18807,
            18.87972,
            0
          ],
          [
            -99.18805,
            18.87976,
            0
          ],
          [
            -99.18804,
            18.87979,
            0
          ],
          [
            -99.18801,
            18.87982,
            0
          ],
          [
            -99.18782,
            18.87997,
            0
          ],
          [
            -99.18762,
            18.88013,
            0
          ],
          [
            -99.18747,
            18.88025,
            0
          ],
          [
            -99.1874,
            18.88033,
            0
          ],
          [
            -99.18737,
            18.88038,
            0
          ],
          [
            -99.18734,
            18.88045,
            0
          ],
          [
            -99.1873,
            18.88061,
            0
          ],
          [
            -99.18724,
            18.88098,
            0
          ],
          [
            -99.18722,
            18.88116,
            0
          ]
        ]
      },
      "properties": {
        "name": "2. COL. CUAUHTEMOC-CHAMILPA-JIUTEPEC-POCHOTAL",
        "description": {
          "@type": "html",
          "value": "descripción: <br>OID: 498<br>ZONA: CENTRO<br>RUTA: RUTA 18<br>ITINERARIO: 2. COL. CUAUHTEMOC-CHAMILPA-JIUTEPEC-POCHOTAL<br>DESCRIPCIO: CUAUHTEMOC-POCHOTAL<br>AUTO-AMPL: ITINERARIO<br>DEFIN-PROV: DEFINITIVOS<br>DURACION: DEFINITIVA<br>FOLIO: SGG/DGT/SDP/000320/97<br>SGG/DGTT/SJ/747/99"
        },
        "styleUrl": "#line-E65100-1200",
        "stroke-opacity": 1,
        "stroke": "#e65100",
        "stroke-width": 1.2,
        "descripción": "",
        "OID": "498",
        "ZONA": "CENTRO",
        "RUTA": "RUTA 18",
        "ITINERARIO": "2. COL. CUAUHTEMOC-CHAMILPA-JIUTEPEC-POCHOTAL",
        "DESCRIPCIO": "CUAUHTEMOC-POCHOTAL",
        "AUTO-AMPL": "ITINERARIO",
        "DEFIN-PROV": "DEFINITIVOS",
        "DURACION": "DEFINITIVA",
        "FOLIO": "SGG/DGT/SDP/000320/97\nSGG/DGTT/SJ/747/99"
      }
    },
    {
      "type": "Feature",
      "geometry": {
        "type": "LineString",
        "coordinates": [
          [
            -99.16819,
            18.88721,
            0
          ],
          [
            -99.16826,
            18.88733,
            0
          ],
          [
            -99.16765,
            18.88766,
            0
          ],
          [
            -99.16685,
            18.88803,
            0
          ],
          [
            -99.16645,
            18.88813,
            0
          ],
          [
            -99.16553,
            18.88829,
            0
          ],
          [
            -99.16561,
            18.88861,
            0
          ],
          [
            -99.16578,
            18.88904,
            0
          ],
          [
            -99.16588,
            18.8895,
            0
          ],
          [
            -99.16594,
            18.88964,
            0
          ],
          [
            -99.16598,
            18.88976,
            0
          ],
          [
            -99.16611,
            18.88998,
            0
          ],
          [
            -99.16621,
            18.89011,
            0
          ],
          [
            -99.16646,
            18.89033,
            0
          ],
          [
            -99.16662,
            18.89044,
            0
          ],
          [
            -99.16684,
            18.89056,
            0
          ],
          [
            -99.16708,
            18.89065,
            0
          ],
          [
            -99.16734,
            18.8907,
            0
          ],
          [
            -99.16763,
            18.8907,
            0
          ],
          [
            -99.17244,
            18.8904,
            0
          ],
          [
            -99.17264,
            18.8904,
            0
          ],
          [
            -99.17272,
            18.89039,
            0
          ],
          [
            -99.17297,
            18.89043,
            0
          ],
          [
            -99.17308,
            18.89043,
            0
          ],
          [
            -99.17338,
            18.8904,
            0
          ],
          [
            -99.17363,
            18.89039,
            0
          ],
          [
            -99.17393,
            18.8904,
            0
          ],
          [
            -99.17424,
            18.89044,
            0
          ],
          [
            -99.17451,
            18.89053,
            0
          ],
          [
            -99.17477,
            18.89064,
            0
          ],
          [
            -99.17605,
            18.88814,
            0
          ],
          [
            -99.1762,
            18.8878,
            0
          ],
          [
            -99.17751,
            18.88394,
            0
          ],
          [
            -99.17765,
            18.88346,
            0
          ],
          [
            -99.17802,
            18.8824,
            0
          ],
          [
            -99.17808,
            18.88245,
            0
          ],
          [
            -99.1786,
            18.88261,
            0
          ],
          [
            -99.17947,
            18.88283,
            0
          ],
          [
            -99.1795,
            18.88283,
            0
          ],
          [
            -99.18005,
            18.88292,
            0
          ],
          [
            -99.18085,
            18.88311,
            0
          ],
          [
            -99.18097,
            18.88312,
            0
          ],
          [
            -99.18125,
            18.883,
            0
          ],
          [
            -99.18144,
            18.88288,
            0
          ],
          [
            -99.18149,
            18.88283,
            0
          ],
          [
            -99.18158,
            18.8827,
            0
          ],
          [
            -99.1817,
            18.88256,
            0
          ],
          [
            -99.1818,
            18.88248,
            0
          ],
          [
            -99.18223,
            18.88224,
            0
          ],
          [
            -99.18228,
            18.88223,
            0
          ],
          [
            -99.18321,
            18.88224,
            0
          ],
          [
            -99.18345,
            18.88223,
            0
          ],
          [
            -99.1839,
            18.88218,
            0
          ],
          [
            -99.1842,
            18.88206,
            0
          ],
          [
            -99.18458,
            18.88186,
            0
          ],
          [
            -99.18472,
            18.8818,
            0
          ],
          [
            -99.18486,
            18.88177,
            0
          ],
          [
            -99.18522,
            18.88174,
            0
          ],
          [
            -99.1855,
            18.88176,
            0
          ],
          [
            -99.18563,
            18.88178,
            0
          ],
          [
            -99.18596,
            18.8819,
            0
          ],
          [
            -99.18679,
            18.88204,
            0
          ],
          [
            -99.18694,
            18.88201,
            0
          ],
          [
            -99.18706,
            18.88192,
            0
          ],
          [
            -99.1871,
            18.88188,
            0
          ],
          [
            -99.1873,
            18.88061,
            0
          ],
          [
            -99.18734,
            18.88045,
            0
          ],
          [
            -99.18737,
            18.88038,
            0
          ],
          [
            -99.1874,
            18.88033,
            0
          ],
          [
            -99.18747,
            18.88025,
            0
          ],
          [
            -99.18801,
            18.87982,
            0
          ],
          [
            -99.18804,
            18.87979,
            0
          ],
          [
            -99.18807,
            18.87972,
            0
          ],
          [
            -99.18806,
            18.87908,
            0
          ],
          [
            -99.18809,
            18.87866,
            0
          ],
          [
            -99.18813,
            18.87852,
            0
          ],
          [
            -99.18816,
            18.87848,
            0
          ],
          [
            -99.18823,
            18.87842,
            0
          ],
          [
            -99.18831,
            18.87837,
            0
          ],
          [
            -99.18904,
            18.87805,
            0
          ],
          [
            -99.18914,
            18.87799,
            0
          ],
          [
            -99.18955,
            18.87779,
            0
          ],
          [
            -99.19004,
            18.87769,
            0
          ],
          [
            -99.19026,
            18.87761,
            0
          ],
          [
            -99.19031,
            18.87758,
            0
          ],
          [
            -99.19102,
            18.87728,
            0
          ],
          [
            -99.19105,
            18.87725,
            0
          ],
          [
            -99.19111,
            18.87716,
            0
          ],
          [
            -99.19114,
            18.87705,
            0
          ],
          [
            -99.19123,
            18.87636,
            0
          ],
          [
            -99.19126,
            18.87628,
            0
          ],
          [
            -99.19129,
            18.87625,
            0
          ],
          [
            -99.19136,
            18.87624,
            0
          ],
          [
            -99.19184,
            18.87625,
            0
          ],
          [
            -99.19241,
            18.87621,
            0
          ],
          [
            -99.19252,
            18.87618,
            0
          ],
          [
            -99.19258,
            18.87615,
            0
          ],
          [
            -99.19259,
            18.87615,
            0
          ],
          [
            -99.19268,
            18.87608,
            0
          ],
          [
            -99.1928,
            18.87601,
            0
          ],
          [
            -99.19288,
            18.87595,
            0
          ],
          [
            -99.19291,
            18.87592,
            0
          ],
          [
            -99.19291,
            18.8759,
            0
          ],
          [
            -99.19292,
            18.87588,
            0
          ],
          [
            -99.19292,
            18.87586,
            0
          ],
          [
            -99.19268,
            18.87504,
            0
          ],
          [
            -99.19263,
            18.87478,
            0
          ],
          [
            -99.19283,
            18.87465,
            0
          ],
          [
            -99.19293,
            18.87457,
            0
          ],
          [
            -99.19294,
            18.87457,
            0
          ],
          [
            -99.19303,
            18.8745,
            0
          ],
          [
            -99.19329,
            18.87439,
            0
          ],
          [
            -99.19358,
            18.87431,
            0
          ],
          [
            -99.19377,
            18.87428,
            0
          ],
          [
            -99.19392,
            18.87427,
            0
          ],
          [
            -99.19418,
            18.87429,
            0
          ],
          [
            -99.19439,
            18.87434,
            0
          ],
          [
            -99.19482,
            18.87451,
            0
          ],
          [
            -99.19494,
            18.87452,
            0
          ],
          [
            -99.19579,
            18.87447,
            0
          ],
          [
            -99.19611,
            18.8745,
            0
          ],
          [
            -99.19629,
            18.87455,
            0
          ],
          [
            -99.19707,
            18.87487,
            0
          ],
          [
            -99.19732,
            18.87507,
            0
          ],
          [
            -99.19738,
            18.87513,
            0
          ],
          [
            -99.19745,
            18.87517,
            0
          ],
          [
            -99.19768,
            18.87525,
            0
          ],
          [
            -99.19792,
            18.87529,
            0
          ],
          [
            -99.19799,
            18.87529,
            0
          ],
          [
            -99.19868,
            18.87538,
            0
          ],
          [
            -99.19886,
            18.87542,
            0
          ],
          [
            -99.19918,
            18.87547,
            0
          ],
          [
            -99.19965,
            18.87547,
            0
          ],
          [
            -99.19969,
            18.87548,
            0
          ],
          [
            -99.19973,
            18.87548,
            0
          ],
          [
            -99.19976,
            18.87549,
            0
          ],
          [
            -99.19977,
            18.87549,
            0
          ],
          [
            -99.19981,
            18.8755,
            0
          ],
          [
            -99.19989,
            18.87554,
            0
          ],
          [
            -99.19998,
            18.8756,
            0
          ],
          [
            -99.20022,
            18.87579,
            0
          ],
          [
            -99.20038,
            18.87588,
            0
          ],
          [
            -99.20043,
            18.87589,
            0
          ],
          [
            -99.20072,
            18.87589,
            0
          ],
          [
            -99.20077,
            18.87588,
            0
          ],
          [
            -99.20082,
            18.87586,
            0
          ],
          [
            -99.2011,
            18.87559,
            0
          ],
          [
            -99.20114,
            18.87553,
            0
          ],
          [
            -99.20116,
            18.87545,
            0
          ],
          [
            -99.20122,
            18.87504,
            0
          ],
          [
            -99.2013,
            18.87483,
            0
          ],
          [
            -99.20137,
            18.87468,
            0
          ],
          [
            -99.20148,
            18.87452,
            0
          ],
          [
            -99.2016,
            18.87438,
            0
          ],
          [
            -99.20181,
            18.87421,
            0
          ],
          [
            -99.2019,
            18.87415,
            0
          ],
          [
            -99.20209,
            18.87405,
            0
          ],
          [
            -99.20227,
            18.87398,
            0
          ],
          [
            -99.20269,
            18.87391,
            0
          ],
          [
            -99.20276,
            18.87391,
            0
          ],
          [
            -99.2028,
            18.87392,
            0
          ],
          [
            -99.20285,
            18.87395,
            0
          ],
          [
            -99.20315,
            18.87424,
            0
          ],
          [
            -99.2033,
            18.87442,
            0
          ],
          [
            -99.2035,
            18.87457,
            0
          ],
          [
            -99.20364,
            18.87474,
            0
          ],
          [
            -99.20372,
            18.87482,
            0
          ],
          [
            -99.20379,
            18.87494,
            0
          ],
          [
            -99.20383,
            18.87503,
            0
          ],
          [
            -99.20388,
            18.87527,
            0
          ],
          [
            -99.20389,
            18.87546,
            0
          ],
          [
            -99.20388,
            18.87562,
            0
          ],
          [
            -99.20418,
            18.87563,
            0
          ],
          [
            -99.20452,
            18.87568,
            0
          ],
          [
            -99.20518,
            18.87583,
            0
          ],
          [
            -99.20544,
            18.87587,
            0
          ],
          [
            -99.20568,
            18.87589,
            0
          ],
          [
            -99.20617,
            18.87588,
            0
          ],
          [
            -99.20674,
            18.87579,
            0
          ],
          [
            -99.20691,
            18.87575,
            0
          ],
          [
            -99.20813,
            18.87536,
            0
          ],
          [
            -99.20839,
            18.87529,
            0
          ],
          [
            -99.20883,
            18.87522,
            0
          ],
          [
            -99.20928,
            18.87521,
            0
          ],
          [
            -99.20947,
            18.87522,
            0
          ],
          [
            -99.21002,
            18.87528,
            0
          ],
          [
            -99.21046,
            18.87528,
            0
          ],
          [
            -99.21105,
            18.87518,
            0
          ],
          [
            -99.21126,
            18.8751,
            0
          ],
          [
            -99.21161,
            18.87493,
            0
          ],
          [
            -99.21193,
            18.87473,
            0
          ],
          [
            -99.21229,
            18.8744,
            0
          ],
          [
            -99.21264,
            18.87401,
            0
          ],
          [
            -99.21265,
            18.87401,
            0
          ],
          [
            -99.21266,
            18.874,
            0
          ],
          [
            -99.21267,
            18.874,
            0
          ],
          [
            -99.21267,
            18.87399,
            0
          ],
          [
            -99.21268,
            18.87399,
            0
          ],
          [
            -99.21268,
            18.87398,
            0
          ],
          [
            -99.21269,
            18.87398,
            0
          ],
          [
            -99.21269,
            18.87396,
            0
          ],
          [
            -99.2127,
            18.87396,
            0
          ],
          [
            -99.2127,
            18.87392,
            0
          ],
          [
            -99.21279,
            18.87386,
            0
          ],
          [
            -99.2133,
            18.87376,
            0
          ],
          [
            -99.2178,
            18.87271,
            0
          ],
          [
            -99.21796,
            18.87269,
            0
          ],
          [
            -99.218,
            18.87269,
            0
          ],
          [
            -99.2182,
            18.87274,
            0
          ],
          [
            -99.21844,
            18.87285,
            0
          ],
          [
            -99.21849,
            18.87288,
            0
          ],
          [
            -99.21864,
            18.87302,
            0
          ],
          [
            -99.21876,
            18.87335,
            0
          ],
          [
            -99.21874,
            18.87338,
            0
          ],
          [
            -99.2187,
            18.87347,
            0
          ],
          [
            -99.2187,
            18.87354,
            0
          ],
          [
            -99.21871,
            18.87357,
            0
          ],
          [
            -99.21871,
            18.87359,
            0
          ],
          [
            -99.21875,
            18.87366,
            0
          ],
          [
            -99.21877,
            18.87368,
            0
          ],
          [
            -99.21879,
            18.87369,
            0
          ],
          [
            -99.21881,
            18.87371,
            0
          ],
          [
            -99.21888,
            18.87374,
            0
          ],
          [
            -99.21891,
            18.87374,
            0
          ],
          [
            -99.21893,
            18.87375,
            0
          ],
          [
            -99.21898,
            18.87375,
            0
          ],
          [
            -99.21944,
            18.87464,
            0
          ],
          [
            -99.21953,
            18.87478,
            0
          ],
          [
            -99.21964,
            18.8749,
            0
          ],
          [
            -99.21971,
            18.87505,
            0
          ],
          [
            -99.21982,
            18.87522,
            0
          ],
          [
            -99.21991,
            18.87529,
            0
          ],
          [
            -99.22006,
            18.87534,
            0
          ],
          [
            -99.22012,
            18.87537,
            0
          ],
          [
            -99.22068,
            18.87521,
            0
          ],
          [
            -99.22081,
            18.87523,
            0
          ],
          [
            -99.22136,
            18.87544,
            0
          ],
          [
            -99.22171,
            18.87555,
            0
          ],
          [
            -99.22172,
            18.87556,
            0
          ],
          [
            -99.22183,
            18.87562,
            0
          ],
          [
            -99.2222,
            18.87595,
            0
          ],
          [
            -99.22223,
            18.876,
            0
          ],
          [
            -99.22225,
            18.87602,
            0
          ],
          [
            -99.22229,
            18.87609,
            0
          ],
          [
            -99.22231,
            18.87614,
            0
          ],
          [
            -99.22237,
            18.8765,
            0
          ],
          [
            -99.22239,
            18.87657,
            0
          ],
          [
            -99.22247,
            18.87671,
            0
          ],
          [
            -99.22251,
            18.8768,
            0
          ],
          [
            -99.22257,
            18.87688,
            0
          ],
          [
            -99.22263,
            18.87694,
            0
          ],
          [
            -99.22268,
            18.87698,
            0
          ],
          [
            -99.22273,
            18.87686,
            0
          ],
          [
            -99.22277,
            18.87637,
            0
          ],
          [
            -99.22276,
            18.87626,
            0
          ],
          [
            -99.22276,
            18.8761,
            0
          ],
          [
            -99.22273,
            18.87593,
            0
          ],
          [
            -99.22273,
            18.8759,
            0
          ],
          [
            -99.2227,
            18.87577,
            0
          ],
          [
            -99.22245,
            18.87507,
            0
          ],
          [
            -99.22246,
            18.87476,
            0
          ],
          [
            -99.22251,
            18.87431,
            0
          ],
          [
            -99.22259,
            18.87388,
            0
          ],
          [
            -99.22261,
            18.87381,
            0
          ],
          [
            -99.22266,
            18.8737,
            0
          ],
          [
            -99.22276,
            18.8736,
            0
          ],
          [
            -99.22283,
            18.87356,
            0
          ],
          [
            -99.22297,
            18.8735,
            0
          ],
          [
            -99.22381,
            18.87338,
            0
          ],
          [
            -99.22411,
            18.87336,
            0
          ],
          [
            -99.22495,
            18.87314,
            0
          ],
          [
            -99.22507,
            18.87312,
            0
          ],
          [
            -99.22518,
            18.87312,
            0
          ],
          [
            -99.22531,
            18.87315,
            0
          ],
          [
            -99.2254,
            18.8732,
            0
          ],
          [
            -99.22545,
            18.87322,
            0
          ],
          [
            -99.22555,
            18.87331,
            0
          ],
          [
            -99.22566,
            18.87345,
            0
          ],
          [
            -99.2257,
            18.87352,
            0
          ],
          [
            -99.22573,
            18.87359,
            0
          ],
          [
            -99.22602,
            18.87457,
            0
          ],
          [
            -99.22622,
            18.87515,
            0
          ],
          [
            -99.22637,
            18.87549,
            0
          ],
          [
            -99.22714,
            18.87751,
            0
          ],
          [
            -99.22722,
            18.87779,
            0
          ],
          [
            -99.22745,
            18.87841,
            0
          ],
          [
            -99.22786,
            18.8804,
            0
          ],
          [
            -99.22798,
            18.88119,
            0
          ],
          [
            -99.2285,
            18.88399,
            0
          ],
          [
            -99.22862,
            18.88497,
            0
          ],
          [
            -99.22863,
            18.88519,
            0
          ],
          [
            -99.22858,
            18.88717,
            0
          ],
          [
            -99.22854,
            18.8875,
            0
          ],
          [
            -99.22849,
            18.88768,
            0
          ],
          [
            -99.2283,
            18.88798,
            0
          ],
          [
            -99.22827,
            18.8882,
            0
          ],
          [
            -99.22827,
            18.88868,
            0
          ],
          [
            -99.22822,
            18.88909,
            0
          ],
          [
            -99.22821,
            18.8893,
            0
          ],
          [
            -99.22825,
            18.8896,
            0
          ],
          [
            -99.22818,
            18.88979,
            0
          ],
          [
            -99.22798,
            18.89017,
            0
          ],
          [
            -99.22789,
            18.8903,
            0
          ],
          [
            -99.22774,
            18.89048,
            0
          ],
          [
            -99.22771,
            18.89057,
            0
          ],
          [
            -99.22762,
            18.89072,
            0
          ],
          [
            -99.22749,
            18.89088,
            0
          ],
          [
            -99.22733,
            18.89104,
            0
          ],
          [
            -99.22691,
            18.89157,
            0
          ],
          [
            -99.22688,
            18.89163,
            0
          ],
          [
            -99.22685,
            18.89178,
            0
          ],
          [
            -99.22685,
            18.89183,
            0
          ],
          [
            -99.22689,
            18.892,
            0
          ],
          [
            -99.227,
            18.89214,
            0
          ],
          [
            -99.22738,
            18.89238,
            0
          ],
          [
            -99.22739,
            18.89238,
            0
          ],
          [
            -99.22781,
            18.89265,
            0
          ],
          [
            -99.22798,
            18.89281,
            0
          ],
          [
            -99.22809,
            18.89298,
            0
          ],
          [
            -99.22819,
            18.89318,
            0
          ],
          [
            -99.22826,
            18.89336,
            0
          ],
          [
            -99.22831,
            18.89346,
            0
          ],
          [
            -99.22833,
            18.89347,
            0
          ],
          [
            -99.22836,
            18.8935,
            0
          ],
          [
            -99.2291,
            18.89518,
            0
          ],
          [
            -99.22911,
            18.89519,
            0
          ],
          [
            -99.23033,
            18.89782,
            0
          ],
          [
            -99.23105,
            18.89993,
            0
          ],
          [
            -99.23141,
            18.90127,
            0
          ],
          [
            -99.23168,
            18.90438,
            0
          ],
          [
            -99.23187,
            18.90573,
            0
          ],
          [
            -99.23204,
            18.90666,
            0
          ],
          [
            -99.23206,
            18.90672,
            0
          ],
          [
            -99.23208,
            18.90682,
            0
          ],
          [
            -99.23263,
            18.90787,
            0
          ],
          [
            -99.23561,
            18.91299,
            0
          ],
          [
            -99.23613,
            18.91422,
            0
          ],
          [
            -99.2365,
            18.91495,
            0
          ],
          [
            -99.23701,
            18.91604,
            0
          ],
          [
            -99.23709,
            18.91654,
            0
          ],
          [
            -99.2371,
            18.91656,
            0
          ],
          [
            -99.23712,
            18.91707,
            0
          ],
          [
            -99.23715,
            18.91724,
            0
          ],
          [
            -99.23727,
            18.91875,
            0
          ],
          [
            -99.23727,
            18.91886,
            0
          ],
          [
            -99.23738,
            18.9196,
            0
          ],
          [
            -99.23747,
            18.92059,
            0
          ],
          [
            -99.2377,
            18.92204,
            0
          ],
          [
            -99.23801,
            18.92446,
            0
          ],
          [
            -99.23833,
            18.9266,
            0
          ],
          [
            -99.23836,
            18.92719,
            0
          ],
          [
            -99.23839,
            18.92748,
            0
          ],
          [
            -99.23858,
            18.92875,
            0
          ],
          [
            -99.23836,
            18.92885,
            0
          ],
          [
            -99.2383,
            18.92887,
            0
          ],
          [
            -99.23785,
            18.92892,
            0
          ],
          [
            -99.2378,
            18.92894,
            0
          ],
          [
            -99.23778,
            18.92896,
            0
          ],
          [
            -99.23776,
            18.92902,
            0
          ],
          [
            -99.23778,
            18.92907,
            0
          ],
          [
            -99.2378,
            18.9291,
            0
          ],
          [
            -99.23784,
            18.92914,
            0
          ],
          [
            -99.2379,
            18.92917,
            0
          ],
          [
            -99.23801,
            18.92921,
            0
          ],
          [
            -99.23808,
            18.92925,
            0
          ],
          [
            -99.2381,
            18.92929,
            0
          ],
          [
            -99.2381,
            18.92937,
            0
          ],
          [
            -99.23808,
            18.92939,
            0
          ],
          [
            -99.23805,
            18.92941,
            0
          ],
          [
            -99.23794,
            18.92946,
            0
          ],
          [
            -99.23785,
            18.92946,
            0
          ],
          [
            -99.23784,
            18.92936,
            0
          ],
          [
            -99.23782,
            18.92927,
            0
          ],
          [
            -99.2378,
            18.92923,
            0
          ],
          [
            -99.23749,
            18.92898,
            0
          ],
          [
            -99.23741,
            18.9289,
            0
          ],
          [
            -99.23739,
            18.92887,
            0
          ],
          [
            -99.23738,
            18.92881,
            0
          ],
          [
            -99.23724,
            18.92698,
            0
          ],
          [
            -99.23722,
            18.92694,
            0
          ],
          [
            -99.23635,
            18.92615,
            0
          ],
          [
            -99.23625,
            18.92604,
            0
          ],
          [
            -99.23606,
            18.92586,
            0
          ],
          [
            -99.23574,
            18.92468,
            0
          ],
          [
            -99.23528,
            18.92472,
            0
          ],
          [
            -99.2352,
            18.92472,
            0
          ],
          [
            -99.23523,
            18.92478,
            0
          ],
          [
            -99.23529,
            18.92496,
            0
          ],
          [
            -99.23553,
            18.92596,
            0
          ],
          [
            -99.23568,
            18.9264,
            0
          ],
          [
            -99.23594,
            18.92684,
            0
          ],
          [
            -99.23598,
            18.92693,
            0
          ],
          [
            -99.23634,
            18.92751,
            0
          ],
          [
            -99.23651,
            18.92789,
            0
          ],
          [
            -99.23652,
            18.92793,
            0
          ],
          [
            -99.23652,
            18.92802,
            0
          ],
          [
            -99.2365,
            18.92814,
            0
          ],
          [
            -99.23647,
            18.92819,
            0
          ],
          [
            -99.23641,
            18.92824,
            0
          ],
          [
            -99.23629,
            18.92828,
            0
          ],
          [
            -99.23624,
            18.92828,
            0
          ],
          [
            -99.23619,
            18.92829,
            0
          ],
          [
            -99.23613,
            18.92828,
            0
          ],
          [
            -99.23611,
            18.92827,
            0
          ],
          [
            -99.23609,
            18.92825,
            0
          ],
          [
            -99.23606,
            18.92823,
            0
          ],
          [
            -99.23589,
            18.928,
            0
          ],
          [
            -99.23583,
            18.92795,
            0
          ],
          [
            -99.23568,
            18.92787,
            0
          ],
          [
            -99.23559,
            18.92785,
            0
          ],
          [
            -99.23554,
            18.92785,
            0
          ],
          [
            -99.23543,
            18.92789,
            0
          ],
          [
            -99.23527,
            18.92798,
            0
          ],
          [
            -99.23519,
            18.92804,
            0
          ],
          [
            -99.23471,
            18.92832,
            0
          ],
          [
            -99.23459,
            18.92843,
            0
          ],
          [
            -99.23456,
            18.92847,
            0
          ],
          [
            -99.23454,
            18.92851,
            0
          ],
          [
            -99.23435,
            18.9291,
            0
          ],
          [
            -99.23428,
            18.92945,
            0
          ],
          [
            -99.23425,
            18.92991,
            0
          ],
          [
            -99.2342,
            18.93014,
            0
          ],
          [
            -99.23405,
            18.93039,
            0
          ],
          [
            -99.23298,
            18.93076,
            0
          ],
          [
            -99.23294,
            18.93078,
            0
          ],
          [
            -99.23284,
            18.93081,
            0
          ],
          [
            -99.23286,
            18.93086,
            0
          ],
          [
            -99.23286,
            18.93088,
            0
          ],
          [
            -99.23237,
            18.93182,
            0
          ],
          [
            -99.23237,
            18.93183,
            0
          ],
          [
            -99.23233,
            18.93191,
            0
          ],
          [
            -99.23228,
            18.93204,
            0
          ],
          [
            -99.23288,
            18.93206,
            0
          ],
          [
            -99.23295,
            18.93208,
            0
          ],
          [
            -99.23303,
            18.93209,
            0
          ],
          [
            -99.23328,
            18.93221,
            0
          ],
          [
            -99.23337,
            18.93227,
            0
          ],
          [
            -99.23347,
            18.93235,
            0
          ],
          [
            -99.23366,
            18.93257,
            0
          ],
          [
            -99.23394,
            18.93332,
            0
          ],
          [
            -99.23402,
            18.93344,
            0
          ],
          [
            -99.23415,
            18.9336,
            0
          ],
          [
            -99.23498,
            18.9343,
            0
          ],
          [
            -99.23452,
            18.93487,
            0
          ],
          [
            -99.23451,
            18.93489,
            0
          ],
          [
            -99.23384,
            18.93572,
            0
          ],
          [
            -99.23377,
            18.93584,
            0
          ],
          [
            -99.23375,
            18.93589,
            0
          ],
          [
            -99.23372,
            18.93606,
            0
          ],
          [
            -99.23373,
            18.93618,
            0
          ],
          [
            -99.23378,
            18.93641,
            0
          ],
          [
            -99.23385,
            18.93663,
            0
          ],
          [
            -99.23404,
            18.93751,
            0
          ],
          [
            -99.23408,
            18.9376,
            0
          ],
          [
            -99.23422,
            18.93773,
            0
          ],
          [
            -99.23444,
            18.93791,
            0
          ],
          [
            -99.23452,
            18.93804,
            0
          ],
          [
            -99.23454,
            18.9381,
            0
          ],
          [
            -99.23454,
            18.93815,
            0
          ],
          [
            -99.23455,
            18.93821,
            0
          ],
          [
            -99.23437,
            18.93935,
            0
          ],
          [
            -99.23437,
            18.93948,
            0
          ],
          [
            -99.23447,
            18.93971,
            0
          ],
          [
            -99.23507,
            18.94078,
            0
          ],
          [
            -99.2351,
            18.94086,
            0
          ],
          [
            -99.23511,
            18.94091,
            0
          ],
          [
            -99.23517,
            18.94243,
            0
          ],
          [
            -99.23516,
            18.94285,
            0
          ],
          [
            -99.23521,
            18.94511,
            0
          ],
          [
            -99.23523,
            18.94539,
            0
          ],
          [
            -99.23532,
            18.94935,
            0
          ],
          [
            -99.2354,
            18.9502,
            0
          ],
          [
            -99.23528,
            18.95021,
            0
          ],
          [
            -99.23513,
            18.95024,
            0
          ],
          [
            -99.23605,
            18.95325,
            0
          ],
          [
            -99.23659,
            18.95518,
            0
          ],
          [
            -99.23685,
            18.95598,
            0
          ],
          [
            -99.23715,
            18.95704,
            0
          ],
          [
            -99.23752,
            18.95851,
            0
          ],
          [
            -99.23825,
            18.96095,
            0
          ],
          [
            -99.23852,
            18.96173,
            0
          ],
          [
            -99.23872,
            18.9625,
            0
          ],
          [
            -99.23902,
            18.96344,
            0
          ],
          [
            -99.23992,
            18.9666,
            0
          ],
          [
            -99.24013,
            18.96716,
            0
          ],
          [
            -99.2402,
            18.96743,
            0
          ],
          [
            -99.24011,
            18.96763,
            0
          ],
          [
            -99.24004,
            18.9677,
            0
          ],
          [
            -99.24,
            18.96773,
            0
          ],
          [
            -99.23994,
            18.96776,
            0
          ],
          [
            -99.23984,
            18.96776,
            0
          ],
          [
            -99.23968,
            18.96778,
            0
          ],
          [
            -99.23905,
            18.9678,
            0
          ],
          [
            -99.23878,
            18.96776,
            0
          ],
          [
            -99.23804,
            18.96748,
            0
          ],
          [
            -99.23732,
            18.96726,
            0
          ],
          [
            -99.23718,
            18.96723,
            0
          ],
          [
            -99.23618,
            18.96688,
            0
          ],
          [
            -99.23583,
            18.96674,
            0
          ],
          [
            -99.23582,
            18.96674,
            0
          ],
          [
            -99.23569,
            18.96669,
            0
          ],
          [
            -99.23565,
            18.96668,
            0
          ],
          [
            -99.2352,
            18.96651,
            0
          ],
          [
            -99.23498,
            18.96647,
            0
          ],
          [
            -99.23483,
            18.96647,
            0
          ],
          [
            -99.2346,
            18.96649,
            0
          ],
          [
            -99.23448,
            18.96651,
            0
          ],
          [
            -99.23443,
            18.96653,
            0
          ],
          [
            -99.23406,
            18.96663,
            0
          ],
          [
            -99.23399,
            18.96666,
            0
          ],
          [
            -99.23385,
            18.96666,
            0
          ],
          [
            -99.23235,
            18.9671,
            0
          ],
          [
            -99.23234,
            18.9671,
            0
          ],
          [
            -99.23201,
            18.9672,
            0
          ],
          [
            -99.23201,
            18.96732,
            0
          ],
          [
            -99.23204,
            18.96765,
            0
          ],
          [
            -99.23204,
            18.96818,
            0
          ],
          [
            -99.23196,
            18.96874,
            0
          ],
          [
            -99.23194,
            18.96883,
            0
          ],
          [
            -99.23185,
            18.96996,
            0
          ],
          [
            -99.23167,
            18.97125,
            0
          ],
          [
            -99.23166,
            18.97139,
            0
          ],
          [
            -99.2315,
            18.97256,
            0
          ],
          [
            -99.23141,
            18.97284,
            0
          ],
          [
            -99.23126,
            18.97309,
            0
          ],
          [
            -99.23105,
            18.97339,
            0
          ],
          [
            -99.23101,
            18.97346,
            0
          ],
          [
            -99.23057,
            18.97407,
            0
          ],
          [
            -99.23023,
            18.97458,
            0
          ],
          [
            -99.23012,
            18.97483,
            0
          ],
          [
            -99.2301,
            18.97486,
            0
          ],
          [
            -99.22985,
            18.97563,
            0
          ],
          [
            -99.22973,
            18.97589,
            0
          ],
          [
            -99.22968,
            18.97604,
            0
          ],
          [
            -99.2297,
            18.97617,
            0
          ],
          [
            -99.2297,
            18.97623,
            0
          ],
          [
            -99.22982,
            18.97748,
            0
          ],
          [
            -99.23047,
            18.97743,
            0
          ],
          [
            -99.23047,
            18.97747,
            0
          ]
        ]
      },
      "properties": {
        "name": "2. COL. CUAUHTEMOC-CHAMILPA-JIUTEPEC-POCHOTAL",
        "description": {
          "@type": "html",
          "value": "descripción: <br>OID: 553<br>ZONA: CENTRO<br>RUTA: RUTA 18<br>ITINERARIO: 2. COL. CUAUHTEMOC-CHAMILPA-JIUTEPEC-POCHOTAL<br>DESCRIPCIO: POCHOTAL-COL. CUAUHTEMOC<br>AUTO-AMPL: ITINERARIO<br>DEFIN-PROV: DEFINITIVOS<br>DURACION: DEFINITIVA<br>FOLIO: SGG/DGT/SDP/000320/97<br>SGG/DGTT/SJ/747/99"
        },
        "styleUrl": "#line-1A237E-1200",
        "stroke-opacity": 1,
        "stroke": "#1a237e",
        "stroke-width": 1.2,
        "descripción": "",
        "OID": "553",
        "ZONA": "CENTRO",
        "RUTA": "RUTA 18",
        "ITINERARIO": "2. COL. CUAUHTEMOC-CHAMILPA-JIUTEPEC-POCHOTAL",
        "DESCRIPCIO": "POCHOTAL-COL. CUAUHTEMOC",
        "AUTO-AMPL": "ITINERARIO",
        "DEFIN-PROV": "DEFINITIVOS",
        "DURACION": "DEFINITIVA",
        "FOLIO": "SGG/DGT/SDP/000320/97\nSGG/DGTT/SJ/747/99"
      }
    },
    {
      "type": "Feature",
      "geometry": {
        "type": "LineString",
        "coordinates": [
          [
            -99.19819,
            18.87531,
            0
          ],
          [
            -99.1981,
            18.8753,
            0
          ],
          [
            -99.19809,
            18.87522,
            0
          ],
          [
            -99.19809,
            18.87515,
            0
          ],
          [
            -99.19809,
            18.87509,
            0
          ],
          [
            -99.19809,
            18.87504,
            0
          ],
          [
            -99.19809,
            18.87503,
            0
          ],
          [
            -99.19813,
            18.87493,
            0
          ],
          [
            -99.19822,
            18.87466,
            0
          ],
          [
            -99.19822,
            18.87464,
            0
          ],
          [
            -99.19836,
            18.87419,
            0
          ],
          [
            -99.19842,
            18.87397,
            0
          ],
          [
            -99.1984,
            18.87384,
            0
          ],
          [
            -99.19841,
            18.87381,
            0
          ],
          [
            -99.19848,
            18.87353,
            0
          ],
          [
            -99.1986,
            18.8731,
            0
          ],
          [
            -99.19873,
            18.87267,
            0
          ],
          [
            -99.19886,
            18.87225,
            0
          ],
          [
            -99.19901,
            18.87181,
            0
          ],
          [
            -99.19914,
            18.87138,
            0
          ],
          [
            -99.19924,
            18.87096,
            0
          ],
          [
            -99.19926,
            18.87051,
            0
          ],
          [
            -99.19924,
            18.86978,
            0
          ],
          [
            -99.19922,
            18.8693,
            0
          ],
          [
            -99.19921,
            18.86914,
            0
          ],
          [
            -99.19921,
            18.86895,
            0
          ],
          [
            -99.19921,
            18.86853,
            0
          ],
          [
            -99.19921,
            18.8683,
            0
          ],
          [
            -99.19918,
            18.86788,
            0
          ]
        ]
      },
      "properties": {
        "name": "COL. LOMAS DE JIUTEPEC",
        "description": {
          "@type": "html",
          "value": "descripción: <br>OID: 1248<br>ZONA: CENTRO<br>RUTA: RUTA 18<br>ITINERARIO: AMPL. COL. LOMAS DE JIUTEPEC<br>DESCRIPCIO: COL. LOMAS DE JIUTEPEC<br>AUTO-AMPL: AMPLIACION<br>DEFIN-PROV: DEFINITIVOS<br>DURACION: DEFINITIVA<br>FOLIO: SG/DGT/SDP/2640/X/2010<br>SG/DGT/SDP/1966/VII/2011<br>SG/DGT/SDP/3339/IX/2012"
        },
        "styleUrl": "#line-4E342E-1200",
        "stroke-opacity": 1,
        "stroke": "#4e342e",
        "stroke-width": 1.2,
        "descripción": "",
        "OID": "1248",
        "ZONA": "CENTRO",
        "RUTA": "RUTA 18",
        "ITINERARIO": "AMPL. COL. LOMAS DE JIUTEPEC",
        "DESCRIPCIO": "COL. LOMAS DE JIUTEPEC",
        "AUTO-AMPL": "AMPLIACION",
        "DEFIN-PROV": "DEFINITIVOS",
        "DURACION": "DEFINITIVA",
        "FOLIO": "SG/DGT/SDP/2640/X/2010\nSG/DGT/SDP/1966/VII/2011\nSG/DGT/SDP/3339/IX/2012"
      }
    },
    {
      "type": "Feature",
      "geometry": {
        "type": "LineString",
        "coordinates": [
          [
            -99.18296,
            18.88224,
            0
          ],
          [
            -99.18321,
            18.88224,
            0
          ],
          [
            -99.18345,
            18.88223,
            0
          ],
          [
            -99.18375,
            18.8822,
            0
          ],
          [
            -99.1839,
            18.88218,
            0
          ],
          [
            -99.18404,
            18.88213,
            0
          ],
          [
            -99.1842,
            18.88206,
            0
          ],
          [
            -99.18458,
            18.88186,
            0
          ],
          [
            -99.18472,
            18.8818,
            0
          ],
          [
            -99.18486,
            18.88177,
            0
          ],
          [
            -99.18503,
            18.88175,
            0
          ],
          [
            -99.1851,
            18.88175,
            0
          ],
          [
            -99.18522,
            18.88174,
            0
          ],
          [
            -99.18539,
            18.88175,
            0
          ],
          [
            -99.1855,
            18.88176,
            0
          ],
          [
            -99.18563,
            18.88178,
            0
          ],
          [
            -99.18578,
            18.88184,
            0
          ],
          [
            -99.18596,
            18.8819,
            0
          ],
          [
            -99.18607,
            18.88192,
            0
          ],
          [
            -99.18618,
            18.88194,
            0
          ],
          [
            -99.18679,
            18.88204,
            0
          ],
          [
            -99.18686,
            18.88203,
            0
          ],
          [
            -99.18694,
            18.88201,
            0
          ],
          [
            -99.18701,
            18.88196,
            0
          ],
          [
            -99.18706,
            18.88192,
            0
          ],
          [
            -99.1871,
            18.88188,
            0
          ],
          [
            -99.18724,
            18.88098,
            0
          ],
          [
            -99.1873,
            18.88061,
            0
          ],
          [
            -99.18734,
            18.88045,
            0
          ],
          [
            -99.18737,
            18.88038,
            0
          ],
          [
            -99.1874,
            18.88033,
            0
          ],
          [
            -99.18747,
            18.88025,
            0
          ],
          [
            -99.18748,
            18.88025,
            0
          ]
        ]
      },
      "properties": {
        "name": "U.H. TEZONTEPEC",
        "description": {
          "@type": "html",
          "value": "descripción: <br>OID: 1271<br>ZONA: CENTRO<br>RUTA: RUTA 18<br>ITINERARIO: AMPL. U.H. TEZONTEPEC<br>DESCRIPCIO: U.H. TEZONTEPEC<br>AUTO-AMPL: AMPLIACION<br>DEFIN-PROV: DEFINITIVOS<br>DURACION: DEFINITIVA<br>FOLIO: SG/DGT/SDP/3623/IX/2012"
        },
        "styleUrl": "#line-558B2F-1200",
        "stroke-opacity": 1,
        "stroke": "#558b2f",
        "stroke-width": 1.2,
        "descripción": "",
        "OID": "1271",
        "ZONA": "CENTRO",
        "RUTA": "RUTA 18",
        "ITINERARIO": "AMPL. U.H. TEZONTEPEC",
        "DESCRIPCIO": "U.H. TEZONTEPEC",
        "AUTO-AMPL": "AMPLIACION",
        "DEFIN-PROV": "DEFINITIVOS",
        "DURACION": "DEFINITIVA",
        "FOLIO": "SG/DGT/SDP/3623/IX/2012"
      }
    },
    {
      "type": "Feature",
      "geometry": {
        "type": "LineString",
        "coordinates": [
          [
            -99.23187,
            18.96963,
            0
          ],
          [
            -99.23185,
            18.96996,
            0
          ],
          [
            -99.23129,
            18.96991,
            0
          ],
          [
            -99.23072,
            18.96985,
            0
          ],
          [
            -99.23044,
            18.96982,
            0
          ],
          [
            -99.23017,
            18.96979,
            0
          ],
          [
            -99.22969,
            18.96974,
            0
          ],
          [
            -99.2295,
            18.96972,
            0
          ],
          [
            -99.22912,
            18.96968,
            0
          ],
          [
            -99.22897,
            18.96967,
            0
          ],
          [
            -99.22903,
            18.97029,
            0
          ],
          [
            -99.22905,
            18.9705,
            0
          ],
          [
            -99.22906,
            18.9707,
            0
          ],
          [
            -99.2291,
            18.97107,
            0
          ],
          [
            -99.22914,
            18.97151,
            0
          ],
          [
            -99.22919,
            18.97202,
            0
          ],
          [
            -99.2292,
            18.97228,
            0
          ],
          [
            -99.22923,
            18.97264,
            0
          ],
          [
            -99.22924,
            18.9728,
            0
          ],
          [
            -99.22924,
            18.97288,
            0
          ],
          [
            -99.22926,
            18.9732,
            0
          ],
          [
            -99.22927,
            18.97334,
            0
          ],
          [
            -99.22928,
            18.97341,
            0
          ],
          [
            -99.22933,
            18.97387,
            0
          ],
          [
            -99.22937,
            18.97417,
            0
          ],
          [
            -99.22937,
            18.97424,
            0
          ],
          [
            -99.22925,
            18.97442,
            0
          ],
          [
            -99.2292,
            18.97448,
            0
          ],
          [
            -99.22902,
            18.97473,
            0
          ],
          [
            -99.22885,
            18.97497,
            0
          ],
          [
            -99.22868,
            18.9752,
            0
          ],
          [
            -99.22847,
            18.97549,
            0
          ],
          [
            -99.2283,
            18.9757,
            0
          ],
          [
            -99.2283,
            18.97575,
            0
          ],
          [
            -99.22829,
            18.97578,
            0
          ],
          [
            -99.22829,
            18.9758,
            0
          ],
          [
            -99.22828,
            18.97583,
            0
          ],
          [
            -99.22827,
            18.97585,
            0
          ],
          [
            -99.22826,
            18.97588,
            0
          ],
          [
            -99.22825,
            18.9759,
            0
          ],
          [
            -99.22822,
            18.97595,
            0
          ],
          [
            -99.22797,
            18.97629,
            0
          ],
          [
            -99.22791,
            18.97636,
            0
          ],
          [
            -99.22782,
            18.97649,
            0
          ],
          [
            -99.22762,
            18.97678,
            0
          ],
          [
            -99.22748,
            18.97696,
            0
          ],
          [
            -99.22722,
            18.97732,
            0
          ]
        ]
      },
      "properties": {
        "name": "COL. OCOTEPEC",
        "description": {
          "@type": "html",
          "value": "descripción: <br>OID: 1279<br>ZONA: CENTRO<br>RUTA: RUTA 18<br>ITINERARIO: AMPL. COL. OCOTEPEC<br>DESCRIPCIO: COL. OCOTEPEC<br>AUTO-AMPL: AMPLIACION<br>DEFIN-PROV: DEFINITIVOS<br>DURACION: DEFINITIVA<br>FOLIO: SG/DGT/SDP/4686/XI/2006<br>SG/DGT/SDP/1412/VI/2009"
        },
        "styleUrl": "#line-0288D1-1200",
        "stroke-opacity": 1,
        "stroke": "#0288d1",
        "stroke-width": 1.2,
        "descripción": "",
        "OID": "1279",
        "ZONA": "CENTRO",
        "RUTA": "RUTA 18",
        "ITINERARIO": "AMPL. COL. OCOTEPEC",
        "DESCRIPCIO": "COL. OCOTEPEC",
        "AUTO-AMPL": "AMPLIACION",
        "DEFIN-PROV": "DEFINITIVOS",
        "DURACION": "DEFINITIVA",
        "FOLIO": "SG/DGT/SDP/4686/XI/2006\nSG/DGT/SDP/1412/VI/2009"
      }
    }
  ]
}