{
  "type": "FeatureCollection",
  "features": [
    {
      "type": "Feature",
      "geometry": {
        "type": "LineString",
        "coordinates": [
          [
            -99.22817,
            18.93165,
            0
          ],
          [
            -99.22876,
            18.93195,
            0
          ],
          [
            -99.22899,
            18.93208,
            0
          ],
          [
            -99.22934,
            18.93226,
            0
          ],
          [
            -99.22966,
            18.93207,
            0
          ],
          [
            -99.22979,
            18.93205,
            0
          ],
          [
            -99.22985,
            18.93207,
            0
          ],
          [
            -99.22986,
            18.93207,
            0
          ],
          [
            -99.22987,
            18.93207,
            0
          ],
          [
            -99.23028,
            18.93207,
            0
          ],
          [
            -99.23079,
            18.93208,
            0
          ],
          [
            -99.23089,
            18.93208,
            0
          ],
          [
            -99.231,
            18.93209,
            0
          ],
          [
            -99.23132,
            18.93211,
            0
          ],
          [
            -99.23136,
            18.93211,
            0
          ],
          [
            -99.2315,
            18.93212,
            0
          ],
          [
            -99.23172,
            18.93213,
            0
          ],
          [
            -99.23173,
            18.93213,
            0
          ],
          [
            -99.23175,
            18.93212,
            0
          ],
          [
            -99.23177,
            18.93212,
            0
          ],
          [
            -99.23182,
            18.9321,
            0
          ],
          [
            -99.23196,
            18.9321,
            0
          ],
          [
            -99.23204,
            18.93209,
            0
          ],
          [
            -99.23228,
            18.93204,
            0
          ],
          [
            -99.23236,
            18.93204,
            0
          ],
          [
            -99.23255,
            18.93205,
            0
          ],
          [
            -99.23267,
            18.9319,
            0
          ],
          [
            -99.23273,
            18.93185,
            0
          ],
          [
            -99.2328,
            18.93181,
            0
          ],
          [
            -99.23286,
            18.93176,
            0
          ],
          [
            -99.23306,
            18.93162,
            0
          ],
          [
            -99.23316,
            18.93154,
            0
          ],
          [
            -99.23328,
            18.93149,
            0
          ],
          [
            -99.23341,
            18.93146,
            0
          ],
          [
            -99.23346,
            18.93145,
            0
          ],
          [
            -99.2335,
            18.93144,
            0
          ],
          [
            -99.23357,
            18.93144,
            0
          ],
          [
            -99.2336,
            18.93145,
            0
          ],
          [
            -99.23365,
            18.93146,
            0
          ],
          [
            -99.23368,
            18.93147,
            0
          ],
          [
            -99.23373,
            18.93149,
            0
          ],
          [
            -99.23375,
            18.9315,
            0
          ],
          [
            -99.23381,
            18.93155,
            0
          ],
          [
            -99.23385,
            18.93158,
            0
          ],
          [
            -99.23389,
            18.93162,
            0
          ],
          [
            -99.23394,
            18.93168,
            0
          ],
          [
            -99.23396,
            18.93173,
            0
          ],
          [
            -99.23409,
            18.93195,
            0
          ],
          [
            -99.23415,
            18.93207,
            0
          ],
          [
            -99.23417,
            18.9321,
            0
          ],
          [
            -99.23418,
            18.93211,
            0
          ],
          [
            -99.2342,
            18.93213,
            0
          ],
          [
            -99.23426,
            18.93217,
            0
          ],
          [
            -99.23432,
            18.9322,
            0
          ],
          [
            -99.23435,
            18.93221,
            0
          ],
          [
            -99.2344,
            18.93222,
            0
          ],
          [
            -99.23445,
            18.93223,
            0
          ],
          [
            -99.23456,
            18.93224,
            0
          ],
          [
            -99.23471,
            18.93221,
            0
          ],
          [
            -99.23477,
            18.93219,
            0
          ],
          [
            -99.23484,
            18.93216,
            0
          ],
          [
            -99.23496,
            18.93209,
            0
          ],
          [
            -99.23501,
            18.93204,
            0
          ],
          [
            -99.23504,
            18.932,
            0
          ],
          [
            -99.23507,
            18.93196,
            0
          ],
          [
            -99.23509,
            18.93192,
            0
          ],
          [
            -99.2351,
            18.93189,
            0
          ],
          [
            -99.2351,
            18.93185,
            0
          ],
          [
            -99.2351,
            18.93182,
            0
          ],
          [
            -99.23506,
            18.93135,
            0
          ],
          [
            -99.23502,
            18.93082,
            0
          ],
          [
            -99.23501,
            18.93064,
            0
          ],
          [
            -99.23502,
            18.93048,
            0
          ],
          [
            -99.23504,
            18.93027,
            0
          ],
          [
            -99.23508,
            18.93007,
            0
          ],
          [
            -99.23512,
            18.92986,
            0
          ],
          [
            -99.23513,
            18.92976,
            0
          ],
          [
            -99.23513,
            18.92972,
            0
          ],
          [
            -99.23513,
            18.92968,
            0
          ],
          [
            -99.23513,
            18.92958,
            0
          ],
          [
            -99.23512,
            18.92949,
            0
          ],
          [
            -99.23506,
            18.9291,
            0
          ],
          [
            -99.23504,
            18.92901,
            0
          ],
          [
            -99.23504,
            18.92891,
            0
          ],
          [
            -99.23505,
            18.92884,
            0
          ],
          [
            -99.23506,
            18.92879,
            0
          ],
          [
            -99.23508,
            18.92874,
            0
          ],
          [
            -99.23513,
            18.92866,
            0
          ],
          [
            -99.23515,
            18.92864,
            0
          ],
          [
            -99.23521,
            18.92859,
            0
          ],
          [
            -99.2353,
            18.92856,
            0
          ],
          [
            -99.23537,
            18.92854,
            0
          ],
          [
            -99.23543,
            18.92854,
            0
          ],
          [
            -99.2355,
            18.92851,
            0
          ],
          [
            -99.23527,
            18.92798,
            0
          ],
          [
            -99.23515,
            18.9277,
            0
          ],
          [
            -99.23512,
            18.92762,
            0
          ],
          [
            -99.23501,
            18.92739,
            0
          ],
          [
            -99.23497,
            18.92724,
            0
          ],
          [
            -99.23496,
            18.92715,
            0
          ],
          [
            -99.23492,
            18.92697,
            0
          ],
          [
            -99.23491,
            18.92692,
            0
          ],
          [
            -99.23489,
            18.92688,
            0
          ],
          [
            -99.23486,
            18.92683,
            0
          ],
          [
            -99.23451,
            18.92638,
            0
          ],
          [
            -99.23428,
            18.92612,
            0
          ],
          [
            -99.23425,
            18.92608,
            0
          ],
          [
            -99.23381,
            18.92554,
            0
          ],
          [
            -99.23355,
            18.92529,
            0
          ],
          [
            -99.2333,
            18.92504,
            0
          ],
          [
            -99.23323,
            18.92497,
            0
          ],
          [
            -99.23313,
            18.92488,
            0
          ],
          [
            -99.23301,
            18.92481,
            0
          ],
          [
            -99.23291,
            18.92488,
            0
          ],
          [
            -99.23216,
            18.92541,
            0
          ],
          [
            -99.23214,
            18.92543,
            0
          ],
          [
            -99.23213,
            18.92544,
            0
          ],
          [
            -99.23212,
            18.92546,
            0
          ],
          [
            -99.23212,
            18.92547,
            0
          ],
          [
            -99.23212,
            18.9255,
            0
          ],
          [
            -99.23214,
            18.92558,
            0
          ],
          [
            -99.23206,
            18.92563,
            0
          ],
          [
            -99.23201,
            18.92566,
            0
          ],
          [
            -99.23213,
            18.92589,
            0
          ],
          [
            -99.23217,
            18.92599,
            0
          ],
          [
            -99.23228,
            18.9263,
            0
          ],
          [
            -99.23232,
            18.92645,
            0
          ],
          [
            -99.23232,
            18.92647,
            0
          ],
          [
            -99.23232,
            18.92649,
            0
          ],
          [
            -99.23232,
            18.92651,
            0
          ],
          [
            -99.23231,
            18.92655,
            0
          ],
          [
            -99.23231,
            18.92657,
            0
          ],
          [
            -99.23217,
            18.92694,
            0
          ],
          [
            -99.23204,
            18.92721,
            0
          ],
          [
            -99.23189,
            18.92744,
            0
          ],
          [
            -99.23185,
            18.92749,
            0
          ],
          [
            -99.23182,
            18.92752,
            0
          ],
          [
            -99.23177,
            18.92756,
            0
          ],
          [
            -99.2316,
            18.92765,
            0
          ],
          [
            -99.23156,
            18.92767,
            0
          ],
          [
            -99.23155,
            18.92767,
            0
          ],
          [
            -99.23153,
            18.92768,
            0
          ],
          [
            -99.23151,
            18.92769,
            0
          ],
          [
            -99.23149,
            18.92769,
            0
          ],
          [
            -99.23147,
            18.9277,
            0
          ],
          [
            -99.23144,
            18.9277,
            0
          ],
          [
            -99.23143,
            18.9277,
            0
          ],
          [
            -99.23141,
            18.92771,
            0
          ],
          [
            -99.23139,
            18.92771,
            0
          ],
          [
            -99.23136,
            18.92771,
            0
          ],
          [
            -99.23135,
            18.92771,
            0
          ],
          [
            -99.23093,
            18.92768,
            0
          ],
          [
            -99.23091,
            18.92767,
            0
          ],
          [
            -99.23089,
            18.92767,
            0
          ],
          [
            -99.23087,
            18.92767,
            0
          ],
          [
            -99.23083,
            18.92767,
            0
          ],
          [
            -99.2308,
            18.92767,
            0
          ],
          [
            -99.23078,
            18.92767,
            0
          ],
          [
            -99.23074,
            18.92768,
            0
          ],
          [
            -99.23072,
            18.92768,
            0
          ],
          [
            -99.23068,
            18.92769,
            0
          ],
          [
            -99.23057,
            18.92773,
            0
          ],
          [
            -99.23055,
            18.92773,
            0
          ],
          [
            -99.23019,
            18.92785,
            0
          ],
          [
            -99.23008,
            18.92788,
            0
          ],
          [
            -99.23,
            18.92789,
            0
          ],
          [
            -99.22992,
            18.92787,
            0
          ],
          [
            -99.22988,
            18.92781,
            0
          ],
          [
            -99.22982,
            18.92768,
            0
          ],
          [
            -99.22952,
            18.92698,
            0
          ],
          [
            -99.22948,
            18.92691,
            0
          ],
          [
            -99.22939,
            18.92675,
            0
          ],
          [
            -99.22935,
            18.92669,
            0
          ],
          [
            -99.22913,
            18.92642,
            0
          ],
          [
            -99.22898,
            18.92627,
            0
          ],
          [
            -99.22888,
            18.92618,
            0
          ],
          [
            -99.22882,
            18.92613,
            0
          ],
          [
            -99.2287,
            18.92603,
            0
          ],
          [
            -99.22851,
            18.92591,
            0
          ],
          [
            -99.22839,
            18.92583,
            0
          ],
          [
            -99.22829,
            18.92578,
            0
          ],
          [
            -99.22804,
            18.92567,
            0
          ],
          [
            -99.22794,
            18.92562,
            0
          ],
          [
            -99.22776,
            18.92559,
            0
          ],
          [
            -99.22684,
            18.92537,
            0
          ],
          [
            -99.22563,
            18.92509,
            0
          ],
          [
            -99.22546,
            18.92506,
            0
          ],
          [
            -99.22496,
            18.92494,
            0
          ],
          [
            -99.22418,
            18.92476,
            0
          ],
          [
            -99.22336,
            18.92456,
            0
          ],
          [
            -99.22327,
            18.92455,
            0
          ],
          [
            -99.22218,
            18.92432,
            0
          ],
          [
            -99.2216,
            18.92418,
            0
          ],
          [
            -99.2215,
            18.92416,
            0
          ],
          [
            -99.22106,
            18.92405,
            0
          ],
          [
            -99.22078,
            18.92402,
            0
          ],
          [
            -99.22041,
            18.924,
            0
          ],
          [
            -99.22015,
            18.924,
            0
          ],
          [
            -99.21989,
            18.924,
            0
          ],
          [
            -99.21894,
            18.92402,
            0
          ],
          [
            -99.21868,
            18.92403,
            0
          ],
          [
            -99.21865,
            18.92403,
            0
          ],
          [
            -99.21852,
            18.92403,
            0
          ],
          [
            -99.21798,
            18.92402,
            0
          ],
          [
            -99.21765,
            18.92402,
            0
          ],
          [
            -99.21693,
            18.92404,
            0
          ],
          [
            -99.2167,
            18.92404,
            0
          ],
          [
            -99.21655,
            18.92404,
            0
          ],
          [
            -99.21592,
            18.92403,
            0
          ],
          [
            -99.21591,
            18.92403,
            0
          ],
          [
            -99.21519,
            18.92403,
            0
          ],
          [
            -99.21462,
            18.92403,
            0
          ],
          [
            -99.21399,
            18.92402,
            0
          ],
          [
            -99.21366,
            18.92402,
            0
          ],
          [
            -99.21306,
            18.92391,
            0
          ],
          [
            -99.21273,
            18.92382,
            0
          ],
          [
            -99.21212,
            18.92368,
            0
          ],
          [
            -99.21183,
            18.9236,
            0
          ],
          [
            -99.21156,
            18.92354,
            0
          ],
          [
            -99.21133,
            18.92349,
            0
          ],
          [
            -99.2108,
            18.92335,
            0
          ],
          [
            -99.21042,
            18.92326,
            0
          ],
          [
            -99.21026,
            18.92322,
            0
          ],
          [
            -99.21016,
            18.92318,
            0
          ],
          [
            -99.20993,
            18.92312,
            0
          ],
          [
            -99.20983,
            18.92309,
            0
          ],
          [
            -99.20941,
            18.92299,
            0
          ],
          [
            -99.20922,
            18.92294,
            0
          ],
          [
            -99.20912,
            18.92291,
            0
          ],
          [
            -99.20903,
            18.92286,
            0
          ],
          [
            -99.2089,
            18.92278,
            0
          ],
          [
            -99.20868,
            18.92263,
            0
          ],
          [
            -99.20828,
            18.92228,
            0
          ],
          [
            -99.20801,
            18.92208,
            0
          ],
          [
            -99.20799,
            18.92207,
            0
          ],
          [
            -99.20791,
            18.92201,
            0
          ],
          [
            -99.20781,
            18.92194,
            0
          ],
          [
            -99.20775,
            18.92191,
            0
          ],
          [
            -99.20767,
            18.92187,
            0
          ],
          [
            -99.2075,
            18.92177,
            0
          ],
          [
            -99.20742,
            18.92174,
            0
          ],
          [
            -99.20732,
            18.9217,
            0
          ],
          [
            -99.20723,
            18.92168,
            0
          ],
          [
            -99.20721,
            18.92168,
            0
          ],
          [
            -99.20708,
            18.92165,
            0
          ],
          [
            -99.20691,
            18.92162,
            0
          ],
          [
            -99.20652,
            18.92157,
            0
          ],
          [
            -99.2062,
            18.92153,
            0
          ],
          [
            -99.20599,
            18.92151,
            0
          ],
          [
            -99.20582,
            18.92148,
            0
          ],
          [
            -99.20566,
            18.92144,
            0
          ],
          [
            -99.20528,
            18.92134,
            0
          ],
          [
            -99.20481,
            18.92126,
            0
          ],
          [
            -99.20469,
            18.92125,
            0
          ],
          [
            -99.20465,
            18.92125,
            0
          ],
          [
            -99.20454,
            18.92125,
            0
          ],
          [
            -99.20409,
            18.92118,
            0
          ],
          [
            -99.20389,
            18.92112,
            0
          ],
          [
            -99.20374,
            18.92108,
            0
          ],
          [
            -99.20366,
            18.92106,
            0
          ],
          [
            -99.20332,
            18.92099,
            0
          ],
          [
            -99.20292,
            18.92094,
            0
          ],
          [
            -99.2026,
            18.9209,
            0
          ],
          [
            -99.20248,
            18.9209,
            0
          ],
          [
            -99.20239,
            18.92089,
            0
          ],
          [
            -99.20215,
            18.9209,
            0
          ],
          [
            -99.20198,
            18.92088,
            0
          ],
          [
            -99.20186,
            18.92087,
            0
          ],
          [
            -99.20165,
            18.92089,
            0
          ],
          [
            -99.20125,
            18.92093,
            0
          ],
          [
            -99.20121,
            18.92094,
            0
          ],
          [
            -99.20079,
            18.92095,
            0
          ],
          [
            -99.2006,
            18.92094,
            0
          ],
          [
            -99.20055,
            18.92094,
            0
          ],
          [
            -99.20051,
            18.92093,
            0
          ],
          [
            -99.20043,
            18.92093,
            0
          ],
          [
            -99.20036,
            18.92092,
            0
          ],
          [
            -99.20022,
            18.92091,
            0
          ],
          [
            -99.20009,
            18.92089,
            0
          ],
          [
            -99.1999,
            18.92085,
            0
          ],
          [
            -99.19968,
            18.92079,
            0
          ],
          [
            -99.19959,
            18.92076,
            0
          ],
          [
            -99.19951,
            18.92073,
            0
          ],
          [
            -99.19917,
            18.92059,
            0
          ],
          [
            -99.19877,
            18.92042,
            0
          ],
          [
            -99.19873,
            18.9204,
            0
          ],
          [
            -99.19869,
            18.92039,
            0
          ],
          [
            -99.19796,
            18.92008,
            0
          ],
          [
            -99.1979,
            18.92006,
            0
          ],
          [
            -99.19784,
            18.92004,
            0
          ],
          [
            -99.19779,
            18.92002,
            0
          ],
          [
            -99.19764,
            18.91998,
            0
          ],
          [
            -99.1975,
            18.91994,
            0
          ],
          [
            -99.19728,
            18.9199,
            0
          ],
          [
            -99.19724,
            18.91989,
            0
          ],
          [
            -99.19707,
            18.91985,
            0
          ],
          [
            -99.19647,
            18.91973,
            0
          ],
          [
            -99.19638,
            18.91972,
            0
          ],
          [
            -99.19608,
            18.91967,
            0
          ],
          [
            -99.19591,
            18.91964,
            0
          ],
          [
            -99.19581,
            18.91964,
            0
          ],
          [
            -99.19573,
            18.91964,
            0
          ],
          [
            -99.19564,
            18.91964,
            0
          ],
          [
            -99.19547,
            18.91965,
            0
          ],
          [
            -99.19537,
            18.91966,
            0
          ],
          [
            -99.19529,
            18.91968,
            0
          ],
          [
            -99.19512,
            18.91971,
            0
          ],
          [
            -99.19475,
            18.9198,
            0
          ],
          [
            -99.19445,
            18.91988,
            0
          ],
          [
            -99.19433,
            18.91989,
            0
          ],
          [
            -99.19427,
            18.9199,
            0
          ],
          [
            -99.19414,
            18.9199,
            0
          ],
          [
            -99.194,
            18.91989,
            0
          ],
          [
            -99.19389,
            18.91988,
            0
          ],
          [
            -99.19377,
            18.91985,
            0
          ],
          [
            -99.19366,
            18.91983,
            0
          ],
          [
            -99.19351,
            18.91978,
            0
          ],
          [
            -99.19307,
            18.91964,
            0
          ],
          [
            -99.19261,
            18.91949,
            0
          ],
          [
            -99.1912,
            18.91906,
            0
          ],
          [
            -99.19113,
            18.91903,
            0
          ],
          [
            -99.19021,
            18.91875,
            0
          ],
          [
            -99.18947,
            18.91853,
            0
          ],
          [
            -99.18904,
            18.9184,
            0
          ],
          [
            -99.18882,
            18.91833,
            0
          ],
          [
            -99.18871,
            18.91828,
            0
          ],
          [
            -99.18867,
            18.91826,
            0
          ],
          [
            -99.18862,
            18.91824,
            0
          ],
          [
            -99.18853,
            18.9182,
            0
          ],
          [
            -99.18844,
            18.91815,
            0
          ],
          [
            -99.18835,
            18.91809,
            0
          ],
          [
            -99.18828,
            18.91804,
            0
          ],
          [
            -99.1882,
            18.91798,
            0
          ],
          [
            -99.18802,
            18.91782,
            0
          ],
          [
            -99.18771,
            18.91754,
            0
          ],
          [
            -99.18703,
            18.91695,
            0
          ],
          [
            -99.18694,
            18.91687,
            0
          ],
          [
            -99.18671,
            18.91666,
            0
          ],
          [
            -99.18663,
            18.91659,
            0
          ],
          [
            -99.18651,
            18.91648,
            0
          ],
          [
            -99.18634,
            18.91632,
            0
          ],
          [
            -99.18585,
            18.9159,
            0
          ],
          [
            -99.1853,
            18.91539,
            0
          ],
          [
            -99.18486,
            18.915,
            0
          ],
          [
            -99.18477,
            18.91491,
            0
          ],
          [
            -99.18468,
            18.91482,
            0
          ],
          [
            -99.18451,
            18.91465,
            0
          ],
          [
            -99.18434,
            18.91447,
            0
          ],
          [
            -99.18397,
            18.91408,
            0
          ],
          [
            -99.18359,
            18.91367,
            0
          ],
          [
            -99.18325,
            18.91331,
            0
          ],
          [
            -99.18286,
            18.9129,
            0
          ],
          [
            -99.18259,
            18.9126,
            0
          ],
          [
            -99.18239,
            18.91239,
            0
          ],
          [
            -99.18227,
            18.91227,
            0
          ],
          [
            -99.18209,
            18.91207,
            0
          ],
          [
            -99.18176,
            18.91172,
            0
          ],
          [
            -99.18165,
            18.91159,
            0
          ],
          [
            -99.18144,
            18.91132,
            0
          ],
          [
            -99.18134,
            18.91114,
            0
          ],
          [
            -99.18131,
            18.91109,
            0
          ],
          [
            -99.18126,
            18.91098,
            0
          ],
          [
            -99.18119,
            18.91079,
            0
          ],
          [
            -99.18113,
            18.91062,
            0
          ],
          [
            -99.18086,
            18.9099,
            0
          ],
          [
            -99.18081,
            18.90978,
            0
          ],
          [
            -99.18054,
            18.90906,
            0
          ],
          [
            -99.18038,
            18.90867,
            0
          ],
          [
            -99.1803,
            18.90851,
            0
          ],
          [
            -99.18018,
            18.90833,
            0
          ],
          [
            -99.18009,
            18.90821,
            0
          ],
          [
            -99.17999,
            18.90809,
            0
          ],
          [
            -99.17972,
            18.90781,
            0
          ],
          [
            -99.17967,
            18.90775,
            0
          ],
          [
            -99.17958,
            18.90766,
            0
          ],
          [
            -99.17932,
            18.90741,
            0
          ],
          [
            -99.17925,
            18.90734,
            0
          ],
          [
            -99.17895,
            18.90704,
            0
          ],
          [
            -99.1785,
            18.90659,
            0
          ],
          [
            -99.17814,
            18.90623,
            0
          ],
          [
            -99.17811,
            18.9062,
            0
          ],
          [
            -99.17766,
            18.90575,
            0
          ],
          [
            -99.17715,
            18.90523,
            0
          ],
          [
            -99.17705,
            18.90513,
            0
          ],
          [
            -99.17702,
            18.90511,
            0
          ],
          [
            -99.17698,
            18.90507,
            0
          ],
          [
            -99.17697,
            18.90505,
            0
          ],
          [
            -99.17682,
            18.90491,
            0
          ],
          [
            -99.1768,
            18.90489,
            0
          ],
          [
            -99.17678,
            18.90487,
            0
          ],
          [
            -99.17611,
            18.90421,
            0
          ],
          [
            -99.17538,
            18.90352,
            0
          ],
          [
            -99.17533,
            18.90347,
            0
          ],
          [
            -99.17505,
            18.90318,
            0
          ],
          [
            -99.17485,
            18.90298,
            0
          ],
          [
            -99.17442,
            18.90255,
            0
          ],
          [
            -99.1743,
            18.90243,
            0
          ],
          [
            -99.17424,
            18.90237,
            0
          ],
          [
            -99.17389,
            18.902,
            0
          ],
          [
            -99.17379,
            18.90191,
            0
          ],
          [
            -99.17365,
            18.90177,
            0
          ],
          [
            -99.17322,
            18.90136,
            0
          ],
          [
            -99.1728,
            18.90092,
            0
          ],
          [
            -99.17275,
            18.90087,
            0
          ],
          [
            -99.17271,
            18.90082,
            0
          ],
          [
            -99.17265,
            18.90077,
            0
          ],
          [
            -99.17238,
            18.90051,
            0
          ],
          [
            -99.17227,
            18.9004,
            0
          ],
          [
            -99.17194,
            18.90009,
            0
          ],
          [
            -99.17178,
            18.89994,
            0
          ],
          [
            -99.17148,
            18.89965,
            0
          ],
          [
            -99.17137,
            18.89955,
            0
          ],
          [
            -99.17105,
            18.89924,
            0
          ],
          [
            -99.17086,
            18.89909,
            0
          ],
          [
            -99.17026,
            18.8985,
            0
          ],
          [
            -99.16999,
            18.89823,
            0
          ],
          [
            -99.16971,
            18.89796,
            0
          ],
          [
            -99.16947,
            18.89773,
            0
          ],
          [
            -99.16943,
            18.89768,
            0
          ],
          [
            -99.16938,
            18.89764,
            0
          ],
          [
            -99.1693,
            18.89756,
            0
          ],
          [
            -99.16927,
            18.89753,
            0
          ],
          [
            -99.16918,
            18.89744,
            0
          ],
          [
            -99.1691,
            18.89736,
            0
          ],
          [
            -99.16865,
            18.89693,
            0
          ],
          [
            -99.16776,
            18.896,
            0
          ],
          [
            -99.16773,
            18.89597,
            0
          ],
          [
            -99.16765,
            18.8959,
            0
          ],
          [
            -99.16765,
            18.89589,
            0
          ],
          [
            -99.1676,
            18.89585,
            0
          ],
          [
            -99.16757,
            18.89582,
            0
          ],
          [
            -99.16757,
            18.89581,
            0
          ],
          [
            -99.16756,
            18.8958,
            0
          ],
          [
            -99.16754,
            18.89578,
            0
          ],
          [
            -99.1675,
            18.89575,
            0
          ],
          [
            -99.16745,
            18.8957,
            0
          ],
          [
            -99.16736,
            18.89562,
            0
          ],
          [
            -99.1672,
            18.89547,
            0
          ],
          [
            -99.16712,
            18.89539,
            0
          ],
          [
            -99.16704,
            18.89532,
            0
          ],
          [
            -99.16693,
            18.89522,
            0
          ],
          [
            -99.16636,
            18.89464,
            0
          ],
          [
            -99.16628,
            18.89455,
            0
          ],
          [
            -99.16583,
            18.89392,
            0
          ],
          [
            -99.16544,
            18.89327,
            0
          ],
          [
            -99.16541,
            18.89322,
            0
          ],
          [
            -99.16489,
            18.89236,
            0
          ],
          [
            -99.16459,
            18.8918,
            0
          ],
          [
            -99.16449,
            18.89162,
            0
          ],
          [
            -99.16426,
            18.89124,
            0
          ],
          [
            -99.16417,
            18.8911,
            0
          ],
          [
            -99.16415,
            18.89107,
            0
          ],
          [
            -99.16414,
            18.89105,
            0
          ],
          [
            -99.16397,
            18.89078,
            0
          ],
          [
            -99.16364,
            18.89024,
            0
          ],
          [
            -99.16362,
            18.8902,
            0
          ],
          [
            -99.16354,
            18.89008,
            0
          ],
          [
            -99.16342,
            18.8899,
            0
          ],
          [
            -99.1633,
            18.88974,
            0
          ],
          [
            -99.16314,
            18.88951,
            0
          ],
          [
            -99.16309,
            18.88944,
            0
          ],
          [
            -99.16294,
            18.88921,
            0
          ],
          [
            -99.16271,
            18.88886,
            0
          ],
          [
            -99.16227,
            18.88816,
            0
          ],
          [
            -99.16222,
            18.88805,
            0
          ],
          [
            -99.16217,
            18.88793,
            0
          ],
          [
            -99.16216,
            18.8879,
            0
          ],
          [
            -99.16213,
            18.88783,
            0
          ],
          [
            -99.16208,
            18.88756,
            0
          ],
          [
            -99.16206,
            18.88738,
            0
          ],
          [
            -99.16208,
            18.88705,
            0
          ],
          [
            -99.16213,
            18.88672,
            0
          ],
          [
            -99.16215,
            18.88659,
            0
          ],
          [
            -99.16215,
            18.88656,
            0
          ],
          [
            -99.16217,
            18.88639,
            0
          ],
          [
            -99.16218,
            18.88631,
            0
          ],
          [
            -99.16217,
            18.88625,
            0
          ],
          [
            -99.16215,
            18.8861,
            0
          ],
          [
            -99.16213,
            18.886,
            0
          ],
          [
            -99.16208,
            18.88588,
            0
          ],
          [
            -99.16198,
            18.88568,
            0
          ],
          [
            -99.16186,
            18.8855,
            0
          ],
          [
            -99.16172,
            18.88536,
            0
          ],
          [
            -99.16161,
            18.88529,
            0
          ],
          [
            -99.16143,
            18.88518,
            0
          ],
          [
            -99.16115,
            18.88509,
            0
          ],
          [
            -99.1609,
            18.88505,
            0
          ],
          [
            -99.1607,
            18.88505,
            0
          ],
          [
            -99.15961,
            18.88516,
            0
          ],
          [
            -99.15895,
            18.88521,
            0
          ],
          [
            -99.15688,
            18.8854,
            0
          ],
          [
            -99.15685,
            18.88541,
            0
          ],
          [
            -99.1558,
            18.88552,
            0
          ],
          [
            -99.15537,
            18.88556,
            0
          ],
          [
            -99.1552,
            18.88558,
            0
          ],
          [
            -99.15512,
            18.88559,
            0
          ],
          [
            -99.15503,
            18.88561,
            0
          ],
          [
            -99.15479,
            18.88568,
            0
          ],
          [
            -99.15469,
            18.88571,
            0
          ],
          [
            -99.15461,
            18.88573,
            0
          ],
          [
            -99.15451,
            18.88577,
            0
          ],
          [
            -99.15438,
            18.88583,
            0
          ],
          [
            -99.15432,
            18.88586,
            0
          ],
          [
            -99.15427,
            18.88589,
            0
          ],
          [
            -99.1542,
            18.88593,
            0
          ],
          [
            -99.15393,
            18.88611,
            0
          ],
          [
            -99.1538,
            18.88619,
            0
          ],
          [
            -99.15369,
            18.88625,
            0
          ],
          [
            -99.15302,
            18.88673,
            0
          ],
          [
            -99.15258,
            18.88703,
            0
          ],
          [
            -99.15157,
            18.88771,
            0
          ],
          [
            -99.15149,
            18.88776,
            0
          ],
          [
            -99.15123,
            18.88793,
            0
          ],
          [
            -99.15093,
            18.88809,
            0
          ],
          [
            -99.15008,
            18.88849,
            0
          ],
          [
            -99.14926,
            18.88886,
            0
          ],
          [
            -99.149,
            18.88898,
            0
          ],
          [
            -99.14858,
            18.88917,
            0
          ],
          [
            -99.14846,
            18.88922,
            0
          ],
          [
            -99.14812,
            18.88938,
            0
          ],
          [
            -99.14792,
            18.88947,
            0
          ],
          [
            -99.14749,
            18.88966,
            0
          ],
          [
            -99.14704,
            18.88986,
            0
          ],
          [
            -99.14693,
            18.88992,
            0
          ],
          [
            -99.14683,
            18.88996,
            0
          ],
          [
            -99.14642,
            18.89011,
            0
          ],
          [
            -99.14612,
            18.89021,
            0
          ],
          [
            -99.14585,
            18.89028,
            0
          ],
          [
            -99.14564,
            18.89033,
            0
          ],
          [
            -99.14512,
            18.89048,
            0
          ],
          [
            -99.14492,
            18.89052,
            0
          ],
          [
            -99.1448,
            18.89054,
            0
          ],
          [
            -99.14474,
            18.89055,
            0
          ],
          [
            -99.14463,
            18.89055,
            0
          ],
          [
            -99.14394,
            18.89053,
            0
          ],
          [
            -99.14335,
            18.89049,
            0
          ],
          [
            -99.14323,
            18.89049,
            0
          ],
          [
            -99.14313,
            18.89049,
            0
          ],
          [
            -99.14307,
            18.89049,
            0
          ],
          [
            -99.14301,
            18.89049,
            0
          ],
          [
            -99.14292,
            18.8905,
            0
          ],
          [
            -99.1428,
            18.89052,
            0
          ],
          [
            -99.14244,
            18.89059,
            0
          ],
          [
            -99.14227,
            18.89065,
            0
          ],
          [
            -99.14218,
            18.8907,
            0
          ],
          [
            -99.14206,
            18.89076,
            0
          ],
          [
            -99.14191,
            18.89084,
            0
          ],
          [
            -99.14179,
            18.89092,
            0
          ],
          [
            -99.14178,
            18.89093,
            0
          ],
          [
            -99.14167,
            18.89101,
            0
          ],
          [
            -99.14152,
            18.89112,
            0
          ],
          [
            -99.14079,
            18.89175,
            0
          ],
          [
            -99.14065,
            18.89187,
            0
          ],
          [
            -99.14017,
            18.89228,
            0
          ],
          [
            -99.1397,
            18.89268,
            0
          ],
          [
            -99.13956,
            18.8928,
            0
          ],
          [
            -99.13941,
            18.89293,
            0
          ],
          [
            -99.13899,
            18.89328,
            0
          ],
          [
            -99.13891,
            18.89334,
            0
          ],
          [
            -99.13875,
            18.89347,
            0
          ],
          [
            -99.13857,
            18.8936,
            0
          ],
          [
            -99.13838,
            18.89372,
            0
          ],
          [
            -99.13778,
            18.8941,
            0
          ],
          [
            -99.13778,
            18.89411,
            0
          ],
          [
            -99.13712,
            18.89447,
            0
          ],
          [
            -99.13647,
            18.89482,
            0
          ],
          [
            -99.13629,
            18.89493,
            0
          ],
          [
            -99.13615,
            18.89501,
            0
          ],
          [
            -99.13579,
            18.89516,
            0
          ],
          [
            -99.13553,
            18.89524,
            0
          ],
          [
            -99.13531,
            18.89528,
            0
          ],
          [
            -99.13513,
            18.8953,
            0
          ],
          [
            -99.13499,
            18.89531,
            0
          ],
          [
            -99.13482,
            18.8953,
            0
          ],
          [
            -99.13459,
            18.89528,
            0
          ],
          [
            -99.13431,
            18.89522,
            0
          ],
          [
            -99.13411,
            18.89517,
            0
          ],
          [
            -99.13392,
            18.8951,
            0
          ],
          [
            -99.13381,
            18.89505,
            0
          ],
          [
            -99.13369,
            18.89498,
            0
          ],
          [
            -99.13341,
            18.8948,
            0
          ],
          [
            -99.1334,
            18.8948,
            0
          ],
          [
            -99.13327,
            18.89471,
            0
          ],
          [
            -99.13135,
            18.89347,
            0
          ],
          [
            -99.13038,
            18.89284,
            0
          ],
          [
            -99.12981,
            18.89247,
            0
          ],
          [
            -99.12952,
            18.8923,
            0
          ],
          [
            -99.12948,
            18.89226,
            0
          ],
          [
            -99.12916,
            18.89206,
            0
          ],
          [
            -99.12897,
            18.89194,
            0
          ],
          [
            -99.1286,
            18.89169,
            0
          ],
          [
            -99.12828,
            18.89146,
            0
          ],
          [
            -99.12812,
            18.89135,
            0
          ],
          [
            -99.12803,
            18.89129,
            0
          ],
          [
            -99.12782,
            18.89111,
            0
          ],
          [
            -99.12776,
            18.89106,
            0
          ],
          [
            -99.12733,
            18.89063,
            0
          ],
          [
            -99.12692,
            18.89022,
            0
          ],
          [
            -99.12679,
            18.89008,
            0
          ],
          [
            -99.12657,
            18.88984,
            0
          ],
          [
            -99.12639,
            18.88965,
            0
          ],
          [
            -99.12601,
            18.88925,
            0
          ],
          [
            -99.12594,
            18.88917,
            0
          ],
          [
            -99.12563,
            18.88885,
            0
          ],
          [
            -99.12547,
            18.88865,
            0
          ],
          [
            -99.12538,
            18.88852,
            0
          ],
          [
            -99.12531,
            18.88841,
            0
          ],
          [
            -99.12522,
            18.88825,
            0
          ],
          [
            -99.12514,
            18.88809,
            0
          ],
          [
            -99.12505,
            18.88786,
            0
          ],
          [
            -99.12494,
            18.88758,
            0
          ],
          [
            -99.12488,
            18.88742,
            0
          ],
          [
            -99.12485,
            18.88736,
            0
          ],
          [
            -99.12475,
            18.88708,
            0
          ],
          [
            -99.12455,
            18.88664,
            0
          ],
          [
            -99.12451,
            18.88656,
            0
          ],
          [
            -99.12445,
            18.88645,
            0
          ],
          [
            -99.12433,
            18.8862,
            0
          ],
          [
            -99.12413,
            18.8858,
            0
          ],
          [
            -99.12397,
            18.88548,
            0
          ],
          [
            -99.12388,
            18.88526,
            0
          ],
          [
            -99.12383,
            18.88515,
            0
          ],
          [
            -99.12374,
            18.88488,
            0
          ],
          [
            -99.1237,
            18.88474,
            0
          ],
          [
            -99.12363,
            18.88445,
            0
          ],
          [
            -99.12361,
            18.88437,
            0
          ],
          [
            -99.12351,
            18.88401,
            0
          ],
          [
            -99.12348,
            18.88389,
            0
          ],
          [
            -99.12341,
            18.88362,
            0
          ],
          [
            -99.12334,
            18.88346,
            0
          ],
          [
            -99.12321,
            18.88326,
            0
          ],
          [
            -99.12298,
            18.88295,
            0
          ],
          [
            -99.12296,
            18.88293,
            0
          ],
          [
            -99.12278,
            18.88278,
            0
          ],
          [
            -99.12255,
            18.88261,
            0
          ],
          [
            -99.12245,
            18.88271,
            0
          ],
          [
            -99.12227,
            18.88272,
            0
          ],
          [
            -99.12218,
            18.88274,
            0
          ],
          [
            -99.12211,
            18.88274,
            0
          ],
          [
            -99.12202,
            18.88272,
            0
          ],
          [
            -99.12196,
            18.88271,
            0
          ],
          [
            -99.1212,
            18.88249,
            0
          ],
          [
            -99.12114,
            18.88247,
            0
          ],
          [
            -99.12102,
            18.88243,
            0
          ],
          [
            -99.12074,
            18.88228,
            0
          ],
          [
            -99.1207,
            18.88227,
            0
          ],
          [
            -99.12031,
            18.8821,
            0
          ],
          [
            -99.11997,
            18.88197,
            0
          ],
          [
            -99.11965,
            18.88185,
            0
          ],
          [
            -99.11937,
            18.88174,
            0
          ],
          [
            -99.11909,
            18.88167,
            0
          ],
          [
            -99.11893,
            18.88165,
            0
          ],
          [
            -99.1187,
            18.88164,
            0
          ],
          [
            -99.11859,
            18.88166,
            0
          ],
          [
            -99.11827,
            18.88163,
            0
          ],
          [
            -99.11801,
            18.88163,
            0
          ],
          [
            -99.11783,
            18.88165,
            0
          ],
          [
            -99.11772,
            18.88167,
            0
          ],
          [
            -99.11768,
            18.8817,
            0
          ],
          [
            -99.1173,
            18.88197,
            0
          ],
          [
            -99.11701,
            18.88224,
            0
          ],
          [
            -99.11673,
            18.88251,
            0
          ],
          [
            -99.11663,
            18.8826,
            0
          ],
          [
            -99.11628,
            18.88291,
            0
          ],
          [
            -99.11623,
            18.88298,
            0
          ],
          [
            -99.11612,
            18.88315,
            0
          ],
          [
            -99.11602,
            18.8833,
            0
          ],
          [
            -99.11558,
            18.88289,
            0
          ],
          [
            -99.1155,
            18.88284,
            0
          ],
          [
            -99.11535,
            18.8828,
            0
          ],
          [
            -99.11524,
            18.88275,
            0
          ],
          [
            -99.11515,
            18.88267,
            0
          ],
          [
            -99.11501,
            18.88243,
            0
          ],
          [
            -99.11497,
            18.88237,
            0
          ],
          [
            -99.11492,
            18.88232,
            0
          ],
          [
            -99.11485,
            18.8823,
            0
          ],
          [
            -99.11478,
            18.88229,
            0
          ],
          [
            -99.11444,
            18.88224,
            0
          ],
          [
            -99.11448,
            18.88213,
            0
          ],
          [
            -99.11449,
            18.88192,
            0
          ],
          [
            -99.11447,
            18.88181,
            0
          ],
          [
            -99.11443,
            18.88168,
            0
          ],
          [
            -99.11439,
            18.88157,
            0
          ],
          [
            -99.11439,
            18.8815,
            0
          ],
          [
            -99.1144,
            18.88138,
            0
          ],
          [
            -99.11442,
            18.88132,
            0
          ],
          [
            -99.11447,
            18.88095,
            0
          ],
          [
            -99.11452,
            18.88071,
            0
          ],
          [
            -99.11452,
            18.88067,
            0
          ],
          [
            -99.11453,
            18.88046,
            0
          ],
          [
            -99.11455,
            18.88021,
            0
          ],
          [
            -99.11453,
            18.8801,
            0
          ],
          [
            -99.11449,
            18.87998,
            0
          ],
          [
            -99.11441,
            18.87978,
            0
          ],
          [
            -99.11471,
            18.87961,
            0
          ],
          [
            -99.11452,
            18.87921,
            0
          ],
          [
            -99.11433,
            18.87883,
            0
          ],
          [
            -99.11411,
            18.87841,
            0
          ],
          [
            -99.11394,
            18.87802,
            0
          ],
          [
            -99.11358,
            18.87826,
            0
          ],
          [
            -99.11329,
            18.87838,
            0
          ],
          [
            -99.11313,
            18.8784,
            0
          ],
          [
            -99.11279,
            18.87848,
            0
          ],
          [
            -99.11268,
            18.8785,
            0
          ],
          [
            -99.11259,
            18.87849,
            0
          ],
          [
            -99.11258,
            18.87849,
            0
          ],
          [
            -99.11254,
            18.87848,
            0
          ],
          [
            -99.11236,
            18.8784,
            0
          ],
          [
            -99.11232,
            18.87839,
            0
          ],
          [
            -99.11224,
            18.87837,
            0
          ],
          [
            -99.11203,
            18.87814,
            0
          ],
          [
            -99.11197,
            18.87807,
            0
          ],
          [
            -99.11184,
            18.87788,
            0
          ],
          [
            -99.11177,
            18.87777,
            0
          ],
          [
            -99.11159,
            18.87756,
            0
          ],
          [
            -99.11143,
            18.87736,
            0
          ],
          [
            -99.11135,
            18.87729,
            0
          ],
          [
            -99.1113,
            18.87724,
            0
          ],
          [
            -99.11089,
            18.87695,
            0
          ],
          [
            -99.1108,
            18.87688,
            0
          ],
          [
            -99.11074,
            18.87685,
            0
          ],
          [
            -99.11068,
            18.87684,
            0
          ],
          [
            -99.11061,
            18.87685,
            0
          ],
          [
            -99.11054,
            18.87686,
            0
          ],
          [
            -99.11045,
            18.87689,
            0
          ],
          [
            -99.11043,
            18.8769,
            0
          ],
          [
            -99.11041,
            18.87682,
            0
          ]
        ]
      },
      "properties": {
        "name": "5. CENTRO COMERCIAL A.L.M.-COL. TETILLAS-LUNA-COL.TETILLAS-CENTRO COMERCIAL A.L.M.",
        "description": {
          "@type": "html",
          "value": "descripción: <br>OID: 934<br>ZONA: CENTRO<br>RUTA: RUTA 19<br>ITINERARIO: 5. CENTRO COMERCIAL A.L.M.-COL. TETILLAS-LUNA-COL.TETILLAS-CENTRO COMERCIAL A.L.M.<br>DESCRIPCIO: C.C.A.L.M.-COL. TETILLAS-LUNA<br>AUTO-AMPL: ITINERARIO<br>DEFIN-PROV: DEFINITIVOS<br>DURACION: DEFINITIVA<br>FOLIO: SGG/DGT/SDP/000539/97"
        },
        "styleUrl": "#line-795548-1200",
        "stroke-opacity": 1,
        "stroke": "#795548",
        "stroke-width": 1.2,
        "descripción": "",
        "OID": "934",
        "ZONA": "CENTRO",
        "RUTA": "RUTA 19",
        "ITINERARIO": "5. CENTRO COMERCIAL A.L.M.-COL. TETILLAS-LUNA-COL.TETILLAS-CENTRO COMERCIAL A.L.M.",
        "DESCRIPCIO": "C.C.A.L.M.-COL. TETILLAS-LUNA",
        "AUTO-AMPL": "ITINERARIO",
        "DEFIN-PROV": "DEFINITIVOS",
        "DURACION": "DEFINITIVA",
        "FOLIO": "SGG/DGT/SDP/000539/97"
      }
    },
    {
      "type": "Feature",
      "geometry": {
        "type": "LineString",
        "coordinates": [
          [
            -99.11041,
            18.8768,
            0
          ],
          [
            -99.11043,
            18.8769,
            0
          ],
          [
            -99.11045,
            18.87689,
            0
          ],
          [
            -99.11054,
            18.87686,
            0
          ],
          [
            -99.11061,
            18.87685,
            0
          ],
          [
            -99.11068,
            18.87684,
            0
          ],
          [
            -99.11074,
            18.87685,
            0
          ],
          [
            -99.1108,
            18.87688,
            0
          ],
          [
            -99.11089,
            18.87695,
            0
          ],
          [
            -99.1113,
            18.87724,
            0
          ],
          [
            -99.11135,
            18.87729,
            0
          ],
          [
            -99.11143,
            18.87736,
            0
          ],
          [
            -99.11159,
            18.87756,
            0
          ],
          [
            -99.11177,
            18.87777,
            0
          ],
          [
            -99.11184,
            18.87788,
            0
          ],
          [
            -99.11197,
            18.87807,
            0
          ],
          [
            -99.11203,
            18.87814,
            0
          ],
          [
            -99.11224,
            18.87837,
            0
          ],
          [
            -99.11232,
            18.87839,
            0
          ],
          [
            -99.11236,
            18.8784,
            0
          ],
          [
            -99.11254,
            18.87848,
            0
          ],
          [
            -99.11258,
            18.87849,
            0
          ],
          [
            -99.11259,
            18.87849,
            0
          ],
          [
            -99.11268,
            18.8785,
            0
          ],
          [
            -99.11279,
            18.87848,
            0
          ],
          [
            -99.11313,
            18.8784,
            0
          ],
          [
            -99.11329,
            18.87838,
            0
          ],
          [
            -99.11358,
            18.87826,
            0
          ],
          [
            -99.11394,
            18.87802,
            0
          ],
          [
            -99.11411,
            18.87841,
            0
          ],
          [
            -99.11433,
            18.87883,
            0
          ],
          [
            -99.11452,
            18.87921,
            0
          ],
          [
            -99.11471,
            18.87961,
            0
          ],
          [
            -99.11441,
            18.87978,
            0
          ],
          [
            -99.11449,
            18.87998,
            0
          ],
          [
            -99.11453,
            18.8801,
            0
          ],
          [
            -99.11455,
            18.88021,
            0
          ],
          [
            -99.11453,
            18.88046,
            0
          ],
          [
            -99.11452,
            18.88067,
            0
          ],
          [
            -99.11452,
            18.88071,
            0
          ],
          [
            -99.11447,
            18.88095,
            0
          ],
          [
            -99.11442,
            18.88132,
            0
          ],
          [
            -99.1144,
            18.88138,
            0
          ],
          [
            -99.11439,
            18.8815,
            0
          ],
          [
            -99.11439,
            18.88157,
            0
          ],
          [
            -99.11443,
            18.88168,
            0
          ],
          [
            -99.11447,
            18.88181,
            0
          ],
          [
            -99.11449,
            18.88192,
            0
          ],
          [
            -99.11448,
            18.88213,
            0
          ],
          [
            -99.11444,
            18.88224,
            0
          ],
          [
            -99.11478,
            18.88229,
            0
          ],
          [
            -99.11485,
            18.8823,
            0
          ],
          [
            -99.11492,
            18.88232,
            0
          ],
          [
            -99.11497,
            18.88237,
            0
          ],
          [
            -99.11501,
            18.88243,
            0
          ],
          [
            -99.11515,
            18.88267,
            0
          ],
          [
            -99.11524,
            18.88275,
            0
          ],
          [
            -99.11535,
            18.8828,
            0
          ],
          [
            -99.1155,
            18.88284,
            0
          ],
          [
            -99.11558,
            18.88289,
            0
          ],
          [
            -99.11602,
            18.8833,
            0
          ],
          [
            -99.11612,
            18.88315,
            0
          ],
          [
            -99.11623,
            18.88298,
            0
          ],
          [
            -99.11628,
            18.88291,
            0
          ],
          [
            -99.11663,
            18.8826,
            0
          ],
          [
            -99.11673,
            18.88251,
            0
          ],
          [
            -99.11701,
            18.88224,
            0
          ],
          [
            -99.1173,
            18.88197,
            0
          ],
          [
            -99.11768,
            18.8817,
            0
          ],
          [
            -99.11772,
            18.88167,
            0
          ],
          [
            -99.11783,
            18.88165,
            0
          ],
          [
            -99.11801,
            18.88163,
            0
          ],
          [
            -99.11827,
            18.88163,
            0
          ],
          [
            -99.11859,
            18.88166,
            0
          ],
          [
            -99.1187,
            18.88164,
            0
          ],
          [
            -99.11893,
            18.88165,
            0
          ],
          [
            -99.11909,
            18.88167,
            0
          ],
          [
            -99.11937,
            18.88174,
            0
          ],
          [
            -99.11965,
            18.88185,
            0
          ],
          [
            -99.11997,
            18.88197,
            0
          ],
          [
            -99.12031,
            18.8821,
            0
          ],
          [
            -99.1207,
            18.88227,
            0
          ],
          [
            -99.12074,
            18.88228,
            0
          ],
          [
            -99.12102,
            18.88243,
            0
          ],
          [
            -99.12114,
            18.88247,
            0
          ],
          [
            -99.1212,
            18.88249,
            0
          ],
          [
            -99.12196,
            18.88271,
            0
          ],
          [
            -99.12202,
            18.88272,
            0
          ],
          [
            -99.12211,
            18.88274,
            0
          ],
          [
            -99.12218,
            18.88274,
            0
          ],
          [
            -99.12227,
            18.88272,
            0
          ],
          [
            -99.12245,
            18.88271,
            0
          ],
          [
            -99.12262,
            18.88284,
            0
          ],
          [
            -99.12278,
            18.88298,
            0
          ],
          [
            -99.12288,
            18.88307,
            0
          ],
          [
            -99.12296,
            18.88315,
            0
          ],
          [
            -99.12303,
            18.88325,
            0
          ],
          [
            -99.12312,
            18.88336,
            0
          ],
          [
            -99.1232,
            18.88348,
            0
          ],
          [
            -99.12327,
            18.88363,
            0
          ],
          [
            -99.12332,
            18.88376,
            0
          ],
          [
            -99.12334,
            18.88383,
            0
          ],
          [
            -99.12335,
            18.88389,
            0
          ],
          [
            -99.12347,
            18.88439,
            0
          ],
          [
            -99.12353,
            18.88466,
            0
          ],
          [
            -99.12356,
            18.88474,
            0
          ],
          [
            -99.12358,
            18.88482,
            0
          ],
          [
            -99.12366,
            18.88507,
            0
          ],
          [
            -99.1237,
            18.88518,
            0
          ],
          [
            -99.12373,
            18.88525,
            0
          ],
          [
            -99.12377,
            18.88534,
            0
          ],
          [
            -99.1238,
            18.88542,
            0
          ],
          [
            -99.12385,
            18.88552,
            0
          ],
          [
            -99.12391,
            18.88564,
            0
          ],
          [
            -99.12398,
            18.88577,
            0
          ],
          [
            -99.12422,
            18.88625,
            0
          ],
          [
            -99.12438,
            18.88658,
            0
          ],
          [
            -99.12441,
            18.88666,
            0
          ],
          [
            -99.12442,
            18.88667,
            0
          ],
          [
            -99.12463,
            18.88713,
            0
          ],
          [
            -99.1247,
            18.88728,
            0
          ],
          [
            -99.12475,
            18.8874,
            0
          ],
          [
            -99.12483,
            18.88763,
            0
          ],
          [
            -99.1249,
            18.88782,
            0
          ],
          [
            -99.1251,
            18.88828,
            0
          ],
          [
            -99.12518,
            18.88842,
            0
          ],
          [
            -99.12527,
            18.88858,
            0
          ],
          [
            -99.1255,
            18.88889,
            0
          ],
          [
            -99.12555,
            18.88894,
            0
          ],
          [
            -99.12586,
            18.88927,
            0
          ],
          [
            -99.12593,
            18.88935,
            0
          ],
          [
            -99.12631,
            18.88974,
            0
          ],
          [
            -99.12649,
            18.88992,
            0
          ],
          [
            -99.12671,
            18.89017,
            0
          ],
          [
            -99.12684,
            18.8903,
            0
          ],
          [
            -99.12726,
            18.89074,
            0
          ],
          [
            -99.12758,
            18.89106,
            0
          ],
          [
            -99.12765,
            18.89112,
            0
          ],
          [
            -99.12771,
            18.89118,
            0
          ],
          [
            -99.12776,
            18.89122,
            0
          ],
          [
            -99.12785,
            18.89129,
            0
          ],
          [
            -99.12792,
            18.89135,
            0
          ],
          [
            -99.12798,
            18.89141,
            0
          ],
          [
            -99.12807,
            18.89148,
            0
          ],
          [
            -99.12816,
            18.89154,
            0
          ],
          [
            -99.1283,
            18.89164,
            0
          ],
          [
            -99.12844,
            18.89173,
            0
          ],
          [
            -99.12891,
            18.89203,
            0
          ],
          [
            -99.12892,
            18.89204,
            0
          ],
          [
            -99.12949,
            18.8924,
            0
          ],
          [
            -99.13003,
            18.89275,
            0
          ],
          [
            -99.13066,
            18.89316,
            0
          ],
          [
            -99.13155,
            18.89373,
            0
          ],
          [
            -99.13321,
            18.89482,
            0
          ],
          [
            -99.13337,
            18.89493,
            0
          ],
          [
            -99.13362,
            18.89509,
            0
          ],
          [
            -99.1337,
            18.89514,
            0
          ],
          [
            -99.13379,
            18.89518,
            0
          ],
          [
            -99.1339,
            18.89523,
            0
          ],
          [
            -99.13404,
            18.89528,
            0
          ],
          [
            -99.13428,
            18.89534,
            0
          ],
          [
            -99.13442,
            18.89537,
            0
          ],
          [
            -99.13459,
            18.8954,
            0
          ],
          [
            -99.13486,
            18.89542,
            0
          ],
          [
            -99.13507,
            18.89542,
            0
          ],
          [
            -99.13525,
            18.89541,
            0
          ],
          [
            -99.13544,
            18.89538,
            0
          ],
          [
            -99.13564,
            18.89533,
            0
          ],
          [
            -99.13586,
            18.89527,
            0
          ],
          [
            -99.13601,
            18.89522,
            0
          ],
          [
            -99.13621,
            18.89512,
            0
          ],
          [
            -99.13661,
            18.89489,
            0
          ],
          [
            -99.13757,
            18.89435,
            0
          ],
          [
            -99.13828,
            18.89394,
            0
          ],
          [
            -99.13843,
            18.89385,
            0
          ],
          [
            -99.13855,
            18.89376,
            0
          ],
          [
            -99.13869,
            18.89366,
            0
          ],
          [
            -99.13891,
            18.89349,
            0
          ],
          [
            -99.13908,
            18.89335,
            0
          ],
          [
            -99.13978,
            18.89276,
            0
          ],
          [
            -99.13996,
            18.8926,
            0
          ],
          [
            -99.1402,
            18.89242,
            0
          ],
          [
            -99.14107,
            18.89168,
            0
          ],
          [
            -99.14164,
            18.8912,
            0
          ],
          [
            -99.14179,
            18.89108,
            0
          ],
          [
            -99.14191,
            18.89101,
            0
          ],
          [
            -99.14211,
            18.89089,
            0
          ],
          [
            -99.14227,
            18.89081,
            0
          ],
          [
            -99.1425,
            18.89072,
            0
          ],
          [
            -99.14261,
            18.89069,
            0
          ],
          [
            -99.14279,
            18.89065,
            0
          ],
          [
            -99.14291,
            18.89063,
            0
          ],
          [
            -99.14305,
            18.89062,
            0
          ],
          [
            -99.14327,
            18.89062,
            0
          ],
          [
            -99.14359,
            18.89064,
            0
          ],
          [
            -99.14419,
            18.89068,
            0
          ],
          [
            -99.14428,
            18.89068,
            0
          ],
          [
            -99.14442,
            18.89068,
            0
          ],
          [
            -99.14464,
            18.89068,
            0
          ],
          [
            -99.1449,
            18.89065,
            0
          ],
          [
            -99.14528,
            18.89057,
            0
          ],
          [
            -99.14542,
            18.89053,
            0
          ],
          [
            -99.14588,
            18.8904,
            0
          ],
          [
            -99.14614,
            18.89032,
            0
          ],
          [
            -99.14639,
            18.89024,
            0
          ],
          [
            -99.14652,
            18.8902,
            0
          ],
          [
            -99.14674,
            18.89012,
            0
          ],
          [
            -99.14678,
            18.89011,
            0
          ],
          [
            -99.14686,
            18.89007,
            0
          ],
          [
            -99.14697,
            18.89003,
            0
          ],
          [
            -99.14729,
            18.88989,
            0
          ],
          [
            -99.14812,
            18.8895,
            0
          ],
          [
            -99.14818,
            18.88947,
            0
          ],
          [
            -99.14856,
            18.88932,
            0
          ],
          [
            -99.14867,
            18.88927,
            0
          ],
          [
            -99.14915,
            18.88904,
            0
          ],
          [
            -99.14931,
            18.88896,
            0
          ],
          [
            -99.15014,
            18.88858,
            0
          ],
          [
            -99.15099,
            18.88819,
            0
          ],
          [
            -99.1513,
            18.88803,
            0
          ],
          [
            -99.15156,
            18.88786,
            0
          ],
          [
            -99.15196,
            18.88761,
            0
          ],
          [
            -99.1522,
            18.88744,
            0
          ],
          [
            -99.15265,
            18.88711,
            0
          ],
          [
            -99.15336,
            18.88663,
            0
          ],
          [
            -99.15378,
            18.88633,
            0
          ],
          [
            -99.15387,
            18.88628,
            0
          ],
          [
            -99.15425,
            18.88604,
            0
          ],
          [
            -99.15431,
            18.886,
            0
          ],
          [
            -99.15452,
            18.88591,
            0
          ],
          [
            -99.15473,
            18.88582,
            0
          ],
          [
            -99.15496,
            18.88575,
            0
          ],
          [
            -99.15516,
            18.8857,
            0
          ],
          [
            -99.15548,
            18.88567,
            0
          ],
          [
            -99.15689,
            18.88556,
            0
          ],
          [
            -99.15691,
            18.88555,
            0
          ],
          [
            -99.15766,
            18.8855,
            0
          ],
          [
            -99.15842,
            18.88541,
            0
          ],
          [
            -99.15897,
            18.88537,
            0
          ],
          [
            -99.16049,
            18.88521,
            0
          ],
          [
            -99.1607,
            18.8852,
            0
          ],
          [
            -99.16084,
            18.88518,
            0
          ],
          [
            -99.16094,
            18.88519,
            0
          ],
          [
            -99.16103,
            18.8852,
            0
          ],
          [
            -99.16125,
            18.88526,
            0
          ],
          [
            -99.16137,
            18.8853,
            0
          ],
          [
            -99.16157,
            18.8854,
            0
          ],
          [
            -99.1616,
            18.88542,
            0
          ],
          [
            -99.16163,
            18.88545,
            0
          ],
          [
            -99.16166,
            18.88547,
            0
          ],
          [
            -99.16173,
            18.88555,
            0
          ],
          [
            -99.16181,
            18.88564,
            0
          ],
          [
            -99.16191,
            18.8858,
            0
          ],
          [
            -99.16195,
            18.88588,
            0
          ],
          [
            -99.16199,
            18.88601,
            0
          ],
          [
            -99.16202,
            18.88623,
            0
          ],
          [
            -99.16202,
            18.88638,
            0
          ],
          [
            -99.162,
            18.8865,
            0
          ],
          [
            -99.162,
            18.88656,
            0
          ],
          [
            -99.16199,
            18.88658,
            0
          ],
          [
            -99.16194,
            18.88703,
            0
          ],
          [
            -99.16192,
            18.88719,
            0
          ],
          [
            -99.16191,
            18.88731,
            0
          ],
          [
            -99.16191,
            18.88739,
            0
          ],
          [
            -99.16192,
            18.88745,
            0
          ],
          [
            -99.16192,
            18.88755,
            0
          ],
          [
            -99.16194,
            18.88768,
            0
          ],
          [
            -99.16195,
            18.88772,
            0
          ],
          [
            -99.16197,
            18.88777,
            0
          ],
          [
            -99.16198,
            18.88782,
            0
          ],
          [
            -99.16201,
            18.8879,
            0
          ],
          [
            -99.16202,
            18.88793,
            0
          ],
          [
            -99.16206,
            18.88802,
            0
          ],
          [
            -99.16209,
            18.88809,
            0
          ],
          [
            -99.16213,
            18.88817,
            0
          ],
          [
            -99.16216,
            18.88823,
            0
          ],
          [
            -99.16239,
            18.88858,
            0
          ],
          [
            -99.16261,
            18.88894,
            0
          ],
          [
            -99.1627,
            18.88909,
            0
          ],
          [
            -99.16281,
            18.88927,
            0
          ],
          [
            -99.16326,
            18.89004,
            0
          ],
          [
            -99.16328,
            18.89008,
            0
          ],
          [
            -99.16335,
            18.89018,
            0
          ],
          [
            -99.16339,
            18.89026,
            0
          ],
          [
            -99.16403,
            18.89128,
            0
          ],
          [
            -99.1643,
            18.89166,
            0
          ],
          [
            -99.1648,
            18.89241,
            0
          ],
          [
            -99.16506,
            18.8928,
            0
          ],
          [
            -99.16535,
            18.89325,
            0
          ],
          [
            -99.16563,
            18.89372,
            0
          ],
          [
            -99.16587,
            18.89408,
            0
          ],
          [
            -99.16617,
            18.8945,
            0
          ],
          [
            -99.16625,
            18.89461,
            0
          ],
          [
            -99.16634,
            18.89472,
            0
          ],
          [
            -99.1665,
            18.89488,
            0
          ],
          [
            -99.167,
            18.89536,
            0
          ],
          [
            -99.16705,
            18.89541,
            0
          ],
          [
            -99.16706,
            18.89542,
            0
          ],
          [
            -99.16713,
            18.89548,
            0
          ],
          [
            -99.16716,
            18.89551,
            0
          ],
          [
            -99.16721,
            18.89556,
            0
          ],
          [
            -99.16741,
            18.89576,
            0
          ],
          [
            -99.16745,
            18.89579,
            0
          ],
          [
            -99.1675,
            18.89585,
            0
          ],
          [
            -99.16751,
            18.89586,
            0
          ],
          [
            -99.16753,
            18.89587,
            0
          ],
          [
            -99.16753,
            18.89588,
            0
          ],
          [
            -99.1676,
            18.89594,
            0
          ],
          [
            -99.16768,
            18.89603,
            0
          ],
          [
            -99.16853,
            18.89693,
            0
          ],
          [
            -99.16902,
            18.89741,
            0
          ],
          [
            -99.1691,
            18.89751,
            0
          ],
          [
            -99.16918,
            18.8976,
            0
          ],
          [
            -99.1693,
            18.8977,
            0
          ],
          [
            -99.16934,
            18.89775,
            0
          ],
          [
            -99.16938,
            18.89779,
            0
          ],
          [
            -99.16992,
            18.89829,
            0
          ],
          [
            -99.17037,
            18.89872,
            0
          ],
          [
            -99.17081,
            18.89916,
            0
          ],
          [
            -99.17122,
            18.89964,
            0
          ],
          [
            -99.17135,
            18.89978,
            0
          ],
          [
            -99.17162,
            18.90004,
            0
          ],
          [
            -99.17206,
            18.90045,
            0
          ],
          [
            -99.17243,
            18.90084,
            0
          ],
          [
            -99.17252,
            18.90092,
            0
          ],
          [
            -99.17256,
            18.90096,
            0
          ],
          [
            -99.17352,
            18.90193,
            0
          ],
          [
            -99.17367,
            18.90208,
            0
          ],
          [
            -99.17398,
            18.90238,
            0
          ],
          [
            -99.17416,
            18.90258,
            0
          ],
          [
            -99.17427,
            18.90269,
            0
          ],
          [
            -99.1745,
            18.9029,
            0
          ],
          [
            -99.17519,
            18.90358,
            0
          ],
          [
            -99.17526,
            18.90364,
            0
          ],
          [
            -99.1753,
            18.90368,
            0
          ],
          [
            -99.17631,
            18.90468,
            0
          ],
          [
            -99.17636,
            18.90473,
            0
          ],
          [
            -99.17654,
            18.90491,
            0
          ],
          [
            -99.17661,
            18.90498,
            0
          ],
          [
            -99.17663,
            18.905,
            0
          ],
          [
            -99.17684,
            18.90521,
            0
          ],
          [
            -99.17689,
            18.90527,
            0
          ],
          [
            -99.17752,
            18.90591,
            0
          ],
          [
            -99.1776,
            18.90598,
            0
          ],
          [
            -99.17796,
            18.90634,
            0
          ],
          [
            -99.17799,
            18.90637,
            0
          ],
          [
            -99.17906,
            18.90743,
            0
          ],
          [
            -99.17922,
            18.90758,
            0
          ],
          [
            -99.1793,
            18.90766,
            0
          ],
          [
            -99.1794,
            18.90777,
            0
          ],
          [
            -99.17946,
            18.90784,
            0
          ],
          [
            -99.17978,
            18.90816,
            0
          ],
          [
            -99.17988,
            18.90829,
            0
          ],
          [
            -99.17997,
            18.90841,
            0
          ],
          [
            -99.18009,
            18.9086,
            0
          ],
          [
            -99.18016,
            18.90873,
            0
          ],
          [
            -99.18017,
            18.90875,
            0
          ],
          [
            -99.18034,
            18.90915,
            0
          ],
          [
            -99.18036,
            18.90921,
            0
          ],
          [
            -99.18062,
            18.90988,
            0
          ],
          [
            -99.18081,
            18.91039,
            0
          ],
          [
            -99.1809,
            18.91063,
            0
          ],
          [
            -99.18092,
            18.91069,
            0
          ],
          [
            -99.18097,
            18.9108,
            0
          ],
          [
            -99.18098,
            18.91083,
            0
          ],
          [
            -99.18111,
            18.91111,
            0
          ],
          [
            -99.18115,
            18.91118,
            0
          ],
          [
            -99.18129,
            18.91141,
            0
          ],
          [
            -99.18135,
            18.91151,
            0
          ],
          [
            -99.18164,
            18.91187,
            0
          ],
          [
            -99.18198,
            18.91224,
            0
          ],
          [
            -99.18244,
            18.91273,
            0
          ],
          [
            -99.18273,
            18.91304,
            0
          ],
          [
            -99.1831,
            18.91342,
            0
          ],
          [
            -99.18344,
            18.91379,
            0
          ],
          [
            -99.18385,
            18.91425,
            0
          ],
          [
            -99.18423,
            18.91463,
            0
          ],
          [
            -99.18437,
            18.91476,
            0
          ],
          [
            -99.18452,
            18.91492,
            0
          ],
          [
            -99.18472,
            18.91512,
            0
          ],
          [
            -99.18496,
            18.91533,
            0
          ],
          [
            -99.18512,
            18.91547,
            0
          ],
          [
            -99.18571,
            18.916,
            0
          ],
          [
            -99.18593,
            18.91621,
            0
          ],
          [
            -99.18617,
            18.91643,
            0
          ],
          [
            -99.18637,
            18.91662,
            0
          ],
          [
            -99.18649,
            18.91672,
            0
          ],
          [
            -99.18657,
            18.91679,
            0
          ],
          [
            -99.18657,
            18.9168,
            0
          ],
          [
            -99.18675,
            18.91696,
            0
          ],
          [
            -99.18704,
            18.91721,
            0
          ],
          [
            -99.1873,
            18.91746,
            0
          ],
          [
            -99.18757,
            18.9177,
            0
          ],
          [
            -99.18805,
            18.91811,
            0
          ],
          [
            -99.18821,
            18.91823,
            0
          ],
          [
            -99.18838,
            18.91834,
            0
          ],
          [
            -99.18854,
            18.91841,
            0
          ],
          [
            -99.18896,
            18.91858,
            0
          ],
          [
            -99.19093,
            18.91918,
            0
          ],
          [
            -99.19185,
            18.91946,
            0
          ],
          [
            -99.19257,
            18.91968,
            0
          ],
          [
            -99.19346,
            18.91995,
            0
          ],
          [
            -99.19363,
            18.92,
            0
          ],
          [
            -99.19386,
            18.92004,
            0
          ],
          [
            -99.19397,
            18.92005,
            0
          ],
          [
            -99.19408,
            18.92005,
            0
          ],
          [
            -99.19422,
            18.92005,
            0
          ],
          [
            -99.19437,
            18.92002,
            0
          ],
          [
            -99.19451,
            18.91999,
            0
          ],
          [
            -99.19459,
            18.91997,
            0
          ],
          [
            -99.19477,
            18.91991,
            0
          ],
          [
            -99.1951,
            18.9198,
            0
          ],
          [
            -99.19532,
            18.91977,
            0
          ],
          [
            -99.19543,
            18.91976,
            0
          ],
          [
            -99.19558,
            18.91974,
            0
          ],
          [
            -99.19574,
            18.91973,
            0
          ],
          [
            -99.19586,
            18.91973,
            0
          ],
          [
            -99.19597,
            18.91974,
            0
          ],
          [
            -99.1961,
            18.91975,
            0
          ],
          [
            -99.19622,
            18.91977,
            0
          ],
          [
            -99.19636,
            18.91979,
            0
          ],
          [
            -99.19649,
            18.91981,
            0
          ],
          [
            -99.19689,
            18.91989,
            0
          ],
          [
            -99.19723,
            18.91996,
            0
          ],
          [
            -99.19725,
            18.91996,
            0
          ],
          [
            -99.19749,
            18.92001,
            0
          ],
          [
            -99.19771,
            18.92007,
            0
          ],
          [
            -99.19777,
            18.92009,
            0
          ],
          [
            -99.19778,
            18.9201,
            0
          ],
          [
            -99.19786,
            18.92012,
            0
          ],
          [
            -99.19787,
            18.92012,
            0
          ],
          [
            -99.19794,
            18.92015,
            0
          ],
          [
            -99.19809,
            18.92021,
            0
          ],
          [
            -99.19826,
            18.92029,
            0
          ],
          [
            -99.19866,
            18.92046,
            0
          ],
          [
            -99.19869,
            18.92047,
            0
          ],
          [
            -99.19873,
            18.92049,
            0
          ],
          [
            -99.19924,
            18.9207,
            0
          ],
          [
            -99.1994,
            18.92076,
            0
          ],
          [
            -99.19943,
            18.92077,
            0
          ],
          [
            -99.19948,
            18.92079,
            0
          ],
          [
            -99.19952,
            18.9208,
            0
          ],
          [
            -99.19955,
            18.92081,
            0
          ],
          [
            -99.19956,
            18.92082,
            0
          ],
          [
            -99.1998,
            18.92089,
            0
          ],
          [
            -99.19988,
            18.92092,
            0
          ],
          [
            -99.20009,
            18.92096,
            0
          ],
          [
            -99.20018,
            18.92098,
            0
          ],
          [
            -99.20037,
            18.921,
            0
          ],
          [
            -99.20045,
            18.921,
            0
          ],
          [
            -99.20051,
            18.92101,
            0
          ],
          [
            -99.2006,
            18.92102,
            0
          ],
          [
            -99.20086,
            18.92103,
            0
          ],
          [
            -99.20125,
            18.92103,
            0
          ],
          [
            -99.20141,
            18.92103,
            0
          ],
          [
            -99.20144,
            18.92103,
            0
          ],
          [
            -99.20159,
            18.92102,
            0
          ],
          [
            -99.20198,
            18.921,
            0
          ],
          [
            -99.20221,
            18.92099,
            0
          ],
          [
            -99.20241,
            18.92099,
            0
          ],
          [
            -99.20263,
            18.921,
            0
          ],
          [
            -99.20277,
            18.92101,
            0
          ],
          [
            -99.20293,
            18.92103,
            0
          ],
          [
            -99.20317,
            18.92109,
            0
          ],
          [
            -99.20336,
            18.92113,
            0
          ],
          [
            -99.20369,
            18.92122,
            0
          ],
          [
            -99.20387,
            18.92126,
            0
          ],
          [
            -99.20411,
            18.92134,
            0
          ],
          [
            -99.2044,
            18.92148,
            0
          ],
          [
            -99.20445,
            18.92152,
            0
          ],
          [
            -99.2047,
            18.92162,
            0
          ],
          [
            -99.20476,
            18.92165,
            0
          ],
          [
            -99.20483,
            18.92167,
            0
          ],
          [
            -99.20491,
            18.92169,
            0
          ],
          [
            -99.205,
            18.92171,
            0
          ],
          [
            -99.2051,
            18.92171,
            0
          ],
          [
            -99.20522,
            18.9217,
            0
          ],
          [
            -99.20529,
            18.92169,
            0
          ],
          [
            -99.20569,
            18.92168,
            0
          ],
          [
            -99.20612,
            18.92166,
            0
          ],
          [
            -99.20625,
            18.92166,
            0
          ],
          [
            -99.20636,
            18.92167,
            0
          ],
          [
            -99.20655,
            18.92169,
            0
          ],
          [
            -99.2069,
            18.92174,
            0
          ],
          [
            -99.20705,
            18.92176,
            0
          ],
          [
            -99.20714,
            18.92178,
            0
          ],
          [
            -99.20724,
            18.92181,
            0
          ],
          [
            -99.20739,
            18.92186,
            0
          ],
          [
            -99.20762,
            18.92196,
            0
          ],
          [
            -99.20774,
            18.92203,
            0
          ],
          [
            -99.20785,
            18.9221,
            0
          ],
          [
            -99.20798,
            18.92221,
            0
          ],
          [
            -99.20814,
            18.92234,
            0
          ],
          [
            -99.20836,
            18.92252,
            0
          ],
          [
            -99.20861,
            18.92273,
            0
          ],
          [
            -99.20873,
            18.92282,
            0
          ],
          [
            -99.20887,
            18.9229,
            0
          ],
          [
            -99.20899,
            18.92296,
            0
          ],
          [
            -99.20912,
            18.92302,
            0
          ],
          [
            -99.20925,
            18.92307,
            0
          ],
          [
            -99.20938,
            18.92312,
            0
          ],
          [
            -99.20972,
            18.92321,
            0
          ],
          [
            -99.20978,
            18.92323,
            0
          ],
          [
            -99.21013,
            18.92331,
            0
          ],
          [
            -99.21041,
            18.92334,
            0
          ],
          [
            -99.2108,
            18.92343,
            0
          ],
          [
            -99.21131,
            18.92357,
            0
          ],
          [
            -99.21157,
            18.92363,
            0
          ],
          [
            -99.2118,
            18.92368,
            0
          ],
          [
            -99.21211,
            18.92378,
            0
          ],
          [
            -99.21271,
            18.92392,
            0
          ],
          [
            -99.21318,
            18.92403,
            0
          ],
          [
            -99.21365,
            18.9241,
            0
          ],
          [
            -99.21399,
            18.92412,
            0
          ],
          [
            -99.2146,
            18.92413,
            0
          ],
          [
            -99.21462,
            18.92413,
            0
          ],
          [
            -99.21481,
            18.92413,
            0
          ],
          [
            -99.21499,
            18.92413,
            0
          ],
          [
            -99.2152,
            18.92413,
            0
          ],
          [
            -99.21592,
            18.92413,
            0
          ],
          [
            -99.21646,
            18.92413,
            0
          ],
          [
            -99.21656,
            18.92413,
            0
          ],
          [
            -99.21694,
            18.92414,
            0
          ],
          [
            -99.2176,
            18.92412,
            0
          ],
          [
            -99.21798,
            18.92411,
            0
          ],
          [
            -99.21861,
            18.9241,
            0
          ],
          [
            -99.21877,
            18.9241,
            0
          ],
          [
            -99.2201,
            18.92407,
            0
          ],
          [
            -99.22033,
            18.92408,
            0
          ],
          [
            -99.22076,
            18.92409,
            0
          ],
          [
            -99.22106,
            18.92413,
            0
          ],
          [
            -99.22153,
            18.92425,
            0
          ],
          [
            -99.22163,
            18.92428,
            0
          ],
          [
            -99.22251,
            18.92448,
            0
          ],
          [
            -99.22325,
            18.92465,
            0
          ],
          [
            -99.22336,
            18.92467,
            0
          ],
          [
            -99.22339,
            18.92468,
            0
          ],
          [
            -99.22416,
            18.92485,
            0
          ],
          [
            -99.22492,
            18.92502,
            0
          ],
          [
            -99.22544,
            18.92514,
            0
          ],
          [
            -99.22584,
            18.92523,
            0
          ],
          [
            -99.22611,
            18.92529,
            0
          ],
          [
            -99.22732,
            18.92557,
            0
          ],
          [
            -99.22769,
            18.92566,
            0
          ],
          [
            -99.22774,
            18.92567,
            0
          ],
          [
            -99.22793,
            18.92572,
            0
          ],
          [
            -99.2281,
            18.92578,
            0
          ],
          [
            -99.22824,
            18.92584,
            0
          ],
          [
            -99.22842,
            18.92594,
            0
          ],
          [
            -99.22864,
            18.92608,
            0
          ],
          [
            -99.22874,
            18.92616,
            0
          ],
          [
            -99.22878,
            18.92619,
            0
          ],
          [
            -99.22888,
            18.92628,
            0
          ],
          [
            -99.22908,
            18.92649,
            0
          ],
          [
            -99.22925,
            18.92669,
            0
          ],
          [
            -99.22934,
            18.92681,
            0
          ],
          [
            -99.22943,
            18.92698,
            0
          ],
          [
            -99.22951,
            18.92712,
            0
          ],
          [
            -99.22963,
            18.92741,
            0
          ],
          [
            -99.22981,
            18.92784,
            0
          ],
          [
            -99.22983,
            18.92792,
            0
          ],
          [
            -99.22995,
            18.92795,
            0
          ],
          [
            -99.23007,
            18.92796,
            0
          ],
          [
            -99.23023,
            18.92795,
            0
          ],
          [
            -99.23027,
            18.92794,
            0
          ],
          [
            -99.23061,
            18.92782,
            0
          ],
          [
            -99.23079,
            18.92776,
            0
          ],
          [
            -99.23084,
            18.92775,
            0
          ],
          [
            -99.23088,
            18.92775,
            0
          ],
          [
            -99.23089,
            18.92775,
            0
          ],
          [
            -99.23093,
            18.92775,
            0
          ],
          [
            -99.23095,
            18.92775,
            0
          ],
          [
            -99.23098,
            18.92776,
            0
          ],
          [
            -99.23101,
            18.92776,
            0
          ],
          [
            -99.23108,
            18.92777,
            0
          ],
          [
            -99.23127,
            18.92781,
            0
          ],
          [
            -99.2313,
            18.92781,
            0
          ],
          [
            -99.23135,
            18.92782,
            0
          ],
          [
            -99.23139,
            18.92781,
            0
          ],
          [
            -99.23142,
            18.92781,
            0
          ],
          [
            -99.23148,
            18.9278,
            0
          ],
          [
            -99.23153,
            18.92778,
            0
          ],
          [
            -99.23156,
            18.92777,
            0
          ],
          [
            -99.23162,
            18.92775,
            0
          ],
          [
            -99.23177,
            18.92767,
            0
          ],
          [
            -99.23201,
            18.92748,
            0
          ],
          [
            -99.23222,
            18.92732,
            0
          ],
          [
            -99.23238,
            18.92722,
            0
          ],
          [
            -99.23255,
            18.92724,
            0
          ],
          [
            -99.23261,
            18.92725,
            0
          ],
          [
            -99.23279,
            18.92727,
            0
          ],
          [
            -99.23288,
            18.92728,
            0
          ],
          [
            -99.23392,
            18.92742,
            0
          ],
          [
            -99.23462,
            18.92748,
            0
          ],
          [
            -99.23467,
            18.92749,
            0
          ],
          [
            -99.23471,
            18.92749,
            0
          ],
          [
            -99.23477,
            18.92744,
            0
          ],
          [
            -99.23484,
            18.92739,
            0
          ],
          [
            -99.23488,
            18.92734,
            0
          ],
          [
            -99.23497,
            18.92724,
            0
          ],
          [
            -99.23496,
            18.92715,
            0
          ],
          [
            -99.23492,
            18.92697,
            0
          ],
          [
            -99.23491,
            18.92692,
            0
          ],
          [
            -99.23489,
            18.92688,
            0
          ],
          [
            -99.23486,
            18.92683,
            0
          ],
          [
            -99.23451,
            18.92638,
            0
          ],
          [
            -99.23428,
            18.92612,
            0
          ],
          [
            -99.23425,
            18.92608,
            0
          ],
          [
            -99.23381,
            18.92554,
            0
          ],
          [
            -99.23355,
            18.92529,
            0
          ],
          [
            -99.2333,
            18.92504,
            0
          ],
          [
            -99.23323,
            18.92497,
            0
          ],
          [
            -99.23313,
            18.92488,
            0
          ],
          [
            -99.23301,
            18.92481,
            0
          ],
          [
            -99.23291,
            18.92488,
            0
          ],
          [
            -99.23216,
            18.92541,
            0
          ],
          [
            -99.23214,
            18.92543,
            0
          ],
          [
            -99.23213,
            18.92544,
            0
          ],
          [
            -99.23212,
            18.92546,
            0
          ],
          [
            -99.23212,
            18.92547,
            0
          ],
          [
            -99.23212,
            18.9255,
            0
          ],
          [
            -99.23214,
            18.92558,
            0
          ],
          [
            -99.23206,
            18.92563,
            0
          ],
          [
            -99.23201,
            18.92566,
            0
          ],
          [
            -99.23213,
            18.92589,
            0
          ],
          [
            -99.23217,
            18.92599,
            0
          ],
          [
            -99.23228,
            18.9263,
            0
          ],
          [
            -99.23232,
            18.92645,
            0
          ],
          [
            -99.23232,
            18.92647,
            0
          ],
          [
            -99.23232,
            18.92649,
            0
          ],
          [
            -99.23232,
            18.92651,
            0
          ],
          [
            -99.23231,
            18.92655,
            0
          ],
          [
            -99.23231,
            18.92657,
            0
          ],
          [
            -99.23217,
            18.92694,
            0
          ],
          [
            -99.23238,
            18.92722,
            0
          ],
          [
            -99.23244,
            18.92737,
            0
          ],
          [
            -99.23262,
            18.92773,
            0
          ],
          [
            -99.23268,
            18.92782,
            0
          ],
          [
            -99.23273,
            18.92794,
            0
          ],
          [
            -99.23282,
            18.9281,
            0
          ],
          [
            -99.23293,
            18.92831,
            0
          ],
          [
            -99.23326,
            18.92892,
            0
          ],
          [
            -99.23338,
            18.92914,
            0
          ],
          [
            -99.23349,
            18.92934,
            0
          ],
          [
            -99.23358,
            18.9295,
            0
          ],
          [
            -99.23368,
            18.92967,
            0
          ],
          [
            -99.23377,
            18.92982,
            0
          ],
          [
            -99.23386,
            18.92997,
            0
          ],
          [
            -99.234,
            18.93012,
            0
          ],
          [
            -99.23404,
            18.93018,
            0
          ],
          [
            -99.23405,
            18.9302,
            0
          ],
          [
            -99.23406,
            18.93021,
            0
          ],
          [
            -99.23407,
            18.93022,
            0
          ],
          [
            -99.23407,
            18.93023,
            0
          ],
          [
            -99.23408,
            18.93023,
            0
          ],
          [
            -99.23408,
            18.93024,
            0
          ],
          [
            -99.23409,
            18.93024,
            0
          ],
          [
            -99.23409,
            18.93025,
            0
          ],
          [
            -99.2341,
            18.93025,
            0
          ],
          [
            -99.23412,
            18.93027,
            0
          ],
          [
            -99.23405,
            18.93039,
            0
          ],
          [
            -99.23298,
            18.93076,
            0
          ],
          [
            -99.23294,
            18.93078,
            0
          ],
          [
            -99.23284,
            18.93081,
            0
          ],
          [
            -99.23286,
            18.93086,
            0
          ],
          [
            -99.23286,
            18.93087,
            0
          ],
          [
            -99.23286,
            18.93088,
            0
          ],
          [
            -99.23285,
            18.9309,
            0
          ],
          [
            -99.23273,
            18.93113,
            0
          ],
          [
            -99.23237,
            18.93182,
            0
          ],
          [
            -99.23237,
            18.93183,
            0
          ],
          [
            -99.23233,
            18.93191,
            0
          ],
          [
            -99.23228,
            18.93204,
            0
          ],
          [
            -99.23204,
            18.93209,
            0
          ],
          [
            -99.23196,
            18.9321,
            0
          ],
          [
            -99.23182,
            18.9321,
            0
          ],
          [
            -99.23177,
            18.93208,
            0
          ],
          [
            -99.23175,
            18.93207,
            0
          ],
          [
            -99.23172,
            18.93207,
            0
          ],
          [
            -99.23131,
            18.93204,
            0
          ],
          [
            -99.23101,
            18.93201,
            0
          ],
          [
            -99.2309,
            18.93201,
            0
          ],
          [
            -99.23078,
            18.932,
            0
          ],
          [
            -99.23056,
            18.93202,
            0
          ],
          [
            -99.23037,
            18.93202,
            0
          ],
          [
            -99.23023,
            18.93202,
            0
          ],
          [
            -99.23015,
            18.93201,
            0
          ],
          [
            -99.22992,
            18.93202,
            0
          ],
          [
            -99.22986,
            18.93203,
            0
          ],
          [
            -99.22984,
            18.93203,
            0
          ],
          [
            -99.22979,
            18.93205,
            0
          ],
          [
            -99.22966,
            18.93207,
            0
          ],
          [
            -99.22933,
            18.93193,
            0
          ],
          [
            -99.22885,
            18.93171,
            0
          ],
          [
            -99.22866,
            18.93162,
            0
          ],
          [
            -99.22798,
            18.93131,
            0
          ],
          [
            -99.22794,
            18.93131,
            0
          ],
          [
            -99.22792,
            18.93131,
            0
          ],
          [
            -99.22786,
            18.93132,
            0
          ],
          [
            -99.2278,
            18.93146,
            0
          ],
          [
            -99.22811,
            18.93161,
            0
          ]
        ]
      },
      "properties": {
        "name": "5. CENTRO COMERCIAL A.L.M.-COL. TETILLAS-LUNA-COL.TETILLAS-CENTRO COMERCIAL A.L.M.",
        "description": {
          "@type": "html",
          "value": "descripción: <br>OID: 983<br>ZONA: CENTRO<br>RUTA: RUTA 19<br>ITINERARIO: 5. CENTRO COMERCIAL A.L.M.-COL. TETILLAS-LUNA-COL.TETILLAS-CENTRO COMERCIAL A.L.M.<br>DESCRIPCIO: LUNA-COL. TETILLAS-C.C.A.L.M.<br>AUTO-AMPL: ITINERARIO<br>DEFIN-PROV: DEFINITIVOS<br>DURACION: DEFINITIVA<br>FOLIO: SGG/DGT/SDP/000539/97"
        },
        "styleUrl": "#line-795548-1200",
        "stroke-opacity": 1,
        "stroke": "#795548",
        "stroke-width": 1.2,
        "descripción": "",
        "OID": "983",
        "ZONA": "CENTRO",
        "RUTA": "RUTA 19",
        "ITINERARIO": "5. CENTRO COMERCIAL A.L.M.-COL. TETILLAS-LUNA-COL.TETILLAS-CENTRO COMERCIAL A.L.M.",
        "DESCRIPCIO": "LUNA-COL. TETILLAS-C.C.A.L.M.",
        "AUTO-AMPL": "ITINERARIO",
        "DEFIN-PROV": "DEFINITIVOS",
        "DURACION": "DEFINITIVA",
        "FOLIO": "SGG/DGT/SDP/000539/97"
      }
    },
    {
      "type": "Feature",
      "geometry": {
        "type": "LineString",
        "coordinates": [
          [
            -99.22799,
            18.93156,
            0
          ],
          [
            -99.22876,
            18.93195,
            0
          ],
          [
            -99.22899,
            18.93208,
            0
          ],
          [
            -99.22934,
            18.93226,
            0
          ],
          [
            -99.22966,
            18.93207,
            0
          ],
          [
            -99.22979,
            18.93205,
            0
          ],
          [
            -99.22985,
            18.93207,
            0
          ],
          [
            -99.22986,
            18.93207,
            0
          ],
          [
            -99.22987,
            18.93207,
            0
          ],
          [
            -99.23028,
            18.93207,
            0
          ],
          [
            -99.23079,
            18.93208,
            0
          ],
          [
            -99.23089,
            18.93208,
            0
          ],
          [
            -99.231,
            18.93209,
            0
          ],
          [
            -99.23132,
            18.93211,
            0
          ],
          [
            -99.23136,
            18.93211,
            0
          ],
          [
            -99.2315,
            18.93212,
            0
          ],
          [
            -99.23172,
            18.93213,
            0
          ],
          [
            -99.23173,
            18.93213,
            0
          ],
          [
            -99.23175,
            18.93212,
            0
          ],
          [
            -99.23177,
            18.93212,
            0
          ],
          [
            -99.23182,
            18.9321,
            0
          ],
          [
            -99.23196,
            18.9321,
            0
          ],
          [
            -99.23204,
            18.93209,
            0
          ],
          [
            -99.23228,
            18.93204,
            0
          ],
          [
            -99.23236,
            18.93204,
            0
          ],
          [
            -99.23255,
            18.93205,
            0
          ],
          [
            -99.23267,
            18.9319,
            0
          ],
          [
            -99.23273,
            18.93185,
            0
          ],
          [
            -99.2328,
            18.93181,
            0
          ],
          [
            -99.23286,
            18.93176,
            0
          ],
          [
            -99.23306,
            18.93162,
            0
          ],
          [
            -99.23316,
            18.93154,
            0
          ],
          [
            -99.23328,
            18.93149,
            0
          ],
          [
            -99.23341,
            18.93146,
            0
          ],
          [
            -99.23346,
            18.93145,
            0
          ],
          [
            -99.2335,
            18.93144,
            0
          ],
          [
            -99.23357,
            18.93144,
            0
          ],
          [
            -99.2336,
            18.93145,
            0
          ],
          [
            -99.23365,
            18.93146,
            0
          ],
          [
            -99.23368,
            18.93147,
            0
          ],
          [
            -99.23373,
            18.93149,
            0
          ],
          [
            -99.23375,
            18.9315,
            0
          ],
          [
            -99.23381,
            18.93155,
            0
          ],
          [
            -99.23385,
            18.93158,
            0
          ],
          [
            -99.23389,
            18.93162,
            0
          ],
          [
            -99.23394,
            18.93168,
            0
          ],
          [
            -99.23396,
            18.93173,
            0
          ],
          [
            -99.23409,
            18.93195,
            0
          ],
          [
            -99.23415,
            18.93207,
            0
          ],
          [
            -99.23417,
            18.9321,
            0
          ],
          [
            -99.23418,
            18.93211,
            0
          ],
          [
            -99.2342,
            18.93213,
            0
          ],
          [
            -99.23426,
            18.93217,
            0
          ],
          [
            -99.23432,
            18.9322,
            0
          ],
          [
            -99.23435,
            18.93221,
            0
          ],
          [
            -99.2344,
            18.93222,
            0
          ],
          [
            -99.23445,
            18.93223,
            0
          ],
          [
            -99.23456,
            18.93224,
            0
          ],
          [
            -99.23471,
            18.93221,
            0
          ],
          [
            -99.23477,
            18.93219,
            0
          ],
          [
            -99.23484,
            18.93216,
            0
          ],
          [
            -99.23496,
            18.93209,
            0
          ],
          [
            -99.23501,
            18.93204,
            0
          ],
          [
            -99.23504,
            18.932,
            0
          ],
          [
            -99.23507,
            18.93196,
            0
          ],
          [
            -99.23509,
            18.93192,
            0
          ],
          [
            -99.2351,
            18.93189,
            0
          ],
          [
            -99.2351,
            18.93185,
            0
          ],
          [
            -99.2351,
            18.93182,
            0
          ],
          [
            -99.23506,
            18.93135,
            0
          ],
          [
            -99.23502,
            18.93082,
            0
          ],
          [
            -99.23501,
            18.93064,
            0
          ],
          [
            -99.23502,
            18.93048,
            0
          ],
          [
            -99.23504,
            18.93027,
            0
          ],
          [
            -99.23508,
            18.93007,
            0
          ],
          [
            -99.23512,
            18.92986,
            0
          ],
          [
            -99.23513,
            18.92976,
            0
          ],
          [
            -99.23513,
            18.92972,
            0
          ],
          [
            -99.23513,
            18.92968,
            0
          ],
          [
            -99.23513,
            18.92958,
            0
          ],
          [
            -99.23512,
            18.92949,
            0
          ],
          [
            -99.23506,
            18.9291,
            0
          ],
          [
            -99.23504,
            18.92901,
            0
          ],
          [
            -99.23504,
            18.92891,
            0
          ],
          [
            -99.23505,
            18.92884,
            0
          ],
          [
            -99.23506,
            18.92879,
            0
          ],
          [
            -99.23508,
            18.92874,
            0
          ],
          [
            -99.23513,
            18.92866,
            0
          ],
          [
            -99.23515,
            18.92864,
            0
          ],
          [
            -99.23521,
            18.92859,
            0
          ],
          [
            -99.2353,
            18.92856,
            0
          ],
          [
            -99.23537,
            18.92854,
            0
          ],
          [
            -99.23543,
            18.92854,
            0
          ],
          [
            -99.2355,
            18.92851,
            0
          ],
          [
            -99.23527,
            18.92798,
            0
          ],
          [
            -99.23515,
            18.9277,
            0
          ],
          [
            -99.23512,
            18.92762,
            0
          ],
          [
            -99.23501,
            18.92739,
            0
          ],
          [
            -99.23497,
            18.92724,
            0
          ],
          [
            -99.23496,
            18.92715,
            0
          ],
          [
            -99.23492,
            18.92697,
            0
          ],
          [
            -99.23491,
            18.92692,
            0
          ],
          [
            -99.23489,
            18.92688,
            0
          ],
          [
            -99.23486,
            18.92683,
            0
          ],
          [
            -99.23451,
            18.92638,
            0
          ],
          [
            -99.23428,
            18.92612,
            0
          ],
          [
            -99.23425,
            18.92608,
            0
          ],
          [
            -99.23381,
            18.92554,
            0
          ],
          [
            -99.23355,
            18.92529,
            0
          ],
          [
            -99.2333,
            18.92504,
            0
          ],
          [
            -99.23323,
            18.92497,
            0
          ],
          [
            -99.23321,
            18.92495,
            0
          ],
          [
            -99.23313,
            18.92488,
            0
          ],
          [
            -99.23301,
            18.92481,
            0
          ],
          [
            -99.23291,
            18.92488,
            0
          ],
          [
            -99.23248,
            18.92518,
            0
          ]
        ]
      },
      "properties": {
        "name": "ANDENES MERCADO",
        "description": {
          "@type": "html",
          "value": "descripción: <br>OID: 1301<br>ZONA: CENTRO<br>RUTA: RUTA 19<br>ITINERARIO: AMPL. ANDENES MERCADO<br>DESCRIPCIO: ANDENES MERCADO<br>AUTO-AMPL: AMPLIACION<br>DEFIN-PROV: DEFINITIVOS<br>DURACION: DEFINITIVA<br>FOLIO: SG/DGT/SDP/157/2001"
        },
        "styleUrl": "#line-097138-1200",
        "stroke-opacity": 1,
        "stroke": "#097138",
        "stroke-width": 1.2,
        "descripción": "",
        "OID": "1301",
        "ZONA": "CENTRO",
        "RUTA": "RUTA 19",
        "ITINERARIO": "AMPL. ANDENES MERCADO",
        "DESCRIPCIO": "ANDENES MERCADO",
        "AUTO-AMPL": "AMPLIACION",
        "DEFIN-PROV": "DEFINITIVOS",
        "DURACION": "DEFINITIVA",
        "FOLIO": "SG/DGT/SDP/157/2001"
      }
    }
  ]
}