{
  "type": "FeatureCollection",
  "features": [
    {
      "type": "Feature",
      "geometry": {
        "type": "LineString",
        "coordinates": [
          [
            -99.22812,
            18.93162,
            0
          ],
          [
            -99.22934,
            18.93226,
            0
          ],
          [
            -99.22966,
            18.93207,
            0
          ],
          [
            -99.22979,
            18.93205,
            0
          ],
          [
            -99.22985,
            18.93207,
            0
          ],
          [
            -99.23089,
            18.93208,
            0
          ],
          [
            -99.23173,
            18.93213,
            0
          ],
          [
            -99.23175,
            18.93212,
            0
          ],
          [
            -99.23177,
            18.93212,
            0
          ],
          [
            -99.23182,
            18.9321,
            0
          ],
          [
            -99.23196,
            18.9321,
            0
          ],
          [
            -99.23204,
            18.93209,
            0
          ],
          [
            -99.23228,
            18.93204,
            0
          ],
          [
            -99.23255,
            18.93205,
            0
          ],
          [
            -99.23267,
            18.9319,
            0
          ],
          [
            -99.23273,
            18.93185,
            0
          ],
          [
            -99.2328,
            18.93181,
            0
          ],
          [
            -99.23286,
            18.93176,
            0
          ],
          [
            -99.23306,
            18.93162,
            0
          ],
          [
            -99.23316,
            18.93154,
            0
          ],
          [
            -99.23328,
            18.93149,
            0
          ],
          [
            -99.2335,
            18.93144,
            0
          ],
          [
            -99.23357,
            18.93144,
            0
          ],
          [
            -99.23365,
            18.93146,
            0
          ],
          [
            -99.23375,
            18.9315,
            0
          ],
          [
            -99.23385,
            18.93158,
            0
          ],
          [
            -99.23394,
            18.93168,
            0
          ],
          [
            -99.23396,
            18.93173,
            0
          ],
          [
            -99.23409,
            18.93195,
            0
          ],
          [
            -99.23415,
            18.93207,
            0
          ],
          [
            -99.23417,
            18.9321,
            0
          ],
          [
            -99.2342,
            18.93213,
            0
          ],
          [
            -99.23426,
            18.93217,
            0
          ],
          [
            -99.23432,
            18.9322,
            0
          ],
          [
            -99.23435,
            18.93221,
            0
          ],
          [
            -99.23445,
            18.93223,
            0
          ],
          [
            -99.23456,
            18.93224,
            0
          ],
          [
            -99.23471,
            18.93221,
            0
          ],
          [
            -99.23484,
            18.93216,
            0
          ],
          [
            -99.23496,
            18.93209,
            0
          ],
          [
            -99.23501,
            18.93204,
            0
          ],
          [
            -99.23507,
            18.93196,
            0
          ],
          [
            -99.23509,
            18.93192,
            0
          ],
          [
            -99.2351,
            18.93189,
            0
          ],
          [
            -99.2351,
            18.93182,
            0
          ],
          [
            -99.23501,
            18.93064,
            0
          ],
          [
            -99.23504,
            18.93027,
            0
          ],
          [
            -99.23512,
            18.92986,
            0
          ],
          [
            -99.23513,
            18.92976,
            0
          ],
          [
            -99.23513,
            18.92958,
            0
          ],
          [
            -99.23506,
            18.9291,
            0
          ],
          [
            -99.23504,
            18.92901,
            0
          ],
          [
            -99.23504,
            18.92891,
            0
          ],
          [
            -99.23506,
            18.92879,
            0
          ],
          [
            -99.23508,
            18.92874,
            0
          ],
          [
            -99.23513,
            18.92866,
            0
          ],
          [
            -99.23521,
            18.92859,
            0
          ],
          [
            -99.23537,
            18.92854,
            0
          ],
          [
            -99.23543,
            18.92854,
            0
          ],
          [
            -99.2355,
            18.92851,
            0
          ],
          [
            -99.23512,
            18.92762,
            0
          ],
          [
            -99.23501,
            18.92739,
            0
          ],
          [
            -99.23497,
            18.92724,
            0
          ],
          [
            -99.23496,
            18.92715,
            0
          ],
          [
            -99.23491,
            18.92692,
            0
          ],
          [
            -99.23486,
            18.92683,
            0
          ],
          [
            -99.23451,
            18.92638,
            0
          ],
          [
            -99.23428,
            18.92612,
            0
          ],
          [
            -99.23381,
            18.92554,
            0
          ],
          [
            -99.23313,
            18.92488,
            0
          ],
          [
            -99.23301,
            18.92481,
            0
          ],
          [
            -99.23216,
            18.92541,
            0
          ],
          [
            -99.23213,
            18.92544,
            0
          ],
          [
            -99.23212,
            18.92546,
            0
          ],
          [
            -99.23212,
            18.9255,
            0
          ],
          [
            -99.23214,
            18.92558,
            0
          ],
          [
            -99.23201,
            18.92566,
            0
          ],
          [
            -99.23213,
            18.92589,
            0
          ],
          [
            -99.23228,
            18.9263,
            0
          ],
          [
            -99.23232,
            18.92645,
            0
          ],
          [
            -99.23232,
            18.92651,
            0
          ],
          [
            -99.23231,
            18.92655,
            0
          ],
          [
            -99.23231,
            18.92657,
            0
          ],
          [
            -99.23217,
            18.92694,
            0
          ],
          [
            -99.23204,
            18.92721,
            0
          ],
          [
            -99.23189,
            18.92744,
            0
          ],
          [
            -99.23185,
            18.92749,
            0
          ],
          [
            -99.23182,
            18.92752,
            0
          ],
          [
            -99.23177,
            18.92756,
            0
          ],
          [
            -99.23156,
            18.92767,
            0
          ],
          [
            -99.23155,
            18.92767,
            0
          ],
          [
            -99.23151,
            18.92769,
            0
          ],
          [
            -99.23149,
            18.92769,
            0
          ],
          [
            -99.23147,
            18.9277,
            0
          ],
          [
            -99.23143,
            18.9277,
            0
          ],
          [
            -99.23141,
            18.92771,
            0
          ],
          [
            -99.23093,
            18.92768,
            0
          ],
          [
            -99.23091,
            18.92767,
            0
          ],
          [
            -99.23078,
            18.92767,
            0
          ],
          [
            -99.23074,
            18.92768,
            0
          ],
          [
            -99.23072,
            18.92768,
            0
          ],
          [
            -99.23068,
            18.92769,
            0
          ],
          [
            -99.23057,
            18.92773,
            0
          ],
          [
            -99.23055,
            18.92773,
            0
          ],
          [
            -99.23008,
            18.92788,
            0
          ],
          [
            -99.23,
            18.92789,
            0
          ],
          [
            -99.22992,
            18.92787,
            0
          ],
          [
            -99.22988,
            18.92781,
            0
          ],
          [
            -99.22952,
            18.92698,
            0
          ],
          [
            -99.22935,
            18.92669,
            0
          ],
          [
            -99.22913,
            18.92642,
            0
          ],
          [
            -99.22898,
            18.92627,
            0
          ],
          [
            -99.2287,
            18.92603,
            0
          ],
          [
            -99.22839,
            18.92583,
            0
          ],
          [
            -99.22794,
            18.92562,
            0
          ],
          [
            -99.22776,
            18.92559,
            0
          ],
          [
            -99.22563,
            18.92509,
            0
          ],
          [
            -99.22546,
            18.92506,
            0
          ],
          [
            -99.22336,
            18.92456,
            0
          ],
          [
            -99.22327,
            18.92455,
            0
          ],
          [
            -99.22218,
            18.92432,
            0
          ],
          [
            -99.22106,
            18.92405,
            0
          ],
          [
            -99.22078,
            18.92402,
            0
          ],
          [
            -99.22041,
            18.924,
            0
          ],
          [
            -99.21868,
            18.92403,
            0
          ],
          [
            -99.21765,
            18.92402,
            0
          ],
          [
            -99.21693,
            18.92404,
            0
          ],
          [
            -99.21366,
            18.92402,
            0
          ],
          [
            -99.21306,
            18.92391,
            0
          ],
          [
            -99.21273,
            18.92382,
            0
          ],
          [
            -99.21212,
            18.92368,
            0
          ],
          [
            -99.21183,
            18.9236,
            0
          ],
          [
            -99.21133,
            18.92349,
            0
          ],
          [
            -99.21026,
            18.92322,
            0
          ],
          [
            -99.21016,
            18.92318,
            0
          ],
          [
            -99.20912,
            18.92291,
            0
          ],
          [
            -99.2089,
            18.92278,
            0
          ],
          [
            -99.20868,
            18.92263,
            0
          ],
          [
            -99.20828,
            18.92228,
            0
          ],
          [
            -99.20801,
            18.92208,
            0
          ],
          [
            -99.20799,
            18.92207,
            0
          ],
          [
            -99.20781,
            18.92194,
            0
          ],
          [
            -99.20767,
            18.92187,
            0
          ],
          [
            -99.2075,
            18.92177,
            0
          ],
          [
            -99.20732,
            18.9217,
            0
          ],
          [
            -99.20723,
            18.92168,
            0
          ],
          [
            -99.20721,
            18.92168,
            0
          ],
          [
            -99.20691,
            18.92162,
            0
          ],
          [
            -99.20599,
            18.92151,
            0
          ],
          [
            -99.20582,
            18.92148,
            0
          ],
          [
            -99.20528,
            18.92134,
            0
          ],
          [
            -99.20481,
            18.92126,
            0
          ],
          [
            -99.20469,
            18.92125,
            0
          ],
          [
            -99.20454,
            18.92125,
            0
          ],
          [
            -99.20409,
            18.92118,
            0
          ],
          [
            -99.20366,
            18.92106,
            0
          ],
          [
            -99.20332,
            18.92099,
            0
          ],
          [
            -99.2026,
            18.9209,
            0
          ],
          [
            -99.20248,
            18.9209,
            0
          ],
          [
            -99.20239,
            18.92089,
            0
          ],
          [
            -99.20215,
            18.9209,
            0
          ],
          [
            -99.20186,
            18.92087,
            0
          ],
          [
            -99.20125,
            18.92093,
            0
          ],
          [
            -99.20121,
            18.92094,
            0
          ],
          [
            -99.20079,
            18.92095,
            0
          ],
          [
            -99.20055,
            18.92094,
            0
          ],
          [
            -99.20051,
            18.92093,
            0
          ],
          [
            -99.20043,
            18.92093,
            0
          ],
          [
            -99.20022,
            18.92091,
            0
          ],
          [
            -99.1999,
            18.92085,
            0
          ],
          [
            -99.19968,
            18.92079,
            0
          ],
          [
            -99.19951,
            18.92073,
            0
          ],
          [
            -99.19873,
            18.9204,
            0
          ],
          [
            -99.19869,
            18.92039,
            0
          ],
          [
            -99.19796,
            18.92008,
            0
          ],
          [
            -99.19779,
            18.92002,
            0
          ],
          [
            -99.1975,
            18.91994,
            0
          ],
          [
            -99.19647,
            18.91973,
            0
          ],
          [
            -99.19591,
            18.91964,
            0
          ],
          [
            -99.19564,
            18.91964,
            0
          ],
          [
            -99.19537,
            18.91966,
            0
          ],
          [
            -99.19512,
            18.91971,
            0
          ],
          [
            -99.19445,
            18.91988,
            0
          ],
          [
            -99.19427,
            18.9199,
            0
          ],
          [
            -99.19414,
            18.9199,
            0
          ],
          [
            -99.19389,
            18.91988,
            0
          ],
          [
            -99.19366,
            18.91983,
            0
          ],
          [
            -99.1912,
            18.91906,
            0
          ],
          [
            -99.19113,
            18.91903,
            0
          ],
          [
            -99.18882,
            18.91833,
            0
          ],
          [
            -99.18853,
            18.9182,
            0
          ],
          [
            -99.18844,
            18.91815,
            0
          ],
          [
            -99.1882,
            18.91798,
            0
          ],
          [
            -99.18486,
            18.915,
            0
          ],
          [
            -99.18451,
            18.91465,
            0
          ],
          [
            -99.18176,
            18.91172,
            0
          ],
          [
            -99.18144,
            18.91132,
            0
          ],
          [
            -99.18131,
            18.91109,
            0
          ],
          [
            -99.18126,
            18.91098,
            0
          ],
          [
            -99.18054,
            18.90906,
            0
          ],
          [
            -99.18038,
            18.90867,
            0
          ],
          [
            -99.1803,
            18.90851,
            0
          ],
          [
            -99.18018,
            18.90833,
            0
          ],
          [
            -99.17999,
            18.90809,
            0
          ],
          [
            -99.17972,
            18.90781,
            0
          ],
          [
            -99.17967,
            18.90775,
            0
          ],
          [
            -99.17705,
            18.90513,
            0
          ],
          [
            -99.17702,
            18.90511,
            0
          ],
          [
            -99.17698,
            18.90507,
            0
          ],
          [
            -99.17697,
            18.90505,
            0
          ],
          [
            -99.17538,
            18.90352,
            0
          ],
          [
            -99.17389,
            18.902,
            0
          ],
          [
            -99.17322,
            18.90136,
            0
          ],
          [
            -99.17275,
            18.90087,
            0
          ],
          [
            -99.17271,
            18.90082,
            0
          ],
          [
            -99.17265,
            18.90077,
            0
          ],
          [
            -99.17105,
            18.89924,
            0
          ],
          [
            -99.17086,
            18.89909,
            0
          ],
          [
            -99.16947,
            18.89773,
            0
          ],
          [
            -99.16943,
            18.89768,
            0
          ],
          [
            -99.16938,
            18.89764,
            0
          ],
          [
            -99.16865,
            18.89693,
            0
          ],
          [
            -99.16773,
            18.89597,
            0
          ],
          [
            -99.16765,
            18.8959,
            0
          ],
          [
            -99.16765,
            18.89589,
            0
          ],
          [
            -99.1676,
            18.89585,
            0
          ],
          [
            -99.16757,
            18.89582,
            0
          ],
          [
            -99.16757,
            18.89581,
            0
          ],
          [
            -99.16754,
            18.89578,
            0
          ],
          [
            -99.1675,
            18.89575,
            0
          ],
          [
            -99.16693,
            18.89522,
            0
          ],
          [
            -99.16628,
            18.89455,
            0
          ],
          [
            -99.16583,
            18.89392,
            0
          ],
          [
            -99.16489,
            18.89236,
            0
          ],
          [
            -99.16449,
            18.89162,
            0
          ],
          [
            -99.16364,
            18.89024,
            0
          ],
          [
            -99.16362,
            18.8902,
            0
          ],
          [
            -99.16309,
            18.88944,
            0
          ],
          [
            -99.16227,
            18.88816,
            0
          ],
          [
            -99.16213,
            18.88783,
            0
          ],
          [
            -99.16208,
            18.88756,
            0
          ],
          [
            -99.16206,
            18.88738,
            0
          ],
          [
            -99.16208,
            18.88705,
            0
          ],
          [
            -99.16215,
            18.88659,
            0
          ],
          [
            -99.16215,
            18.88656,
            0
          ],
          [
            -99.16218,
            18.88631,
            0
          ],
          [
            -99.16213,
            18.886,
            0
          ],
          [
            -99.16208,
            18.88588,
            0
          ],
          [
            -99.16198,
            18.88568,
            0
          ],
          [
            -99.16186,
            18.8855,
            0
          ],
          [
            -99.16172,
            18.88536,
            0
          ],
          [
            -99.16143,
            18.88518,
            0
          ],
          [
            -99.16115,
            18.88509,
            0
          ],
          [
            -99.1609,
            18.88505,
            0
          ],
          [
            -99.1607,
            18.88505,
            0
          ],
          [
            -99.15688,
            18.8854,
            0
          ],
          [
            -99.15685,
            18.88541,
            0
          ],
          [
            -99.15512,
            18.88559,
            0
          ],
          [
            -99.15461,
            18.88573,
            0
          ],
          [
            -99.15432,
            18.88586,
            0
          ],
          [
            -99.1538,
            18.88619,
            0
          ],
          [
            -99.15369,
            18.88625,
            0
          ],
          [
            -99.15302,
            18.88673,
            0
          ],
          [
            -99.15123,
            18.88793,
            0
          ],
          [
            -99.15093,
            18.88809,
            0
          ],
          [
            -99.14704,
            18.88986,
            0
          ],
          [
            -99.14693,
            18.88992,
            0
          ],
          [
            -99.14612,
            18.89021,
            0
          ],
          [
            -99.14564,
            18.89033,
            0
          ],
          [
            -99.14512,
            18.89048,
            0
          ],
          [
            -99.14474,
            18.89055,
            0
          ],
          [
            -99.14394,
            18.89053,
            0
          ],
          [
            -99.14335,
            18.89049,
            0
          ],
          [
            -99.14301,
            18.89049,
            0
          ],
          [
            -99.14292,
            18.8905,
            0
          ],
          [
            -99.14244,
            18.89059,
            0
          ],
          [
            -99.14227,
            18.89065,
            0
          ],
          [
            -99.14191,
            18.89084,
            0
          ],
          [
            -99.14179,
            18.89092,
            0
          ],
          [
            -99.14178,
            18.89093,
            0
          ],
          [
            -99.14152,
            18.89112,
            0
          ],
          [
            -99.13899,
            18.89328,
            0
          ],
          [
            -99.13857,
            18.8936,
            0
          ],
          [
            -99.13778,
            18.8941,
            0
          ],
          [
            -99.13778,
            18.89411,
            0
          ],
          [
            -99.13647,
            18.89482,
            0
          ],
          [
            -99.13615,
            18.89501,
            0
          ],
          [
            -99.13579,
            18.89516,
            0
          ],
          [
            -99.13553,
            18.89524,
            0
          ],
          [
            -99.13531,
            18.89528,
            0
          ],
          [
            -99.13499,
            18.89531,
            0
          ],
          [
            -99.13459,
            18.89528,
            0
          ],
          [
            -99.13411,
            18.89517,
            0
          ],
          [
            -99.13392,
            18.8951,
            0
          ],
          [
            -99.13381,
            18.89505,
            0
          ],
          [
            -99.13341,
            18.8948,
            0
          ],
          [
            -99.1334,
            18.8948,
            0
          ],
          [
            -99.12981,
            18.89247,
            0
          ],
          [
            -99.12952,
            18.8923,
            0
          ],
          [
            -99.12948,
            18.89226,
            0
          ],
          [
            -99.12897,
            18.89194,
            0
          ],
          [
            -99.12803,
            18.89129,
            0
          ],
          [
            -99.12776,
            18.89106,
            0
          ],
          [
            -99.12692,
            18.89022,
            0
          ],
          [
            -99.12563,
            18.88885,
            0
          ],
          [
            -99.12547,
            18.88865,
            0
          ],
          [
            -99.12531,
            18.88841,
            0
          ],
          [
            -99.12514,
            18.88809,
            0
          ],
          [
            -99.12488,
            18.88742,
            0
          ],
          [
            -99.12485,
            18.88736,
            0
          ],
          [
            -99.12475,
            18.88708,
            0
          ],
          [
            -99.12455,
            18.88664,
            0
          ],
          [
            -99.12397,
            18.88548,
            0
          ],
          [
            -99.12383,
            18.88515,
            0
          ],
          [
            -99.12374,
            18.88488,
            0
          ],
          [
            -99.12341,
            18.88362,
            0
          ],
          [
            -99.12334,
            18.88346,
            0
          ],
          [
            -99.12321,
            18.88326,
            0
          ],
          [
            -99.12298,
            18.88295,
            0
          ],
          [
            -99.12278,
            18.88278,
            0
          ],
          [
            -99.12255,
            18.88261,
            0
          ],
          [
            -99.12141,
            18.88184,
            0
          ],
          [
            -99.12107,
            18.88158,
            0
          ],
          [
            -99.12084,
            18.88136,
            0
          ],
          [
            -99.12065,
            18.88115,
            0
          ],
          [
            -99.12043,
            18.88083,
            0
          ],
          [
            -99.12032,
            18.88062,
            0
          ],
          [
            -99.12024,
            18.88037,
            0
          ],
          [
            -99.12019,
            18.88016,
            0
          ],
          [
            -99.12019,
            18.88011,
            0
          ],
          [
            -99.12018,
            18.88006,
            0
          ],
          [
            -99.12014,
            18.87913,
            0
          ],
          [
            -99.12014,
            18.87871,
            0
          ],
          [
            -99.12015,
            18.8786,
            0
          ],
          [
            -99.12017,
            18.87848,
            0
          ],
          [
            -99.1202,
            18.87837,
            0
          ],
          [
            -99.12026,
            18.87824,
            0
          ],
          [
            -99.12033,
            18.87813,
            0
          ],
          [
            -99.12034,
            18.87813,
            0
          ],
          [
            -99.12044,
            18.87799,
            0
          ],
          [
            -99.1206,
            18.87787,
            0
          ],
          [
            -99.1209,
            18.87768,
            0
          ],
          [
            -99.12098,
            18.87761,
            0
          ],
          [
            -99.12118,
            18.87737,
            0
          ],
          [
            -99.12124,
            18.87725,
            0
          ],
          [
            -99.12131,
            18.87703,
            0
          ],
          [
            -99.12131,
            18.87675,
            0
          ],
          [
            -99.12126,
            18.87654,
            0
          ],
          [
            -99.1212,
            18.87638,
            0
          ],
          [
            -99.1211,
            18.87605,
            0
          ],
          [
            -99.12104,
            18.87569,
            0
          ],
          [
            -99.12105,
            18.87502,
            0
          ],
          [
            -99.12104,
            18.87491,
            0
          ],
          [
            -99.12101,
            18.87477,
            0
          ],
          [
            -99.12096,
            18.87464,
            0
          ],
          [
            -99.1208,
            18.87436,
            0
          ],
          [
            -99.12059,
            18.87395,
            0
          ],
          [
            -99.12057,
            18.87388,
            0
          ],
          [
            -99.12054,
            18.87372,
            0
          ],
          [
            -99.1203,
            18.87171,
            0
          ],
          [
            -99.12029,
            18.8717,
            0
          ],
          [
            -99.12015,
            18.87031,
            0
          ],
          [
            -99.12015,
            18.86996,
            0
          ],
          [
            -99.12036,
            18.8686,
            0
          ],
          [
            -99.12037,
            18.86848,
            0
          ],
          [
            -99.12046,
            18.86817,
            0
          ],
          [
            -99.12107,
            18.86661,
            0
          ],
          [
            -99.12168,
            18.86528,
            0
          ],
          [
            -99.12171,
            18.86523,
            0
          ],
          [
            -99.12262,
            18.86336,
            0
          ],
          [
            -99.12296,
            18.8626,
            0
          ],
          [
            -99.12299,
            18.8624,
            0
          ],
          [
            -99.12299,
            18.86228,
            0
          ],
          [
            -99.12298,
            18.86214,
            0
          ],
          [
            -99.12296,
            18.86201,
            0
          ],
          [
            -99.12293,
            18.86188,
            0
          ],
          [
            -99.12287,
            18.8617,
            0
          ],
          [
            -99.1228,
            18.86156,
            0
          ],
          [
            -99.12263,
            18.86131,
            0
          ],
          [
            -99.12236,
            18.86107,
            0
          ],
          [
            -99.12119,
            18.8603,
            0
          ],
          [
            -99.12023,
            18.85973,
            0
          ],
          [
            -99.11693,
            18.85757,
            0
          ],
          [
            -99.11679,
            18.85749,
            0
          ],
          [
            -99.11592,
            18.85691,
            0
          ],
          [
            -99.11536,
            18.8566,
            0
          ],
          [
            -99.11516,
            18.85652,
            0
          ],
          [
            -99.11481,
            18.85641,
            0
          ],
          [
            -99.11452,
            18.85634,
            0
          ],
          [
            -99.11116,
            18.85569,
            0
          ],
          [
            -99.11069,
            18.85562,
            0
          ],
          [
            -99.1104,
            18.8556,
            0
          ],
          [
            -99.11024,
            18.8556,
            0
          ],
          [
            -99.10994,
            18.85565,
            0
          ],
          [
            -99.10961,
            18.85576,
            0
          ],
          [
            -99.10926,
            18.85592,
            0
          ],
          [
            -99.10673,
            18.85736,
            0
          ],
          [
            -99.10558,
            18.85797,
            0
          ],
          [
            -99.10522,
            18.8581,
            0
          ],
          [
            -99.10497,
            18.85817,
            0
          ],
          [
            -99.10459,
            18.85825,
            0
          ],
          [
            -99.10334,
            18.85845,
            0
          ],
          [
            -99.10267,
            18.85858,
            0
          ],
          [
            -99.10071,
            18.85889,
            0
          ],
          [
            -99.10045,
            18.85895,
            0
          ],
          [
            -99.09994,
            18.85914,
            0
          ],
          [
            -99.09941,
            18.8594,
            0
          ],
          [
            -99.09819,
            18.85995,
            0
          ],
          [
            -99.09794,
            18.86009,
            0
          ],
          [
            -99.09777,
            18.8602,
            0
          ],
          [
            -99.09751,
            18.86043,
            0
          ],
          [
            -99.09746,
            18.86049,
            0
          ],
          [
            -99.09739,
            18.86055,
            0
          ],
          [
            -99.09733,
            18.86062,
            0
          ],
          [
            -99.09543,
            18.86328,
            0
          ],
          [
            -99.09542,
            18.8633,
            0
          ],
          [
            -99.09524,
            18.86349,
            0
          ],
          [
            -99.09516,
            18.86354,
            0
          ],
          [
            -99.09504,
            18.8636,
            0
          ],
          [
            -99.09485,
            18.86367,
            0
          ],
          [
            -99.09263,
            18.8643,
            0
          ],
          [
            -99.09235,
            18.86439,
            0
          ],
          [
            -99.09207,
            18.86451,
            0
          ],
          [
            -99.09173,
            18.86471,
            0
          ],
          [
            -99.09012,
            18.8658,
            0
          ],
          [
            -99.08991,
            18.86588,
            0
          ],
          [
            -99.08976,
            18.86591,
            0
          ],
          [
            -99.0896,
            18.86593,
            0
          ],
          [
            -99.08797,
            18.86602,
            0
          ],
          [
            -99.0878,
            18.86604,
            0
          ],
          [
            -99.08766,
            18.86608,
            0
          ],
          [
            -99.08746,
            18.86616,
            0
          ],
          [
            -99.08736,
            18.86621,
            0
          ],
          [
            -99.08433,
            18.86817,
            0
          ],
          [
            -99.08339,
            18.86875,
            0
          ],
          [
            -99.0827,
            18.8691,
            0
          ],
          [
            -99.08222,
            18.86932,
            0
          ],
          [
            -99.0808,
            18.86991,
            0
          ],
          [
            -99.08031,
            18.87007,
            0
          ],
          [
            -99.07961,
            18.8705,
            0
          ],
          [
            -99.07512,
            18.87484,
            0
          ],
          [
            -99.07506,
            18.87489,
            0
          ],
          [
            -99.07091,
            18.87893,
            0
          ],
          [
            -99.07089,
            18.87896,
            0
          ],
          [
            -99.07078,
            18.87905,
            0
          ],
          [
            -99.07071,
            18.87912,
            0
          ],
          [
            -99.07059,
            18.87919,
            0
          ],
          [
            -99.07048,
            18.87924,
            0
          ],
          [
            -99.07027,
            18.87931,
            0
          ],
          [
            -99.07021,
            18.87932,
            0
          ],
          [
            -99.07014,
            18.87934,
            0
          ],
          [
            -99.0693,
            18.8795,
            0
          ],
          [
            -99.06914,
            18.87957,
            0
          ],
          [
            -99.06896,
            18.87969,
            0
          ],
          [
            -99.06887,
            18.87976,
            0
          ],
          [
            -99.06878,
            18.87985,
            0
          ],
          [
            -99.06876,
            18.87995,
            0
          ],
          [
            -99.06863,
            18.88015,
            0
          ],
          [
            -99.0686,
            18.88021,
            0
          ],
          [
            -99.06801,
            18.88206,
            0
          ],
          [
            -99.06714,
            18.88458,
            0
          ],
          [
            -99.06708,
            18.88468,
            0
          ],
          [
            -99.06703,
            18.88472,
            0
          ],
          [
            -99.06698,
            18.88474,
            0
          ],
          [
            -99.06691,
            18.88476,
            0
          ],
          [
            -99.06685,
            18.88477,
            0
          ],
          [
            -99.06596,
            18.88469,
            0
          ],
          [
            -99.06515,
            18.88456,
            0
          ],
          [
            -99.06511,
            18.88457,
            0
          ],
          [
            -99.06507,
            18.88459,
            0
          ],
          [
            -99.06502,
            18.8846,
            0
          ],
          [
            -99.06496,
            18.88462,
            0
          ],
          [
            -99.06489,
            18.88462,
            0
          ],
          [
            -99.06487,
            18.88461,
            0
          ],
          [
            -99.06485,
            18.88461,
            0
          ],
          [
            -99.06468,
            18.88453,
            0
          ],
          [
            -99.06464,
            18.88452,
            0
          ],
          [
            -99.06462,
            18.88451,
            0
          ],
          [
            -99.06458,
            18.88451,
            0
          ],
          [
            -99.06451,
            18.88453,
            0
          ],
          [
            -99.0645,
            18.88454,
            0
          ],
          [
            -99.06446,
            18.88462,
            0
          ],
          [
            -99.06426,
            18.88515,
            0
          ],
          [
            -99.06408,
            18.88556,
            0
          ],
          [
            -99.0629,
            18.88518,
            0
          ],
          [
            -99.06168,
            18.88555,
            0
          ],
          [
            -99.06131,
            18.88563,
            0
          ],
          [
            -99.06108,
            18.88565,
            0
          ],
          [
            -99.06112,
            18.88521,
            0
          ],
          [
            -99.06112,
            18.88513,
            0
          ],
          [
            -99.0611,
            18.88499,
            0
          ],
          [
            -99.06035,
            18.88487,
            0
          ],
          [
            -99.05978,
            18.8847,
            0
          ],
          [
            -99.05971,
            18.8847,
            0
          ],
          [
            -99.05967,
            18.88469,
            0
          ],
          [
            -99.0594,
            18.88469,
            0
          ],
          [
            -99.05798,
            18.88486,
            0
          ],
          [
            -99.05761,
            18.88494,
            0
          ],
          [
            -99.05738,
            18.88502,
            0
          ],
          [
            -99.05713,
            18.88509,
            0
          ],
          [
            -99.05689,
            18.88518,
            0
          ],
          [
            -99.05637,
            18.88533,
            0
          ],
          [
            -99.05645,
            18.88597,
            0
          ],
          [
            -99.05645,
            18.88631,
            0
          ],
          [
            -99.05647,
            18.88641,
            0
          ],
          [
            -99.05639,
            18.88671,
            0
          ],
          [
            -99.05602,
            18.88763,
            0
          ],
          [
            -99.05563,
            18.88868,
            0
          ],
          [
            -99.05616,
            18.8889,
            0
          ],
          [
            -99.05752,
            18.88951,
            0
          ],
          [
            -99.05764,
            18.88922,
            0
          ],
          [
            -99.05814,
            18.8895,
            0
          ],
          [
            -99.05822,
            18.88922,
            0
          ],
          [
            -99.05835,
            18.88891,
            0
          ],
          [
            -99.05844,
            18.88874,
            0
          ],
          [
            -99.0587,
            18.88832,
            0
          ],
          [
            -99.05878,
            18.88813,
            0
          ],
          [
            -99.06114,
            18.88908,
            0
          ],
          [
            -99.06132,
            18.88909,
            0
          ],
          [
            -99.06219,
            18.88944,
            0
          ]
        ]
      },
      "properties": {
        "name": "7. CENTRO COMERCIAL A.L.M.-YAUTEPEC-CENTRO COMERCIAL A.L.M.",
        "description": {
          "@type": "html",
          "value": "descripción: <br>OID: 1085<br>ZONA: CENTRO<br>RUTA: RUTA 19<br>ITINERARIO: 7. CENTRO COMERCIAL A.L.M.-YAUTEPEC-CENTRO COMERCIAL A.L.M.<br>DESCRIPCIO: C.C.A.L.M.-YAUTEPEC<br>AUTO-AMPL: ITINERARIO<br>DEFIN-PROV: DEFINITIVOS<br>DURACION: DEFINITIVA<br>FOLIO: SGG/DGT/SDP/000539/97"
        },
        "styleUrl": "#line-7CB342-1200",
        "stroke-opacity": 1,
        "stroke": "#7cb342",
        "stroke-width": 1.2,
        "descripción": "",
        "OID": "1085",
        "ZONA": "CENTRO",
        "RUTA": "RUTA 19",
        "ITINERARIO": "7. CENTRO COMERCIAL A.L.M.-YAUTEPEC-CENTRO COMERCIAL A.L.M.",
        "DESCRIPCIO": "C.C.A.L.M.-YAUTEPEC",
        "AUTO-AMPL": "ITINERARIO",
        "DEFIN-PROV": "DEFINITIVOS",
        "DURACION": "DEFINITIVA",
        "FOLIO": "SGG/DGT/SDP/000539/97"
      }
    },
    {
      "type": "Feature",
      "geometry": {
        "type": "LineString",
        "coordinates": [
          [
            -99.06222,
            18.88945,
            0
          ],
          [
            -99.06242,
            18.88954,
            0
          ],
          [
            -99.06389,
            18.88606,
            0
          ],
          [
            -99.06408,
            18.88556,
            0
          ],
          [
            -99.06426,
            18.88515,
            0
          ],
          [
            -99.06446,
            18.88462,
            0
          ],
          [
            -99.0645,
            18.88454,
            0
          ],
          [
            -99.06451,
            18.88453,
            0
          ],
          [
            -99.06458,
            18.88451,
            0
          ],
          [
            -99.06462,
            18.88451,
            0
          ],
          [
            -99.06464,
            18.88452,
            0
          ],
          [
            -99.06468,
            18.88453,
            0
          ],
          [
            -99.06485,
            18.88461,
            0
          ],
          [
            -99.06487,
            18.88461,
            0
          ],
          [
            -99.06489,
            18.88462,
            0
          ],
          [
            -99.06496,
            18.88462,
            0
          ],
          [
            -99.06502,
            18.8846,
            0
          ],
          [
            -99.06507,
            18.88459,
            0
          ],
          [
            -99.06511,
            18.88457,
            0
          ],
          [
            -99.06515,
            18.88456,
            0
          ],
          [
            -99.06596,
            18.88469,
            0
          ],
          [
            -99.06685,
            18.88477,
            0
          ],
          [
            -99.06691,
            18.88476,
            0
          ],
          [
            -99.06703,
            18.88472,
            0
          ],
          [
            -99.06708,
            18.88468,
            0
          ],
          [
            -99.06714,
            18.88458,
            0
          ],
          [
            -99.06801,
            18.88206,
            0
          ],
          [
            -99.0686,
            18.88021,
            0
          ],
          [
            -99.06863,
            18.88015,
            0
          ],
          [
            -99.06876,
            18.87995,
            0
          ],
          [
            -99.06885,
            18.87988,
            0
          ],
          [
            -99.0689,
            18.87982,
            0
          ],
          [
            -99.06905,
            18.87972,
            0
          ],
          [
            -99.06922,
            18.87965,
            0
          ],
          [
            -99.06943,
            18.87959,
            0
          ],
          [
            -99.07044,
            18.87936,
            0
          ],
          [
            -99.07065,
            18.87927,
            0
          ],
          [
            -99.07082,
            18.87918,
            0
          ],
          [
            -99.07381,
            18.87626,
            0
          ],
          [
            -99.0743,
            18.87582,
            0
          ],
          [
            -99.07438,
            18.87573,
            0
          ],
          [
            -99.07911,
            18.87112,
            0
          ],
          [
            -99.0793,
            18.87095,
            0
          ],
          [
            -99.07983,
            18.87052,
            0
          ],
          [
            -99.07987,
            18.87048,
            0
          ],
          [
            -99.0799,
            18.87044,
            0
          ],
          [
            -99.07994,
            18.87037,
            0
          ],
          [
            -99.08185,
            18.86961,
            0
          ],
          [
            -99.08192,
            18.86959,
            0
          ],
          [
            -99.08299,
            18.8691,
            0
          ],
          [
            -99.08352,
            18.86883,
            0
          ],
          [
            -99.08738,
            18.86634,
            0
          ],
          [
            -99.08754,
            18.86626,
            0
          ],
          [
            -99.08783,
            18.86617,
            0
          ],
          [
            -99.08798,
            18.86615,
            0
          ],
          [
            -99.08968,
            18.86605,
            0
          ],
          [
            -99.08982,
            18.86603,
            0
          ],
          [
            -99.09005,
            18.86597,
            0
          ],
          [
            -99.09019,
            18.8659,
            0
          ],
          [
            -99.09052,
            18.86569,
            0
          ],
          [
            -99.09057,
            18.86565,
            0
          ],
          [
            -99.09195,
            18.86472,
            0
          ],
          [
            -99.09217,
            18.8646,
            0
          ],
          [
            -99.09244,
            18.86449,
            0
          ],
          [
            -99.09419,
            18.86398,
            0
          ],
          [
            -99.09491,
            18.8638,
            0
          ],
          [
            -99.09512,
            18.86372,
            0
          ],
          [
            -99.0953,
            18.8636,
            0
          ],
          [
            -99.09553,
            18.86334,
            0
          ],
          [
            -99.09722,
            18.86098,
            0
          ],
          [
            -99.09733,
            18.86081,
            0
          ],
          [
            -99.09748,
            18.86064,
            0
          ],
          [
            -99.09773,
            18.8604,
            0
          ],
          [
            -99.09803,
            18.86017,
            0
          ],
          [
            -99.09828,
            18.86003,
            0
          ],
          [
            -99.10024,
            18.85919,
            0
          ],
          [
            -99.1008,
            18.85903,
            0
          ],
          [
            -99.1015,
            18.85888,
            0
          ],
          [
            -99.10208,
            18.85884,
            0
          ],
          [
            -99.10271,
            18.85887,
            0
          ],
          [
            -99.10398,
            18.85908,
            0
          ],
          [
            -99.10446,
            18.85912,
            0
          ],
          [
            -99.10468,
            18.8591,
            0
          ],
          [
            -99.10487,
            18.85905,
            0
          ],
          [
            -99.10531,
            18.85888,
            0
          ],
          [
            -99.10654,
            18.85832,
            0
          ],
          [
            -99.10655,
            18.85832,
            0
          ],
          [
            -99.10771,
            18.85776,
            0
          ],
          [
            -99.10821,
            18.85749,
            0
          ],
          [
            -99.10884,
            18.85708,
            0
          ],
          [
            -99.1098,
            18.85641,
            0
          ],
          [
            -99.10991,
            18.85635,
            0
          ],
          [
            -99.11014,
            18.85625,
            0
          ],
          [
            -99.11028,
            18.85622,
            0
          ],
          [
            -99.11044,
            18.85622,
            0
          ],
          [
            -99.11055,
            18.85623,
            0
          ],
          [
            -99.11089,
            18.8563,
            0
          ],
          [
            -99.11154,
            18.85647,
            0
          ],
          [
            -99.11178,
            18.85651,
            0
          ],
          [
            -99.11219,
            18.85648,
            0
          ],
          [
            -99.11238,
            18.85645,
            0
          ],
          [
            -99.11263,
            18.85643,
            0
          ],
          [
            -99.11307,
            18.85647,
            0
          ],
          [
            -99.11393,
            18.85661,
            0
          ],
          [
            -99.11409,
            18.85665,
            0
          ],
          [
            -99.11429,
            18.85674,
            0
          ],
          [
            -99.1146,
            18.85694,
            0
          ],
          [
            -99.1152,
            18.85749,
            0
          ],
          [
            -99.11598,
            18.85816,
            0
          ],
          [
            -99.11612,
            18.85825,
            0
          ],
          [
            -99.11615,
            18.85826,
            0
          ],
          [
            -99.11618,
            18.85828,
            0
          ],
          [
            -99.11691,
            18.85839,
            0
          ],
          [
            -99.11708,
            18.85844,
            0
          ],
          [
            -99.11713,
            18.85848,
            0
          ],
          [
            -99.11721,
            18.85852,
            0
          ],
          [
            -99.11729,
            18.85859,
            0
          ],
          [
            -99.11742,
            18.85874,
            0
          ],
          [
            -99.11794,
            18.85964,
            0
          ],
          [
            -99.11808,
            18.85984,
            0
          ],
          [
            -99.11887,
            18.8606,
            0
          ],
          [
            -99.119,
            18.86071,
            0
          ],
          [
            -99.11906,
            18.86075,
            0
          ],
          [
            -99.11918,
            18.86078,
            0
          ],
          [
            -99.11923,
            18.86078,
            0
          ],
          [
            -99.11929,
            18.86077,
            0
          ],
          [
            -99.11938,
            18.86073,
            0
          ],
          [
            -99.11949,
            18.8607,
            0
          ],
          [
            -99.11971,
            18.86069,
            0
          ],
          [
            -99.11995,
            18.86074,
            0
          ],
          [
            -99.12018,
            18.86082,
            0
          ],
          [
            -99.12027,
            18.86087,
            0
          ],
          [
            -99.12028,
            18.86087,
            0
          ],
          [
            -99.12046,
            18.861,
            0
          ],
          [
            -99.12069,
            18.86121,
            0
          ],
          [
            -99.12081,
            18.86129,
            0
          ],
          [
            -99.12089,
            18.86132,
            0
          ],
          [
            -99.12095,
            18.86135,
            0
          ],
          [
            -99.12124,
            18.86142,
            0
          ],
          [
            -99.12138,
            18.86147,
            0
          ],
          [
            -99.12154,
            18.86155,
            0
          ],
          [
            -99.1217,
            18.86167,
            0
          ],
          [
            -99.12177,
            18.86176,
            0
          ],
          [
            -99.12183,
            18.86187,
            0
          ],
          [
            -99.12186,
            18.86198,
            0
          ],
          [
            -99.12188,
            18.86212,
            0
          ],
          [
            -99.12187,
            18.86275,
            0
          ],
          [
            -99.12184,
            18.86291,
            0
          ],
          [
            -99.12182,
            18.86298,
            0
          ],
          [
            -99.12168,
            18.86318,
            0
          ],
          [
            -99.12155,
            18.8634,
            0
          ],
          [
            -99.12148,
            18.86355,
            0
          ],
          [
            -99.12143,
            18.8638,
            0
          ],
          [
            -99.12133,
            18.8645,
            0
          ],
          [
            -99.12127,
            18.86466,
            0
          ],
          [
            -99.12114,
            18.86485,
            0
          ],
          [
            -99.12084,
            18.86538,
            0
          ],
          [
            -99.12064,
            18.86586,
            0
          ],
          [
            -99.12058,
            18.86606,
            0
          ],
          [
            -99.12053,
            18.86614,
            0
          ],
          [
            -99.12048,
            18.86619,
            0
          ],
          [
            -99.12017,
            18.86643,
            0
          ],
          [
            -99.12001,
            18.86658,
            0
          ],
          [
            -99.11997,
            18.86664,
            0
          ],
          [
            -99.11993,
            18.86672,
            0
          ],
          [
            -99.1199,
            18.86685,
            0
          ],
          [
            -99.1199,
            18.86709,
            0
          ],
          [
            -99.11987,
            18.86739,
            0
          ],
          [
            -99.11985,
            18.8675,
            0
          ],
          [
            -99.11968,
            18.86809,
            0
          ],
          [
            -99.11967,
            18.8682,
            0
          ],
          [
            -99.11967,
            18.86834,
            0
          ],
          [
            -99.11968,
            18.8684,
            0
          ],
          [
            -99.11968,
            18.86848,
            0
          ],
          [
            -99.11973,
            18.86874,
            0
          ],
          [
            -99.11975,
            18.86891,
            0
          ],
          [
            -99.11975,
            18.869,
            0
          ],
          [
            -99.11974,
            18.86909,
            0
          ],
          [
            -99.1197,
            18.86921,
            0
          ],
          [
            -99.11951,
            18.86962,
            0
          ],
          [
            -99.1195,
            18.86967,
            0
          ],
          [
            -99.11947,
            18.86975,
            0
          ],
          [
            -99.11946,
            18.86995,
            0
          ],
          [
            -99.11949,
            18.8702,
            0
          ],
          [
            -99.11966,
            18.87062,
            0
          ],
          [
            -99.11979,
            18.87101,
            0
          ],
          [
            -99.11981,
            18.8711,
            0
          ],
          [
            -99.11983,
            18.87144,
            0
          ],
          [
            -99.11983,
            18.87188,
            0
          ],
          [
            -99.11985,
            18.87211,
            0
          ],
          [
            -99.11993,
            18.87235,
            0
          ],
          [
            -99.11998,
            18.87245,
            0
          ],
          [
            -99.12005,
            18.87264,
            0
          ],
          [
            -99.12006,
            18.87272,
            0
          ],
          [
            -99.12006,
            18.87278,
            0
          ],
          [
            -99.12002,
            18.87293,
            0
          ],
          [
            -99.11985,
            18.87336,
            0
          ],
          [
            -99.11983,
            18.87346,
            0
          ],
          [
            -99.11982,
            18.87346,
            0
          ],
          [
            -99.11981,
            18.87355,
            0
          ],
          [
            -99.1198,
            18.87359,
            0
          ],
          [
            -99.11981,
            18.87365,
            0
          ],
          [
            -99.11981,
            18.87381,
            0
          ],
          [
            -99.1199,
            18.87405,
            0
          ],
          [
            -99.12,
            18.87419,
            0
          ],
          [
            -99.12009,
            18.87428,
            0
          ],
          [
            -99.12027,
            18.87442,
            0
          ],
          [
            -99.12046,
            18.87462,
            0
          ],
          [
            -99.12052,
            18.87475,
            0
          ],
          [
            -99.12055,
            18.87489,
            0
          ],
          [
            -99.12056,
            18.87518,
            0
          ],
          [
            -99.12055,
            18.8755,
            0
          ],
          [
            -99.12046,
            18.87631,
            0
          ],
          [
            -99.12046,
            18.87645,
            0
          ],
          [
            -99.12048,
            18.8765,
            0
          ],
          [
            -99.12049,
            18.87654,
            0
          ],
          [
            -99.12052,
            18.87657,
            0
          ],
          [
            -99.12055,
            18.87661,
            0
          ],
          [
            -99.12067,
            18.87671,
            0
          ],
          [
            -99.1208,
            18.87687,
            0
          ],
          [
            -99.12082,
            18.87695,
            0
          ],
          [
            -99.12084,
            18.87698,
            0
          ],
          [
            -99.12084,
            18.87708,
            0
          ],
          [
            -99.12083,
            18.87714,
            0
          ],
          [
            -99.12078,
            18.87723,
            0
          ],
          [
            -99.12063,
            18.87744,
            0
          ],
          [
            -99.12022,
            18.87796,
            0
          ],
          [
            -99.12008,
            18.8782,
            0
          ],
          [
            -99.12002,
            18.87836,
            0
          ],
          [
            -99.11998,
            18.87859,
            0
          ],
          [
            -99.11998,
            18.87866,
            0
          ],
          [
            -99.12011,
            18.88032,
            0
          ],
          [
            -99.12013,
            18.88044,
            0
          ],
          [
            -99.1202,
            18.88065,
            0
          ],
          [
            -99.12029,
            18.88085,
            0
          ],
          [
            -99.12045,
            18.88109,
            0
          ],
          [
            -99.12058,
            18.88125,
            0
          ],
          [
            -99.1209,
            18.88159,
            0
          ],
          [
            -99.1214,
            18.88198,
            0
          ],
          [
            -99.12222,
            18.88255,
            0
          ],
          [
            -99.12228,
            18.8826,
            0
          ],
          [
            -99.12245,
            18.88271,
            0
          ],
          [
            -99.12262,
            18.88284,
            0
          ],
          [
            -99.12296,
            18.88315,
            0
          ],
          [
            -99.1232,
            18.88348,
            0
          ],
          [
            -99.12332,
            18.88376,
            0
          ],
          [
            -99.12353,
            18.88466,
            0
          ],
          [
            -99.1237,
            18.88518,
            0
          ],
          [
            -99.1238,
            18.88542,
            0
          ],
          [
            -99.12438,
            18.88658,
            0
          ],
          [
            -99.12441,
            18.88666,
            0
          ],
          [
            -99.12442,
            18.88667,
            0
          ],
          [
            -99.12475,
            18.8874,
            0
          ],
          [
            -99.1249,
            18.88782,
            0
          ],
          [
            -99.1251,
            18.88828,
            0
          ],
          [
            -99.12527,
            18.88858,
            0
          ],
          [
            -99.1255,
            18.88889,
            0
          ],
          [
            -99.12649,
            18.88992,
            0
          ],
          [
            -99.12671,
            18.89017,
            0
          ],
          [
            -99.12771,
            18.89118,
            0
          ],
          [
            -99.12792,
            18.89135,
            0
          ],
          [
            -99.12798,
            18.89141,
            0
          ],
          [
            -99.1283,
            18.89164,
            0
          ],
          [
            -99.12891,
            18.89203,
            0
          ],
          [
            -99.12892,
            18.89204,
            0
          ],
          [
            -99.1337,
            18.89514,
            0
          ],
          [
            -99.1339,
            18.89523,
            0
          ],
          [
            -99.13404,
            18.89528,
            0
          ],
          [
            -99.13459,
            18.8954,
            0
          ],
          [
            -99.13486,
            18.89542,
            0
          ],
          [
            -99.13525,
            18.89541,
            0
          ],
          [
            -99.13544,
            18.89538,
            0
          ],
          [
            -99.13586,
            18.89527,
            0
          ],
          [
            -99.13601,
            18.89522,
            0
          ],
          [
            -99.13621,
            18.89512,
            0
          ],
          [
            -99.13843,
            18.89385,
            0
          ],
          [
            -99.13891,
            18.89349,
            0
          ],
          [
            -99.13996,
            18.8926,
            0
          ],
          [
            -99.1402,
            18.89242,
            0
          ],
          [
            -99.14179,
            18.89108,
            0
          ],
          [
            -99.14211,
            18.89089,
            0
          ],
          [
            -99.14227,
            18.89081,
            0
          ],
          [
            -99.1425,
            18.89072,
            0
          ],
          [
            -99.14279,
            18.89065,
            0
          ],
          [
            -99.14291,
            18.89063,
            0
          ],
          [
            -99.14305,
            18.89062,
            0
          ],
          [
            -99.14327,
            18.89062,
            0
          ],
          [
            -99.14419,
            18.89068,
            0
          ],
          [
            -99.14464,
            18.89068,
            0
          ],
          [
            -99.1449,
            18.89065,
            0
          ],
          [
            -99.14528,
            18.89057,
            0
          ],
          [
            -99.14652,
            18.8902,
            0
          ],
          [
            -99.14678,
            18.89011,
            0
          ],
          [
            -99.14686,
            18.89007,
            0
          ],
          [
            -99.14697,
            18.89003,
            0
          ],
          [
            -99.14818,
            18.88947,
            0
          ],
          [
            -99.14856,
            18.88932,
            0
          ],
          [
            -99.15099,
            18.88819,
            0
          ],
          [
            -99.1513,
            18.88803,
            0
          ],
          [
            -99.15196,
            18.88761,
            0
          ],
          [
            -99.15378,
            18.88633,
            0
          ],
          [
            -99.15431,
            18.886,
            0
          ],
          [
            -99.15473,
            18.88582,
            0
          ],
          [
            -99.15516,
            18.8857,
            0
          ],
          [
            -99.15689,
            18.88556,
            0
          ],
          [
            -99.15691,
            18.88555,
            0
          ],
          [
            -99.15766,
            18.8855,
            0
          ],
          [
            -99.15842,
            18.88541,
            0
          ],
          [
            -99.15897,
            18.88537,
            0
          ],
          [
            -99.16049,
            18.88521,
            0
          ],
          [
            -99.1607,
            18.8852,
            0
          ],
          [
            -99.16084,
            18.88518,
            0
          ],
          [
            -99.16103,
            18.8852,
            0
          ],
          [
            -99.16137,
            18.8853,
            0
          ],
          [
            -99.16157,
            18.8854,
            0
          ],
          [
            -99.1616,
            18.88542,
            0
          ],
          [
            -99.16163,
            18.88545,
            0
          ],
          [
            -99.16166,
            18.88547,
            0
          ],
          [
            -99.16181,
            18.88564,
            0
          ],
          [
            -99.16191,
            18.8858,
            0
          ],
          [
            -99.16195,
            18.88588,
            0
          ],
          [
            -99.16199,
            18.88601,
            0
          ],
          [
            -99.16202,
            18.88623,
            0
          ],
          [
            -99.16202,
            18.88638,
            0
          ],
          [
            -99.162,
            18.8865,
            0
          ],
          [
            -99.162,
            18.88656,
            0
          ],
          [
            -99.16199,
            18.88658,
            0
          ],
          [
            -99.16191,
            18.88731,
            0
          ],
          [
            -99.16191,
            18.88739,
            0
          ],
          [
            -99.16192,
            18.88745,
            0
          ],
          [
            -99.16192,
            18.88755,
            0
          ],
          [
            -99.16195,
            18.88772,
            0
          ],
          [
            -99.16197,
            18.88777,
            0
          ],
          [
            -99.16198,
            18.88782,
            0
          ],
          [
            -99.16202,
            18.88793,
            0
          ],
          [
            -99.16216,
            18.88823,
            0
          ],
          [
            -99.16239,
            18.88858,
            0
          ],
          [
            -99.16328,
            18.89008,
            0
          ],
          [
            -99.16335,
            18.89018,
            0
          ],
          [
            -99.16339,
            18.89026,
            0
          ],
          [
            -99.16403,
            18.89128,
            0
          ],
          [
            -99.1643,
            18.89166,
            0
          ],
          [
            -99.16535,
            18.89325,
            0
          ],
          [
            -99.16563,
            18.89372,
            0
          ],
          [
            -99.16625,
            18.89461,
            0
          ],
          [
            -99.16634,
            18.89472,
            0
          ],
          [
            -99.16741,
            18.89576,
            0
          ],
          [
            -99.16745,
            18.89579,
            0
          ],
          [
            -99.16751,
            18.89586,
            0
          ],
          [
            -99.16753,
            18.89587,
            0
          ],
          [
            -99.16753,
            18.89588,
            0
          ],
          [
            -99.1676,
            18.89594,
            0
          ],
          [
            -99.16853,
            18.89693,
            0
          ],
          [
            -99.16902,
            18.89741,
            0
          ],
          [
            -99.16918,
            18.8976,
            0
          ],
          [
            -99.1693,
            18.8977,
            0
          ],
          [
            -99.16934,
            18.89775,
            0
          ],
          [
            -99.17081,
            18.89916,
            0
          ],
          [
            -99.17135,
            18.89978,
            0
          ],
          [
            -99.17206,
            18.90045,
            0
          ],
          [
            -99.17398,
            18.90238,
            0
          ],
          [
            -99.17416,
            18.90258,
            0
          ],
          [
            -99.17684,
            18.90521,
            0
          ],
          [
            -99.17689,
            18.90527,
            0
          ],
          [
            -99.1793,
            18.90766,
            0
          ],
          [
            -99.17946,
            18.90784,
            0
          ],
          [
            -99.17978,
            18.90816,
            0
          ],
          [
            -99.17997,
            18.90841,
            0
          ],
          [
            -99.18009,
            18.9086,
            0
          ],
          [
            -99.18017,
            18.90875,
            0
          ],
          [
            -99.18034,
            18.90915,
            0
          ],
          [
            -99.18092,
            18.91069,
            0
          ],
          [
            -99.18111,
            18.91111,
            0
          ],
          [
            -99.18135,
            18.91151,
            0
          ],
          [
            -99.18164,
            18.91187,
            0
          ],
          [
            -99.18385,
            18.91425,
            0
          ],
          [
            -99.18472,
            18.91512,
            0
          ],
          [
            -99.18657,
            18.91679,
            0
          ],
          [
            -99.18657,
            18.9168,
            0
          ],
          [
            -99.18704,
            18.91721,
            0
          ],
          [
            -99.1873,
            18.91746,
            0
          ],
          [
            -99.18805,
            18.91811,
            0
          ],
          [
            -99.18821,
            18.91823,
            0
          ],
          [
            -99.18838,
            18.91834,
            0
          ],
          [
            -99.18896,
            18.91858,
            0
          ],
          [
            -99.19363,
            18.92,
            0
          ],
          [
            -99.19386,
            18.92004,
            0
          ],
          [
            -99.19397,
            18.92005,
            0
          ],
          [
            -99.19422,
            18.92005,
            0
          ],
          [
            -99.19459,
            18.91997,
            0
          ],
          [
            -99.1951,
            18.9198,
            0
          ],
          [
            -99.19558,
            18.91974,
            0
          ],
          [
            -99.19586,
            18.91973,
            0
          ],
          [
            -99.1961,
            18.91975,
            0
          ],
          [
            -99.19649,
            18.91981,
            0
          ],
          [
            -99.19723,
            18.91996,
            0
          ],
          [
            -99.19725,
            18.91996,
            0
          ],
          [
            -99.19749,
            18.92001,
            0
          ],
          [
            -99.19777,
            18.92009,
            0
          ],
          [
            -99.19778,
            18.9201,
            0
          ],
          [
            -99.19786,
            18.92012,
            0
          ],
          [
            -99.19787,
            18.92012,
            0
          ],
          [
            -99.19948,
            18.92079,
            0
          ],
          [
            -99.19955,
            18.92081,
            0
          ],
          [
            -99.19956,
            18.92082,
            0
          ],
          [
            -99.19988,
            18.92092,
            0
          ],
          [
            -99.20018,
            18.92098,
            0
          ],
          [
            -99.20037,
            18.921,
            0
          ],
          [
            -99.20045,
            18.921,
            0
          ],
          [
            -99.2006,
            18.92102,
            0
          ],
          [
            -99.20144,
            18.92103,
            0
          ],
          [
            -99.20221,
            18.92099,
            0
          ],
          [
            -99.20277,
            18.92101,
            0
          ],
          [
            -99.20293,
            18.92103,
            0
          ],
          [
            -99.20387,
            18.92126,
            0
          ],
          [
            -99.20411,
            18.92134,
            0
          ],
          [
            -99.2044,
            18.92148,
            0
          ],
          [
            -99.20445,
            18.92152,
            0
          ],
          [
            -99.20476,
            18.92165,
            0
          ],
          [
            -99.205,
            18.92171,
            0
          ],
          [
            -99.2051,
            18.92171,
            0
          ],
          [
            -99.20529,
            18.92169,
            0
          ],
          [
            -99.20625,
            18.92166,
            0
          ],
          [
            -99.20705,
            18.92176,
            0
          ],
          [
            -99.20714,
            18.92178,
            0
          ],
          [
            -99.20739,
            18.92186,
            0
          ],
          [
            -99.20762,
            18.92196,
            0
          ],
          [
            -99.20785,
            18.9221,
            0
          ],
          [
            -99.20873,
            18.92282,
            0
          ],
          [
            -99.20887,
            18.9229,
            0
          ],
          [
            -99.20912,
            18.92302,
            0
          ],
          [
            -99.20938,
            18.92312,
            0
          ],
          [
            -99.21013,
            18.92331,
            0
          ],
          [
            -99.21041,
            18.92334,
            0
          ],
          [
            -99.2118,
            18.92368,
            0
          ],
          [
            -99.21211,
            18.92378,
            0
          ],
          [
            -99.21318,
            18.92403,
            0
          ],
          [
            -99.21365,
            18.9241,
            0
          ],
          [
            -99.21399,
            18.92412,
            0
          ],
          [
            -99.21694,
            18.92414,
            0
          ],
          [
            -99.2201,
            18.92407,
            0
          ],
          [
            -99.22076,
            18.92409,
            0
          ],
          [
            -99.22106,
            18.92413,
            0
          ],
          [
            -99.22163,
            18.92428,
            0
          ],
          [
            -99.22793,
            18.92572,
            0
          ],
          [
            -99.22824,
            18.92584,
            0
          ],
          [
            -99.22864,
            18.92608,
            0
          ],
          [
            -99.22888,
            18.92628,
            0
          ],
          [
            -99.22908,
            18.92649,
            0
          ],
          [
            -99.22934,
            18.92681,
            0
          ],
          [
            -99.22951,
            18.92712,
            0
          ],
          [
            -99.22981,
            18.92784,
            0
          ],
          [
            -99.22983,
            18.92792,
            0
          ],
          [
            -99.22995,
            18.92795,
            0
          ],
          [
            -99.23007,
            18.92796,
            0
          ],
          [
            -99.23023,
            18.92795,
            0
          ],
          [
            -99.23079,
            18.92776,
            0
          ],
          [
            -99.23084,
            18.92775,
            0
          ],
          [
            -99.23095,
            18.92775,
            0
          ],
          [
            -99.23098,
            18.92776,
            0
          ],
          [
            -99.23101,
            18.92776,
            0
          ],
          [
            -99.23127,
            18.92781,
            0
          ],
          [
            -99.2313,
            18.92781,
            0
          ],
          [
            -99.23135,
            18.92782,
            0
          ],
          [
            -99.23139,
            18.92781,
            0
          ],
          [
            -99.23142,
            18.92781,
            0
          ],
          [
            -99.23148,
            18.9278,
            0
          ],
          [
            -99.23162,
            18.92775,
            0
          ],
          [
            -99.23177,
            18.92767,
            0
          ],
          [
            -99.23222,
            18.92732,
            0
          ],
          [
            -99.23238,
            18.92722,
            0
          ],
          [
            -99.23392,
            18.92742,
            0
          ],
          [
            -99.23462,
            18.92748,
            0
          ],
          [
            -99.23467,
            18.92749,
            0
          ],
          [
            -99.23471,
            18.92749,
            0
          ],
          [
            -99.23484,
            18.92739,
            0
          ],
          [
            -99.23497,
            18.92724,
            0
          ],
          [
            -99.23496,
            18.92715,
            0
          ],
          [
            -99.23491,
            18.92692,
            0
          ],
          [
            -99.23486,
            18.92683,
            0
          ],
          [
            -99.23451,
            18.92638,
            0
          ],
          [
            -99.23428,
            18.92612,
            0
          ],
          [
            -99.23381,
            18.92554,
            0
          ],
          [
            -99.23313,
            18.92488,
            0
          ],
          [
            -99.23221,
            18.92552,
            0
          ],
          [
            -99.23214,
            18.92558,
            0
          ],
          [
            -99.23201,
            18.92566,
            0
          ],
          [
            -99.23213,
            18.92589,
            0
          ],
          [
            -99.23228,
            18.9263,
            0
          ],
          [
            -99.23232,
            18.92645,
            0
          ],
          [
            -99.23232,
            18.92651,
            0
          ],
          [
            -99.23231,
            18.92655,
            0
          ],
          [
            -99.23231,
            18.92657,
            0
          ],
          [
            -99.23217,
            18.92694,
            0
          ],
          [
            -99.23238,
            18.92722,
            0
          ],
          [
            -99.23244,
            18.92737,
            0
          ],
          [
            -99.23262,
            18.92773,
            0
          ],
          [
            -99.23268,
            18.92782,
            0
          ],
          [
            -99.23273,
            18.92794,
            0
          ],
          [
            -99.23358,
            18.9295,
            0
          ],
          [
            -99.23386,
            18.92997,
            0
          ],
          [
            -99.234,
            18.93012,
            0
          ],
          [
            -99.23405,
            18.9302,
            0
          ],
          [
            -99.23407,
            18.93022,
            0
          ],
          [
            -99.23407,
            18.93023,
            0
          ],
          [
            -99.23408,
            18.93023,
            0
          ],
          [
            -99.23408,
            18.93024,
            0
          ],
          [
            -99.23409,
            18.93024,
            0
          ],
          [
            -99.23409,
            18.93025,
            0
          ],
          [
            -99.2341,
            18.93025,
            0
          ],
          [
            -99.23412,
            18.93027,
            0
          ],
          [
            -99.23405,
            18.93039,
            0
          ],
          [
            -99.23298,
            18.93076,
            0
          ],
          [
            -99.23294,
            18.93078,
            0
          ],
          [
            -99.23284,
            18.93081,
            0
          ],
          [
            -99.23286,
            18.93086,
            0
          ],
          [
            -99.23286,
            18.93088,
            0
          ],
          [
            -99.23237,
            18.93182,
            0
          ],
          [
            -99.23237,
            18.93183,
            0
          ],
          [
            -99.23233,
            18.93191,
            0
          ],
          [
            -99.23228,
            18.93204,
            0
          ],
          [
            -99.23196,
            18.9321,
            0
          ],
          [
            -99.23182,
            18.9321,
            0
          ],
          [
            -99.23175,
            18.93207,
            0
          ],
          [
            -99.23078,
            18.932,
            0
          ],
          [
            -99.23056,
            18.93202,
            0
          ],
          [
            -99.23023,
            18.93202,
            0
          ],
          [
            -99.23015,
            18.93201,
            0
          ],
          [
            -99.22992,
            18.93202,
            0
          ],
          [
            -99.22986,
            18.93203,
            0
          ],
          [
            -99.22984,
            18.93203,
            0
          ],
          [
            -99.22979,
            18.93205,
            0
          ],
          [
            -99.22966,
            18.93207,
            0
          ],
          [
            -99.22798,
            18.93131,
            0
          ],
          [
            -99.22792,
            18.93131,
            0
          ],
          [
            -99.22786,
            18.93132,
            0
          ],
          [
            -99.2278,
            18.93146,
            0
          ],
          [
            -99.22809,
            18.93161,
            0
          ]
        ]
      },
      "properties": {
        "name": "7. CENTRO COMERCIAL A.L.M.-YAUTEPEC-CENTRO COMERCIAL A.L.M.",
        "description": {
          "@type": "html",
          "value": "descripción: <br>OID: 1126<br>ZONA: CENTRO<br>RUTA: RUTA 19<br>ITINERARIO: 7. CENTRO COMERCIAL A.L.M.-YAUTEPEC-CENTRO COMERCIAL A.L.M.<br>DESCRIPCIO: YAUTEPEC-C.C.A.L.M.<br>AUTO-AMPL: ITINERARIO<br>DEFIN-PROV: DEFINITIVOS<br>DURACION: DEFINITIVA<br>FOLIO: SGG/DGT/SDP/000539/97"
        },
        "styleUrl": "#line-7CB342-1200",
        "stroke-opacity": 1,
        "stroke": "#7cb342",
        "stroke-width": 1.2,
        "descripción": "",
        "OID": "1126",
        "ZONA": "CENTRO",
        "RUTA": "RUTA 19",
        "ITINERARIO": "7. CENTRO COMERCIAL A.L.M.-YAUTEPEC-CENTRO COMERCIAL A.L.M.",
        "DESCRIPCIO": "YAUTEPEC-C.C.A.L.M.",
        "AUTO-AMPL": "ITINERARIO",
        "DEFIN-PROV": "DEFINITIVOS",
        "DURACION": "DEFINITIVA",
        "FOLIO": "SGG/DGT/SDP/000539/97"
      }
    },
    {
      "type": "Feature",
      "geometry": {
        "type": "LineString",
        "coordinates": [
          [
            -99.22799,
            18.93156,
            0
          ],
          [
            -99.22876,
            18.93195,
            0
          ],
          [
            -99.22899,
            18.93208,
            0
          ],
          [
            -99.22934,
            18.93226,
            0
          ],
          [
            -99.22966,
            18.93207,
            0
          ],
          [
            -99.22979,
            18.93205,
            0
          ],
          [
            -99.22985,
            18.93207,
            0
          ],
          [
            -99.22986,
            18.93207,
            0
          ],
          [
            -99.22987,
            18.93207,
            0
          ],
          [
            -99.23028,
            18.93207,
            0
          ],
          [
            -99.23079,
            18.93208,
            0
          ],
          [
            -99.23089,
            18.93208,
            0
          ],
          [
            -99.231,
            18.93209,
            0
          ],
          [
            -99.23132,
            18.93211,
            0
          ],
          [
            -99.23136,
            18.93211,
            0
          ],
          [
            -99.2315,
            18.93212,
            0
          ],
          [
            -99.23172,
            18.93213,
            0
          ],
          [
            -99.23173,
            18.93213,
            0
          ],
          [
            -99.23175,
            18.93212,
            0
          ],
          [
            -99.23177,
            18.93212,
            0
          ],
          [
            -99.23182,
            18.9321,
            0
          ],
          [
            -99.23196,
            18.9321,
            0
          ],
          [
            -99.23204,
            18.93209,
            0
          ],
          [
            -99.23228,
            18.93204,
            0
          ],
          [
            -99.23236,
            18.93204,
            0
          ],
          [
            -99.23255,
            18.93205,
            0
          ],
          [
            -99.23267,
            18.9319,
            0
          ],
          [
            -99.23273,
            18.93185,
            0
          ],
          [
            -99.2328,
            18.93181,
            0
          ],
          [
            -99.23286,
            18.93176,
            0
          ],
          [
            -99.23306,
            18.93162,
            0
          ],
          [
            -99.23316,
            18.93154,
            0
          ],
          [
            -99.23328,
            18.93149,
            0
          ],
          [
            -99.23341,
            18.93146,
            0
          ],
          [
            -99.23346,
            18.93145,
            0
          ],
          [
            -99.2335,
            18.93144,
            0
          ],
          [
            -99.23357,
            18.93144,
            0
          ],
          [
            -99.2336,
            18.93145,
            0
          ],
          [
            -99.23365,
            18.93146,
            0
          ],
          [
            -99.23368,
            18.93147,
            0
          ],
          [
            -99.23373,
            18.93149,
            0
          ],
          [
            -99.23375,
            18.9315,
            0
          ],
          [
            -99.23381,
            18.93155,
            0
          ],
          [
            -99.23385,
            18.93158,
            0
          ],
          [
            -99.23389,
            18.93162,
            0
          ],
          [
            -99.23394,
            18.93168,
            0
          ],
          [
            -99.23396,
            18.93173,
            0
          ],
          [
            -99.23409,
            18.93195,
            0
          ],
          [
            -99.23415,
            18.93207,
            0
          ],
          [
            -99.23417,
            18.9321,
            0
          ],
          [
            -99.23418,
            18.93211,
            0
          ],
          [
            -99.2342,
            18.93213,
            0
          ],
          [
            -99.23426,
            18.93217,
            0
          ],
          [
            -99.23432,
            18.9322,
            0
          ],
          [
            -99.23435,
            18.93221,
            0
          ],
          [
            -99.2344,
            18.93222,
            0
          ],
          [
            -99.23445,
            18.93223,
            0
          ],
          [
            -99.23456,
            18.93224,
            0
          ],
          [
            -99.23471,
            18.93221,
            0
          ],
          [
            -99.23477,
            18.93219,
            0
          ],
          [
            -99.23484,
            18.93216,
            0
          ],
          [
            -99.23496,
            18.93209,
            0
          ],
          [
            -99.23501,
            18.93204,
            0
          ],
          [
            -99.23504,
            18.932,
            0
          ],
          [
            -99.23507,
            18.93196,
            0
          ],
          [
            -99.23509,
            18.93192,
            0
          ],
          [
            -99.2351,
            18.93189,
            0
          ],
          [
            -99.2351,
            18.93185,
            0
          ],
          [
            -99.2351,
            18.93182,
            0
          ],
          [
            -99.23506,
            18.93135,
            0
          ],
          [
            -99.23502,
            18.93082,
            0
          ],
          [
            -99.23501,
            18.93064,
            0
          ],
          [
            -99.23502,
            18.93048,
            0
          ],
          [
            -99.23504,
            18.93027,
            0
          ],
          [
            -99.23508,
            18.93007,
            0
          ],
          [
            -99.23512,
            18.92986,
            0
          ],
          [
            -99.23513,
            18.92976,
            0
          ],
          [
            -99.23513,
            18.92972,
            0
          ],
          [
            -99.23513,
            18.92968,
            0
          ],
          [
            -99.23513,
            18.92958,
            0
          ],
          [
            -99.23512,
            18.92949,
            0
          ],
          [
            -99.23506,
            18.9291,
            0
          ],
          [
            -99.23504,
            18.92901,
            0
          ],
          [
            -99.23504,
            18.92891,
            0
          ],
          [
            -99.23505,
            18.92884,
            0
          ],
          [
            -99.23506,
            18.92879,
            0
          ],
          [
            -99.23508,
            18.92874,
            0
          ],
          [
            -99.23513,
            18.92866,
            0
          ],
          [
            -99.23515,
            18.92864,
            0
          ],
          [
            -99.23521,
            18.92859,
            0
          ],
          [
            -99.2353,
            18.92856,
            0
          ],
          [
            -99.23537,
            18.92854,
            0
          ],
          [
            -99.23543,
            18.92854,
            0
          ],
          [
            -99.2355,
            18.92851,
            0
          ],
          [
            -99.23527,
            18.92798,
            0
          ],
          [
            -99.23515,
            18.9277,
            0
          ],
          [
            -99.23512,
            18.92762,
            0
          ],
          [
            -99.23501,
            18.92739,
            0
          ],
          [
            -99.23497,
            18.92724,
            0
          ],
          [
            -99.23496,
            18.92715,
            0
          ],
          [
            -99.23492,
            18.92697,
            0
          ],
          [
            -99.23491,
            18.92692,
            0
          ],
          [
            -99.23489,
            18.92688,
            0
          ],
          [
            -99.23486,
            18.92683,
            0
          ],
          [
            -99.23451,
            18.92638,
            0
          ],
          [
            -99.23428,
            18.92612,
            0
          ],
          [
            -99.23425,
            18.92608,
            0
          ],
          [
            -99.23381,
            18.92554,
            0
          ],
          [
            -99.23355,
            18.92529,
            0
          ],
          [
            -99.2333,
            18.92504,
            0
          ],
          [
            -99.23323,
            18.92497,
            0
          ],
          [
            -99.23321,
            18.92495,
            0
          ],
          [
            -99.23313,
            18.92488,
            0
          ],
          [
            -99.23301,
            18.92481,
            0
          ],
          [
            -99.23291,
            18.92488,
            0
          ],
          [
            -99.23248,
            18.92518,
            0
          ]
        ]
      },
      "properties": {
        "name": "ANDENES MERCADO",
        "description": {
          "@type": "html",
          "value": "descripción: ANDENES MERCADO<br>OID: 1301<br>ZONA: CENTRO<br>RUTA: RUTA 19<br>ITINERARIO: AMPL. ANDENES MERCADO<br>DESCRIPCIO: ANDENES MERCADO<br>AUTO-AMPL: AMPLIACION<br>DEFIN-PROV: DEFINITIVOS<br>DURACION: DEFINITIVA<br>FOLIO: SG/DGT/SDP/157/2001"
        },
        "styleUrl": "#line-F57C00-1200",
        "stroke-opacity": 1,
        "stroke": "#f57c00",
        "stroke-width": 1.2,
        "descripción": "ANDENES MERCADO",
        "OID": "1301",
        "ZONA": "CENTRO",
        "RUTA": "RUTA 19",
        "ITINERARIO": "AMPL. ANDENES MERCADO",
        "DESCRIPCIO": "ANDENES MERCADO",
        "AUTO-AMPL": "AMPLIACION",
        "DEFIN-PROV": "DEFINITIVOS",
        "DURACION": "DEFINITIVA",
        "FOLIO": "SG/DGT/SDP/157/2001"
      }
    },
    {
      "type": "Feature",
      "geometry": {
        "type": "LineString",
        "coordinates": [
          [
            -99.14481,
            18.88213,
            0
          ],
          [
            -99.14488,
            18.88216,
            0
          ],
          [
            -99.14521,
            18.8823,
            0
          ],
          [
            -99.14502,
            18.88276,
            0
          ],
          [
            -99.1449,
            18.88305,
            0
          ],
          [
            -99.14483,
            18.88322,
            0
          ],
          [
            -99.14479,
            18.88332,
            0
          ],
          [
            -99.14476,
            18.88339,
            0
          ],
          [
            -99.14459,
            18.88377,
            0
          ],
          [
            -99.14452,
            18.88429,
            0
          ],
          [
            -99.14452,
            18.8843,
            0
          ],
          [
            -99.14446,
            18.88469,
            0
          ],
          [
            -99.14442,
            18.88493,
            0
          ],
          [
            -99.1444,
            18.88503,
            0
          ],
          [
            -99.14438,
            18.8853,
            0
          ],
          [
            -99.14437,
            18.88533,
            0
          ],
          [
            -99.14435,
            18.88555,
            0
          ],
          [
            -99.14432,
            18.88578,
            0
          ],
          [
            -99.14429,
            18.88598,
            0
          ],
          [
            -99.14426,
            18.8862,
            0
          ],
          [
            -99.14423,
            18.88634,
            0
          ],
          [
            -99.1442,
            18.88664,
            0
          ],
          [
            -99.14416,
            18.88679,
            0
          ],
          [
            -99.14412,
            18.88696,
            0
          ],
          [
            -99.14389,
            18.88773,
            0
          ],
          [
            -99.14376,
            18.88819,
            0
          ],
          [
            -99.14425,
            18.88828,
            0
          ],
          [
            -99.14458,
            18.88834,
            0
          ]
        ]
      },
      "properties": {
        "name": "COL. LOMAS DE TEXCAL",
        "description": {
          "@type": "html",
          "value": "descripción: <br>OID: 1352<br>ZONA: CENTRO<br>RUTA: RUTA 19<br>ITINERARIO: AMPL. COL. LOMAS DE TEXCAL<br>DESCRIPCIO: COL. LOMAS DE TEXCAL<br>AUTO-AMPL: AMPLIACION<br>DEFIN-PROV: DEFINITIVOS<br>DURACION: DEFINITIVA<br>FOLIO: SG/DGT/SDP/1380/2004<br>SG/DGT/SDP/1761/VI/2012"
        },
        "styleUrl": "#line-FFEA00-1200",
        "stroke-opacity": 1,
        "stroke": "#ffea00",
        "stroke-width": 1.2,
        "descripción": "",
        "OID": "1352",
        "ZONA": "CENTRO",
        "RUTA": "RUTA 19",
        "ITINERARIO": "AMPL. COL. LOMAS DE TEXCAL",
        "DESCRIPCIO": "COL. LOMAS DE TEXCAL",
        "AUTO-AMPL": "AMPLIACION",
        "DEFIN-PROV": "DEFINITIVOS",
        "DURACION": "DEFINITIVA",
        "FOLIO": "SG/DGT/SDP/1380/2004\nSG/DGT/SDP/1761/VI/2012"
      }
    },
    {
      "type": "Feature",
      "geometry": {
        "type": "LineString",
        "coordinates": [
          [
            -99.061,
            18.88498,
            0
          ],
          [
            -99.06087,
            18.88496,
            0
          ],
          [
            -99.06035,
            18.88487,
            0
          ],
          [
            -99.06027,
            18.88485,
            0
          ],
          [
            -99.05978,
            18.8847,
            0
          ],
          [
            -99.05971,
            18.8847,
            0
          ],
          [
            -99.05967,
            18.88469,
            0
          ],
          [
            -99.05961,
            18.88469,
            0
          ],
          [
            -99.05951,
            18.88469,
            0
          ],
          [
            -99.0594,
            18.88469,
            0
          ],
          [
            -99.05909,
            18.88472,
            0
          ],
          [
            -99.05896,
            18.88474,
            0
          ],
          [
            -99.05798,
            18.88486,
            0
          ],
          [
            -99.05774,
            18.88491,
            0
          ],
          [
            -99.05761,
            18.88494,
            0
          ],
          [
            -99.05738,
            18.88502,
            0
          ],
          [
            -99.05713,
            18.88509,
            0
          ],
          [
            -99.05689,
            18.88518,
            0
          ],
          [
            -99.05637,
            18.88533,
            0
          ],
          [
            -99.05624,
            18.88538,
            0
          ],
          [
            -99.05593,
            18.88548,
            0
          ],
          [
            -99.05585,
            18.88549,
            0
          ],
          [
            -99.05581,
            18.8855,
            0
          ],
          [
            -99.05569,
            18.88553,
            0
          ],
          [
            -99.05458,
            18.88584,
            0
          ],
          [
            -99.05435,
            18.88594,
            0
          ],
          [
            -99.05425,
            18.886,
            0
          ],
          [
            -99.05418,
            18.88604,
            0
          ],
          [
            -99.05399,
            18.88621,
            0
          ],
          [
            -99.05384,
            18.88636,
            0
          ],
          [
            -99.05361,
            18.8867,
            0
          ],
          [
            -99.05342,
            18.887,
            0
          ],
          [
            -99.05332,
            18.88715,
            0
          ],
          [
            -99.05325,
            18.88724,
            0
          ],
          [
            -99.05313,
            18.88735,
            0
          ],
          [
            -99.05306,
            18.88741,
            0
          ],
          [
            -99.05296,
            18.88749,
            0
          ],
          [
            -99.05286,
            18.88756,
            0
          ],
          [
            -99.05243,
            18.88785,
            0
          ],
          [
            -99.05171,
            18.88831,
            0
          ],
          [
            -99.05133,
            18.88855,
            0
          ],
          [
            -99.05081,
            18.88892,
            0
          ],
          [
            -99.05058,
            18.8891,
            0
          ],
          [
            -99.05029,
            18.88933,
            0
          ],
          [
            -99.05012,
            18.88948,
            0
          ],
          [
            -99.04996,
            18.8896,
            0
          ],
          [
            -99.04926,
            18.89015,
            0
          ],
          [
            -99.04903,
            18.89032,
            0
          ],
          [
            -99.04881,
            18.89049,
            0
          ],
          [
            -99.04862,
            18.89064,
            0
          ],
          [
            -99.04857,
            18.89067,
            0
          ],
          [
            -99.04845,
            18.89077,
            0
          ],
          [
            -99.04829,
            18.89089,
            0
          ],
          [
            -99.04792,
            18.89119,
            0
          ],
          [
            -99.04741,
            18.89159,
            0
          ],
          [
            -99.04709,
            18.89187,
            0
          ],
          [
            -99.04703,
            18.89193,
            0
          ],
          [
            -99.04684,
            18.89213,
            0
          ],
          [
            -99.04666,
            18.8923,
            0
          ],
          [
            -99.04653,
            18.89243,
            0
          ],
          [
            -99.04639,
            18.89255,
            0
          ],
          [
            -99.04615,
            18.89277,
            0
          ],
          [
            -99.04589,
            18.89299,
            0
          ],
          [
            -99.04566,
            18.89316,
            0
          ],
          [
            -99.04526,
            18.89348,
            0
          ],
          [
            -99.04492,
            18.89374,
            0
          ],
          [
            -99.044,
            18.8945,
            0
          ],
          [
            -99.0432,
            18.89523,
            0
          ],
          [
            -99.04282,
            18.89557,
            0
          ],
          [
            -99.04276,
            18.89563,
            0
          ],
          [
            -99.04269,
            18.89569,
            0
          ],
          [
            -99.0426,
            18.89577,
            0
          ],
          [
            -99.04232,
            18.89603,
            0
          ],
          [
            -99.04224,
            18.89608,
            0
          ],
          [
            -99.04208,
            18.8962,
            0
          ],
          [
            -99.04176,
            18.89639,
            0
          ],
          [
            -99.04134,
            18.89663,
            0
          ],
          [
            -99.04093,
            18.89684,
            0
          ],
          [
            -99.04073,
            18.89693,
            0
          ],
          [
            -99.04033,
            18.89712,
            0
          ],
          [
            -99.04017,
            18.89714,
            0
          ],
          [
            -99.04011,
            18.89715,
            0
          ],
          [
            -99.04002,
            18.89714,
            0
          ],
          [
            -99.03987,
            18.89712,
            0
          ],
          [
            -99.03983,
            18.8971,
            0
          ],
          [
            -99.03944,
            18.89698,
            0
          ],
          [
            -99.03942,
            18.89697,
            0
          ],
          [
            -99.03887,
            18.8968,
            0
          ],
          [
            -99.03845,
            18.89667,
            0
          ],
          [
            -99.03834,
            18.89663,
            0
          ],
          [
            -99.03828,
            18.89661,
            0
          ]
        ]
      },
      "properties": {
        "name": "COL TABACHINES",
        "description": {
          "@type": "html",
          "value": "descripción: <br>OID: 1418<br>ZONA: CENTRO<br>RUTA: RUTA 19<br>ITINERARIO: AMPL. COL TABACHINES<br>DESCRIPCIO: COL TABACHINES<br>AUTO-AMPL: AMPLIACION<br>DEFIN-PROV: DEFINITIVOS<br>DURACION: DEFINITIVA<br>FOLIO: SG/DGT/SDP/3997/I/2008"
        },
        "styleUrl": "#line-C2185B-1200",
        "stroke-opacity": 1,
        "stroke": "#c2185b",
        "stroke-width": 1.2,
        "descripción": "",
        "OID": "1418",
        "ZONA": "CENTRO",
        "RUTA": "RUTA 19",
        "ITINERARIO": "AMPL. COL TABACHINES",
        "DESCRIPCIO": "COL TABACHINES",
        "AUTO-AMPL": "AMPLIACION",
        "DEFIN-PROV": "DEFINITIVOS",
        "DURACION": "DEFINITIVA",
        "FOLIO": "SG/DGT/SDP/3997/I/2008"
      }
    }
  ]
}