{
  "type": "FeatureCollection",
  "features": [
    {
      "type": "Feature",
      "geometry": {
        "type": "LineString",
        "coordinates": [
          [
            -99.24476,
            18.98774,
            0
          ],
          [
            -99.2447,
            18.98766,
            0
          ],
          [
            -99.24446,
            18.98753,
            0
          ],
          [
            -99.2443,
            18.98746,
            0
          ],
          [
            -99.2435,
            18.98725,
            0
          ],
          [
            -99.24323,
            18.98718,
            0
          ],
          [
            -99.24284,
            18.98711,
            0
          ],
          [
            -99.24279,
            18.98711,
            0
          ],
          [
            -99.24276,
            18.98711,
            0
          ],
          [
            -99.24273,
            18.98711,
            0
          ],
          [
            -99.24271,
            18.98712,
            0
          ],
          [
            -99.24269,
            18.98712,
            0
          ],
          [
            -99.24261,
            18.98718,
            0
          ],
          [
            -99.24258,
            18.98719,
            0
          ],
          [
            -99.24253,
            18.9872,
            0
          ],
          [
            -99.24248,
            18.98721,
            0
          ],
          [
            -99.24245,
            18.98722,
            0
          ],
          [
            -99.24192,
            18.98727,
            0
          ],
          [
            -99.24188,
            18.9869,
            0
          ],
          [
            -99.24186,
            18.98672,
            0
          ],
          [
            -99.24181,
            18.98621,
            0
          ],
          [
            -99.24215,
            18.98616,
            0
          ],
          [
            -99.24216,
            18.98615,
            0
          ],
          [
            -99.24218,
            18.98615,
            0
          ],
          [
            -99.24219,
            18.98615,
            0
          ],
          [
            -99.24219,
            18.98614,
            0
          ],
          [
            -99.2422,
            18.98613,
            0
          ],
          [
            -99.2422,
            18.98612,
            0
          ],
          [
            -99.2422,
            18.98609,
            0
          ],
          [
            -99.24219,
            18.98595,
            0
          ],
          [
            -99.24216,
            18.98573,
            0
          ],
          [
            -99.24214,
            18.98558,
            0
          ],
          [
            -99.24213,
            18.98544,
            0
          ],
          [
            -99.24212,
            18.98541,
            0
          ],
          [
            -99.24213,
            18.98533,
            0
          ],
          [
            -99.24214,
            18.98529,
            0
          ],
          [
            -99.24222,
            18.9851,
            0
          ],
          [
            -99.2423,
            18.98498,
            0
          ],
          [
            -99.24233,
            18.98485,
            0
          ],
          [
            -99.24236,
            18.98469,
            0
          ],
          [
            -99.24242,
            18.98451,
            0
          ],
          [
            -99.24246,
            18.98437,
            0
          ],
          [
            -99.24248,
            18.98432,
            0
          ],
          [
            -99.24252,
            18.98426,
            0
          ],
          [
            -99.24254,
            18.98418,
            0
          ],
          [
            -99.24246,
            18.98409,
            0
          ],
          [
            -99.24239,
            18.98402,
            0
          ],
          [
            -99.2423,
            18.9839,
            0
          ],
          [
            -99.24223,
            18.98383,
            0
          ],
          [
            -99.24221,
            18.9838,
            0
          ],
          [
            -99.24218,
            18.98376,
            0
          ],
          [
            -99.24195,
            18.98351,
            0
          ],
          [
            -99.24172,
            18.98325,
            0
          ],
          [
            -99.24168,
            18.98322,
            0
          ],
          [
            -99.24163,
            18.98316,
            0
          ],
          [
            -99.2414,
            18.98291,
            0
          ],
          [
            -99.24136,
            18.98285,
            0
          ],
          [
            -99.24135,
            18.98284,
            0
          ],
          [
            -99.24121,
            18.98258,
            0
          ],
          [
            -99.24117,
            18.9825,
            0
          ],
          [
            -99.24109,
            18.98237,
            0
          ],
          [
            -99.24102,
            18.98221,
            0
          ],
          [
            -99.24097,
            18.98207,
            0
          ],
          [
            -99.24114,
            18.98208,
            0
          ],
          [
            -99.24126,
            18.98208,
            0
          ],
          [
            -99.24154,
            18.98208,
            0
          ],
          [
            -99.2416,
            18.98208,
            0
          ],
          [
            -99.24189,
            18.98207,
            0
          ],
          [
            -99.24197,
            18.98206,
            0
          ],
          [
            -99.2421,
            18.98204,
            0
          ],
          [
            -99.24239,
            18.98199,
            0
          ],
          [
            -99.24288,
            18.98192,
            0
          ],
          [
            -99.24292,
            18.98191,
            0
          ],
          [
            -99.24311,
            18.98188,
            0
          ],
          [
            -99.2432,
            18.98187,
            0
          ],
          [
            -99.24367,
            18.98178,
            0
          ],
          [
            -99.2438,
            18.98176,
            0
          ],
          [
            -99.24411,
            18.98172,
            0
          ],
          [
            -99.24428,
            18.98169,
            0
          ],
          [
            -99.24435,
            18.98166,
            0
          ],
          [
            -99.24448,
            18.98161,
            0
          ],
          [
            -99.24455,
            18.98157,
            0
          ],
          [
            -99.24457,
            18.98156,
            0
          ],
          [
            -99.2446,
            18.98153,
            0
          ],
          [
            -99.2448,
            18.98135,
            0
          ],
          [
            -99.24486,
            18.98124,
            0
          ],
          [
            -99.24491,
            18.98115,
            0
          ],
          [
            -99.24493,
            18.9811,
            0
          ],
          [
            -99.24495,
            18.98105,
            0
          ],
          [
            -99.245,
            18.98088,
            0
          ],
          [
            -99.24506,
            18.98048,
            0
          ],
          [
            -99.2451,
            18.98007,
            0
          ],
          [
            -99.24517,
            18.9796,
            0
          ],
          [
            -99.24531,
            18.97836,
            0
          ],
          [
            -99.24533,
            18.97821,
            0
          ],
          [
            -99.24535,
            18.97811,
            0
          ],
          [
            -99.24538,
            18.97789,
            0
          ],
          [
            -99.24546,
            18.97741,
            0
          ],
          [
            -99.24551,
            18.97718,
            0
          ],
          [
            -99.24552,
            18.97712,
            0
          ],
          [
            -99.2458,
            18.97605,
            0
          ],
          [
            -99.24583,
            18.97596,
            0
          ],
          [
            -99.24585,
            18.97588,
            0
          ],
          [
            -99.24588,
            18.97577,
            0
          ],
          [
            -99.24602,
            18.97519,
            0
          ],
          [
            -99.24604,
            18.97503,
            0
          ],
          [
            -99.24605,
            18.97497,
            0
          ],
          [
            -99.24609,
            18.97478,
            0
          ],
          [
            -99.24609,
            18.97477,
            0
          ],
          [
            -99.24619,
            18.97414,
            0
          ],
          [
            -99.24627,
            18.97352,
            0
          ],
          [
            -99.24633,
            18.97295,
            0
          ],
          [
            -99.24641,
            18.97234,
            0
          ],
          [
            -99.24639,
            18.9722,
            0
          ],
          [
            -99.24633,
            18.97207,
            0
          ],
          [
            -99.24625,
            18.97197,
            0
          ],
          [
            -99.24619,
            18.97193,
            0
          ],
          [
            -99.24611,
            18.97189,
            0
          ],
          [
            -99.24585,
            18.97176,
            0
          ],
          [
            -99.24556,
            18.9716,
            0
          ],
          [
            -99.24534,
            18.97148,
            0
          ],
          [
            -99.24523,
            18.97139,
            0
          ],
          [
            -99.24516,
            18.97129,
            0
          ],
          [
            -99.24514,
            18.97126,
            0
          ],
          [
            -99.24511,
            18.97118,
            0
          ],
          [
            -99.24509,
            18.97107,
            0
          ],
          [
            -99.24509,
            18.97104,
            0
          ],
          [
            -99.24516,
            18.97057,
            0
          ],
          [
            -99.24516,
            18.97055,
            0
          ],
          [
            -99.24526,
            18.96995,
            0
          ],
          [
            -99.2453,
            18.96971,
            0
          ],
          [
            -99.2453,
            18.96965,
            0
          ],
          [
            -99.24529,
            18.9696,
            0
          ],
          [
            -99.24528,
            18.96953,
            0
          ],
          [
            -99.24522,
            18.96941,
            0
          ],
          [
            -99.2452,
            18.96939,
            0
          ],
          [
            -99.24507,
            18.96928,
            0
          ],
          [
            -99.24491,
            18.96918,
            0
          ],
          [
            -99.24483,
            18.96911,
            0
          ],
          [
            -99.24469,
            18.96904,
            0
          ],
          [
            -99.24459,
            18.96896,
            0
          ],
          [
            -99.24455,
            18.96891,
            0
          ],
          [
            -99.24442,
            18.96873,
            0
          ],
          [
            -99.24435,
            18.96859,
            0
          ],
          [
            -99.24413,
            18.96811,
            0
          ],
          [
            -99.2439,
            18.96764,
            0
          ],
          [
            -99.24379,
            18.9674,
            0
          ],
          [
            -99.24376,
            18.96736,
            0
          ],
          [
            -99.24368,
            18.9672,
            0
          ],
          [
            -99.24381,
            18.96696,
            0
          ],
          [
            -99.24386,
            18.9669,
            0
          ],
          [
            -99.24393,
            18.96684,
            0
          ],
          [
            -99.24418,
            18.96671,
            0
          ],
          [
            -99.24443,
            18.96661,
            0
          ],
          [
            -99.24454,
            18.96657,
            0
          ],
          [
            -99.24474,
            18.96653,
            0
          ],
          [
            -99.24494,
            18.96653,
            0
          ],
          [
            -99.24541,
            18.96671,
            0
          ],
          [
            -99.24551,
            18.96675,
            0
          ],
          [
            -99.24565,
            18.96676,
            0
          ],
          [
            -99.24573,
            18.96676,
            0
          ],
          [
            -99.24579,
            18.96676,
            0
          ],
          [
            -99.24585,
            18.96674,
            0
          ],
          [
            -99.24593,
            18.96671,
            0
          ],
          [
            -99.24598,
            18.96668,
            0
          ],
          [
            -99.24603,
            18.96666,
            0
          ],
          [
            -99.24612,
            18.9666,
            0
          ],
          [
            -99.24614,
            18.96658,
            0
          ],
          [
            -99.24624,
            18.96651,
            0
          ],
          [
            -99.24628,
            18.96647,
            0
          ],
          [
            -99.24634,
            18.96642,
            0
          ],
          [
            -99.24655,
            18.96621,
            0
          ],
          [
            -99.24671,
            18.96624,
            0
          ],
          [
            -99.24707,
            18.96634,
            0
          ],
          [
            -99.24723,
            18.96629,
            0
          ],
          [
            -99.24714,
            18.96595,
            0
          ],
          [
            -99.24705,
            18.96569,
            0
          ],
          [
            -99.24704,
            18.96565,
            0
          ],
          [
            -99.24702,
            18.96556,
            0
          ],
          [
            -99.247,
            18.96549,
            0
          ],
          [
            -99.24695,
            18.96535,
            0
          ],
          [
            -99.24696,
            18.96534,
            0
          ],
          [
            -99.24697,
            18.96533,
            0
          ],
          [
            -99.24698,
            18.96532,
            0
          ],
          [
            -99.24698,
            18.96531,
            0
          ],
          [
            -99.24698,
            18.96529,
            0
          ],
          [
            -99.24699,
            18.96528,
            0
          ],
          [
            -99.24699,
            18.96527,
            0
          ],
          [
            -99.24699,
            18.96526,
            0
          ],
          [
            -99.24699,
            18.96525,
            0
          ],
          [
            -99.24699,
            18.96524,
            0
          ],
          [
            -99.24699,
            18.96523,
            0
          ],
          [
            -99.24699,
            18.96522,
            0
          ],
          [
            -99.24699,
            18.96521,
            0
          ],
          [
            -99.24698,
            18.9652,
            0
          ],
          [
            -99.24698,
            18.96519,
            0
          ],
          [
            -99.24697,
            18.96518,
            0
          ],
          [
            -99.24697,
            18.96517,
            0
          ],
          [
            -99.24697,
            18.96516,
            0
          ],
          [
            -99.24696,
            18.96515,
            0
          ],
          [
            -99.24695,
            18.96515,
            0
          ],
          [
            -99.24695,
            18.96514,
            0
          ],
          [
            -99.24694,
            18.96513,
            0
          ],
          [
            -99.24693,
            18.96512,
            0
          ],
          [
            -99.24692,
            18.96512,
            0
          ],
          [
            -99.24691,
            18.96511,
            0
          ],
          [
            -99.2469,
            18.9651,
            0
          ],
          [
            -99.24689,
            18.9651,
            0
          ],
          [
            -99.24688,
            18.96509,
            0
          ],
          [
            -99.24687,
            18.96509,
            0
          ],
          [
            -99.24689,
            18.96506,
            0
          ],
          [
            -99.2469,
            18.96504,
            0
          ],
          [
            -99.24691,
            18.96502,
            0
          ],
          [
            -99.24691,
            18.965,
            0
          ],
          [
            -99.24692,
            18.96499,
            0
          ],
          [
            -99.24692,
            18.96497,
            0
          ],
          [
            -99.24692,
            18.96496,
            0
          ],
          [
            -99.24692,
            18.96495,
            0
          ],
          [
            -99.24691,
            18.96492,
            0
          ],
          [
            -99.24687,
            18.96472,
            0
          ],
          [
            -99.24677,
            18.9641,
            0
          ],
          [
            -99.24667,
            18.96338,
            0
          ],
          [
            -99.24665,
            18.96323,
            0
          ],
          [
            -99.24662,
            18.9631,
            0
          ],
          [
            -99.2466,
            18.96297,
            0
          ],
          [
            -99.24642,
            18.96187,
            0
          ],
          [
            -99.2464,
            18.96173,
            0
          ],
          [
            -99.24639,
            18.96164,
            0
          ],
          [
            -99.24638,
            18.96161,
            0
          ],
          [
            -99.24635,
            18.96142,
            0
          ],
          [
            -99.24631,
            18.96118,
            0
          ],
          [
            -99.24623,
            18.96066,
            0
          ],
          [
            -99.24617,
            18.96024,
            0
          ],
          [
            -99.24601,
            18.95906,
            0
          ],
          [
            -99.246,
            18.95899,
            0
          ],
          [
            -99.24593,
            18.9586,
            0
          ],
          [
            -99.24583,
            18.95784,
            0
          ],
          [
            -99.24579,
            18.95755,
            0
          ],
          [
            -99.24564,
            18.95653,
            0
          ],
          [
            -99.24564,
            18.9565,
            0
          ],
          [
            -99.24563,
            18.9564,
            0
          ],
          [
            -99.24561,
            18.95628,
            0
          ],
          [
            -99.24558,
            18.95597,
            0
          ],
          [
            -99.24542,
            18.95492,
            0
          ],
          [
            -99.24539,
            18.95462,
            0
          ],
          [
            -99.24528,
            18.95384,
            0
          ],
          [
            -99.24519,
            18.95324,
            0
          ],
          [
            -99.24512,
            18.95273,
            0
          ],
          [
            -99.24509,
            18.95249,
            0
          ],
          [
            -99.24507,
            18.95235,
            0
          ],
          [
            -99.24506,
            18.95228,
            0
          ],
          [
            -99.24492,
            18.95131,
            0
          ],
          [
            -99.24486,
            18.95075,
            0
          ],
          [
            -99.24479,
            18.95026,
            0
          ],
          [
            -99.2448,
            18.95025,
            0
          ],
          [
            -99.24481,
            18.95025,
            0
          ],
          [
            -99.24482,
            18.95024,
            0
          ],
          [
            -99.24482,
            18.95023,
            0
          ],
          [
            -99.24483,
            18.95023,
            0
          ],
          [
            -99.24483,
            18.95022,
            0
          ],
          [
            -99.24484,
            18.95021,
            0
          ],
          [
            -99.24484,
            18.9502,
            0
          ],
          [
            -99.24484,
            18.95019,
            0
          ],
          [
            -99.24485,
            18.95019,
            0
          ],
          [
            -99.24485,
            18.95018,
            0
          ],
          [
            -99.24485,
            18.95017,
            0
          ],
          [
            -99.24485,
            18.95016,
            0
          ],
          [
            -99.24485,
            18.95015,
            0
          ],
          [
            -99.24485,
            18.95014,
            0
          ],
          [
            -99.24485,
            18.95013,
            0
          ],
          [
            -99.24484,
            18.95013,
            0
          ],
          [
            -99.24484,
            18.95012,
            0
          ],
          [
            -99.24484,
            18.95011,
            0
          ],
          [
            -99.24483,
            18.9501,
            0
          ],
          [
            -99.24483,
            18.95009,
            0
          ],
          [
            -99.24482,
            18.95009,
            0
          ],
          [
            -99.24482,
            18.95008,
            0
          ],
          [
            -99.24481,
            18.95007,
            0
          ],
          [
            -99.2448,
            18.95007,
            0
          ],
          [
            -99.2448,
            18.95006,
            0
          ],
          [
            -99.24479,
            18.95006,
            0
          ],
          [
            -99.24478,
            18.95006,
            0
          ],
          [
            -99.24478,
            18.95005,
            0
          ],
          [
            -99.24477,
            18.95005,
            0
          ],
          [
            -99.24476,
            18.95005,
            0
          ],
          [
            -99.24475,
            18.95004,
            0
          ],
          [
            -99.24474,
            18.95004,
            0
          ],
          [
            -99.24473,
            18.9499,
            0
          ],
          [
            -99.24462,
            18.94946,
            0
          ],
          [
            -99.24454,
            18.94909,
            0
          ],
          [
            -99.24408,
            18.94764,
            0
          ],
          [
            -99.24404,
            18.9475,
            0
          ],
          [
            -99.24392,
            18.94716,
            0
          ],
          [
            -99.24372,
            18.94663,
            0
          ],
          [
            -99.24365,
            18.94644,
            0
          ],
          [
            -99.24357,
            18.94626,
            0
          ],
          [
            -99.24345,
            18.94589,
            0
          ],
          [
            -99.2431,
            18.94502,
            0
          ],
          [
            -99.24303,
            18.94483,
            0
          ],
          [
            -99.24283,
            18.94431,
            0
          ],
          [
            -99.24256,
            18.94366,
            0
          ],
          [
            -99.24242,
            18.94339,
            0
          ],
          [
            -99.24233,
            18.94324,
            0
          ],
          [
            -99.24223,
            18.94305,
            0
          ],
          [
            -99.2421,
            18.9428,
            0
          ],
          [
            -99.24202,
            18.9426,
            0
          ],
          [
            -99.24193,
            18.94224,
            0
          ],
          [
            -99.24179,
            18.94168,
            0
          ],
          [
            -99.24172,
            18.9413,
            0
          ],
          [
            -99.24164,
            18.94093,
            0
          ],
          [
            -99.24153,
            18.94041,
            0
          ],
          [
            -99.24153,
            18.94031,
            0
          ],
          [
            -99.24152,
            18.94023,
            0
          ],
          [
            -99.24141,
            18.93961,
            0
          ],
          [
            -99.24137,
            18.93938,
            0
          ],
          [
            -99.24126,
            18.93899,
            0
          ],
          [
            -99.24125,
            18.93895,
            0
          ],
          [
            -99.24112,
            18.93846,
            0
          ],
          [
            -99.24103,
            18.93817,
            0
          ],
          [
            -99.24096,
            18.93796,
            0
          ],
          [
            -99.24088,
            18.93767,
            0
          ],
          [
            -99.24077,
            18.9373,
            0
          ],
          [
            -99.24075,
            18.9372,
            0
          ],
          [
            -99.24071,
            18.93701,
            0
          ],
          [
            -99.24068,
            18.93678,
            0
          ],
          [
            -99.24065,
            18.93645,
            0
          ],
          [
            -99.24061,
            18.936,
            0
          ],
          [
            -99.24061,
            18.93564,
            0
          ],
          [
            -99.24061,
            18.93529,
            0
          ],
          [
            -99.24063,
            18.93475,
            0
          ],
          [
            -99.24065,
            18.93386,
            0
          ],
          [
            -99.24063,
            18.9332,
            0
          ],
          [
            -99.24061,
            18.93301,
            0
          ],
          [
            -99.24046,
            18.93265,
            0
          ],
          [
            -99.24027,
            18.93228,
            0
          ],
          [
            -99.24013,
            18.93199,
            0
          ],
          [
            -99.24008,
            18.93187,
            0
          ],
          [
            -99.24006,
            18.93179,
            0
          ],
          [
            -99.24005,
            18.93169,
            0
          ],
          [
            -99.24006,
            18.93156,
            0
          ],
          [
            -99.24013,
            18.93126,
            0
          ],
          [
            -99.24021,
            18.93068,
            0
          ],
          [
            -99.24021,
            18.93067,
            0
          ],
          [
            -99.24023,
            18.93036,
            0
          ],
          [
            -99.24025,
            18.92971,
            0
          ],
          [
            -99.24027,
            18.92956,
            0
          ],
          [
            -99.24029,
            18.92947,
            0
          ],
          [
            -99.24024,
            18.9293,
            0
          ],
          [
            -99.2402,
            18.9292,
            0
          ],
          [
            -99.24016,
            18.92913,
            0
          ],
          [
            -99.24013,
            18.9291,
            0
          ],
          [
            -99.24008,
            18.92906,
            0
          ],
          [
            -99.23997,
            18.92901,
            0
          ],
          [
            -99.23982,
            18.92896,
            0
          ],
          [
            -99.23965,
            18.92891,
            0
          ],
          [
            -99.23963,
            18.92891,
            0
          ],
          [
            -99.23926,
            18.92883,
            0
          ],
          [
            -99.23892,
            18.92878,
            0
          ],
          [
            -99.23858,
            18.92875,
            0
          ],
          [
            -99.23842,
            18.92882,
            0
          ],
          [
            -99.23836,
            18.92885,
            0
          ],
          [
            -99.23833,
            18.92886,
            0
          ],
          [
            -99.2383,
            18.92887,
            0
          ],
          [
            -99.23785,
            18.92892,
            0
          ],
          [
            -99.23783,
            18.92893,
            0
          ],
          [
            -99.2378,
            18.92894,
            0
          ],
          [
            -99.23778,
            18.92896,
            0
          ],
          [
            -99.23777,
            18.92899,
            0
          ],
          [
            -99.23776,
            18.92902,
            0
          ],
          [
            -99.23777,
            18.92904,
            0
          ],
          [
            -99.23778,
            18.92907,
            0
          ],
          [
            -99.2378,
            18.9291,
            0
          ],
          [
            -99.23784,
            18.92914,
            0
          ],
          [
            -99.2379,
            18.92917,
            0
          ],
          [
            -99.23801,
            18.92921,
            0
          ],
          [
            -99.23806,
            18.92924,
            0
          ],
          [
            -99.23808,
            18.92925,
            0
          ],
          [
            -99.23809,
            18.92927,
            0
          ],
          [
            -99.2381,
            18.92929,
            0
          ],
          [
            -99.2381,
            18.92931,
            0
          ],
          [
            -99.2381,
            18.92933,
            0
          ],
          [
            -99.2381,
            18.92935,
            0
          ],
          [
            -99.2381,
            18.92937,
            0
          ],
          [
            -99.23808,
            18.92939,
            0
          ],
          [
            -99.23805,
            18.92941,
            0
          ],
          [
            -99.23803,
            18.92942,
            0
          ],
          [
            -99.23799,
            18.92944,
            0
          ],
          [
            -99.23794,
            18.92946,
            0
          ],
          [
            -99.23785,
            18.92946,
            0
          ],
          [
            -99.23784,
            18.92936,
            0
          ],
          [
            -99.23783,
            18.92932,
            0
          ],
          [
            -99.23782,
            18.92927,
            0
          ],
          [
            -99.2378,
            18.92923,
            0
          ],
          [
            -99.23777,
            18.92921,
            0
          ],
          [
            -99.23749,
            18.92898,
            0
          ],
          [
            -99.23744,
            18.92893,
            0
          ],
          [
            -99.23741,
            18.9289,
            0
          ],
          [
            -99.23739,
            18.92887,
            0
          ],
          [
            -99.23738,
            18.92881,
            0
          ],
          [
            -99.23737,
            18.9287,
            0
          ],
          [
            -99.23732,
            18.92802,
            0
          ],
          [
            -99.23729,
            18.92748,
            0
          ],
          [
            -99.23724,
            18.92698,
            0
          ],
          [
            -99.23723,
            18.92696,
            0
          ],
          [
            -99.23722,
            18.92694,
            0
          ],
          [
            -99.2372,
            18.92692,
            0
          ],
          [
            -99.23693,
            18.92667,
            0
          ],
          [
            -99.23635,
            18.92615,
            0
          ],
          [
            -99.23625,
            18.92604,
            0
          ],
          [
            -99.23606,
            18.92586,
            0
          ],
          [
            -99.236,
            18.92566,
            0
          ],
          [
            -99.23585,
            18.92511,
            0
          ],
          [
            -99.23574,
            18.92468,
            0
          ],
          [
            -99.23567,
            18.92422,
            0
          ],
          [
            -99.23566,
            18.92416,
            0
          ],
          [
            -99.23557,
            18.92384,
            0
          ],
          [
            -99.23547,
            18.92341,
            0
          ],
          [
            -99.23545,
            18.92328,
            0
          ],
          [
            -99.2354,
            18.92307,
            0
          ],
          [
            -99.23531,
            18.92274,
            0
          ],
          [
            -99.23531,
            18.92273,
            0
          ],
          [
            -99.23531,
            18.92271,
            0
          ],
          [
            -99.23531,
            18.92268,
            0
          ],
          [
            -99.23534,
            18.9226,
            0
          ],
          [
            -99.23533,
            18.92259,
            0
          ],
          [
            -99.23532,
            18.92258,
            0
          ],
          [
            -99.23526,
            18.92212,
            0
          ],
          [
            -99.23525,
            18.92203,
            0
          ],
          [
            -99.23516,
            18.92138,
            0
          ],
          [
            -99.23512,
            18.92113,
            0
          ],
          [
            -99.2351,
            18.92083,
            0
          ],
          [
            -99.23509,
            18.92033,
            0
          ],
          [
            -99.23508,
            18.91889,
            0
          ],
          [
            -99.23511,
            18.91889,
            0
          ],
          [
            -99.2351,
            18.91827,
            0
          ],
          [
            -99.2351,
            18.91809,
            0
          ],
          [
            -99.23509,
            18.91755,
            0
          ],
          [
            -99.23508,
            18.91732,
            0
          ],
          [
            -99.23508,
            18.91712,
            0
          ],
          [
            -99.23506,
            18.91655,
            0
          ],
          [
            -99.23504,
            18.9158,
            0
          ],
          [
            -99.23504,
            18.91577,
            0
          ],
          [
            -99.23496,
            18.91496,
            0
          ],
          [
            -99.23494,
            18.91472,
            0
          ],
          [
            -99.23488,
            18.91425,
            0
          ],
          [
            -99.23468,
            18.91353,
            0
          ],
          [
            -99.2346,
            18.91332,
            0
          ],
          [
            -99.23449,
            18.91311,
            0
          ],
          [
            -99.23434,
            18.9129,
            0
          ],
          [
            -99.23394,
            18.91223,
            0
          ],
          [
            -99.23381,
            18.912,
            0
          ],
          [
            -99.23356,
            18.91152,
            0
          ],
          [
            -99.23335,
            18.91105,
            0
          ],
          [
            -99.23313,
            18.91054,
            0
          ],
          [
            -99.23296,
            18.91009,
            0
          ],
          [
            -99.23284,
            18.90976,
            0
          ],
          [
            -99.23276,
            18.90955,
            0
          ],
          [
            -99.23263,
            18.90919,
            0
          ],
          [
            -99.23254,
            18.9089,
            0
          ],
          [
            -99.23249,
            18.90872,
            0
          ],
          [
            -99.23242,
            18.90853,
            0
          ],
          [
            -99.23236,
            18.90833,
            0
          ],
          [
            -99.23217,
            18.9076,
            0
          ],
          [
            -99.23214,
            18.90743,
            0
          ],
          [
            -99.23213,
            18.90731,
            0
          ],
          [
            -99.23209,
            18.9071,
            0
          ],
          [
            -99.23212,
            18.90709,
            0
          ],
          [
            -99.23222,
            18.90706,
            0
          ],
          [
            -99.23213,
            18.90685,
            0
          ],
          [
            -99.2321,
            18.90673,
            0
          ],
          [
            -99.23208,
            18.90666,
            0
          ],
          [
            -99.23208,
            18.90665,
            0
          ],
          [
            -99.23206,
            18.90657,
            0
          ],
          [
            -99.23204,
            18.90643,
            0
          ],
          [
            -99.232,
            18.90625,
            0
          ],
          [
            -99.23196,
            18.90599,
            0
          ],
          [
            -99.23192,
            18.90594,
            0
          ],
          [
            -99.23187,
            18.90573,
            0
          ],
          [
            -99.23185,
            18.90555,
            0
          ],
          [
            -99.23177,
            18.90501,
            0
          ],
          [
            -99.23172,
            18.90467,
            0
          ],
          [
            -99.2317,
            18.90451,
            0
          ],
          [
            -99.23169,
            18.90448,
            0
          ],
          [
            -99.23168,
            18.90438,
            0
          ],
          [
            -99.23163,
            18.90386,
            0
          ],
          [
            -99.23161,
            18.90364,
            0
          ],
          [
            -99.23158,
            18.90329,
            0
          ],
          [
            -99.23155,
            18.90298,
            0
          ],
          [
            -99.23154,
            18.90289,
            0
          ],
          [
            -99.23153,
            18.90274,
            0
          ],
          [
            -99.23152,
            18.90264,
            0
          ],
          [
            -99.23152,
            18.90257,
            0
          ],
          [
            -99.23148,
            18.90202,
            0
          ],
          [
            -99.23147,
            18.90192,
            0
          ],
          [
            -99.23143,
            18.90153,
            0
          ],
          [
            -99.23143,
            18.90147,
            0
          ],
          [
            -99.23141,
            18.90127,
            0
          ],
          [
            -99.23133,
            18.90094,
            0
          ],
          [
            -99.23119,
            18.90043,
            0
          ],
          [
            -99.23116,
            18.90032,
            0
          ],
          [
            -99.23107,
            18.89999,
            0
          ],
          [
            -99.23105,
            18.89993,
            0
          ],
          [
            -99.23102,
            18.89985,
            0
          ],
          [
            -99.23099,
            18.89975,
            0
          ],
          [
            -99.23088,
            18.89942,
            0
          ],
          [
            -99.23079,
            18.89916,
            0
          ],
          [
            -99.23056,
            18.89847,
            0
          ],
          [
            -99.23033,
            18.89782,
            0
          ],
          [
            -99.23019,
            18.89751,
            0
          ],
          [
            -99.23008,
            18.89726,
            0
          ],
          [
            -99.23004,
            18.89718,
            0
          ],
          [
            -99.22983,
            18.89672,
            0
          ],
          [
            -99.22955,
            18.89614,
            0
          ],
          [
            -99.2294,
            18.89582,
            0
          ],
          [
            -99.22911,
            18.89519,
            0
          ],
          [
            -99.2291,
            18.89518,
            0
          ],
          [
            -99.22883,
            18.89459,
            0
          ],
          [
            -99.22866,
            18.89419,
            0
          ],
          [
            -99.2285,
            18.89385,
            0
          ],
          [
            -99.22847,
            18.89375,
            0
          ],
          [
            -99.22836,
            18.8935,
            0
          ],
          [
            -99.22836,
            18.89348,
            0
          ],
          [
            -99.22836,
            18.89345,
            0
          ],
          [
            -99.22835,
            18.89341,
            0
          ],
          [
            -99.22832,
            18.8933,
            0
          ],
          [
            -99.22832,
            18.89328,
            0
          ],
          [
            -99.22832,
            18.89325,
            0
          ],
          [
            -99.2283,
            18.89317,
            0
          ],
          [
            -99.22821,
            18.89295,
            0
          ],
          [
            -99.22818,
            18.89287,
            0
          ],
          [
            -99.22815,
            18.89277,
            0
          ],
          [
            -99.22805,
            18.89238,
            0
          ],
          [
            -99.22803,
            18.89228,
            0
          ],
          [
            -99.22802,
            18.89221,
            0
          ],
          [
            -99.228,
            18.89209,
            0
          ],
          [
            -99.22796,
            18.89186,
            0
          ],
          [
            -99.22796,
            18.89184,
            0
          ],
          [
            -99.22795,
            18.89173,
            0
          ],
          [
            -99.22794,
            18.89162,
            0
          ],
          [
            -99.22794,
            18.89148,
            0
          ],
          [
            -99.22795,
            18.8914,
            0
          ],
          [
            -99.22795,
            18.89137,
            0
          ],
          [
            -99.22796,
            18.8913,
            0
          ],
          [
            -99.22798,
            18.89124,
            0
          ],
          [
            -99.22803,
            18.89098,
            0
          ],
          [
            -99.22803,
            18.89093,
            0
          ],
          [
            -99.22803,
            18.89091,
            0
          ],
          [
            -99.22803,
            18.89089,
            0
          ],
          [
            -99.22801,
            18.89081,
            0
          ],
          [
            -99.22808,
            18.89061,
            0
          ],
          [
            -99.22813,
            18.89048,
            0
          ],
          [
            -99.22819,
            18.89031,
            0
          ],
          [
            -99.22826,
            18.89012,
            0
          ],
          [
            -99.22828,
            18.89005,
            0
          ],
          [
            -99.22837,
            18.89002,
            0
          ],
          [
            -99.22841,
            18.8899,
            0
          ],
          [
            -99.22843,
            18.88984,
            0
          ],
          [
            -99.22846,
            18.88977,
            0
          ],
          [
            -99.22853,
            18.8896,
            0
          ],
          [
            -99.22868,
            18.88922,
            0
          ],
          [
            -99.22881,
            18.88888,
            0
          ],
          [
            -99.22894,
            18.88854,
            0
          ],
          [
            -99.22898,
            18.88844,
            0
          ],
          [
            -99.22908,
            18.8882,
            0
          ],
          [
            -99.22922,
            18.88787,
            0
          ],
          [
            -99.22929,
            18.8877,
            0
          ],
          [
            -99.22943,
            18.88737,
            0
          ],
          [
            -99.22951,
            18.88714,
            0
          ],
          [
            -99.22961,
            18.88689,
            0
          ],
          [
            -99.22966,
            18.88675,
            0
          ],
          [
            -99.22968,
            18.88662,
            0
          ],
          [
            -99.22968,
            18.88661,
            0
          ],
          [
            -99.22968,
            18.8866,
            0
          ],
          [
            -99.22975,
            18.88644,
            0
          ],
          [
            -99.22983,
            18.88627,
            0
          ],
          [
            -99.22989,
            18.88614,
            0
          ],
          [
            -99.23,
            18.88588,
            0
          ],
          [
            -99.23006,
            18.88571,
            0
          ],
          [
            -99.23014,
            18.88545,
            0
          ],
          [
            -99.23017,
            18.88529,
            0
          ],
          [
            -99.23019,
            18.88516,
            0
          ],
          [
            -99.23021,
            18.88489,
            0
          ],
          [
            -99.23022,
            18.88478,
            0
          ],
          [
            -99.23021,
            18.8847,
            0
          ],
          [
            -99.23016,
            18.88432,
            0
          ],
          [
            -99.23006,
            18.88386,
            0
          ],
          [
            -99.22993,
            18.88309,
            0
          ],
          [
            -99.22987,
            18.88267,
            0
          ],
          [
            -99.22984,
            18.88242,
            0
          ],
          [
            -99.22982,
            18.88222,
            0
          ],
          [
            -99.22983,
            18.88205,
            0
          ],
          [
            -99.22983,
            18.88193,
            0
          ],
          [
            -99.22985,
            18.88173,
            0
          ],
          [
            -99.22987,
            18.88136,
            0
          ],
          [
            -99.22987,
            18.88118,
            0
          ],
          [
            -99.22986,
            18.88106,
            0
          ],
          [
            -99.22985,
            18.88086,
            0
          ],
          [
            -99.22983,
            18.88064,
            0
          ],
          [
            -99.22981,
            18.88046,
            0
          ],
          [
            -99.22978,
            18.88019,
            0
          ],
          [
            -99.22975,
            18.88005,
            0
          ],
          [
            -99.22971,
            18.87987,
            0
          ],
          [
            -99.22963,
            18.87968,
            0
          ],
          [
            -99.2296,
            18.87961,
            0
          ],
          [
            -99.22958,
            18.87953,
            0
          ],
          [
            -99.22946,
            18.8792,
            0
          ],
          [
            -99.22927,
            18.87867,
            0
          ],
          [
            -99.22915,
            18.87831,
            0
          ],
          [
            -99.22912,
            18.8782,
            0
          ],
          [
            -99.2291,
            18.87811,
            0
          ],
          [
            -99.22908,
            18.87799,
            0
          ],
          [
            -99.22908,
            18.87796,
            0
          ],
          [
            -99.22907,
            18.87785,
            0
          ],
          [
            -99.22907,
            18.87782,
            0
          ],
          [
            -99.22907,
            18.87776,
            0
          ],
          [
            -99.22906,
            18.87769,
            0
          ],
          [
            -99.22906,
            18.8774,
            0
          ],
          [
            -99.22906,
            18.87727,
            0
          ],
          [
            -99.22904,
            18.87717,
            0
          ],
          [
            -99.229,
            18.87706,
            0
          ],
          [
            -99.22898,
            18.87701,
            0
          ],
          [
            -99.22891,
            18.87686,
            0
          ],
          [
            -99.22888,
            18.8768,
            0
          ],
          [
            -99.22881,
            18.87672,
            0
          ],
          [
            -99.22869,
            18.8766,
            0
          ],
          [
            -99.22822,
            18.87608,
            0
          ],
          [
            -99.22803,
            18.87579,
            0
          ],
          [
            -99.22776,
            18.87544,
            0
          ],
          [
            -99.22766,
            18.87531,
            0
          ],
          [
            -99.22754,
            18.87514,
            0
          ],
          [
            -99.22742,
            18.87494,
            0
          ],
          [
            -99.22739,
            18.87487,
            0
          ],
          [
            -99.22736,
            18.87479,
            0
          ],
          [
            -99.22732,
            18.87467,
            0
          ],
          [
            -99.2273,
            18.87455,
            0
          ],
          [
            -99.22726,
            18.8742,
            0
          ],
          [
            -99.22724,
            18.87403,
            0
          ],
          [
            -99.22721,
            18.87389,
            0
          ],
          [
            -99.22717,
            18.87381,
            0
          ],
          [
            -99.22714,
            18.87374,
            0
          ],
          [
            -99.22709,
            18.87367,
            0
          ],
          [
            -99.22687,
            18.87345,
            0
          ],
          [
            -99.22678,
            18.87334,
            0
          ],
          [
            -99.22667,
            18.87319,
            0
          ],
          [
            -99.22662,
            18.87306,
            0
          ],
          [
            -99.22656,
            18.8729,
            0
          ],
          [
            -99.22654,
            18.87275,
            0
          ],
          [
            -99.22648,
            18.87252,
            0
          ],
          [
            -99.22647,
            18.87242,
            0
          ],
          [
            -99.22646,
            18.87239,
            0
          ],
          [
            -99.22645,
            18.8723,
            0
          ],
          [
            -99.22644,
            18.87218,
            0
          ],
          [
            -99.22646,
            18.87209,
            0
          ],
          [
            -99.22648,
            18.87198,
            0
          ],
          [
            -99.2265,
            18.8719,
            0
          ],
          [
            -99.22653,
            18.87181,
            0
          ],
          [
            -99.22659,
            18.87164,
            0
          ],
          [
            -99.2266,
            18.87161,
            0
          ],
          [
            -99.22664,
            18.87153,
            0
          ],
          [
            -99.22674,
            18.8713,
            0
          ],
          [
            -99.22678,
            18.87122,
            0
          ],
          [
            -99.22683,
            18.87111,
            0
          ],
          [
            -99.22684,
            18.87108,
            0
          ],
          [
            -99.22687,
            18.871,
            0
          ],
          [
            -99.22688,
            18.87094,
            0
          ],
          [
            -99.22689,
            18.87086,
            0
          ],
          [
            -99.2269,
            18.87078,
            0
          ],
          [
            -99.2269,
            18.87075,
            0
          ],
          [
            -99.2269,
            18.87071,
            0
          ],
          [
            -99.22689,
            18.87067,
            0
          ],
          [
            -99.22688,
            18.87064,
            0
          ],
          [
            -99.22685,
            18.87056,
            0
          ],
          [
            -99.22684,
            18.87051,
            0
          ],
          [
            -99.22682,
            18.87048,
            0
          ],
          [
            -99.22676,
            18.8704,
            0
          ],
          [
            -99.22663,
            18.87026,
            0
          ],
          [
            -99.22651,
            18.87013,
            0
          ],
          [
            -99.22633,
            18.86994,
            0
          ],
          [
            -99.22627,
            18.86986,
            0
          ],
          [
            -99.22624,
            18.86982,
            0
          ],
          [
            -99.22618,
            18.86953,
            0
          ],
          [
            -99.2262,
            18.86947,
            0
          ],
          [
            -99.22622,
            18.86939,
            0
          ],
          [
            -99.22625,
            18.86933,
            0
          ],
          [
            -99.22627,
            18.86929,
            0
          ],
          [
            -99.22635,
            18.86917,
            0
          ],
          [
            -99.22639,
            18.86916,
            0
          ],
          [
            -99.22641,
            18.86914,
            0
          ],
          [
            -99.22644,
            18.86912,
            0
          ],
          [
            -99.22647,
            18.86909,
            0
          ],
          [
            -99.22649,
            18.86906,
            0
          ],
          [
            -99.22654,
            18.86901,
            0
          ],
          [
            -99.22659,
            18.86895,
            0
          ],
          [
            -99.22671,
            18.86885,
            0
          ],
          [
            -99.22683,
            18.8687,
            0
          ],
          [
            -99.22685,
            18.86868,
            0
          ],
          [
            -99.22702,
            18.86841,
            0
          ],
          [
            -99.22713,
            18.86822,
            0
          ],
          [
            -99.22722,
            18.86804,
            0
          ],
          [
            -99.22729,
            18.86789,
            0
          ],
          [
            -99.22732,
            18.86783,
            0
          ],
          [
            -99.22735,
            18.86773,
            0
          ],
          [
            -99.22737,
            18.8676,
            0
          ],
          [
            -99.22737,
            18.86746,
            0
          ],
          [
            -99.22735,
            18.86728,
            0
          ],
          [
            -99.2273,
            18.86715,
            0
          ],
          [
            -99.22726,
            18.86708,
            0
          ],
          [
            -99.22722,
            18.86701,
            0
          ],
          [
            -99.22711,
            18.86687,
            0
          ],
          [
            -99.2268,
            18.86654,
            0
          ],
          [
            -99.22607,
            18.86569,
            0
          ],
          [
            -99.22586,
            18.86545,
            0
          ],
          [
            -99.22549,
            18.86505,
            0
          ],
          [
            -99.2251,
            18.86459,
            0
          ],
          [
            -99.22505,
            18.86453,
            0
          ],
          [
            -99.22484,
            18.86429,
            0
          ],
          [
            -99.22469,
            18.86411,
            0
          ],
          [
            -99.22464,
            18.86403,
            0
          ],
          [
            -99.2246,
            18.86391,
            0
          ],
          [
            -99.22458,
            18.86382,
            0
          ],
          [
            -99.22457,
            18.86369,
            0
          ],
          [
            -99.22458,
            18.8636,
            0
          ],
          [
            -99.22461,
            18.86352,
            0
          ],
          [
            -99.22466,
            18.86344,
            0
          ],
          [
            -99.22473,
            18.86331,
            0
          ],
          [
            -99.22481,
            18.86317,
            0
          ],
          [
            -99.22492,
            18.86299,
            0
          ],
          [
            -99.225,
            18.86285,
            0
          ],
          [
            -99.22513,
            18.86262,
            0
          ],
          [
            -99.22517,
            18.86252,
            0
          ],
          [
            -99.22521,
            18.8624,
            0
          ],
          [
            -99.22522,
            18.86233,
            0
          ],
          [
            -99.22523,
            18.86226,
            0
          ],
          [
            -99.22524,
            18.86214,
            0
          ],
          [
            -99.22524,
            18.86203,
            0
          ],
          [
            -99.22523,
            18.8619,
            0
          ],
          [
            -99.2252,
            18.86178,
            0
          ],
          [
            -99.22515,
            18.86166,
            0
          ],
          [
            -99.22509,
            18.8615,
            0
          ],
          [
            -99.22499,
            18.8613,
            0
          ],
          [
            -99.22486,
            18.86104,
            0
          ],
          [
            -99.22476,
            18.86085,
            0
          ],
          [
            -99.22463,
            18.86062,
            0
          ],
          [
            -99.22447,
            18.86038,
            0
          ],
          [
            -99.22434,
            18.86019,
            0
          ],
          [
            -99.22414,
            18.85992,
            0
          ],
          [
            -99.22399,
            18.85971,
            0
          ],
          [
            -99.22385,
            18.85946,
            0
          ],
          [
            -99.2238,
            18.85932,
            0
          ],
          [
            -99.22376,
            18.85915,
            0
          ],
          [
            -99.22375,
            18.85902,
            0
          ],
          [
            -99.22375,
            18.85887,
            0
          ],
          [
            -99.22376,
            18.85865,
            0
          ],
          [
            -99.22379,
            18.85849,
            0
          ],
          [
            -99.22385,
            18.85829,
            0
          ],
          [
            -99.22396,
            18.85801,
            0
          ],
          [
            -99.22401,
            18.8579,
            0
          ],
          [
            -99.22404,
            18.8578,
            0
          ],
          [
            -99.22409,
            18.85767,
            0
          ],
          [
            -99.22425,
            18.85727,
            0
          ],
          [
            -99.22431,
            18.85704,
            0
          ],
          [
            -99.22471,
            18.85544,
            0
          ],
          [
            -99.22477,
            18.85517,
            0
          ],
          [
            -99.2248,
            18.85505,
            0
          ],
          [
            -99.22482,
            18.85495,
            0
          ],
          [
            -99.22484,
            18.85487,
            0
          ],
          [
            -99.22486,
            18.85464,
            0
          ],
          [
            -99.22486,
            18.85453,
            0
          ],
          [
            -99.22485,
            18.85441,
            0
          ],
          [
            -99.22478,
            18.85401,
            0
          ],
          [
            -99.22476,
            18.8539,
            0
          ],
          [
            -99.22472,
            18.85361,
            0
          ],
          [
            -99.22469,
            18.85345,
            0
          ],
          [
            -99.22467,
            18.85331,
            0
          ],
          [
            -99.22465,
            18.85318,
            0
          ],
          [
            -99.22463,
            18.85306,
            0
          ],
          [
            -99.22458,
            18.85236,
            0
          ],
          [
            -99.22457,
            18.85217,
            0
          ],
          [
            -99.22456,
            18.85212,
            0
          ],
          [
            -99.22456,
            18.85207,
            0
          ],
          [
            -99.22451,
            18.85178,
            0
          ],
          [
            -99.22446,
            18.85164,
            0
          ],
          [
            -99.2244,
            18.85151,
            0
          ],
          [
            -99.22428,
            18.85131,
            0
          ],
          [
            -99.22416,
            18.85114,
            0
          ],
          [
            -99.22405,
            18.85098,
            0
          ],
          [
            -99.22396,
            18.85084,
            0
          ],
          [
            -99.22389,
            18.85068,
            0
          ],
          [
            -99.22384,
            18.85057,
            0
          ],
          [
            -99.22382,
            18.85052,
            0
          ],
          [
            -99.22371,
            18.85026,
            0
          ],
          [
            -99.22362,
            18.85004,
            0
          ],
          [
            -99.22355,
            18.84984,
            0
          ],
          [
            -99.22344,
            18.84956,
            0
          ],
          [
            -99.22332,
            18.84929,
            0
          ],
          [
            -99.22312,
            18.84888,
            0
          ],
          [
            -99.22307,
            18.84872,
            0
          ],
          [
            -99.22305,
            18.84856,
            0
          ],
          [
            -99.22305,
            18.84836,
            0
          ],
          [
            -99.22307,
            18.848,
            0
          ],
          [
            -99.22316,
            18.84737,
            0
          ],
          [
            -99.22321,
            18.84705,
            0
          ],
          [
            -99.22326,
            18.84677,
            0
          ],
          [
            -99.2233,
            18.84658,
            0
          ],
          [
            -99.22333,
            18.84647,
            0
          ],
          [
            -99.22335,
            18.84641,
            0
          ],
          [
            -99.22341,
            18.84631,
            0
          ],
          [
            -99.22358,
            18.846,
            0
          ],
          [
            -99.2237,
            18.84579,
            0
          ],
          [
            -99.22373,
            18.84568,
            0
          ],
          [
            -99.22376,
            18.84544,
            0
          ],
          [
            -99.22379,
            18.84528,
            0
          ],
          [
            -99.22384,
            18.84505,
            0
          ],
          [
            -99.22399,
            18.84426,
            0
          ],
          [
            -99.22418,
            18.84346,
            0
          ],
          [
            -99.22425,
            18.84311,
            0
          ],
          [
            -99.22427,
            18.84303,
            0
          ],
          [
            -99.22432,
            18.84273,
            0
          ],
          [
            -99.22442,
            18.84225,
            0
          ],
          [
            -99.22445,
            18.84215,
            0
          ],
          [
            -99.22452,
            18.8419,
            0
          ],
          [
            -99.22469,
            18.84131,
            0
          ],
          [
            -99.22473,
            18.84118,
            0
          ],
          [
            -99.22477,
            18.84105,
            0
          ],
          [
            -99.22484,
            18.84077,
            0
          ],
          [
            -99.2249,
            18.84045,
            0
          ],
          [
            -99.22496,
            18.8401,
            0
          ],
          [
            -99.22502,
            18.83984,
            0
          ],
          [
            -99.22509,
            18.83949,
            0
          ],
          [
            -99.22515,
            18.83925,
            0
          ],
          [
            -99.22522,
            18.83893,
            0
          ],
          [
            -99.22523,
            18.83884,
            0
          ],
          [
            -99.22537,
            18.83813,
            0
          ],
          [
            -99.22545,
            18.83771,
            0
          ],
          [
            -99.22549,
            18.83751,
            0
          ],
          [
            -99.22552,
            18.8373,
            0
          ],
          [
            -99.22555,
            18.83719,
            0
          ],
          [
            -99.22569,
            18.83654,
            0
          ],
          [
            -99.2258,
            18.83599,
            0
          ],
          [
            -99.22582,
            18.8359,
            0
          ],
          [
            -99.22584,
            18.83579,
            0
          ],
          [
            -99.226,
            18.83503,
            0
          ],
          [
            -99.2261,
            18.83464,
            0
          ],
          [
            -99.22615,
            18.8344,
            0
          ],
          [
            -99.22627,
            18.83383,
            0
          ],
          [
            -99.22636,
            18.83338,
            0
          ],
          [
            -99.22639,
            18.83321,
            0
          ],
          [
            -99.22667,
            18.83194,
            0
          ],
          [
            -99.22673,
            18.83166,
            0
          ],
          [
            -99.22676,
            18.83151,
            0
          ],
          [
            -99.22681,
            18.83135,
            0
          ],
          [
            -99.22684,
            18.83123,
            0
          ],
          [
            -99.22688,
            18.8311,
            0
          ],
          [
            -99.22696,
            18.83091,
            0
          ],
          [
            -99.22701,
            18.83079,
            0
          ],
          [
            -99.22708,
            18.83065,
            0
          ],
          [
            -99.2272,
            18.83043,
            0
          ],
          [
            -99.22729,
            18.83025,
            0
          ],
          [
            -99.22732,
            18.8302,
            0
          ],
          [
            -99.22745,
            18.82996,
            0
          ],
          [
            -99.22749,
            18.82989,
            0
          ],
          [
            -99.22769,
            18.82951,
            0
          ],
          [
            -99.22798,
            18.82895,
            0
          ],
          [
            -99.2282,
            18.82853,
            0
          ],
          [
            -99.22822,
            18.82849,
            0
          ],
          [
            -99.22831,
            18.82831,
            0
          ],
          [
            -99.22849,
            18.828,
            0
          ],
          [
            -99.2285,
            18.82799,
            0
          ],
          [
            -99.22867,
            18.82768,
            0
          ],
          [
            -99.22899,
            18.82704,
            0
          ],
          [
            -99.22906,
            18.8269,
            0
          ],
          [
            -99.22934,
            18.82637,
            0
          ],
          [
            -99.22939,
            18.82628,
            0
          ],
          [
            -99.22941,
            18.82625,
            0
          ],
          [
            -99.22961,
            18.82588,
            0
          ],
          [
            -99.22987,
            18.82539,
            0
          ],
          [
            -99.22995,
            18.82522,
            0
          ],
          [
            -99.23018,
            18.82482,
            0
          ],
          [
            -99.23026,
            18.82466,
            0
          ],
          [
            -99.23069,
            18.82383,
            0
          ],
          [
            -99.2308,
            18.82362,
            0
          ],
          [
            -99.23095,
            18.82335,
            0
          ],
          [
            -99.23114,
            18.82299,
            0
          ],
          [
            -99.2314,
            18.8225,
            0
          ],
          [
            -99.23162,
            18.8221,
            0
          ],
          [
            -99.2318,
            18.82174,
            0
          ],
          [
            -99.23239,
            18.82061,
            0
          ],
          [
            -99.23256,
            18.82027,
            0
          ],
          [
            -99.2327,
            18.8199,
            0
          ],
          [
            -99.23286,
            18.8194,
            0
          ],
          [
            -99.23287,
            18.81934,
            0
          ],
          [
            -99.23292,
            18.81906,
            0
          ],
          [
            -99.23284,
            18.81909,
            0
          ],
          [
            -99.23273,
            18.81914,
            0
          ],
          [
            -99.2324,
            18.81936,
            0
          ]
        ]
      },
      "properties": {
        "name": "JERUSALEN-ACATLIPA",
        "styleUrl": "#line-1267FF-5000-nodesc",
        "stroke-opacity": 1,
        "stroke": "#1267ff",
        "stroke-width": 5
      }
    },
    {
      "type": "Feature",
      "geometry": {
        "type": "LineString",
        "coordinates": [
          [
            -99.23242,
            18.81935,
            0
          ],
          [
            -99.23273,
            18.81914,
            0
          ],
          [
            -99.23284,
            18.81909,
            0
          ],
          [
            -99.23278,
            18.81934,
            0
          ],
          [
            -99.23277,
            18.81939,
            0
          ],
          [
            -99.23263,
            18.81987,
            0
          ],
          [
            -99.2325,
            18.82023,
            0
          ],
          [
            -99.23241,
            18.82041,
            0
          ],
          [
            -99.23232,
            18.82058,
            0
          ],
          [
            -99.23213,
            18.82095,
            0
          ],
          [
            -99.23172,
            18.82171,
            0
          ],
          [
            -99.23144,
            18.82225,
            0
          ],
          [
            -99.23108,
            18.82293,
            0
          ],
          [
            -99.23087,
            18.82334,
            0
          ],
          [
            -99.23086,
            18.82336,
            0
          ],
          [
            -99.23071,
            18.82367,
            0
          ],
          [
            -99.23065,
            18.82377,
            0
          ],
          [
            -99.23021,
            18.82459,
            0
          ],
          [
            -99.23012,
            18.82476,
            0
          ],
          [
            -99.23009,
            18.82482,
            0
          ],
          [
            -99.22989,
            18.82519,
            0
          ],
          [
            -99.22982,
            18.82533,
            0
          ],
          [
            -99.22955,
            18.82582,
            0
          ],
          [
            -99.22942,
            18.82605,
            0
          ],
          [
            -99.22936,
            18.82618,
            0
          ],
          [
            -99.22934,
            18.82621,
            0
          ],
          [
            -99.22927,
            18.82634,
            0
          ],
          [
            -99.22896,
            18.82691,
            0
          ],
          [
            -99.2286,
            18.82761,
            0
          ],
          [
            -99.22842,
            18.82793,
            0
          ],
          [
            -99.2284,
            18.82796,
            0
          ],
          [
            -99.22824,
            18.82827,
            0
          ],
          [
            -99.22815,
            18.82845,
            0
          ],
          [
            -99.22813,
            18.82849,
            0
          ],
          [
            -99.2279,
            18.82892,
            0
          ],
          [
            -99.22765,
            18.8294,
            0
          ],
          [
            -99.22761,
            18.82947,
            0
          ],
          [
            -99.22747,
            18.82973,
            0
          ],
          [
            -99.2274,
            18.82987,
            0
          ],
          [
            -99.22735,
            18.82995,
            0
          ],
          [
            -99.22716,
            18.83033,
            0
          ],
          [
            -99.22704,
            18.83054,
            0
          ],
          [
            -99.22694,
            18.83077,
            0
          ],
          [
            -99.22685,
            18.83095,
            0
          ],
          [
            -99.22679,
            18.83114,
            0
          ],
          [
            -99.22673,
            18.83135,
            0
          ],
          [
            -99.2267,
            18.83146,
            0
          ],
          [
            -99.22665,
            18.83165,
            0
          ],
          [
            -99.22646,
            18.83252,
            0
          ],
          [
            -99.22631,
            18.83322,
            0
          ],
          [
            -99.22628,
            18.83336,
            0
          ],
          [
            -99.22618,
            18.83384,
            0
          ],
          [
            -99.22606,
            18.83438,
            0
          ],
          [
            -99.22601,
            18.83464,
            0
          ],
          [
            -99.22592,
            18.83501,
            0
          ],
          [
            -99.22574,
            18.83577,
            0
          ],
          [
            -99.22572,
            18.83589,
            0
          ],
          [
            -99.22569,
            18.83598,
            0
          ],
          [
            -99.22559,
            18.83652,
            0
          ],
          [
            -99.22546,
            18.83717,
            0
          ],
          [
            -99.22544,
            18.83726,
            0
          ],
          [
            -99.2254,
            18.83748,
            0
          ],
          [
            -99.22534,
            18.83771,
            0
          ],
          [
            -99.22526,
            18.83809,
            0
          ],
          [
            -99.22517,
            18.83854,
            0
          ],
          [
            -99.22512,
            18.83881,
            0
          ],
          [
            -99.22509,
            18.83891,
            0
          ],
          [
            -99.22502,
            18.83923,
            0
          ],
          [
            -99.22497,
            18.83948,
            0
          ],
          [
            -99.2249,
            18.83984,
            0
          ],
          [
            -99.22485,
            18.84012,
            0
          ],
          [
            -99.22482,
            18.8403,
            0
          ],
          [
            -99.2248,
            18.84039,
            0
          ],
          [
            -99.2248,
            18.84044,
            0
          ],
          [
            -99.22474,
            18.84075,
            0
          ],
          [
            -99.22466,
            18.84114,
            0
          ],
          [
            -99.22461,
            18.8413,
            0
          ],
          [
            -99.22444,
            18.84188,
            0
          ],
          [
            -99.22436,
            18.84214,
            0
          ],
          [
            -99.22433,
            18.84224,
            0
          ],
          [
            -99.22424,
            18.84272,
            0
          ],
          [
            -99.22415,
            18.8431,
            0
          ],
          [
            -99.22408,
            18.84345,
            0
          ],
          [
            -99.22391,
            18.84425,
            0
          ],
          [
            -99.22375,
            18.84504,
            0
          ],
          [
            -99.22365,
            18.84561,
            0
          ],
          [
            -99.22363,
            18.8457,
            0
          ],
          [
            -99.22361,
            18.84575,
            0
          ],
          [
            -99.22356,
            18.84588,
            0
          ],
          [
            -99.22346,
            18.84607,
            0
          ],
          [
            -99.22332,
            18.8463,
            0
          ],
          [
            -99.22328,
            18.8464,
            0
          ],
          [
            -99.22326,
            18.84645,
            0
          ],
          [
            -99.22323,
            18.84655,
            0
          ],
          [
            -99.22316,
            18.84696,
            0
          ],
          [
            -99.22309,
            18.84736,
            0
          ],
          [
            -99.22299,
            18.848,
            0
          ],
          [
            -99.22296,
            18.84835,
            0
          ],
          [
            -99.22297,
            18.84858,
            0
          ],
          [
            -99.22299,
            18.84867,
            0
          ],
          [
            -99.223,
            18.84872,
            0
          ],
          [
            -99.22302,
            18.84879,
            0
          ],
          [
            -99.22308,
            18.84897,
            0
          ],
          [
            -99.22325,
            18.84935,
            0
          ],
          [
            -99.22334,
            18.84958,
            0
          ],
          [
            -99.22351,
            18.84993,
            0
          ],
          [
            -99.22354,
            18.85004,
            0
          ],
          [
            -99.22361,
            18.85022,
            0
          ],
          [
            -99.22374,
            18.85052,
            0
          ],
          [
            -99.22377,
            18.85058,
            0
          ],
          [
            -99.22385,
            18.85077,
            0
          ],
          [
            -99.22388,
            18.85085,
            0
          ],
          [
            -99.22392,
            18.85093,
            0
          ],
          [
            -99.22397,
            18.851,
            0
          ],
          [
            -99.22407,
            18.85114,
            0
          ],
          [
            -99.22414,
            18.85124,
            0
          ],
          [
            -99.22419,
            18.85131,
            0
          ],
          [
            -99.22433,
            18.85154,
            0
          ],
          [
            -99.22438,
            18.85164,
            0
          ],
          [
            -99.22443,
            18.85177,
            0
          ],
          [
            -99.22446,
            18.85202,
            0
          ],
          [
            -99.22446,
            18.85214,
            0
          ],
          [
            -99.22446,
            18.85219,
            0
          ],
          [
            -99.22457,
            18.85313,
            0
          ],
          [
            -99.22457,
            18.85319,
            0
          ],
          [
            -99.22458,
            18.85331,
            0
          ],
          [
            -99.2246,
            18.85344,
            0
          ],
          [
            -99.22462,
            18.85357,
            0
          ],
          [
            -99.22468,
            18.85391,
            0
          ],
          [
            -99.22472,
            18.85414,
            0
          ],
          [
            -99.22477,
            18.85444,
            0
          ],
          [
            -99.22478,
            18.85454,
            0
          ],
          [
            -99.22479,
            18.85461,
            0
          ],
          [
            -99.22479,
            18.85469,
            0
          ],
          [
            -99.22478,
            18.8548,
            0
          ],
          [
            -99.22474,
            18.855,
            0
          ],
          [
            -99.22471,
            18.85515,
            0
          ],
          [
            -99.22467,
            18.85529,
            0
          ],
          [
            -99.22464,
            18.85543,
            0
          ],
          [
            -99.22456,
            18.85573,
            0
          ],
          [
            -99.22447,
            18.85608,
            0
          ],
          [
            -99.22438,
            18.85648,
            0
          ],
          [
            -99.22434,
            18.85661,
            0
          ],
          [
            -99.22428,
            18.85688,
            0
          ],
          [
            -99.22418,
            18.85722,
            0
          ],
          [
            -99.22402,
            18.85764,
            0
          ],
          [
            -99.22398,
            18.85777,
            0
          ],
          [
            -99.22393,
            18.85789,
            0
          ],
          [
            -99.22388,
            18.85803,
            0
          ],
          [
            -99.22377,
            18.8583,
            0
          ],
          [
            -99.22371,
            18.8585,
            0
          ],
          [
            -99.22369,
            18.85866,
            0
          ],
          [
            -99.22368,
            18.85884,
            0
          ],
          [
            -99.22368,
            18.85886,
            0
          ],
          [
            -99.22368,
            18.85899,
            0
          ],
          [
            -99.22368,
            18.85912,
            0
          ],
          [
            -99.2237,
            18.85925,
            0
          ],
          [
            -99.22374,
            18.85937,
            0
          ],
          [
            -99.22377,
            18.85947,
            0
          ],
          [
            -99.22389,
            18.85971,
            0
          ],
          [
            -99.22454,
            18.86066,
            0
          ],
          [
            -99.22467,
            18.8609,
            0
          ],
          [
            -99.22478,
            18.86108,
            0
          ],
          [
            -99.22492,
            18.86135,
            0
          ],
          [
            -99.22503,
            18.86155,
            0
          ],
          [
            -99.22509,
            18.86171,
            0
          ],
          [
            -99.22514,
            18.86188,
            0
          ],
          [
            -99.22516,
            18.86202,
            0
          ],
          [
            -99.22516,
            18.86215,
            0
          ],
          [
            -99.22514,
            18.86231,
            0
          ],
          [
            -99.22511,
            18.86243,
            0
          ],
          [
            -99.22505,
            18.86258,
            0
          ],
          [
            -99.22499,
            18.86272,
            0
          ],
          [
            -99.22485,
            18.86294,
            0
          ],
          [
            -99.22473,
            18.86316,
            0
          ],
          [
            -99.22458,
            18.8634,
            0
          ],
          [
            -99.22454,
            18.86349,
            0
          ],
          [
            -99.22452,
            18.86355,
            0
          ],
          [
            -99.2245,
            18.86362,
            0
          ],
          [
            -99.22449,
            18.86372,
            0
          ],
          [
            -99.2245,
            18.86385,
            0
          ],
          [
            -99.22453,
            18.86395,
            0
          ],
          [
            -99.22457,
            18.86408,
            0
          ],
          [
            -99.22462,
            18.86416,
            0
          ],
          [
            -99.22478,
            18.86436,
            0
          ],
          [
            -99.22499,
            18.86458,
            0
          ],
          [
            -99.22504,
            18.86463,
            0
          ],
          [
            -99.22543,
            18.8651,
            0
          ],
          [
            -99.22579,
            18.8655,
            0
          ],
          [
            -99.2262,
            18.86599,
            0
          ],
          [
            -99.22673,
            18.86656,
            0
          ],
          [
            -99.22702,
            18.86689,
            0
          ],
          [
            -99.22712,
            18.86702,
            0
          ],
          [
            -99.22718,
            18.8671,
            0
          ],
          [
            -99.22724,
            18.86721,
            0
          ],
          [
            -99.22728,
            18.86731,
            0
          ],
          [
            -99.22729,
            18.8674,
            0
          ],
          [
            -99.2273,
            18.86751,
            0
          ],
          [
            -99.22727,
            18.8677,
            0
          ],
          [
            -99.22723,
            18.8678,
            0
          ],
          [
            -99.22713,
            18.86801,
            0
          ],
          [
            -99.22704,
            18.86817,
            0
          ],
          [
            -99.2269,
            18.8684,
            0
          ],
          [
            -99.22682,
            18.86851,
            0
          ],
          [
            -99.22673,
            18.86865,
            0
          ],
          [
            -99.22664,
            18.86878,
            0
          ],
          [
            -99.22653,
            18.86889,
            0
          ],
          [
            -99.22648,
            18.86893,
            0
          ],
          [
            -99.22641,
            18.86902,
            0
          ],
          [
            -99.22637,
            18.86907,
            0
          ],
          [
            -99.22636,
            18.8691,
            0
          ],
          [
            -99.22635,
            18.86913,
            0
          ],
          [
            -99.22635,
            18.86917,
            0
          ],
          [
            -99.22627,
            18.86929,
            0
          ],
          [
            -99.22625,
            18.86933,
            0
          ],
          [
            -99.22622,
            18.86939,
            0
          ],
          [
            -99.2262,
            18.86947,
            0
          ],
          [
            -99.22618,
            18.86953,
            0
          ],
          [
            -99.22624,
            18.86982,
            0
          ],
          [
            -99.22627,
            18.86986,
            0
          ],
          [
            -99.22633,
            18.86994,
            0
          ],
          [
            -99.22651,
            18.87013,
            0
          ],
          [
            -99.22663,
            18.87026,
            0
          ],
          [
            -99.22676,
            18.8704,
            0
          ],
          [
            -99.22682,
            18.87048,
            0
          ],
          [
            -99.22684,
            18.87051,
            0
          ],
          [
            -99.22685,
            18.87056,
            0
          ],
          [
            -99.22688,
            18.87064,
            0
          ],
          [
            -99.22689,
            18.87067,
            0
          ],
          [
            -99.2269,
            18.87071,
            0
          ],
          [
            -99.2269,
            18.87075,
            0
          ],
          [
            -99.2269,
            18.87078,
            0
          ],
          [
            -99.22689,
            18.87086,
            0
          ],
          [
            -99.22688,
            18.87094,
            0
          ],
          [
            -99.22687,
            18.871,
            0
          ],
          [
            -99.22684,
            18.87108,
            0
          ],
          [
            -99.22683,
            18.87111,
            0
          ],
          [
            -99.22678,
            18.87122,
            0
          ],
          [
            -99.22674,
            18.8713,
            0
          ],
          [
            -99.22664,
            18.87153,
            0
          ],
          [
            -99.2266,
            18.87161,
            0
          ],
          [
            -99.22659,
            18.87164,
            0
          ],
          [
            -99.22653,
            18.87181,
            0
          ],
          [
            -99.2265,
            18.8719,
            0
          ],
          [
            -99.22648,
            18.87198,
            0
          ],
          [
            -99.22646,
            18.87209,
            0
          ],
          [
            -99.22644,
            18.87218,
            0
          ],
          [
            -99.22645,
            18.8723,
            0
          ],
          [
            -99.22646,
            18.87239,
            0
          ],
          [
            -99.22647,
            18.87242,
            0
          ],
          [
            -99.22648,
            18.87252,
            0
          ],
          [
            -99.22654,
            18.87275,
            0
          ],
          [
            -99.22656,
            18.8729,
            0
          ],
          [
            -99.22662,
            18.87306,
            0
          ],
          [
            -99.22667,
            18.87319,
            0
          ],
          [
            -99.22678,
            18.87334,
            0
          ],
          [
            -99.22687,
            18.87345,
            0
          ],
          [
            -99.22709,
            18.87367,
            0
          ],
          [
            -99.22714,
            18.87374,
            0
          ],
          [
            -99.22717,
            18.87381,
            0
          ],
          [
            -99.22721,
            18.87389,
            0
          ],
          [
            -99.22724,
            18.87403,
            0
          ],
          [
            -99.22726,
            18.8742,
            0
          ],
          [
            -99.2273,
            18.87455,
            0
          ],
          [
            -99.22732,
            18.87467,
            0
          ],
          [
            -99.22736,
            18.87479,
            0
          ],
          [
            -99.22739,
            18.87487,
            0
          ],
          [
            -99.22742,
            18.87494,
            0
          ],
          [
            -99.22754,
            18.87514,
            0
          ],
          [
            -99.22766,
            18.87531,
            0
          ],
          [
            -99.22776,
            18.87544,
            0
          ],
          [
            -99.22803,
            18.87579,
            0
          ],
          [
            -99.22822,
            18.87608,
            0
          ],
          [
            -99.22869,
            18.8766,
            0
          ],
          [
            -99.22881,
            18.87672,
            0
          ],
          [
            -99.22888,
            18.8768,
            0
          ],
          [
            -99.22891,
            18.87686,
            0
          ],
          [
            -99.22898,
            18.87701,
            0
          ],
          [
            -99.229,
            18.87706,
            0
          ],
          [
            -99.22904,
            18.87717,
            0
          ],
          [
            -99.22906,
            18.87727,
            0
          ],
          [
            -99.22906,
            18.8774,
            0
          ],
          [
            -99.22906,
            18.87769,
            0
          ],
          [
            -99.22907,
            18.87776,
            0
          ],
          [
            -99.22907,
            18.87782,
            0
          ],
          [
            -99.22907,
            18.87785,
            0
          ],
          [
            -99.22908,
            18.87796,
            0
          ],
          [
            -99.22908,
            18.87799,
            0
          ],
          [
            -99.2291,
            18.87811,
            0
          ],
          [
            -99.22912,
            18.8782,
            0
          ],
          [
            -99.22915,
            18.87831,
            0
          ],
          [
            -99.22927,
            18.87867,
            0
          ],
          [
            -99.22946,
            18.8792,
            0
          ],
          [
            -99.22958,
            18.87953,
            0
          ],
          [
            -99.2296,
            18.87961,
            0
          ],
          [
            -99.22963,
            18.87968,
            0
          ],
          [
            -99.22971,
            18.87987,
            0
          ],
          [
            -99.22975,
            18.88005,
            0
          ],
          [
            -99.22978,
            18.88019,
            0
          ],
          [
            -99.22981,
            18.88046,
            0
          ],
          [
            -99.22983,
            18.88064,
            0
          ],
          [
            -99.22985,
            18.88086,
            0
          ],
          [
            -99.22986,
            18.88106,
            0
          ],
          [
            -99.22987,
            18.88118,
            0
          ],
          [
            -99.22987,
            18.88136,
            0
          ],
          [
            -99.22985,
            18.88173,
            0
          ],
          [
            -99.22983,
            18.88193,
            0
          ],
          [
            -99.22983,
            18.88205,
            0
          ],
          [
            -99.22982,
            18.88222,
            0
          ],
          [
            -99.22984,
            18.88242,
            0
          ],
          [
            -99.22987,
            18.88267,
            0
          ],
          [
            -99.22993,
            18.88309,
            0
          ],
          [
            -99.23006,
            18.88386,
            0
          ],
          [
            -99.23016,
            18.88432,
            0
          ],
          [
            -99.23021,
            18.8847,
            0
          ],
          [
            -99.23022,
            18.88478,
            0
          ],
          [
            -99.23021,
            18.88489,
            0
          ],
          [
            -99.23019,
            18.88516,
            0
          ],
          [
            -99.23017,
            18.88529,
            0
          ],
          [
            -99.23014,
            18.88545,
            0
          ],
          [
            -99.23006,
            18.88571,
            0
          ],
          [
            -99.23,
            18.88588,
            0
          ],
          [
            -99.22989,
            18.88614,
            0
          ],
          [
            -99.22983,
            18.88627,
            0
          ],
          [
            -99.22975,
            18.88644,
            0
          ],
          [
            -99.22968,
            18.8866,
            0
          ],
          [
            -99.22967,
            18.88661,
            0
          ],
          [
            -99.22967,
            18.88662,
            0
          ],
          [
            -99.22946,
            18.88712,
            0
          ],
          [
            -99.22939,
            18.88726,
            0
          ],
          [
            -99.22933,
            18.8874,
            0
          ],
          [
            -99.22926,
            18.88755,
            0
          ],
          [
            -99.22925,
            18.88756,
            0
          ],
          [
            -99.22913,
            18.88783,
            0
          ],
          [
            -99.22911,
            18.88789,
            0
          ],
          [
            -99.22903,
            18.88806,
            0
          ],
          [
            -99.22896,
            18.88822,
            0
          ],
          [
            -99.22894,
            18.88828,
            0
          ],
          [
            -99.2289,
            18.88834,
            0
          ],
          [
            -99.22887,
            18.88838,
            0
          ],
          [
            -99.22884,
            18.88841,
            0
          ],
          [
            -99.22884,
            18.88842,
            0
          ],
          [
            -99.2288,
            18.88844,
            0
          ],
          [
            -99.22866,
            18.8885,
            0
          ],
          [
            -99.22861,
            18.88853,
            0
          ],
          [
            -99.22855,
            18.88859,
            0
          ],
          [
            -99.22852,
            18.88864,
            0
          ],
          [
            -99.2285,
            18.88869,
            0
          ],
          [
            -99.22847,
            18.88876,
            0
          ],
          [
            -99.22844,
            18.88883,
            0
          ],
          [
            -99.2283,
            18.8893,
            0
          ],
          [
            -99.22828,
            18.88947,
            0
          ],
          [
            -99.22825,
            18.8896,
            0
          ],
          [
            -99.22824,
            18.88965,
            0
          ],
          [
            -99.22818,
            18.88979,
            0
          ],
          [
            -99.22808,
            18.88999,
            0
          ],
          [
            -99.22803,
            18.89008,
            0
          ],
          [
            -99.22798,
            18.89017,
            0
          ],
          [
            -99.22789,
            18.8903,
            0
          ],
          [
            -99.22775,
            18.89045,
            0
          ],
          [
            -99.22773,
            18.89054,
            0
          ],
          [
            -99.22771,
            18.89057,
            0
          ],
          [
            -99.2277,
            18.89059,
            0
          ],
          [
            -99.22768,
            18.89064,
            0
          ],
          [
            -99.22762,
            18.89071,
            0
          ],
          [
            -99.22749,
            18.89088,
            0
          ],
          [
            -99.22739,
            18.89098,
            0
          ],
          [
            -99.22733,
            18.89104,
            0
          ],
          [
            -99.22719,
            18.89122,
            0
          ],
          [
            -99.22713,
            18.8913,
            0
          ],
          [
            -99.22701,
            18.89144,
            0
          ],
          [
            -99.227,
            18.89145,
            0
          ],
          [
            -99.22694,
            18.89153,
            0
          ],
          [
            -99.22691,
            18.89157,
            0
          ],
          [
            -99.22688,
            18.89163,
            0
          ],
          [
            -99.22687,
            18.89169,
            0
          ],
          [
            -99.22686,
            18.89173,
            0
          ],
          [
            -99.22685,
            18.89178,
            0
          ],
          [
            -99.22685,
            18.89183,
            0
          ],
          [
            -99.22686,
            18.89188,
            0
          ],
          [
            -99.22688,
            18.89197,
            0
          ],
          [
            -99.22689,
            18.892,
            0
          ],
          [
            -99.22691,
            18.89203,
            0
          ],
          [
            -99.22695,
            18.89208,
            0
          ],
          [
            -99.227,
            18.89214,
            0
          ],
          [
            -99.22707,
            18.89219,
            0
          ],
          [
            -99.22726,
            18.89231,
            0
          ],
          [
            -99.22733,
            18.89235,
            0
          ],
          [
            -99.22735,
            18.89236,
            0
          ],
          [
            -99.22738,
            18.89238,
            0
          ],
          [
            -99.22739,
            18.89238,
            0
          ],
          [
            -99.22749,
            18.89244,
            0
          ],
          [
            -99.22759,
            18.8925,
            0
          ],
          [
            -99.22781,
            18.89265,
            0
          ],
          [
            -99.22798,
            18.89281,
            0
          ],
          [
            -99.22809,
            18.89298,
            0
          ],
          [
            -99.22819,
            18.89318,
            0
          ],
          [
            -99.22824,
            18.8933,
            0
          ],
          [
            -99.22825,
            18.89333,
            0
          ],
          [
            -99.22826,
            18.89336,
            0
          ],
          [
            -99.22831,
            18.89346,
            0
          ],
          [
            -99.22833,
            18.89347,
            0
          ],
          [
            -99.22836,
            18.8935,
            0
          ],
          [
            -99.22847,
            18.89375,
            0
          ],
          [
            -99.2285,
            18.89385,
            0
          ],
          [
            -99.22866,
            18.89419,
            0
          ],
          [
            -99.22883,
            18.89459,
            0
          ],
          [
            -99.2291,
            18.89518,
            0
          ],
          [
            -99.22911,
            18.89519,
            0
          ],
          [
            -99.2294,
            18.89582,
            0
          ],
          [
            -99.22955,
            18.89614,
            0
          ],
          [
            -99.22983,
            18.89672,
            0
          ],
          [
            -99.23004,
            18.89718,
            0
          ],
          [
            -99.23008,
            18.89726,
            0
          ],
          [
            -99.23019,
            18.89751,
            0
          ],
          [
            -99.23033,
            18.89782,
            0
          ],
          [
            -99.23056,
            18.89847,
            0
          ],
          [
            -99.23079,
            18.89916,
            0
          ],
          [
            -99.23088,
            18.89942,
            0
          ],
          [
            -99.23099,
            18.89975,
            0
          ],
          [
            -99.23102,
            18.89985,
            0
          ],
          [
            -99.23105,
            18.89993,
            0
          ],
          [
            -99.23107,
            18.89999,
            0
          ],
          [
            -99.23116,
            18.90032,
            0
          ],
          [
            -99.23119,
            18.90043,
            0
          ],
          [
            -99.23133,
            18.90094,
            0
          ],
          [
            -99.23141,
            18.90127,
            0
          ],
          [
            -99.23143,
            18.90147,
            0
          ],
          [
            -99.23143,
            18.90153,
            0
          ],
          [
            -99.23147,
            18.90192,
            0
          ],
          [
            -99.23148,
            18.90202,
            0
          ],
          [
            -99.23152,
            18.90257,
            0
          ],
          [
            -99.23152,
            18.90264,
            0
          ],
          [
            -99.23153,
            18.90274,
            0
          ],
          [
            -99.23154,
            18.90289,
            0
          ],
          [
            -99.23155,
            18.90298,
            0
          ],
          [
            -99.23158,
            18.90329,
            0
          ],
          [
            -99.23161,
            18.90364,
            0
          ],
          [
            -99.23163,
            18.90386,
            0
          ],
          [
            -99.23168,
            18.90438,
            0
          ],
          [
            -99.23169,
            18.90448,
            0
          ],
          [
            -99.2317,
            18.90451,
            0
          ],
          [
            -99.23172,
            18.90467,
            0
          ],
          [
            -99.23177,
            18.90501,
            0
          ],
          [
            -99.23185,
            18.90555,
            0
          ],
          [
            -99.23187,
            18.90573,
            0
          ],
          [
            -99.23192,
            18.90594,
            0
          ],
          [
            -99.23189,
            18.906,
            0
          ],
          [
            -99.23196,
            18.9064,
            0
          ],
          [
            -99.23196,
            18.90642,
            0
          ],
          [
            -99.232,
            18.90669,
            0
          ],
          [
            -99.23201,
            18.90677,
            0
          ],
          [
            -99.23202,
            18.90689,
            0
          ],
          [
            -99.23202,
            18.9069,
            0
          ],
          [
            -99.23203,
            18.90694,
            0
          ],
          [
            -99.23205,
            18.90698,
            0
          ],
          [
            -99.23207,
            18.90701,
            0
          ],
          [
            -99.2321,
            18.90705,
            0
          ],
          [
            -99.23212,
            18.90709,
            0
          ],
          [
            -99.23217,
            18.90716,
            0
          ],
          [
            -99.2323,
            18.90737,
            0
          ],
          [
            -99.23231,
            18.90738,
            0
          ],
          [
            -99.23238,
            18.90744,
            0
          ],
          [
            -99.23247,
            18.90757,
            0
          ],
          [
            -99.23263,
            18.90787,
            0
          ],
          [
            -99.23316,
            18.90877,
            0
          ],
          [
            -99.23356,
            18.90944,
            0
          ],
          [
            -99.23371,
            18.90971,
            0
          ],
          [
            -99.23385,
            18.90996,
            0
          ],
          [
            -99.23399,
            18.9102,
            0
          ],
          [
            -99.23402,
            18.91025,
            0
          ],
          [
            -99.23412,
            18.91042,
            0
          ],
          [
            -99.23418,
            18.91053,
            0
          ],
          [
            -99.23458,
            18.91121,
            0
          ],
          [
            -99.23511,
            18.91213,
            0
          ],
          [
            -99.23561,
            18.91299,
            0
          ],
          [
            -99.23593,
            18.91376,
            0
          ],
          [
            -99.23613,
            18.91422,
            0
          ],
          [
            -99.2365,
            18.91495,
            0
          ],
          [
            -99.23684,
            18.91568,
            0
          ],
          [
            -99.23701,
            18.91604,
            0
          ],
          [
            -99.23705,
            18.91626,
            0
          ],
          [
            -99.23709,
            18.91654,
            0
          ],
          [
            -99.2371,
            18.91656,
            0
          ],
          [
            -99.23712,
            18.91707,
            0
          ],
          [
            -99.23715,
            18.91724,
            0
          ],
          [
            -99.23722,
            18.91801,
            0
          ],
          [
            -99.23727,
            18.91875,
            0
          ],
          [
            -99.23727,
            18.91886,
            0
          ],
          [
            -99.23738,
            18.9196,
            0
          ],
          [
            -99.2374,
            18.91987,
            0
          ],
          [
            -99.23747,
            18.92059,
            0
          ],
          [
            -99.23755,
            18.92114,
            0
          ],
          [
            -99.2377,
            18.92204,
            0
          ],
          [
            -99.23778,
            18.9226,
            0
          ],
          [
            -99.23787,
            18.92328,
            0
          ],
          [
            -99.2379,
            18.92352,
            0
          ],
          [
            -99.23794,
            18.92386,
            0
          ],
          [
            -99.23801,
            18.92446,
            0
          ],
          [
            -99.23804,
            18.92465,
            0
          ],
          [
            -99.23811,
            18.92508,
            0
          ],
          [
            -99.23812,
            18.92514,
            0
          ],
          [
            -99.23814,
            18.9253,
            0
          ],
          [
            -99.23819,
            18.92564,
            0
          ],
          [
            -99.23822,
            18.92583,
            0
          ],
          [
            -99.23825,
            18.926,
            0
          ],
          [
            -99.23829,
            18.92632,
            0
          ],
          [
            -99.23833,
            18.9266,
            0
          ],
          [
            -99.23835,
            18.92685,
            0
          ],
          [
            -99.23836,
            18.92719,
            0
          ],
          [
            -99.23839,
            18.92748,
            0
          ],
          [
            -99.23858,
            18.92875,
            0
          ],
          [
            -99.23865,
            18.92912,
            0
          ],
          [
            -99.23865,
            18.92914,
            0
          ],
          [
            -99.2387,
            18.92932,
            0
          ],
          [
            -99.23899,
            18.93029,
            0
          ],
          [
            -99.23907,
            18.93071,
            0
          ],
          [
            -99.23926,
            18.93152,
            0
          ],
          [
            -99.23941,
            18.93205,
            0
          ],
          [
            -99.23946,
            18.93235,
            0
          ],
          [
            -99.23963,
            18.93308,
            0
          ],
          [
            -99.23965,
            18.9334,
            0
          ],
          [
            -99.23971,
            18.93423,
            0
          ],
          [
            -99.23975,
            18.93475,
            0
          ],
          [
            -99.23979,
            18.93498,
            0
          ],
          [
            -99.23989,
            18.93543,
            0
          ],
          [
            -99.23993,
            18.93565,
            0
          ],
          [
            -99.24003,
            18.9361,
            0
          ],
          [
            -99.24018,
            18.93678,
            0
          ],
          [
            -99.2402,
            18.93694,
            0
          ],
          [
            -99.24025,
            18.93711,
            0
          ],
          [
            -99.24029,
            18.93727,
            0
          ],
          [
            -99.24037,
            18.93755,
            0
          ],
          [
            -99.24041,
            18.93767,
            0
          ],
          [
            -99.24047,
            18.93781,
            0
          ],
          [
            -99.2405,
            18.93789,
            0
          ],
          [
            -99.24066,
            18.93829,
            0
          ],
          [
            -99.24095,
            18.93907,
            0
          ],
          [
            -99.24125,
            18.93981,
            0
          ],
          [
            -99.24143,
            18.94026,
            0
          ],
          [
            -99.24179,
            18.94199,
            0
          ],
          [
            -99.24186,
            18.94226,
            0
          ],
          [
            -99.24196,
            18.94264,
            0
          ],
          [
            -99.24202,
            18.94279,
            0
          ],
          [
            -99.2421,
            18.94296,
            0
          ],
          [
            -99.24233,
            18.9434,
            0
          ],
          [
            -99.24249,
            18.94369,
            0
          ],
          [
            -99.24296,
            18.94485,
            0
          ],
          [
            -99.24318,
            18.94543,
            0
          ],
          [
            -99.24336,
            18.94591,
            0
          ],
          [
            -99.24349,
            18.94625,
            0
          ],
          [
            -99.24357,
            18.94645,
            0
          ],
          [
            -99.24361,
            18.94656,
            0
          ],
          [
            -99.24372,
            18.94683,
            0
          ],
          [
            -99.24396,
            18.94752,
            0
          ],
          [
            -99.244,
            18.94766,
            0
          ],
          [
            -99.24416,
            18.94812,
            0
          ],
          [
            -99.24436,
            18.94875,
            0
          ],
          [
            -99.24445,
            18.94911,
            0
          ],
          [
            -99.24454,
            18.94955,
            0
          ],
          [
            -99.24463,
            18.94985,
            0
          ],
          [
            -99.24464,
            18.94993,
            0
          ],
          [
            -99.24464,
            18.94998,
            0
          ],
          [
            -99.24463,
            18.95008,
            0
          ],
          [
            -99.24462,
            18.95009,
            0
          ],
          [
            -99.24461,
            18.9501,
            0
          ],
          [
            -99.24461,
            18.95011,
            0
          ],
          [
            -99.2446,
            18.95012,
            0
          ],
          [
            -99.2446,
            18.95013,
            0
          ],
          [
            -99.2446,
            18.95014,
            0
          ],
          [
            -99.2446,
            18.95015,
            0
          ],
          [
            -99.2446,
            18.95016,
            0
          ],
          [
            -99.2446,
            18.95017,
            0
          ],
          [
            -99.2446,
            18.95018,
            0
          ],
          [
            -99.2446,
            18.95019,
            0
          ],
          [
            -99.24461,
            18.95019,
            0
          ],
          [
            -99.24461,
            18.9502,
            0
          ],
          [
            -99.24461,
            18.95021,
            0
          ],
          [
            -99.24462,
            18.95022,
            0
          ],
          [
            -99.24463,
            18.95023,
            0
          ],
          [
            -99.24463,
            18.95024,
            0
          ],
          [
            -99.24464,
            18.95024,
            0
          ],
          [
            -99.24464,
            18.95025,
            0
          ],
          [
            -99.24465,
            18.95025,
            0
          ],
          [
            -99.24465,
            18.95026,
            0
          ],
          [
            -99.24466,
            18.95026,
            0
          ],
          [
            -99.24467,
            18.95027,
            0
          ],
          [
            -99.24468,
            18.95027,
            0
          ],
          [
            -99.24469,
            18.95027,
            0
          ],
          [
            -99.24476,
            18.95074,
            0
          ],
          [
            -99.24483,
            18.95128,
            0
          ],
          [
            -99.24484,
            18.95131,
            0
          ],
          [
            -99.24491,
            18.95185,
            0
          ],
          [
            -99.24498,
            18.9523,
            0
          ],
          [
            -99.24499,
            18.95235,
            0
          ],
          [
            -99.24504,
            18.95274,
            0
          ],
          [
            -99.24507,
            18.95289,
            0
          ],
          [
            -99.24512,
            18.95326,
            0
          ],
          [
            -99.2452,
            18.95385,
            0
          ],
          [
            -99.24521,
            18.95395,
            0
          ],
          [
            -99.24531,
            18.95463,
            0
          ],
          [
            -99.24535,
            18.95493,
            0
          ],
          [
            -99.24539,
            18.95515,
            0
          ],
          [
            -99.2454,
            18.95522,
            0
          ],
          [
            -99.24541,
            18.95529,
            0
          ],
          [
            -99.24544,
            18.95555,
            0
          ],
          [
            -99.24549,
            18.95598,
            0
          ],
          [
            -99.24555,
            18.95641,
            0
          ],
          [
            -99.24556,
            18.95651,
            0
          ],
          [
            -99.24571,
            18.95756,
            0
          ],
          [
            -99.24575,
            18.95785,
            0
          ],
          [
            -99.24587,
            18.95862,
            0
          ],
          [
            -99.24594,
            18.95907,
            0
          ],
          [
            -99.24606,
            18.95994,
            0
          ],
          [
            -99.24608,
            18.96011,
            0
          ],
          [
            -99.24611,
            18.96026,
            0
          ],
          [
            -99.24632,
            18.96162,
            0
          ],
          [
            -99.24635,
            18.9618,
            0
          ],
          [
            -99.24636,
            18.96187,
            0
          ],
          [
            -99.24651,
            18.96293,
            0
          ],
          [
            -99.24654,
            18.96326,
            0
          ],
          [
            -99.24655,
            18.96347,
            0
          ],
          [
            -99.24657,
            18.96357,
            0
          ],
          [
            -99.24671,
            18.96465,
            0
          ],
          [
            -99.24674,
            18.96509,
            0
          ],
          [
            -99.24672,
            18.96509,
            0
          ],
          [
            -99.24671,
            18.9651,
            0
          ],
          [
            -99.24669,
            18.96511,
            0
          ],
          [
            -99.24668,
            18.96512,
            0
          ],
          [
            -99.24667,
            18.96513,
            0
          ],
          [
            -99.24666,
            18.96514,
            0
          ],
          [
            -99.24665,
            18.96515,
            0
          ],
          [
            -99.24664,
            18.96516,
            0
          ],
          [
            -99.24664,
            18.96517,
            0
          ],
          [
            -99.24663,
            18.96518,
            0
          ],
          [
            -99.24663,
            18.9652,
            0
          ],
          [
            -99.24662,
            18.96521,
            0
          ],
          [
            -99.24662,
            18.96522,
            0
          ],
          [
            -99.24662,
            18.96524,
            0
          ],
          [
            -99.24662,
            18.96525,
            0
          ],
          [
            -99.24662,
            18.96528,
            0
          ],
          [
            -99.24662,
            18.96529,
            0
          ],
          [
            -99.24663,
            18.9653,
            0
          ],
          [
            -99.24663,
            18.96532,
            0
          ],
          [
            -99.24664,
            18.96533,
            0
          ],
          [
            -99.24664,
            18.96534,
            0
          ],
          [
            -99.24665,
            18.96535,
            0
          ],
          [
            -99.24666,
            18.96536,
            0
          ],
          [
            -99.24667,
            18.96538,
            0
          ],
          [
            -99.24668,
            18.96538,
            0
          ],
          [
            -99.24669,
            18.96539,
            0
          ],
          [
            -99.24671,
            18.9654,
            0
          ],
          [
            -99.24671,
            18.96541,
            0
          ],
          [
            -99.24673,
            18.96541,
            0
          ],
          [
            -99.24674,
            18.96542,
            0
          ],
          [
            -99.24675,
            18.96542,
            0
          ],
          [
            -99.24676,
            18.96542,
            0
          ],
          [
            -99.24678,
            18.96543,
            0
          ],
          [
            -99.24679,
            18.96543,
            0
          ],
          [
            -99.2468,
            18.96543,
            0
          ],
          [
            -99.24681,
            18.96543,
            0
          ],
          [
            -99.24688,
            18.96564,
            0
          ],
          [
            -99.24655,
            18.96621,
            0
          ],
          [
            -99.24634,
            18.96642,
            0
          ],
          [
            -99.24628,
            18.96647,
            0
          ],
          [
            -99.24624,
            18.96651,
            0
          ],
          [
            -99.24614,
            18.96658,
            0
          ],
          [
            -99.24612,
            18.9666,
            0
          ],
          [
            -99.24603,
            18.96666,
            0
          ],
          [
            -99.24598,
            18.96668,
            0
          ],
          [
            -99.24593,
            18.96671,
            0
          ],
          [
            -99.24585,
            18.96674,
            0
          ],
          [
            -99.24579,
            18.96676,
            0
          ],
          [
            -99.24573,
            18.96676,
            0
          ],
          [
            -99.24565,
            18.96676,
            0
          ],
          [
            -99.24551,
            18.96675,
            0
          ],
          [
            -99.24541,
            18.96671,
            0
          ],
          [
            -99.24494,
            18.96653,
            0
          ],
          [
            -99.24474,
            18.96653,
            0
          ],
          [
            -99.24454,
            18.96657,
            0
          ],
          [
            -99.24443,
            18.96661,
            0
          ],
          [
            -99.24418,
            18.96671,
            0
          ],
          [
            -99.24393,
            18.96684,
            0
          ],
          [
            -99.24386,
            18.9669,
            0
          ],
          [
            -99.24381,
            18.96696,
            0
          ],
          [
            -99.24368,
            18.9672,
            0
          ],
          [
            -99.24376,
            18.96736,
            0
          ],
          [
            -99.24379,
            18.9674,
            0
          ],
          [
            -99.2439,
            18.96764,
            0
          ],
          [
            -99.24413,
            18.96811,
            0
          ],
          [
            -99.24435,
            18.96859,
            0
          ],
          [
            -99.24442,
            18.96873,
            0
          ],
          [
            -99.24455,
            18.96891,
            0
          ],
          [
            -99.24459,
            18.96896,
            0
          ],
          [
            -99.24469,
            18.96904,
            0
          ],
          [
            -99.24483,
            18.96911,
            0
          ],
          [
            -99.24491,
            18.96918,
            0
          ],
          [
            -99.24507,
            18.96928,
            0
          ],
          [
            -99.2452,
            18.96939,
            0
          ],
          [
            -99.24522,
            18.96941,
            0
          ],
          [
            -99.24528,
            18.96953,
            0
          ],
          [
            -99.24529,
            18.9696,
            0
          ],
          [
            -99.2453,
            18.96965,
            0
          ],
          [
            -99.2453,
            18.96971,
            0
          ],
          [
            -99.24526,
            18.96995,
            0
          ],
          [
            -99.24516,
            18.97055,
            0
          ],
          [
            -99.24516,
            18.97057,
            0
          ],
          [
            -99.24509,
            18.97104,
            0
          ],
          [
            -99.24509,
            18.97107,
            0
          ],
          [
            -99.24511,
            18.97118,
            0
          ],
          [
            -99.24514,
            18.97126,
            0
          ],
          [
            -99.24516,
            18.97129,
            0
          ],
          [
            -99.24523,
            18.97139,
            0
          ],
          [
            -99.24534,
            18.97148,
            0
          ],
          [
            -99.24556,
            18.9716,
            0
          ],
          [
            -99.24585,
            18.97176,
            0
          ],
          [
            -99.24611,
            18.97189,
            0
          ],
          [
            -99.24619,
            18.97193,
            0
          ],
          [
            -99.24625,
            18.97197,
            0
          ],
          [
            -99.24633,
            18.97207,
            0
          ],
          [
            -99.24639,
            18.9722,
            0
          ],
          [
            -99.24641,
            18.97234,
            0
          ],
          [
            -99.24633,
            18.97295,
            0
          ],
          [
            -99.24627,
            18.97352,
            0
          ],
          [
            -99.24619,
            18.97414,
            0
          ],
          [
            -99.24609,
            18.97477,
            0
          ],
          [
            -99.24609,
            18.97478,
            0
          ],
          [
            -99.24605,
            18.97497,
            0
          ],
          [
            -99.24604,
            18.97503,
            0
          ],
          [
            -99.24602,
            18.97519,
            0
          ],
          [
            -99.24588,
            18.97577,
            0
          ],
          [
            -99.24585,
            18.97588,
            0
          ],
          [
            -99.24583,
            18.97596,
            0
          ],
          [
            -99.2458,
            18.97605,
            0
          ],
          [
            -99.24552,
            18.97712,
            0
          ],
          [
            -99.24551,
            18.97718,
            0
          ],
          [
            -99.24546,
            18.97741,
            0
          ],
          [
            -99.24538,
            18.97789,
            0
          ],
          [
            -99.24535,
            18.97811,
            0
          ],
          [
            -99.24533,
            18.97821,
            0
          ],
          [
            -99.24531,
            18.97836,
            0
          ],
          [
            -99.24517,
            18.9796,
            0
          ],
          [
            -99.2451,
            18.98007,
            0
          ],
          [
            -99.24506,
            18.98048,
            0
          ],
          [
            -99.245,
            18.98088,
            0
          ],
          [
            -99.24495,
            18.98105,
            0
          ],
          [
            -99.24493,
            18.9811,
            0
          ],
          [
            -99.24491,
            18.98115,
            0
          ],
          [
            -99.24486,
            18.98124,
            0
          ],
          [
            -99.2448,
            18.98135,
            0
          ],
          [
            -99.2446,
            18.98153,
            0
          ],
          [
            -99.24457,
            18.98156,
            0
          ],
          [
            -99.24455,
            18.98157,
            0
          ],
          [
            -99.24448,
            18.98161,
            0
          ],
          [
            -99.24435,
            18.98166,
            0
          ],
          [
            -99.24428,
            18.98169,
            0
          ],
          [
            -99.24411,
            18.98172,
            0
          ],
          [
            -99.2438,
            18.98176,
            0
          ],
          [
            -99.24367,
            18.98178,
            0
          ],
          [
            -99.2432,
            18.98187,
            0
          ],
          [
            -99.24311,
            18.98188,
            0
          ],
          [
            -99.24292,
            18.98191,
            0
          ],
          [
            -99.24288,
            18.98192,
            0
          ],
          [
            -99.24239,
            18.98199,
            0
          ],
          [
            -99.2421,
            18.98204,
            0
          ],
          [
            -99.24197,
            18.98206,
            0
          ],
          [
            -99.24189,
            18.98207,
            0
          ],
          [
            -99.2416,
            18.98208,
            0
          ],
          [
            -99.24154,
            18.98208,
            0
          ],
          [
            -99.24126,
            18.98208,
            0
          ],
          [
            -99.24114,
            18.98208,
            0
          ],
          [
            -99.24097,
            18.98207,
            0
          ],
          [
            -99.24102,
            18.98221,
            0
          ],
          [
            -99.24109,
            18.98237,
            0
          ],
          [
            -99.24117,
            18.9825,
            0
          ],
          [
            -99.24121,
            18.98258,
            0
          ],
          [
            -99.24135,
            18.98284,
            0
          ],
          [
            -99.24136,
            18.98285,
            0
          ],
          [
            -99.2414,
            18.98291,
            0
          ],
          [
            -99.24163,
            18.98316,
            0
          ],
          [
            -99.24168,
            18.98322,
            0
          ],
          [
            -99.24172,
            18.98325,
            0
          ],
          [
            -99.24195,
            18.98351,
            0
          ],
          [
            -99.24218,
            18.98376,
            0
          ],
          [
            -99.24221,
            18.9838,
            0
          ],
          [
            -99.24223,
            18.98383,
            0
          ],
          [
            -99.2423,
            18.9839,
            0
          ],
          [
            -99.24239,
            18.98402,
            0
          ],
          [
            -99.24246,
            18.98409,
            0
          ],
          [
            -99.24254,
            18.98418,
            0
          ],
          [
            -99.24252,
            18.98426,
            0
          ],
          [
            -99.24248,
            18.98432,
            0
          ],
          [
            -99.24246,
            18.98437,
            0
          ],
          [
            -99.24242,
            18.98451,
            0
          ],
          [
            -99.24236,
            18.98469,
            0
          ],
          [
            -99.24233,
            18.98485,
            0
          ],
          [
            -99.2423,
            18.98498,
            0
          ],
          [
            -99.24222,
            18.9851,
            0
          ],
          [
            -99.24214,
            18.98529,
            0
          ],
          [
            -99.24213,
            18.98533,
            0
          ],
          [
            -99.24212,
            18.98541,
            0
          ],
          [
            -99.24213,
            18.98544,
            0
          ],
          [
            -99.24214,
            18.98558,
            0
          ],
          [
            -99.24216,
            18.98573,
            0
          ],
          [
            -99.24219,
            18.98595,
            0
          ],
          [
            -99.2422,
            18.98609,
            0
          ],
          [
            -99.2422,
            18.98612,
            0
          ],
          [
            -99.2422,
            18.98613,
            0
          ],
          [
            -99.24219,
            18.98614,
            0
          ],
          [
            -99.24219,
            18.98615,
            0
          ],
          [
            -99.24218,
            18.98615,
            0
          ],
          [
            -99.24216,
            18.98615,
            0
          ],
          [
            -99.24215,
            18.98616,
            0
          ],
          [
            -99.24181,
            18.98621,
            0
          ],
          [
            -99.24186,
            18.98672,
            0
          ],
          [
            -99.24188,
            18.9869,
            0
          ],
          [
            -99.24192,
            18.98727,
            0
          ],
          [
            -99.24245,
            18.98722,
            0
          ],
          [
            -99.24248,
            18.98721,
            0
          ],
          [
            -99.24253,
            18.9872,
            0
          ],
          [
            -99.24258,
            18.98719,
            0
          ],
          [
            -99.24261,
            18.98718,
            0
          ],
          [
            -99.24269,
            18.98712,
            0
          ],
          [
            -99.24271,
            18.98712,
            0
          ],
          [
            -99.24273,
            18.98711,
            0
          ],
          [
            -99.24276,
            18.98711,
            0
          ],
          [
            -99.24279,
            18.98711,
            0
          ],
          [
            -99.24284,
            18.98711,
            0
          ],
          [
            -99.24323,
            18.98718,
            0
          ],
          [
            -99.2435,
            18.98725,
            0
          ],
          [
            -99.2443,
            18.98746,
            0
          ],
          [
            -99.24446,
            18.98753,
            0
          ],
          [
            -99.2447,
            18.98766,
            0
          ],
          [
            -99.24502,
            18.98758,
            0
          ]
        ]
      },
      "properties": {
        "name": "ACATLIPA-JERUSALEN",
        "styleUrl": "#line-1267FF-5000-nodesc",
        "stroke-opacity": 1,
        "stroke": "#1267ff",
        "stroke-width": 5
      }
    }
  ]
}