{
  "type": "FeatureCollection",
  "features": [
    {
      "type": "Feature",
      "geometry": {
        "type": "LineString",
        "coordinates": [
          [
            -99.21954,
            18.8748,
            0
          ],
          [
            -99.21964,
            18.8749,
            0
          ],
          [
            -99.21971,
            18.87505,
            0
          ],
          [
            -99.21979,
            18.87518,
            0
          ],
          [
            -99.21982,
            18.87522,
            0
          ],
          [
            -99.21988,
            18.87527,
            0
          ],
          [
            -99.21991,
            18.87529,
            0
          ],
          [
            -99.21997,
            18.87531,
            0
          ],
          [
            -99.22006,
            18.87534,
            0
          ],
          [
            -99.22012,
            18.87537,
            0
          ],
          [
            -99.22056,
            18.87524,
            0
          ],
          [
            -99.22068,
            18.87521,
            0
          ],
          [
            -99.22075,
            18.87522,
            0
          ],
          [
            -99.22081,
            18.87523,
            0
          ],
          [
            -99.22091,
            18.87527,
            0
          ],
          [
            -99.22126,
            18.8754,
            0
          ],
          [
            -99.22136,
            18.87544,
            0
          ],
          [
            -99.22159,
            18.87551,
            0
          ],
          [
            -99.22167,
            18.87554,
            0
          ],
          [
            -99.22171,
            18.87555,
            0
          ],
          [
            -99.22172,
            18.87556,
            0
          ],
          [
            -99.22176,
            18.87558,
            0
          ],
          [
            -99.22183,
            18.87562,
            0
          ],
          [
            -99.22188,
            18.87567,
            0
          ],
          [
            -99.22202,
            18.87579,
            0
          ],
          [
            -99.22218,
            18.87593,
            0
          ],
          [
            -99.2222,
            18.87595,
            0
          ],
          [
            -99.22223,
            18.876,
            0
          ],
          [
            -99.22225,
            18.87602,
            0
          ],
          [
            -99.22227,
            18.87606,
            0
          ],
          [
            -99.22229,
            18.87609,
            0
          ],
          [
            -99.22231,
            18.87614,
            0
          ],
          [
            -99.22232,
            18.87618,
            0
          ],
          [
            -99.22233,
            18.87624,
            0
          ],
          [
            -99.22234,
            18.8763,
            0
          ],
          [
            -99.22235,
            18.87636,
            0
          ],
          [
            -99.22236,
            18.87644,
            0
          ],
          [
            -99.22237,
            18.8765,
            0
          ],
          [
            -99.22239,
            18.87657,
            0
          ],
          [
            -99.22241,
            18.87661,
            0
          ],
          [
            -99.22247,
            18.87671,
            0
          ],
          [
            -99.22251,
            18.8768,
            0
          ],
          [
            -99.22254,
            18.87684,
            0
          ],
          [
            -99.22257,
            18.87688,
            0
          ],
          [
            -99.22263,
            18.87694,
            0
          ],
          [
            -99.22268,
            18.87698,
            0
          ],
          [
            -99.22272,
            18.87689,
            0
          ],
          [
            -99.22273,
            18.87686,
            0
          ],
          [
            -99.22273,
            18.87684,
            0
          ],
          [
            -99.22274,
            18.87672,
            0
          ],
          [
            -99.22276,
            18.87649,
            0
          ],
          [
            -99.22277,
            18.87637,
            0
          ],
          [
            -99.22276,
            18.87626,
            0
          ],
          [
            -99.22276,
            18.87619,
            0
          ],
          [
            -99.22276,
            18.8761,
            0
          ],
          [
            -99.22275,
            18.87603,
            0
          ],
          [
            -99.22274,
            18.87597,
            0
          ],
          [
            -99.22273,
            18.87593,
            0
          ],
          [
            -99.22273,
            18.8759,
            0
          ],
          [
            -99.22272,
            18.87586,
            0
          ],
          [
            -99.2227,
            18.87577,
            0
          ],
          [
            -99.22267,
            18.87568,
            0
          ],
          [
            -99.22247,
            18.87512,
            0
          ],
          [
            -99.22245,
            18.87507,
            0
          ],
          [
            -99.22245,
            18.87504,
            0
          ],
          [
            -99.22245,
            18.875,
            0
          ],
          [
            -99.22245,
            18.87494,
            0
          ],
          [
            -99.22246,
            18.87476,
            0
          ],
          [
            -99.22248,
            18.87459,
            0
          ],
          [
            -99.22251,
            18.87431,
            0
          ],
          [
            -99.22259,
            18.87388,
            0
          ],
          [
            -99.22261,
            18.87381,
            0
          ],
          [
            -99.22264,
            18.87375,
            0
          ],
          [
            -99.22266,
            18.8737,
            0
          ],
          [
            -99.22269,
            18.87367,
            0
          ],
          [
            -99.22272,
            18.87364,
            0
          ],
          [
            -99.22276,
            18.8736,
            0
          ],
          [
            -99.22283,
            18.87356,
            0
          ],
          [
            -99.22297,
            18.8735,
            0
          ],
          [
            -99.22324,
            18.87346,
            0
          ],
          [
            -99.22343,
            18.87344,
            0
          ],
          [
            -99.22381,
            18.87338,
            0
          ],
          [
            -99.22393,
            18.87337,
            0
          ],
          [
            -99.22402,
            18.87337,
            0
          ],
          [
            -99.22411,
            18.87336,
            0
          ],
          [
            -99.22423,
            18.87333,
            0
          ],
          [
            -99.22453,
            18.87324,
            0
          ],
          [
            -99.22479,
            18.87318,
            0
          ],
          [
            -99.22495,
            18.87314,
            0
          ],
          [
            -99.22501,
            18.87313,
            0
          ],
          [
            -99.22507,
            18.87312,
            0
          ],
          [
            -99.22518,
            18.87312,
            0
          ],
          [
            -99.22523,
            18.87313,
            0
          ],
          [
            -99.22527,
            18.87314,
            0
          ],
          [
            -99.22531,
            18.87315,
            0
          ],
          [
            -99.22535,
            18.87317,
            0
          ],
          [
            -99.2254,
            18.8732,
            0
          ],
          [
            -99.22545,
            18.87322,
            0
          ],
          [
            -99.22548,
            18.87325,
            0
          ],
          [
            -99.22555,
            18.87331,
            0
          ],
          [
            -99.22566,
            18.87345,
            0
          ],
          [
            -99.2257,
            18.87352,
            0
          ],
          [
            -99.22571,
            18.87355,
            0
          ],
          [
            -99.22573,
            18.87359,
            0
          ],
          [
            -99.22575,
            18.87365,
            0
          ],
          [
            -99.22587,
            18.87406,
            0
          ],
          [
            -99.22602,
            18.87457,
            0
          ],
          [
            -99.22618,
            18.87503,
            0
          ],
          [
            -99.22622,
            18.87515,
            0
          ],
          [
            -99.22627,
            18.87527,
            0
          ],
          [
            -99.22637,
            18.87549,
            0
          ],
          [
            -99.22651,
            18.87585,
            0
          ],
          [
            -99.22669,
            18.87633,
            0
          ],
          [
            -99.22671,
            18.87637,
            0
          ],
          [
            -99.22714,
            18.87751,
            0
          ],
          [
            -99.22719,
            18.87769,
            0
          ],
          [
            -99.22722,
            18.87779,
            0
          ],
          [
            -99.22745,
            18.87841,
            0
          ],
          [
            -99.22755,
            18.87893,
            0
          ],
          [
            -99.22756,
            18.87896,
            0
          ],
          [
            -99.22756,
            18.87897,
            0
          ],
          [
            -99.22765,
            18.87935,
            0
          ],
          [
            -99.22786,
            18.8804,
            0
          ],
          [
            -99.22791,
            18.88072,
            0
          ],
          [
            -99.22795,
            18.88097,
            0
          ],
          [
            -99.22798,
            18.88119,
            0
          ],
          [
            -99.2281,
            18.88181,
            0
          ],
          [
            -99.22817,
            18.88221,
            0
          ],
          [
            -99.22823,
            18.88251,
            0
          ],
          [
            -99.22835,
            18.88323,
            0
          ],
          [
            -99.2285,
            18.88399,
            0
          ],
          [
            -99.22859,
            18.88468,
            0
          ],
          [
            -99.22862,
            18.88497,
            0
          ],
          [
            -99.22863,
            18.88519,
            0
          ],
          [
            -99.22862,
            18.8855,
            0
          ],
          [
            -99.22862,
            18.88576,
            0
          ],
          [
            -99.22859,
            18.88686,
            0
          ],
          [
            -99.22858,
            18.88717,
            0
          ],
          [
            -99.22854,
            18.8875,
            0
          ],
          [
            -99.22852,
            18.88756,
            0
          ],
          [
            -99.2285,
            18.88765,
            0
          ],
          [
            -99.22849,
            18.88768,
            0
          ],
          [
            -99.22846,
            18.88773,
            0
          ],
          [
            -99.22839,
            18.88784,
            0
          ],
          [
            -99.2283,
            18.88798,
            0
          ],
          [
            -99.22827,
            18.8882,
            0
          ],
          [
            -99.22827,
            18.88845,
            0
          ],
          [
            -99.22827,
            18.88868,
            0
          ],
          [
            -99.22824,
            18.88891,
            0
          ],
          [
            -99.22822,
            18.88909,
            0
          ],
          [
            -99.22821,
            18.8893,
            0
          ],
          [
            -99.22825,
            18.8896,
            0
          ],
          [
            -99.22818,
            18.88979,
            0
          ],
          [
            -99.22808,
            18.88999,
            0
          ],
          [
            -99.22803,
            18.89008,
            0
          ],
          [
            -99.22798,
            18.89017,
            0
          ],
          [
            -99.22789,
            18.8903,
            0
          ],
          [
            -99.22774,
            18.89048,
            0
          ],
          [
            -99.22772,
            18.89054,
            0
          ],
          [
            -99.22771,
            18.89057,
            0
          ],
          [
            -99.2277,
            18.89059,
            0
          ],
          [
            -99.22767,
            18.89064,
            0
          ],
          [
            -99.22762,
            18.89072,
            0
          ],
          [
            -99.22749,
            18.89088,
            0
          ],
          [
            -99.22739,
            18.89098,
            0
          ],
          [
            -99.22733,
            18.89104,
            0
          ],
          [
            -99.22719,
            18.89122,
            0
          ],
          [
            -99.22713,
            18.8913,
            0
          ],
          [
            -99.227,
            18.89145,
            0
          ],
          [
            -99.22694,
            18.89153,
            0
          ],
          [
            -99.22691,
            18.89157,
            0
          ],
          [
            -99.22688,
            18.89163,
            0
          ],
          [
            -99.22687,
            18.89169,
            0
          ],
          [
            -99.22686,
            18.89173,
            0
          ],
          [
            -99.22685,
            18.89178,
            0
          ],
          [
            -99.22685,
            18.89183,
            0
          ],
          [
            -99.22686,
            18.89188,
            0
          ],
          [
            -99.22688,
            18.89197,
            0
          ],
          [
            -99.22689,
            18.892,
            0
          ],
          [
            -99.22691,
            18.89203,
            0
          ],
          [
            -99.22695,
            18.89208,
            0
          ],
          [
            -99.227,
            18.89214,
            0
          ],
          [
            -99.22707,
            18.89219,
            0
          ],
          [
            -99.22726,
            18.89231,
            0
          ],
          [
            -99.22733,
            18.89235,
            0
          ],
          [
            -99.22735,
            18.89236,
            0
          ],
          [
            -99.22738,
            18.89238,
            0
          ],
          [
            -99.22739,
            18.89238,
            0
          ],
          [
            -99.22749,
            18.89244,
            0
          ],
          [
            -99.22759,
            18.8925,
            0
          ],
          [
            -99.22781,
            18.89265,
            0
          ],
          [
            -99.22798,
            18.89281,
            0
          ],
          [
            -99.22809,
            18.89298,
            0
          ],
          [
            -99.22819,
            18.89318,
            0
          ],
          [
            -99.22824,
            18.8933,
            0
          ],
          [
            -99.22825,
            18.89333,
            0
          ],
          [
            -99.22826,
            18.89336,
            0
          ],
          [
            -99.22831,
            18.89346,
            0
          ],
          [
            -99.22833,
            18.89347,
            0
          ],
          [
            -99.22836,
            18.8935,
            0
          ],
          [
            -99.22847,
            18.89375,
            0
          ],
          [
            -99.22851,
            18.89385,
            0
          ],
          [
            -99.22866,
            18.89419,
            0
          ],
          [
            -99.22883,
            18.89459,
            0
          ],
          [
            -99.2291,
            18.89518,
            0
          ],
          [
            -99.22911,
            18.89519,
            0
          ],
          [
            -99.2294,
            18.89582,
            0
          ],
          [
            -99.22955,
            18.89614,
            0
          ],
          [
            -99.22983,
            18.89672,
            0
          ],
          [
            -99.23004,
            18.89718,
            0
          ],
          [
            -99.23008,
            18.89726,
            0
          ],
          [
            -99.23019,
            18.89751,
            0
          ],
          [
            -99.23033,
            18.89782,
            0
          ],
          [
            -99.23056,
            18.89847,
            0
          ],
          [
            -99.23088,
            18.89942,
            0
          ],
          [
            -99.23105,
            18.89993,
            0
          ],
          [
            -99.23119,
            18.90043,
            0
          ],
          [
            -99.23133,
            18.90094,
            0
          ],
          [
            -99.23141,
            18.90127,
            0
          ],
          [
            -99.23143,
            18.90147,
            0
          ],
          [
            -99.23147,
            18.90192,
            0
          ],
          [
            -99.23154,
            18.90289,
            0
          ],
          [
            -99.23158,
            18.90329,
            0
          ],
          [
            -99.23161,
            18.90364,
            0
          ],
          [
            -99.23163,
            18.90386,
            0
          ],
          [
            -99.23168,
            18.90438,
            0
          ],
          [
            -99.23177,
            18.90501,
            0
          ],
          [
            -99.23187,
            18.90573,
            0
          ],
          [
            -99.23192,
            18.90597,
            0
          ],
          [
            -99.23193,
            18.90601,
            0
          ],
          [
            -99.23197,
            18.90626,
            0
          ],
          [
            -99.23202,
            18.90657,
            0
          ],
          [
            -99.23204,
            18.90666,
            0
          ],
          [
            -99.23206,
            18.90672,
            0
          ],
          [
            -99.23208,
            18.90682,
            0
          ],
          [
            -99.23219,
            18.90703,
            0
          ],
          [
            -99.23227,
            18.9072,
            0
          ],
          [
            -99.23247,
            18.90757,
            0
          ],
          [
            -99.23263,
            18.90787,
            0
          ],
          [
            -99.23316,
            18.90877,
            0
          ],
          [
            -99.23356,
            18.90944,
            0
          ],
          [
            -99.23385,
            18.90996,
            0
          ],
          [
            -99.23399,
            18.9102,
            0
          ],
          [
            -99.23402,
            18.91025,
            0
          ],
          [
            -99.23412,
            18.91042,
            0
          ],
          [
            -99.23418,
            18.91053,
            0
          ],
          [
            -99.23458,
            18.91121,
            0
          ],
          [
            -99.23511,
            18.91213,
            0
          ],
          [
            -99.23561,
            18.91299,
            0
          ],
          [
            -99.23593,
            18.91376,
            0
          ],
          [
            -99.23613,
            18.91422,
            0
          ],
          [
            -99.2365,
            18.91495,
            0
          ],
          [
            -99.23684,
            18.91568,
            0
          ],
          [
            -99.23701,
            18.91604,
            0
          ],
          [
            -99.23705,
            18.91626,
            0
          ],
          [
            -99.23709,
            18.91654,
            0
          ],
          [
            -99.2371,
            18.91656,
            0
          ],
          [
            -99.23712,
            18.91707,
            0
          ],
          [
            -99.23715,
            18.91724,
            0
          ],
          [
            -99.23722,
            18.91801,
            0
          ],
          [
            -99.23727,
            18.91875,
            0
          ],
          [
            -99.23727,
            18.91886,
            0
          ],
          [
            -99.23738,
            18.9196,
            0
          ],
          [
            -99.2374,
            18.91987,
            0
          ],
          [
            -99.23747,
            18.92059,
            0
          ],
          [
            -99.23755,
            18.92114,
            0
          ],
          [
            -99.2377,
            18.92204,
            0
          ],
          [
            -99.23778,
            18.9226,
            0
          ],
          [
            -99.23787,
            18.92328,
            0
          ],
          [
            -99.2379,
            18.92352,
            0
          ],
          [
            -99.23794,
            18.92386,
            0
          ],
          [
            -99.23801,
            18.92446,
            0
          ],
          [
            -99.23804,
            18.92465,
            0
          ],
          [
            -99.23811,
            18.92508,
            0
          ],
          [
            -99.23812,
            18.92514,
            0
          ],
          [
            -99.23814,
            18.9253,
            0
          ],
          [
            -99.23819,
            18.92564,
            0
          ],
          [
            -99.23822,
            18.92583,
            0
          ],
          [
            -99.23825,
            18.926,
            0
          ],
          [
            -99.23829,
            18.92632,
            0
          ],
          [
            -99.23833,
            18.9266,
            0
          ],
          [
            -99.23835,
            18.92685,
            0
          ],
          [
            -99.23836,
            18.92719,
            0
          ],
          [
            -99.23839,
            18.92748,
            0
          ],
          [
            -99.23858,
            18.92875,
            0
          ],
          [
            -99.23865,
            18.92912,
            0
          ],
          [
            -99.23865,
            18.92914,
            0
          ],
          [
            -99.2387,
            18.92932,
            0
          ],
          [
            -99.23899,
            18.93029,
            0
          ],
          [
            -99.23907,
            18.93071,
            0
          ],
          [
            -99.23926,
            18.93152,
            0
          ],
          [
            -99.23941,
            18.93205,
            0
          ],
          [
            -99.23946,
            18.93235,
            0
          ],
          [
            -99.23963,
            18.93308,
            0
          ],
          [
            -99.23965,
            18.9334,
            0
          ],
          [
            -99.23971,
            18.93424,
            0
          ],
          [
            -99.23975,
            18.93475,
            0
          ],
          [
            -99.23978,
            18.93498,
            0
          ],
          [
            -99.23982,
            18.93519,
            0
          ],
          [
            -99.23989,
            18.93543,
            0
          ],
          [
            -99.23993,
            18.93565,
            0
          ],
          [
            -99.24003,
            18.9361,
            0
          ],
          [
            -99.24018,
            18.93678,
            0
          ],
          [
            -99.2402,
            18.93694,
            0
          ],
          [
            -99.24024,
            18.93711,
            0
          ],
          [
            -99.24029,
            18.93727,
            0
          ],
          [
            -99.24036,
            18.93755,
            0
          ],
          [
            -99.24041,
            18.93768,
            0
          ],
          [
            -99.24046,
            18.93781,
            0
          ],
          [
            -99.2405,
            18.93789,
            0
          ],
          [
            -99.24066,
            18.93829,
            0
          ],
          [
            -99.24097,
            18.93907,
            0
          ],
          [
            -99.24123,
            18.93982,
            0
          ],
          [
            -99.24143,
            18.94026,
            0
          ],
          [
            -99.24179,
            18.94199,
            0
          ],
          [
            -99.24186,
            18.94226,
            0
          ],
          [
            -99.24196,
            18.94264,
            0
          ],
          [
            -99.24202,
            18.94279,
            0
          ],
          [
            -99.2421,
            18.94296,
            0
          ],
          [
            -99.24233,
            18.9434,
            0
          ],
          [
            -99.24249,
            18.94369,
            0
          ],
          [
            -99.24296,
            18.94485,
            0
          ],
          [
            -99.24318,
            18.94543,
            0
          ],
          [
            -99.24336,
            18.94591,
            0
          ],
          [
            -99.24349,
            18.94625,
            0
          ],
          [
            -99.24357,
            18.94645,
            0
          ],
          [
            -99.24361,
            18.94656,
            0
          ],
          [
            -99.24372,
            18.94683,
            0
          ],
          [
            -99.24396,
            18.94752,
            0
          ],
          [
            -99.244,
            18.94766,
            0
          ],
          [
            -99.24416,
            18.94812,
            0
          ],
          [
            -99.24436,
            18.94875,
            0
          ],
          [
            -99.24445,
            18.94911,
            0
          ],
          [
            -99.24454,
            18.94955,
            0
          ],
          [
            -99.24463,
            18.94985,
            0
          ],
          [
            -99.24464,
            18.94993,
            0
          ],
          [
            -99.24464,
            18.94998,
            0
          ],
          [
            -99.24463,
            18.95008,
            0
          ],
          [
            -99.24462,
            18.95009,
            0
          ],
          [
            -99.24461,
            18.9501,
            0
          ],
          [
            -99.24461,
            18.95011,
            0
          ],
          [
            -99.2446,
            18.95012,
            0
          ],
          [
            -99.2446,
            18.95013,
            0
          ],
          [
            -99.2446,
            18.95014,
            0
          ],
          [
            -99.2446,
            18.95015,
            0
          ],
          [
            -99.2446,
            18.95016,
            0
          ],
          [
            -99.2446,
            18.95017,
            0
          ],
          [
            -99.2446,
            18.95018,
            0
          ],
          [
            -99.2446,
            18.95019,
            0
          ],
          [
            -99.24461,
            18.95019,
            0
          ],
          [
            -99.24461,
            18.9502,
            0
          ],
          [
            -99.24461,
            18.95021,
            0
          ],
          [
            -99.24462,
            18.95022,
            0
          ],
          [
            -99.24463,
            18.95023,
            0
          ],
          [
            -99.24463,
            18.95024,
            0
          ],
          [
            -99.24464,
            18.95024,
            0
          ],
          [
            -99.24464,
            18.95025,
            0
          ],
          [
            -99.24465,
            18.95025,
            0
          ],
          [
            -99.24465,
            18.95026,
            0
          ],
          [
            -99.24466,
            18.95026,
            0
          ],
          [
            -99.24467,
            18.95027,
            0
          ],
          [
            -99.24468,
            18.95027,
            0
          ],
          [
            -99.24469,
            18.95027,
            0
          ],
          [
            -99.24476,
            18.95074,
            0
          ],
          [
            -99.24483,
            18.95128,
            0
          ],
          [
            -99.24484,
            18.95131,
            0
          ],
          [
            -99.24491,
            18.95185,
            0
          ],
          [
            -99.24498,
            18.9523,
            0
          ],
          [
            -99.24499,
            18.95235,
            0
          ],
          [
            -99.24504,
            18.95274,
            0
          ],
          [
            -99.24507,
            18.95289,
            0
          ],
          [
            -99.24512,
            18.95326,
            0
          ],
          [
            -99.2452,
            18.95385,
            0
          ],
          [
            -99.24521,
            18.95395,
            0
          ],
          [
            -99.24531,
            18.95463,
            0
          ],
          [
            -99.24535,
            18.95493,
            0
          ],
          [
            -99.24539,
            18.95515,
            0
          ],
          [
            -99.2454,
            18.95522,
            0
          ],
          [
            -99.24541,
            18.95529,
            0
          ],
          [
            -99.24544,
            18.95555,
            0
          ],
          [
            -99.24549,
            18.95598,
            0
          ],
          [
            -99.24555,
            18.95641,
            0
          ],
          [
            -99.24556,
            18.95651,
            0
          ],
          [
            -99.24571,
            18.95756,
            0
          ],
          [
            -99.24575,
            18.95785,
            0
          ],
          [
            -99.24587,
            18.95862,
            0
          ],
          [
            -99.24594,
            18.95907,
            0
          ],
          [
            -99.24606,
            18.95994,
            0
          ],
          [
            -99.24608,
            18.96011,
            0
          ],
          [
            -99.24611,
            18.96026,
            0
          ],
          [
            -99.24632,
            18.96162,
            0
          ],
          [
            -99.24635,
            18.9618,
            0
          ],
          [
            -99.24636,
            18.96187,
            0
          ],
          [
            -99.24651,
            18.96293,
            0
          ],
          [
            -99.24654,
            18.96326,
            0
          ],
          [
            -99.24655,
            18.96347,
            0
          ],
          [
            -99.24657,
            18.96358,
            0
          ],
          [
            -99.24673,
            18.9648,
            0
          ],
          [
            -99.24674,
            18.96509,
            0
          ],
          [
            -99.24672,
            18.96509,
            0
          ],
          [
            -99.24671,
            18.9651,
            0
          ],
          [
            -99.24669,
            18.96511,
            0
          ],
          [
            -99.24668,
            18.96512,
            0
          ],
          [
            -99.24667,
            18.96513,
            0
          ],
          [
            -99.24666,
            18.96514,
            0
          ],
          [
            -99.24665,
            18.96515,
            0
          ],
          [
            -99.24664,
            18.96516,
            0
          ],
          [
            -99.24664,
            18.96517,
            0
          ],
          [
            -99.24663,
            18.96518,
            0
          ],
          [
            -99.24663,
            18.9652,
            0
          ],
          [
            -99.24662,
            18.96521,
            0
          ],
          [
            -99.24662,
            18.96522,
            0
          ],
          [
            -99.24662,
            18.96524,
            0
          ],
          [
            -99.24662,
            18.96525,
            0
          ],
          [
            -99.24662,
            18.96528,
            0
          ],
          [
            -99.24662,
            18.96529,
            0
          ],
          [
            -99.24663,
            18.9653,
            0
          ],
          [
            -99.24663,
            18.96532,
            0
          ],
          [
            -99.24664,
            18.96533,
            0
          ],
          [
            -99.24664,
            18.96534,
            0
          ],
          [
            -99.24665,
            18.96535,
            0
          ],
          [
            -99.24666,
            18.96536,
            0
          ],
          [
            -99.24667,
            18.96538,
            0
          ],
          [
            -99.24668,
            18.96538,
            0
          ],
          [
            -99.24669,
            18.96539,
            0
          ],
          [
            -99.24671,
            18.9654,
            0
          ],
          [
            -99.24671,
            18.96541,
            0
          ],
          [
            -99.24673,
            18.96541,
            0
          ],
          [
            -99.24674,
            18.96542,
            0
          ],
          [
            -99.24675,
            18.96542,
            0
          ],
          [
            -99.24676,
            18.96542,
            0
          ],
          [
            -99.24678,
            18.96543,
            0
          ],
          [
            -99.24679,
            18.96543,
            0
          ],
          [
            -99.2468,
            18.96543,
            0
          ],
          [
            -99.24681,
            18.96543,
            0
          ],
          [
            -99.24688,
            18.96564,
            0
          ],
          [
            -99.24655,
            18.96621,
            0
          ],
          [
            -99.24634,
            18.96642,
            0
          ],
          [
            -99.24628,
            18.96647,
            0
          ],
          [
            -99.24624,
            18.96651,
            0
          ],
          [
            -99.24614,
            18.96658,
            0
          ],
          [
            -99.24612,
            18.9666,
            0
          ],
          [
            -99.24603,
            18.96666,
            0
          ],
          [
            -99.24598,
            18.96668,
            0
          ],
          [
            -99.24593,
            18.96671,
            0
          ],
          [
            -99.24585,
            18.96674,
            0
          ],
          [
            -99.24579,
            18.96676,
            0
          ],
          [
            -99.24573,
            18.96676,
            0
          ],
          [
            -99.24565,
            18.96676,
            0
          ],
          [
            -99.24551,
            18.96675,
            0
          ],
          [
            -99.24541,
            18.96671,
            0
          ],
          [
            -99.24494,
            18.96653,
            0
          ],
          [
            -99.24474,
            18.96653,
            0
          ],
          [
            -99.24454,
            18.96657,
            0
          ],
          [
            -99.24443,
            18.96661,
            0
          ],
          [
            -99.24418,
            18.96671,
            0
          ],
          [
            -99.24393,
            18.96684,
            0
          ],
          [
            -99.24386,
            18.9669,
            0
          ],
          [
            -99.24381,
            18.96696,
            0
          ],
          [
            -99.24368,
            18.9672,
            0
          ],
          [
            -99.24379,
            18.9674,
            0
          ],
          [
            -99.2439,
            18.96764,
            0
          ],
          [
            -99.24413,
            18.96811,
            0
          ],
          [
            -99.24435,
            18.96859,
            0
          ],
          [
            -99.24442,
            18.96873,
            0
          ],
          [
            -99.24455,
            18.96891,
            0
          ],
          [
            -99.24459,
            18.96896,
            0
          ],
          [
            -99.24469,
            18.96904,
            0
          ],
          [
            -99.24483,
            18.96911,
            0
          ],
          [
            -99.24491,
            18.96918,
            0
          ],
          [
            -99.24507,
            18.96928,
            0
          ],
          [
            -99.2452,
            18.96939,
            0
          ],
          [
            -99.24522,
            18.96941,
            0
          ],
          [
            -99.24528,
            18.96953,
            0
          ],
          [
            -99.24529,
            18.9696,
            0
          ],
          [
            -99.2453,
            18.96965,
            0
          ],
          [
            -99.2453,
            18.96971,
            0
          ],
          [
            -99.24526,
            18.96995,
            0
          ],
          [
            -99.24516,
            18.97055,
            0
          ],
          [
            -99.24516,
            18.97057,
            0
          ],
          [
            -99.24509,
            18.97104,
            0
          ],
          [
            -99.24509,
            18.97107,
            0
          ],
          [
            -99.24511,
            18.97118,
            0
          ],
          [
            -99.24514,
            18.97126,
            0
          ],
          [
            -99.24516,
            18.97129,
            0
          ],
          [
            -99.24523,
            18.97139,
            0
          ],
          [
            -99.24534,
            18.97148,
            0
          ],
          [
            -99.24556,
            18.9716,
            0
          ],
          [
            -99.24585,
            18.97176,
            0
          ],
          [
            -99.24611,
            18.97189,
            0
          ],
          [
            -99.24619,
            18.97193,
            0
          ],
          [
            -99.24625,
            18.97197,
            0
          ],
          [
            -99.24633,
            18.97207,
            0
          ],
          [
            -99.24639,
            18.9722,
            0
          ],
          [
            -99.24641,
            18.97233,
            0
          ],
          [
            -99.24633,
            18.97294,
            0
          ],
          [
            -99.24627,
            18.97352,
            0
          ],
          [
            -99.24619,
            18.97414,
            0
          ],
          [
            -99.24609,
            18.97477,
            0
          ],
          [
            -99.24605,
            18.97497,
            0
          ],
          [
            -99.24604,
            18.97503,
            0
          ],
          [
            -99.24602,
            18.97519,
            0
          ],
          [
            -99.24588,
            18.97577,
            0
          ],
          [
            -99.24585,
            18.97588,
            0
          ],
          [
            -99.24583,
            18.97596,
            0
          ],
          [
            -99.2458,
            18.97605,
            0
          ],
          [
            -99.24552,
            18.97712,
            0
          ],
          [
            -99.24551,
            18.97718,
            0
          ],
          [
            -99.24546,
            18.97741,
            0
          ],
          [
            -99.24538,
            18.97789,
            0
          ],
          [
            -99.24535,
            18.97811,
            0
          ],
          [
            -99.24533,
            18.97821,
            0
          ],
          [
            -99.24531,
            18.97836,
            0
          ],
          [
            -99.24517,
            18.9796,
            0
          ],
          [
            -99.2451,
            18.98007,
            0
          ],
          [
            -99.24506,
            18.98048,
            0
          ],
          [
            -99.245,
            18.98088,
            0
          ],
          [
            -99.24495,
            18.98105,
            0
          ],
          [
            -99.24491,
            18.98115,
            0
          ],
          [
            -99.24486,
            18.98124,
            0
          ],
          [
            -99.2448,
            18.98135,
            0
          ],
          [
            -99.2446,
            18.98153,
            0
          ],
          [
            -99.24457,
            18.98156,
            0
          ],
          [
            -99.24455,
            18.98157,
            0
          ],
          [
            -99.24448,
            18.98161,
            0
          ],
          [
            -99.24435,
            18.98166,
            0
          ],
          [
            -99.24428,
            18.98169,
            0
          ],
          [
            -99.24411,
            18.98172,
            0
          ],
          [
            -99.2438,
            18.98176,
            0
          ],
          [
            -99.24367,
            18.98178,
            0
          ],
          [
            -99.2432,
            18.98187,
            0
          ],
          [
            -99.24311,
            18.98188,
            0
          ],
          [
            -99.24292,
            18.98191,
            0
          ],
          [
            -99.24288,
            18.98192,
            0
          ],
          [
            -99.24239,
            18.98199,
            0
          ],
          [
            -99.2421,
            18.98204,
            0
          ],
          [
            -99.24197,
            18.98206,
            0
          ],
          [
            -99.2419,
            18.98207,
            0
          ],
          [
            -99.24161,
            18.98209,
            0
          ],
          [
            -99.24127,
            18.9821,
            0
          ],
          [
            -99.24115,
            18.98209,
            0
          ],
          [
            -99.24098,
            18.98209,
            0
          ],
          [
            -99.24105,
            18.98223,
            0
          ],
          [
            -99.24119,
            18.9825,
            0
          ],
          [
            -99.24122,
            18.98257,
            0
          ],
          [
            -99.24138,
            18.98285,
            0
          ],
          [
            -99.24142,
            18.98291,
            0
          ],
          [
            -99.24165,
            18.98316,
            0
          ],
          [
            -99.24196,
            18.98351,
            0
          ],
          [
            -99.24225,
            18.98383,
            0
          ],
          [
            -99.24231,
            18.9839,
            0
          ],
          [
            -99.24241,
            18.98402,
            0
          ],
          [
            -99.24248,
            18.98409,
            0
          ],
          [
            -99.24255,
            18.98418,
            0
          ],
          [
            -99.24252,
            18.98426,
            0
          ],
          [
            -99.24261,
            18.98451,
            0
          ],
          [
            -99.24263,
            18.98454,
            0
          ],
          [
            -99.24271,
            18.98467,
            0
          ],
          [
            -99.24308,
            18.98519,
            0
          ],
          [
            -99.24329,
            18.98542,
            0
          ],
          [
            -99.24331,
            18.98543,
            0
          ],
          [
            -99.24333,
            18.98546,
            0
          ],
          [
            -99.24347,
            18.98572,
            0
          ],
          [
            -99.24352,
            18.98596,
            0
          ],
          [
            -99.24354,
            18.98601,
            0
          ],
          [
            -99.24356,
            18.98607,
            0
          ],
          [
            -99.24368,
            18.98627,
            0
          ],
          [
            -99.24404,
            18.98678,
            0
          ],
          [
            -99.24442,
            18.98729,
            0
          ],
          [
            -99.24464,
            18.98757,
            0
          ],
          [
            -99.2447,
            18.98766,
            0
          ],
          [
            -99.2451,
            18.98756,
            0
          ],
          [
            -99.24529,
            18.98751,
            0
          ],
          [
            -99.24534,
            18.9875,
            0
          ]
        ]
      },
      "properties": {
        "name": "3.- JERUSALEN - UNIVERSIDAD - GUACAMAYAS",
        "description": {
          "@type": "html",
          "value": "descripción: <br>OID: 706<br>ZONA: CENTRO<br>RUTA: RUTA 1<br>ITINERARIO: 3.- JERUSALEN - UNIVERSIDAD - GUACAMAYAS<br>DESCRIPCIO: GUACAMAYAS-JERUSALEN<br>AUTO-AMPL: ITINERARIO<br>DEFIN-PROV: DEFINITIVOS<br>DURACION: DEFINITIVA<br>FOLIO: SGG/DGT/SDP/000529/97"
        },
        "styleUrl": "#line-FF5252-1200",
        "stroke-opacity": 1,
        "stroke": "#ff5252",
        "stroke-width": 1.2,
        "descripción": "",
        "OID": "706",
        "ZONA": "CENTRO",
        "RUTA": "RUTA 1",
        "ITINERARIO": "3.- JERUSALEN - UNIVERSIDAD - GUACAMAYAS",
        "DESCRIPCIO": "GUACAMAYAS-JERUSALEN",
        "AUTO-AMPL": "ITINERARIO",
        "DEFIN-PROV": "DEFINITIVOS",
        "DURACION": "DEFINITIVA",
        "FOLIO": "SGG/DGT/SDP/000529/97"
      }
    },
    {
      "type": "Feature",
      "geometry": {
        "type": "LineString",
        "coordinates": [
          [
            -99.2451,
            18.98756,
            0
          ],
          [
            -99.2447,
            18.98766,
            0
          ],
          [
            -99.24446,
            18.98753,
            0
          ],
          [
            -99.2443,
            18.98746,
            0
          ],
          [
            -99.2435,
            18.98725,
            0
          ],
          [
            -99.24323,
            18.98718,
            0
          ],
          [
            -99.24284,
            18.98711,
            0
          ],
          [
            -99.24279,
            18.98711,
            0
          ],
          [
            -99.24276,
            18.98711,
            0
          ],
          [
            -99.24273,
            18.98711,
            0
          ],
          [
            -99.24271,
            18.98712,
            0
          ],
          [
            -99.24269,
            18.98712,
            0
          ],
          [
            -99.24261,
            18.98718,
            0
          ],
          [
            -99.24258,
            18.98719,
            0
          ],
          [
            -99.24253,
            18.9872,
            0
          ],
          [
            -99.24245,
            18.98722,
            0
          ],
          [
            -99.24192,
            18.98727,
            0
          ],
          [
            -99.24186,
            18.98672,
            0
          ],
          [
            -99.24181,
            18.98621,
            0
          ],
          [
            -99.24215,
            18.98616,
            0
          ],
          [
            -99.24216,
            18.98615,
            0
          ],
          [
            -99.24218,
            18.98615,
            0
          ],
          [
            -99.24219,
            18.98615,
            0
          ],
          [
            -99.24219,
            18.98614,
            0
          ],
          [
            -99.2422,
            18.98613,
            0
          ],
          [
            -99.2422,
            18.98612,
            0
          ],
          [
            -99.2422,
            18.98609,
            0
          ],
          [
            -99.24219,
            18.98595,
            0
          ],
          [
            -99.24216,
            18.98573,
            0
          ],
          [
            -99.24214,
            18.98558,
            0
          ],
          [
            -99.24212,
            18.98541,
            0
          ],
          [
            -99.24213,
            18.98533,
            0
          ],
          [
            -99.24214,
            18.98529,
            0
          ],
          [
            -99.24222,
            18.9851,
            0
          ],
          [
            -99.24187,
            18.98513,
            0
          ],
          [
            -99.24143,
            18.98522,
            0
          ],
          [
            -99.24116,
            18.98528,
            0
          ],
          [
            -99.24062,
            18.98539,
            0
          ],
          [
            -99.24044,
            18.98543,
            0
          ],
          [
            -99.24004,
            18.98551,
            0
          ],
          [
            -99.2397,
            18.9856,
            0
          ],
          [
            -99.23965,
            18.98562,
            0
          ],
          [
            -99.23949,
            18.98592,
            0
          ],
          [
            -99.23931,
            18.98621,
            0
          ],
          [
            -99.23886,
            18.98591,
            0
          ],
          [
            -99.23851,
            18.98637,
            0
          ],
          [
            -99.23798,
            18.98715,
            0
          ],
          [
            -99.23842,
            18.98745,
            0
          ],
          [
            -99.23889,
            18.98679,
            0
          ],
          [
            -99.23921,
            18.98636,
            0
          ],
          [
            -99.23931,
            18.98621,
            0
          ],
          [
            -99.23949,
            18.98592,
            0
          ],
          [
            -99.23965,
            18.98562,
            0
          ],
          [
            -99.2397,
            18.9856,
            0
          ],
          [
            -99.24004,
            18.98551,
            0
          ],
          [
            -99.24044,
            18.98543,
            0
          ],
          [
            -99.24062,
            18.98539,
            0
          ],
          [
            -99.24116,
            18.98528,
            0
          ],
          [
            -99.24143,
            18.98522,
            0
          ],
          [
            -99.24187,
            18.98513,
            0
          ],
          [
            -99.24222,
            18.9851,
            0
          ],
          [
            -99.2423,
            18.98498,
            0
          ],
          [
            -99.24233,
            18.98485,
            0
          ],
          [
            -99.24236,
            18.98469,
            0
          ],
          [
            -99.24242,
            18.98451,
            0
          ],
          [
            -99.24246,
            18.98437,
            0
          ],
          [
            -99.24248,
            18.98432,
            0
          ],
          [
            -99.24252,
            18.98426,
            0
          ],
          [
            -99.24255,
            18.98418,
            0
          ],
          [
            -99.24248,
            18.98409,
            0
          ],
          [
            -99.24241,
            18.98402,
            0
          ],
          [
            -99.24231,
            18.9839,
            0
          ],
          [
            -99.24225,
            18.98383,
            0
          ],
          [
            -99.24196,
            18.98351,
            0
          ],
          [
            -99.24165,
            18.98316,
            0
          ],
          [
            -99.24142,
            18.98291,
            0
          ],
          [
            -99.24138,
            18.98285,
            0
          ],
          [
            -99.24122,
            18.98257,
            0
          ],
          [
            -99.24119,
            18.9825,
            0
          ],
          [
            -99.24105,
            18.98223,
            0
          ],
          [
            -99.24098,
            18.98209,
            0
          ],
          [
            -99.24088,
            18.98204,
            0
          ],
          [
            -99.24083,
            18.98191,
            0
          ],
          [
            -99.24068,
            18.98164,
            0
          ],
          [
            -99.24064,
            18.98158,
            0
          ],
          [
            -99.24044,
            18.98121,
            0
          ],
          [
            -99.24042,
            18.98118,
            0
          ],
          [
            -99.24031,
            18.98097,
            0
          ],
          [
            -99.24026,
            18.98087,
            0
          ],
          [
            -99.24016,
            18.9807,
            0
          ],
          [
            -99.24006,
            18.98052,
            0
          ],
          [
            -99.23996,
            18.98037,
            0
          ],
          [
            -99.23975,
            18.98014,
            0
          ],
          [
            -99.2397,
            18.98008,
            0
          ],
          [
            -99.23943,
            18.9798,
            0
          ],
          [
            -99.23907,
            18.97938,
            0
          ],
          [
            -99.23868,
            18.97896,
            0
          ],
          [
            -99.23801,
            18.97857,
            0
          ],
          [
            -99.23757,
            18.97831,
            0
          ],
          [
            -99.23715,
            18.97804,
            0
          ],
          [
            -99.23709,
            18.978,
            0
          ],
          [
            -99.23694,
            18.97794,
            0
          ],
          [
            -99.23649,
            18.97767,
            0
          ],
          [
            -99.23641,
            18.97765,
            0
          ],
          [
            -99.23634,
            18.97762,
            0
          ],
          [
            -99.23626,
            18.97761,
            0
          ],
          [
            -99.23615,
            18.97761,
            0
          ],
          [
            -99.23575,
            18.97761,
            0
          ],
          [
            -99.23557,
            18.97761,
            0
          ],
          [
            -99.23537,
            18.97761,
            0
          ],
          [
            -99.23539,
            18.97768,
            0
          ],
          [
            -99.23542,
            18.97775,
            0
          ],
          [
            -99.23563,
            18.97802,
            0
          ],
          [
            -99.23596,
            18.97846,
            0
          ],
          [
            -99.23606,
            18.97859,
            0
          ],
          [
            -99.23628,
            18.97886,
            0
          ],
          [
            -99.23635,
            18.97895,
            0
          ],
          [
            -99.23646,
            18.97912,
            0
          ],
          [
            -99.23654,
            18.9792,
            0
          ],
          [
            -99.23686,
            18.97958,
            0
          ],
          [
            -99.23696,
            18.97968,
            0
          ],
          [
            -99.23697,
            18.97969,
            0
          ],
          [
            -99.23726,
            18.97995,
            0
          ],
          [
            -99.23739,
            18.98006,
            0
          ],
          [
            -99.23752,
            18.98017,
            0
          ],
          [
            -99.23775,
            18.98034,
            0
          ],
          [
            -99.23781,
            18.98038,
            0
          ],
          [
            -99.238,
            18.98052,
            0
          ],
          [
            -99.23892,
            18.98116,
            0
          ],
          [
            -99.23938,
            18.98148,
            0
          ],
          [
            -99.23946,
            18.98152,
            0
          ],
          [
            -99.23956,
            18.98159,
            0
          ],
          [
            -99.23983,
            18.98172,
            0
          ],
          [
            -99.23993,
            18.98177,
            0
          ],
          [
            -99.24004,
            18.98181,
            0
          ],
          [
            -99.24018,
            18.98186,
            0
          ],
          [
            -99.24042,
            18.98193,
            0
          ],
          [
            -99.24041,
            18.98195,
            0
          ],
          [
            -99.24041,
            18.98196,
            0
          ],
          [
            -99.24041,
            18.98198,
            0
          ],
          [
            -99.24041,
            18.98199,
            0
          ],
          [
            -99.24041,
            18.98201,
            0
          ],
          [
            -99.24042,
            18.98202,
            0
          ],
          [
            -99.24042,
            18.98203,
            0
          ],
          [
            -99.24043,
            18.98204,
            0
          ],
          [
            -99.24044,
            18.98206,
            0
          ],
          [
            -99.24045,
            18.98207,
            0
          ],
          [
            -99.24046,
            18.98208,
            0
          ],
          [
            -99.24048,
            18.98208,
            0
          ],
          [
            -99.24049,
            18.98209,
            0
          ],
          [
            -99.24051,
            18.9821,
            0
          ],
          [
            -99.24053,
            18.9821,
            0
          ],
          [
            -99.24054,
            18.9821,
            0
          ],
          [
            -99.24056,
            18.9821,
            0
          ],
          [
            -99.24057,
            18.9821,
            0
          ],
          [
            -99.24059,
            18.98209,
            0
          ],
          [
            -99.2406,
            18.98209,
            0
          ],
          [
            -99.24061,
            18.98208,
            0
          ],
          [
            -99.24063,
            18.98207,
            0
          ],
          [
            -99.24064,
            18.98206,
            0
          ],
          [
            -99.24065,
            18.98205,
            0
          ],
          [
            -99.24066,
            18.98204,
            0
          ],
          [
            -99.24066,
            18.98203,
            0
          ],
          [
            -99.24067,
            18.98202,
            0
          ],
          [
            -99.24077,
            18.98203,
            0
          ],
          [
            -99.24088,
            18.98204,
            0
          ],
          [
            -99.24098,
            18.98209,
            0
          ],
          [
            -99.24115,
            18.98209,
            0
          ],
          [
            -99.24127,
            18.9821,
            0
          ],
          [
            -99.24161,
            18.98209,
            0
          ],
          [
            -99.2419,
            18.98207,
            0
          ],
          [
            -99.24197,
            18.98206,
            0
          ],
          [
            -99.2421,
            18.98204,
            0
          ],
          [
            -99.24239,
            18.98199,
            0
          ],
          [
            -99.24288,
            18.98192,
            0
          ],
          [
            -99.24292,
            18.98191,
            0
          ],
          [
            -99.24311,
            18.98188,
            0
          ],
          [
            -99.2432,
            18.98187,
            0
          ],
          [
            -99.24367,
            18.98178,
            0
          ],
          [
            -99.2438,
            18.98176,
            0
          ],
          [
            -99.24411,
            18.98172,
            0
          ],
          [
            -99.24428,
            18.98169,
            0
          ],
          [
            -99.24435,
            18.98166,
            0
          ],
          [
            -99.24448,
            18.98161,
            0
          ],
          [
            -99.24455,
            18.98157,
            0
          ],
          [
            -99.24457,
            18.98156,
            0
          ],
          [
            -99.2446,
            18.98153,
            0
          ],
          [
            -99.2448,
            18.98135,
            0
          ],
          [
            -99.24486,
            18.98124,
            0
          ],
          [
            -99.24491,
            18.98115,
            0
          ],
          [
            -99.24495,
            18.98105,
            0
          ],
          [
            -99.245,
            18.98088,
            0
          ],
          [
            -99.24506,
            18.98048,
            0
          ],
          [
            -99.2451,
            18.98007,
            0
          ],
          [
            -99.24517,
            18.9796,
            0
          ],
          [
            -99.24531,
            18.97836,
            0
          ],
          [
            -99.24533,
            18.97821,
            0
          ],
          [
            -99.24535,
            18.97811,
            0
          ],
          [
            -99.24538,
            18.97789,
            0
          ],
          [
            -99.24546,
            18.97741,
            0
          ],
          [
            -99.24551,
            18.97718,
            0
          ],
          [
            -99.24552,
            18.97712,
            0
          ],
          [
            -99.2458,
            18.97605,
            0
          ],
          [
            -99.24583,
            18.97596,
            0
          ],
          [
            -99.24585,
            18.97588,
            0
          ],
          [
            -99.24588,
            18.97577,
            0
          ],
          [
            -99.24602,
            18.97519,
            0
          ],
          [
            -99.24604,
            18.97503,
            0
          ],
          [
            -99.24605,
            18.97497,
            0
          ],
          [
            -99.24609,
            18.97477,
            0
          ],
          [
            -99.24619,
            18.97414,
            0
          ],
          [
            -99.24627,
            18.97352,
            0
          ],
          [
            -99.24633,
            18.97294,
            0
          ],
          [
            -99.24641,
            18.97233,
            0
          ],
          [
            -99.24639,
            18.9722,
            0
          ],
          [
            -99.24633,
            18.97207,
            0
          ],
          [
            -99.24625,
            18.97197,
            0
          ],
          [
            -99.24619,
            18.97193,
            0
          ],
          [
            -99.24611,
            18.97189,
            0
          ],
          [
            -99.24585,
            18.97176,
            0
          ],
          [
            -99.24556,
            18.9716,
            0
          ],
          [
            -99.24534,
            18.97148,
            0
          ],
          [
            -99.24523,
            18.97139,
            0
          ],
          [
            -99.24516,
            18.97129,
            0
          ],
          [
            -99.24514,
            18.97126,
            0
          ],
          [
            -99.24511,
            18.97118,
            0
          ],
          [
            -99.24509,
            18.97107,
            0
          ],
          [
            -99.24509,
            18.97104,
            0
          ],
          [
            -99.24516,
            18.97057,
            0
          ],
          [
            -99.24516,
            18.97055,
            0
          ],
          [
            -99.24526,
            18.96995,
            0
          ],
          [
            -99.2453,
            18.96971,
            0
          ],
          [
            -99.2453,
            18.96965,
            0
          ],
          [
            -99.24529,
            18.9696,
            0
          ],
          [
            -99.24528,
            18.96953,
            0
          ],
          [
            -99.24522,
            18.96941,
            0
          ],
          [
            -99.2452,
            18.96939,
            0
          ],
          [
            -99.24507,
            18.96928,
            0
          ],
          [
            -99.24491,
            18.96918,
            0
          ],
          [
            -99.24483,
            18.96911,
            0
          ],
          [
            -99.24469,
            18.96904,
            0
          ],
          [
            -99.24459,
            18.96896,
            0
          ],
          [
            -99.24455,
            18.96891,
            0
          ],
          [
            -99.24442,
            18.96873,
            0
          ],
          [
            -99.24435,
            18.96859,
            0
          ],
          [
            -99.24413,
            18.96811,
            0
          ],
          [
            -99.2439,
            18.96764,
            0
          ],
          [
            -99.24379,
            18.9674,
            0
          ],
          [
            -99.24368,
            18.9672,
            0
          ],
          [
            -99.24381,
            18.96696,
            0
          ],
          [
            -99.24386,
            18.9669,
            0
          ],
          [
            -99.24393,
            18.96684,
            0
          ],
          [
            -99.24418,
            18.96671,
            0
          ],
          [
            -99.24443,
            18.96661,
            0
          ],
          [
            -99.24454,
            18.96657,
            0
          ],
          [
            -99.24474,
            18.96653,
            0
          ],
          [
            -99.24494,
            18.96653,
            0
          ],
          [
            -99.24541,
            18.96671,
            0
          ],
          [
            -99.24551,
            18.96675,
            0
          ],
          [
            -99.24565,
            18.96676,
            0
          ],
          [
            -99.24573,
            18.96676,
            0
          ],
          [
            -99.24579,
            18.96676,
            0
          ],
          [
            -99.24585,
            18.96674,
            0
          ],
          [
            -99.24593,
            18.96671,
            0
          ],
          [
            -99.24598,
            18.96668,
            0
          ],
          [
            -99.24603,
            18.96666,
            0
          ],
          [
            -99.24612,
            18.9666,
            0
          ],
          [
            -99.24614,
            18.96658,
            0
          ],
          [
            -99.24624,
            18.96651,
            0
          ],
          [
            -99.24628,
            18.96647,
            0
          ],
          [
            -99.24634,
            18.96642,
            0
          ],
          [
            -99.24655,
            18.96621,
            0
          ],
          [
            -99.24671,
            18.96624,
            0
          ],
          [
            -99.24707,
            18.96634,
            0
          ],
          [
            -99.24723,
            18.96629,
            0
          ],
          [
            -99.24714,
            18.96595,
            0
          ],
          [
            -99.24705,
            18.96569,
            0
          ],
          [
            -99.24704,
            18.96565,
            0
          ],
          [
            -99.24702,
            18.96556,
            0
          ],
          [
            -99.247,
            18.96549,
            0
          ],
          [
            -99.24695,
            18.96535,
            0
          ],
          [
            -99.24696,
            18.96534,
            0
          ],
          [
            -99.24697,
            18.96533,
            0
          ],
          [
            -99.24698,
            18.96532,
            0
          ],
          [
            -99.24698,
            18.96531,
            0
          ],
          [
            -99.24698,
            18.96529,
            0
          ],
          [
            -99.24699,
            18.96528,
            0
          ],
          [
            -99.24699,
            18.96527,
            0
          ],
          [
            -99.24699,
            18.96526,
            0
          ],
          [
            -99.24699,
            18.96525,
            0
          ],
          [
            -99.24699,
            18.96524,
            0
          ],
          [
            -99.24699,
            18.96523,
            0
          ],
          [
            -99.24699,
            18.96522,
            0
          ],
          [
            -99.24699,
            18.96521,
            0
          ],
          [
            -99.24698,
            18.9652,
            0
          ],
          [
            -99.24698,
            18.96519,
            0
          ],
          [
            -99.24697,
            18.96518,
            0
          ],
          [
            -99.24697,
            18.96517,
            0
          ],
          [
            -99.24697,
            18.96516,
            0
          ],
          [
            -99.24696,
            18.96515,
            0
          ],
          [
            -99.24695,
            18.96515,
            0
          ],
          [
            -99.24695,
            18.96514,
            0
          ],
          [
            -99.24694,
            18.96513,
            0
          ],
          [
            -99.24693,
            18.96512,
            0
          ],
          [
            -99.24692,
            18.96512,
            0
          ],
          [
            -99.24691,
            18.96511,
            0
          ],
          [
            -99.2469,
            18.9651,
            0
          ],
          [
            -99.24689,
            18.9651,
            0
          ],
          [
            -99.24688,
            18.96509,
            0
          ],
          [
            -99.24687,
            18.96509,
            0
          ],
          [
            -99.24689,
            18.96506,
            0
          ],
          [
            -99.2469,
            18.96504,
            0
          ],
          [
            -99.24691,
            18.96502,
            0
          ],
          [
            -99.24691,
            18.965,
            0
          ],
          [
            -99.24692,
            18.96499,
            0
          ],
          [
            -99.24692,
            18.96497,
            0
          ],
          [
            -99.24692,
            18.96496,
            0
          ],
          [
            -99.24692,
            18.96495,
            0
          ],
          [
            -99.24691,
            18.96492,
            0
          ],
          [
            -99.24687,
            18.96472,
            0
          ],
          [
            -99.24677,
            18.9641,
            0
          ],
          [
            -99.24667,
            18.96338,
            0
          ],
          [
            -99.24665,
            18.96323,
            0
          ],
          [
            -99.24662,
            18.9631,
            0
          ],
          [
            -99.2466,
            18.96297,
            0
          ],
          [
            -99.24642,
            18.96187,
            0
          ],
          [
            -99.2464,
            18.96173,
            0
          ],
          [
            -99.24639,
            18.96164,
            0
          ],
          [
            -99.24638,
            18.96161,
            0
          ],
          [
            -99.24635,
            18.96142,
            0
          ],
          [
            -99.24631,
            18.96118,
            0
          ],
          [
            -99.24623,
            18.96066,
            0
          ],
          [
            -99.24617,
            18.96024,
            0
          ],
          [
            -99.24601,
            18.95906,
            0
          ],
          [
            -99.246,
            18.95899,
            0
          ],
          [
            -99.24593,
            18.9586,
            0
          ],
          [
            -99.24583,
            18.95784,
            0
          ],
          [
            -99.24579,
            18.95755,
            0
          ],
          [
            -99.24564,
            18.95653,
            0
          ],
          [
            -99.24564,
            18.9565,
            0
          ],
          [
            -99.24563,
            18.9564,
            0
          ],
          [
            -99.24561,
            18.95628,
            0
          ],
          [
            -99.24558,
            18.95597,
            0
          ],
          [
            -99.24542,
            18.95492,
            0
          ],
          [
            -99.24539,
            18.95462,
            0
          ],
          [
            -99.24528,
            18.95384,
            0
          ],
          [
            -99.24519,
            18.95324,
            0
          ],
          [
            -99.24512,
            18.95273,
            0
          ],
          [
            -99.24509,
            18.95249,
            0
          ],
          [
            -99.24507,
            18.95235,
            0
          ],
          [
            -99.24506,
            18.95228,
            0
          ],
          [
            -99.24492,
            18.95131,
            0
          ],
          [
            -99.24486,
            18.95075,
            0
          ],
          [
            -99.24479,
            18.95026,
            0
          ],
          [
            -99.2448,
            18.95025,
            0
          ],
          [
            -99.24481,
            18.95025,
            0
          ],
          [
            -99.24482,
            18.95024,
            0
          ],
          [
            -99.24482,
            18.95023,
            0
          ],
          [
            -99.24483,
            18.95023,
            0
          ],
          [
            -99.24483,
            18.95022,
            0
          ],
          [
            -99.24484,
            18.95021,
            0
          ],
          [
            -99.24484,
            18.9502,
            0
          ],
          [
            -99.24484,
            18.95019,
            0
          ],
          [
            -99.24485,
            18.95019,
            0
          ],
          [
            -99.24485,
            18.95018,
            0
          ],
          [
            -99.24485,
            18.95017,
            0
          ],
          [
            -99.24485,
            18.95016,
            0
          ],
          [
            -99.24485,
            18.95015,
            0
          ],
          [
            -99.24485,
            18.95014,
            0
          ],
          [
            -99.24485,
            18.95013,
            0
          ],
          [
            -99.24484,
            18.95013,
            0
          ],
          [
            -99.24484,
            18.95012,
            0
          ],
          [
            -99.24484,
            18.95011,
            0
          ],
          [
            -99.24483,
            18.9501,
            0
          ],
          [
            -99.24483,
            18.95009,
            0
          ],
          [
            -99.24482,
            18.95009,
            0
          ],
          [
            -99.24482,
            18.95008,
            0
          ],
          [
            -99.24481,
            18.95007,
            0
          ],
          [
            -99.2448,
            18.95007,
            0
          ],
          [
            -99.2448,
            18.95006,
            0
          ],
          [
            -99.24479,
            18.95006,
            0
          ],
          [
            -99.24478,
            18.95006,
            0
          ],
          [
            -99.24478,
            18.95005,
            0
          ],
          [
            -99.24477,
            18.95005,
            0
          ],
          [
            -99.24476,
            18.95005,
            0
          ],
          [
            -99.24475,
            18.95004,
            0
          ],
          [
            -99.24474,
            18.95004,
            0
          ],
          [
            -99.24473,
            18.9499,
            0
          ],
          [
            -99.24462,
            18.94946,
            0
          ],
          [
            -99.24454,
            18.94909,
            0
          ],
          [
            -99.24408,
            18.94764,
            0
          ],
          [
            -99.24404,
            18.9475,
            0
          ],
          [
            -99.24392,
            18.94716,
            0
          ],
          [
            -99.24372,
            18.94663,
            0
          ],
          [
            -99.24365,
            18.94644,
            0
          ],
          [
            -99.24357,
            18.94626,
            0
          ],
          [
            -99.24345,
            18.94589,
            0
          ],
          [
            -99.2431,
            18.94502,
            0
          ],
          [
            -99.24303,
            18.94483,
            0
          ],
          [
            -99.24283,
            18.94431,
            0
          ],
          [
            -99.24256,
            18.94366,
            0
          ],
          [
            -99.24242,
            18.94339,
            0
          ],
          [
            -99.24233,
            18.94324,
            0
          ],
          [
            -99.24223,
            18.94305,
            0
          ],
          [
            -99.2421,
            18.9428,
            0
          ],
          [
            -99.24202,
            18.9426,
            0
          ],
          [
            -99.24193,
            18.94224,
            0
          ],
          [
            -99.24179,
            18.94168,
            0
          ],
          [
            -99.24172,
            18.9413,
            0
          ],
          [
            -99.24153,
            18.94041,
            0
          ],
          [
            -99.24153,
            18.94031,
            0
          ],
          [
            -99.24152,
            18.94023,
            0
          ],
          [
            -99.24141,
            18.93961,
            0
          ],
          [
            -99.24137,
            18.93938,
            0
          ],
          [
            -99.24125,
            18.93895,
            0
          ],
          [
            -99.24112,
            18.93846,
            0
          ],
          [
            -99.24103,
            18.93817,
            0
          ],
          [
            -99.24096,
            18.93796,
            0
          ],
          [
            -99.24088,
            18.93767,
            0
          ],
          [
            -99.24077,
            18.9373,
            0
          ],
          [
            -99.24075,
            18.9372,
            0
          ],
          [
            -99.24071,
            18.93701,
            0
          ],
          [
            -99.24068,
            18.93678,
            0
          ],
          [
            -99.24065,
            18.93645,
            0
          ],
          [
            -99.24061,
            18.936,
            0
          ],
          [
            -99.24061,
            18.93564,
            0
          ],
          [
            -99.24061,
            18.93529,
            0
          ],
          [
            -99.24063,
            18.93475,
            0
          ],
          [
            -99.24065,
            18.93386,
            0
          ],
          [
            -99.24063,
            18.9332,
            0
          ],
          [
            -99.24061,
            18.93301,
            0
          ],
          [
            -99.24046,
            18.93265,
            0
          ],
          [
            -99.24027,
            18.93228,
            0
          ],
          [
            -99.24013,
            18.93199,
            0
          ],
          [
            -99.24008,
            18.93187,
            0
          ],
          [
            -99.24006,
            18.93179,
            0
          ],
          [
            -99.24005,
            18.93169,
            0
          ],
          [
            -99.24006,
            18.93156,
            0
          ],
          [
            -99.24013,
            18.93126,
            0
          ],
          [
            -99.24021,
            18.93068,
            0
          ],
          [
            -99.24021,
            18.93067,
            0
          ],
          [
            -99.24023,
            18.93036,
            0
          ],
          [
            -99.24025,
            18.92971,
            0
          ],
          [
            -99.24027,
            18.92956,
            0
          ],
          [
            -99.24029,
            18.92947,
            0
          ],
          [
            -99.24024,
            18.9293,
            0
          ],
          [
            -99.2402,
            18.9292,
            0
          ],
          [
            -99.24016,
            18.92913,
            0
          ],
          [
            -99.24013,
            18.9291,
            0
          ],
          [
            -99.24008,
            18.92906,
            0
          ],
          [
            -99.23997,
            18.92901,
            0
          ],
          [
            -99.23982,
            18.92896,
            0
          ],
          [
            -99.23965,
            18.92891,
            0
          ],
          [
            -99.23963,
            18.92891,
            0
          ],
          [
            -99.23926,
            18.92883,
            0
          ],
          [
            -99.23892,
            18.92878,
            0
          ],
          [
            -99.23858,
            18.92875,
            0
          ],
          [
            -99.23842,
            18.92882,
            0
          ],
          [
            -99.23819,
            18.92843,
            0
          ],
          [
            -99.23794,
            18.92796,
            0
          ],
          [
            -99.23769,
            18.92751,
            0
          ],
          [
            -99.23744,
            18.92697,
            0
          ],
          [
            -99.23741,
            18.92687,
            0
          ],
          [
            -99.23739,
            18.9268,
            0
          ],
          [
            -99.23709,
            18.92614,
            0
          ],
          [
            -99.23698,
            18.92591,
            0
          ],
          [
            -99.2369,
            18.92574,
            0
          ],
          [
            -99.23684,
            18.92552,
            0
          ],
          [
            -99.2367,
            18.92489,
            0
          ],
          [
            -99.23661,
            18.92454,
            0
          ],
          [
            -99.23656,
            18.92437,
            0
          ],
          [
            -99.23651,
            18.92426,
            0
          ],
          [
            -99.23643,
            18.92413,
            0
          ],
          [
            -99.23635,
            18.92401,
            0
          ],
          [
            -99.23618,
            18.92375,
            0
          ],
          [
            -99.23607,
            18.92358,
            0
          ],
          [
            -99.23589,
            18.9233,
            0
          ],
          [
            -99.23561,
            18.92287,
            0
          ],
          [
            -99.23543,
            18.92267,
            0
          ],
          [
            -99.23534,
            18.9226,
            0
          ],
          [
            -99.23533,
            18.92259,
            0
          ],
          [
            -99.23532,
            18.92258,
            0
          ],
          [
            -99.23526,
            18.92212,
            0
          ],
          [
            -99.23525,
            18.92203,
            0
          ],
          [
            -99.23516,
            18.92138,
            0
          ],
          [
            -99.23512,
            18.92113,
            0
          ],
          [
            -99.2351,
            18.92083,
            0
          ],
          [
            -99.23509,
            18.92033,
            0
          ],
          [
            -99.23508,
            18.91889,
            0
          ],
          [
            -99.23511,
            18.91889,
            0
          ],
          [
            -99.2351,
            18.91809,
            0
          ],
          [
            -99.23509,
            18.91755,
            0
          ],
          [
            -99.23508,
            18.91732,
            0
          ],
          [
            -99.23508,
            18.91712,
            0
          ],
          [
            -99.23506,
            18.91655,
            0
          ],
          [
            -99.23504,
            18.9158,
            0
          ],
          [
            -99.23504,
            18.91577,
            0
          ],
          [
            -99.23496,
            18.91496,
            0
          ],
          [
            -99.23494,
            18.91472,
            0
          ],
          [
            -99.23488,
            18.91425,
            0
          ],
          [
            -99.23468,
            18.91353,
            0
          ],
          [
            -99.2346,
            18.91332,
            0
          ],
          [
            -99.23449,
            18.91311,
            0
          ],
          [
            -99.23434,
            18.9129,
            0
          ],
          [
            -99.23394,
            18.91223,
            0
          ],
          [
            -99.23381,
            18.912,
            0
          ],
          [
            -99.23356,
            18.91152,
            0
          ],
          [
            -99.23335,
            18.91105,
            0
          ],
          [
            -99.23313,
            18.91054,
            0
          ],
          [
            -99.23296,
            18.91009,
            0
          ],
          [
            -99.23284,
            18.90976,
            0
          ],
          [
            -99.23276,
            18.90955,
            0
          ],
          [
            -99.23263,
            18.90919,
            0
          ],
          [
            -99.23254,
            18.9089,
            0
          ],
          [
            -99.23249,
            18.90872,
            0
          ],
          [
            -99.23242,
            18.90853,
            0
          ],
          [
            -99.23236,
            18.90833,
            0
          ],
          [
            -99.23217,
            18.9076,
            0
          ],
          [
            -99.23214,
            18.90742,
            0
          ],
          [
            -99.23213,
            18.90729,
            0
          ],
          [
            -99.2321,
            18.90707,
            0
          ],
          [
            -99.23219,
            18.90703,
            0
          ],
          [
            -99.23208,
            18.90682,
            0
          ],
          [
            -99.23206,
            18.90672,
            0
          ],
          [
            -99.23204,
            18.90666,
            0
          ],
          [
            -99.23202,
            18.90657,
            0
          ],
          [
            -99.23197,
            18.90626,
            0
          ],
          [
            -99.23193,
            18.90601,
            0
          ],
          [
            -99.23192,
            18.90597,
            0
          ],
          [
            -99.23187,
            18.90573,
            0
          ],
          [
            -99.23177,
            18.90501,
            0
          ],
          [
            -99.23168,
            18.90438,
            0
          ],
          [
            -99.23163,
            18.90386,
            0
          ],
          [
            -99.23161,
            18.90364,
            0
          ],
          [
            -99.23158,
            18.90329,
            0
          ],
          [
            -99.23154,
            18.90289,
            0
          ],
          [
            -99.23147,
            18.90192,
            0
          ],
          [
            -99.23143,
            18.90147,
            0
          ],
          [
            -99.23141,
            18.90127,
            0
          ],
          [
            -99.23133,
            18.90094,
            0
          ],
          [
            -99.23119,
            18.90043,
            0
          ],
          [
            -99.23105,
            18.89993,
            0
          ],
          [
            -99.23088,
            18.89942,
            0
          ],
          [
            -99.23056,
            18.89847,
            0
          ],
          [
            -99.23033,
            18.89782,
            0
          ],
          [
            -99.23019,
            18.89751,
            0
          ],
          [
            -99.23008,
            18.89726,
            0
          ],
          [
            -99.23004,
            18.89718,
            0
          ],
          [
            -99.22983,
            18.89672,
            0
          ],
          [
            -99.22955,
            18.89614,
            0
          ],
          [
            -99.2294,
            18.89582,
            0
          ],
          [
            -99.22911,
            18.89519,
            0
          ],
          [
            -99.2291,
            18.89518,
            0
          ],
          [
            -99.22883,
            18.89459,
            0
          ],
          [
            -99.22866,
            18.89419,
            0
          ],
          [
            -99.22851,
            18.89385,
            0
          ],
          [
            -99.22847,
            18.89375,
            0
          ],
          [
            -99.22836,
            18.8935,
            0
          ],
          [
            -99.22836,
            18.89348,
            0
          ],
          [
            -99.22836,
            18.89345,
            0
          ],
          [
            -99.22835,
            18.89341,
            0
          ],
          [
            -99.22832,
            18.8933,
            0
          ],
          [
            -99.22832,
            18.89328,
            0
          ],
          [
            -99.22832,
            18.89325,
            0
          ],
          [
            -99.2283,
            18.89318,
            0
          ],
          [
            -99.22818,
            18.89289,
            0
          ],
          [
            -99.22806,
            18.89243,
            0
          ],
          [
            -99.22804,
            18.89234,
            0
          ],
          [
            -99.22801,
            18.89216,
            0
          ],
          [
            -99.22797,
            18.89194,
            0
          ],
          [
            -99.22796,
            18.89181,
            0
          ],
          [
            -99.22795,
            18.89168,
            0
          ],
          [
            -99.22796,
            18.89145,
            0
          ],
          [
            -99.22796,
            18.89142,
            0
          ],
          [
            -99.22798,
            18.89127,
            0
          ],
          [
            -99.22804,
            18.89099,
            0
          ],
          [
            -99.22803,
            18.89094,
            0
          ],
          [
            -99.22803,
            18.89091,
            0
          ],
          [
            -99.22803,
            18.89089,
            0
          ],
          [
            -99.22801,
            18.89081,
            0
          ],
          [
            -99.22808,
            18.89061,
            0
          ],
          [
            -99.22813,
            18.89048,
            0
          ],
          [
            -99.22825,
            18.89013,
            0
          ],
          [
            -99.22834,
            18.88994,
            0
          ],
          [
            -99.22847,
            18.88955,
            0
          ],
          [
            -99.22848,
            18.88954,
            0
          ],
          [
            -99.22889,
            18.88851,
            0
          ],
          [
            -99.22894,
            18.88839,
            0
          ],
          [
            -99.2288,
            18.88787,
            0
          ],
          [
            -99.22875,
            18.88769,
            0
          ],
          [
            -99.22872,
            18.88758,
            0
          ],
          [
            -99.22867,
            18.88735,
            0
          ],
          [
            -99.22865,
            18.88731,
            0
          ],
          [
            -99.22858,
            18.88717,
            0
          ],
          [
            -99.22859,
            18.88686,
            0
          ],
          [
            -99.22862,
            18.88576,
            0
          ],
          [
            -99.22862,
            18.8855,
            0
          ],
          [
            -99.22863,
            18.88519,
            0
          ],
          [
            -99.22862,
            18.88497,
            0
          ],
          [
            -99.22859,
            18.88468,
            0
          ],
          [
            -99.2285,
            18.88399,
            0
          ],
          [
            -99.22835,
            18.88323,
            0
          ],
          [
            -99.22823,
            18.88251,
            0
          ],
          [
            -99.22817,
            18.88221,
            0
          ],
          [
            -99.2281,
            18.88181,
            0
          ],
          [
            -99.22798,
            18.88119,
            0
          ],
          [
            -99.22795,
            18.88097,
            0
          ],
          [
            -99.22791,
            18.88072,
            0
          ],
          [
            -99.22786,
            18.8804,
            0
          ],
          [
            -99.22765,
            18.87935,
            0
          ],
          [
            -99.22756,
            18.87897,
            0
          ],
          [
            -99.22756,
            18.87896,
            0
          ],
          [
            -99.22755,
            18.87893,
            0
          ],
          [
            -99.22745,
            18.87841,
            0
          ],
          [
            -99.22722,
            18.87779,
            0
          ],
          [
            -99.22719,
            18.87769,
            0
          ],
          [
            -99.22714,
            18.87751,
            0
          ],
          [
            -99.22671,
            18.87637,
            0
          ],
          [
            -99.22669,
            18.87633,
            0
          ],
          [
            -99.22651,
            18.87585,
            0
          ],
          [
            -99.22637,
            18.87549,
            0
          ],
          [
            -99.22627,
            18.87527,
            0
          ],
          [
            -99.22622,
            18.87515,
            0
          ],
          [
            -99.22618,
            18.87503,
            0
          ],
          [
            -99.22602,
            18.87457,
            0
          ],
          [
            -99.22587,
            18.87406,
            0
          ],
          [
            -99.22575,
            18.87365,
            0
          ],
          [
            -99.22573,
            18.87359,
            0
          ],
          [
            -99.22571,
            18.87355,
            0
          ],
          [
            -99.2257,
            18.87352,
            0
          ],
          [
            -99.22566,
            18.87345,
            0
          ],
          [
            -99.22555,
            18.87331,
            0
          ],
          [
            -99.22548,
            18.87325,
            0
          ],
          [
            -99.22545,
            18.87322,
            0
          ],
          [
            -99.2254,
            18.8732,
            0
          ],
          [
            -99.22535,
            18.87317,
            0
          ],
          [
            -99.22531,
            18.87315,
            0
          ],
          [
            -99.22527,
            18.87314,
            0
          ],
          [
            -99.22523,
            18.87313,
            0
          ],
          [
            -99.22518,
            18.87312,
            0
          ],
          [
            -99.22507,
            18.87312,
            0
          ],
          [
            -99.22501,
            18.87313,
            0
          ],
          [
            -99.22495,
            18.87314,
            0
          ],
          [
            -99.22479,
            18.87318,
            0
          ],
          [
            -99.22453,
            18.87324,
            0
          ],
          [
            -99.22423,
            18.87333,
            0
          ],
          [
            -99.22411,
            18.87336,
            0
          ],
          [
            -99.22402,
            18.87337,
            0
          ],
          [
            -99.22393,
            18.87337,
            0
          ],
          [
            -99.22381,
            18.87338,
            0
          ],
          [
            -99.22343,
            18.87344,
            0
          ],
          [
            -99.22324,
            18.87346,
            0
          ],
          [
            -99.22297,
            18.8735,
            0
          ],
          [
            -99.22283,
            18.87356,
            0
          ],
          [
            -99.22276,
            18.8736,
            0
          ],
          [
            -99.22272,
            18.87364,
            0
          ],
          [
            -99.22269,
            18.87367,
            0
          ],
          [
            -99.22266,
            18.8737,
            0
          ],
          [
            -99.22264,
            18.87375,
            0
          ],
          [
            -99.22261,
            18.87381,
            0
          ],
          [
            -99.22259,
            18.87388,
            0
          ],
          [
            -99.22251,
            18.87431,
            0
          ],
          [
            -99.22248,
            18.87459,
            0
          ],
          [
            -99.22246,
            18.87476,
            0
          ],
          [
            -99.22245,
            18.87494,
            0
          ],
          [
            -99.22245,
            18.875,
            0
          ],
          [
            -99.22245,
            18.87504,
            0
          ],
          [
            -99.22245,
            18.87507,
            0
          ],
          [
            -99.22247,
            18.87512,
            0
          ],
          [
            -99.22267,
            18.87568,
            0
          ],
          [
            -99.2227,
            18.87577,
            0
          ],
          [
            -99.22272,
            18.87586,
            0
          ],
          [
            -99.22273,
            18.8759,
            0
          ],
          [
            -99.22273,
            18.87593,
            0
          ],
          [
            -99.22274,
            18.87597,
            0
          ],
          [
            -99.22275,
            18.87603,
            0
          ],
          [
            -99.22276,
            18.8761,
            0
          ],
          [
            -99.22276,
            18.87619,
            0
          ],
          [
            -99.22276,
            18.87626,
            0
          ],
          [
            -99.22277,
            18.87637,
            0
          ],
          [
            -99.22276,
            18.87649,
            0
          ],
          [
            -99.22274,
            18.87672,
            0
          ],
          [
            -99.22273,
            18.87684,
            0
          ],
          [
            -99.22273,
            18.87686,
            0
          ],
          [
            -99.22272,
            18.87689,
            0
          ],
          [
            -99.22268,
            18.87698,
            0
          ],
          [
            -99.22263,
            18.87694,
            0
          ],
          [
            -99.22257,
            18.87688,
            0
          ],
          [
            -99.22254,
            18.87684,
            0
          ],
          [
            -99.22251,
            18.8768,
            0
          ],
          [
            -99.22247,
            18.87671,
            0
          ],
          [
            -99.22241,
            18.87661,
            0
          ],
          [
            -99.22239,
            18.87657,
            0
          ],
          [
            -99.22237,
            18.8765,
            0
          ],
          [
            -99.22236,
            18.87644,
            0
          ],
          [
            -99.22235,
            18.87636,
            0
          ],
          [
            -99.22234,
            18.8763,
            0
          ],
          [
            -99.22233,
            18.87624,
            0
          ],
          [
            -99.22232,
            18.87618,
            0
          ],
          [
            -99.22231,
            18.87614,
            0
          ],
          [
            -99.22229,
            18.87609,
            0
          ],
          [
            -99.22227,
            18.87606,
            0
          ],
          [
            -99.22225,
            18.87602,
            0
          ],
          [
            -99.22223,
            18.876,
            0
          ],
          [
            -99.2222,
            18.87595,
            0
          ],
          [
            -99.22218,
            18.87593,
            0
          ],
          [
            -99.22202,
            18.87579,
            0
          ],
          [
            -99.22188,
            18.87567,
            0
          ],
          [
            -99.22183,
            18.87562,
            0
          ],
          [
            -99.22176,
            18.87558,
            0
          ],
          [
            -99.22172,
            18.87556,
            0
          ],
          [
            -99.22171,
            18.87555,
            0
          ],
          [
            -99.22167,
            18.87554,
            0
          ],
          [
            -99.22159,
            18.87551,
            0
          ],
          [
            -99.22136,
            18.87544,
            0
          ],
          [
            -99.22126,
            18.8754,
            0
          ],
          [
            -99.22091,
            18.87527,
            0
          ],
          [
            -99.22081,
            18.87523,
            0
          ],
          [
            -99.22075,
            18.87522,
            0
          ],
          [
            -99.22068,
            18.87521,
            0
          ],
          [
            -99.22056,
            18.87524,
            0
          ],
          [
            -99.22012,
            18.87537,
            0
          ],
          [
            -99.22006,
            18.87534,
            0
          ],
          [
            -99.21997,
            18.87531,
            0
          ],
          [
            -99.21991,
            18.87529,
            0
          ],
          [
            -99.21988,
            18.87527,
            0
          ],
          [
            -99.21982,
            18.87522,
            0
          ],
          [
            -99.21979,
            18.87518,
            0
          ],
          [
            -99.21971,
            18.87505,
            0
          ],
          [
            -99.21964,
            18.8749,
            0
          ],
          [
            -99.21962,
            18.87477,
            0
          ]
        ]
      },
      "properties": {
        "name": "3.- JERUSALEN - UNIVERSIDAD - GUACAMAYAS",
        "description": {
          "@type": "html",
          "value": "descripción: <br>OID: 718<br>ZONA: CENTRO<br>RUTA: RUTA 1<br>ITINERARIO: 3.- JERUSALEN - UNIVERSIDAD - GUACAMAYAS<br>DESCRIPCIO: JERUSALEN-GUACAMAYAS<br>AUTO-AMPL: ITINERARIO<br>DEFIN-PROV: DEFINITIVOS<br>DURACION: DEFINITIVA<br>FOLIO: SGG/DGT/SDP/000529/97"
        },
        "styleUrl": "#line-9C27B0-1200",
        "stroke-opacity": 1,
        "stroke": "#9c27b0",
        "stroke-width": 1.2,
        "descripción": "",
        "OID": "718",
        "ZONA": "CENTRO",
        "RUTA": "RUTA 1",
        "ITINERARIO": "3.- JERUSALEN - UNIVERSIDAD - GUACAMAYAS",
        "DESCRIPCIO": "JERUSALEN-GUACAMAYAS",
        "AUTO-AMPL": "ITINERARIO",
        "DEFIN-PROV": "DEFINITIVOS",
        "DURACION": "DEFINITIVA",
        "FOLIO": "SGG/DGT/SDP/000529/97"
      }
    }
  ]
}