{
  "type": "FeatureCollection",
  "features": [
    {
      "type": "Feature",
      "geometry": {
        "type": "LineString",
        "coordinates": [
          [
            -99.1952,
            18.92671,
            0
          ],
          [
            -99.19525,
            18.92632,
            0
          ],
          [
            -99.19527,
            18.92604,
            0
          ],
          [
            -99.19528,
            18.92597,
            0
          ],
          [
            -99.19532,
            18.92563,
            0
          ],
          [
            -99.19536,
            18.92544,
            0
          ],
          [
            -99.19536,
            18.92538,
            0
          ],
          [
            -99.19555,
            18.92394,
            0
          ],
          [
            -99.19617,
            18.92401,
            0
          ],
          [
            -99.19649,
            18.92405,
            0
          ],
          [
            -99.19677,
            18.92409,
            0
          ],
          [
            -99.19685,
            18.92409,
            0
          ],
          [
            -99.19688,
            18.92409,
            0
          ],
          [
            -99.19692,
            18.92409,
            0
          ],
          [
            -99.19715,
            18.92404,
            0
          ],
          [
            -99.19776,
            18.9239,
            0
          ],
          [
            -99.19803,
            18.92383,
            0
          ],
          [
            -99.19806,
            18.92382,
            0
          ],
          [
            -99.19808,
            18.92381,
            0
          ],
          [
            -99.19809,
            18.92379,
            0
          ],
          [
            -99.19814,
            18.92373,
            0
          ],
          [
            -99.19815,
            18.92373,
            0
          ],
          [
            -99.19816,
            18.92372,
            0
          ],
          [
            -99.1982,
            18.92362,
            0
          ],
          [
            -99.19821,
            18.92361,
            0
          ],
          [
            -99.19825,
            18.92348,
            0
          ],
          [
            -99.19829,
            18.92336,
            0
          ],
          [
            -99.19837,
            18.92323,
            0
          ],
          [
            -99.19848,
            18.92316,
            0
          ],
          [
            -99.19852,
            18.92304,
            0
          ],
          [
            -99.19859,
            18.92284,
            0
          ],
          [
            -99.19868,
            18.92261,
            0
          ],
          [
            -99.19882,
            18.92231,
            0
          ],
          [
            -99.19896,
            18.92205,
            0
          ],
          [
            -99.19913,
            18.92172,
            0
          ],
          [
            -99.19918,
            18.92163,
            0
          ],
          [
            -99.1991,
            18.92159,
            0
          ],
          [
            -99.19905,
            18.92167,
            0
          ],
          [
            -99.199,
            18.92178,
            0
          ],
          [
            -99.19897,
            18.92182,
            0
          ]
        ]
      },
      "properties": {
        "name": "AMPL. CHEDRAUI JACARANDAS",
        "description": {
          "@type": "html",
          "value": "descripción: <br>OID: 1198<br>ZONA: CENTRO<br>RUTA: RUTA 2<br>ITINERARIO: AMPL. CHEDRAUI JACARANDAS<br>DESCRIPCIO: CHEDRAUI JACARANDAS<br>AUTO-AMPL: AMPLIACION<br>DEFIN-PROV: DEFINITIVOS<br>DURACION: DEFINITIVA<br>FOLIO: SGG/DGT/SDP/000131/2000<br>SG/DGT/SDP/0346/2001"
        },
        "styleUrl": "#line-9C27B0-1200",
        "stroke-opacity": 1,
        "stroke": "#9c27b0",
        "stroke-width": 1.2,
        "descripción": "",
        "OID": "1198",
        "ZONA": "CENTRO",
        "RUTA": "RUTA 2",
        "ITINERARIO": "AMPL. CHEDRAUI JACARANDAS",
        "DESCRIPCIO": "CHEDRAUI JACARANDAS",
        "AUTO-AMPL": "AMPLIACION",
        "DEFIN-PROV": "DEFINITIVOS",
        "DURACION": "DEFINITIVA",
        "FOLIO": "SGG/DGT/SDP/000131/2000\nSG/DGT/SDP/0346/2001"
      }
    },
    {
      "type": "Feature",
      "geometry": {
        "type": "LineString",
        "coordinates": [
          [
            -99.19898,
            18.92182,
            0
          ],
          [
            -99.19888,
            18.922,
            0
          ],
          [
            -99.19874,
            18.92228,
            0
          ],
          [
            -99.1986,
            18.92258,
            0
          ],
          [
            -99.19854,
            18.92276,
            0
          ],
          [
            -99.19843,
            18.92305,
            0
          ],
          [
            -99.19842,
            18.92312,
            0
          ],
          [
            -99.19839,
            18.9232,
            0
          ],
          [
            -99.19837,
            18.92323,
            0
          ],
          [
            -99.19829,
            18.92336,
            0
          ],
          [
            -99.19825,
            18.92348,
            0
          ],
          [
            -99.19821,
            18.92361,
            0
          ],
          [
            -99.1982,
            18.92362,
            0
          ],
          [
            -99.19816,
            18.92372,
            0
          ],
          [
            -99.19815,
            18.92373,
            0
          ],
          [
            -99.19814,
            18.92373,
            0
          ],
          [
            -99.19809,
            18.92379,
            0
          ],
          [
            -99.19808,
            18.92381,
            0
          ],
          [
            -99.19806,
            18.92382,
            0
          ],
          [
            -99.19803,
            18.92383,
            0
          ],
          [
            -99.19776,
            18.9239,
            0
          ],
          [
            -99.19715,
            18.92404,
            0
          ],
          [
            -99.19692,
            18.92409,
            0
          ],
          [
            -99.19688,
            18.92409,
            0
          ],
          [
            -99.19685,
            18.92409,
            0
          ],
          [
            -99.19677,
            18.92409,
            0
          ],
          [
            -99.19649,
            18.92405,
            0
          ],
          [
            -99.19617,
            18.92401,
            0
          ],
          [
            -99.19555,
            18.92394,
            0
          ],
          [
            -99.19536,
            18.92538,
            0
          ],
          [
            -99.19536,
            18.92544,
            0
          ],
          [
            -99.19532,
            18.92563,
            0
          ],
          [
            -99.19528,
            18.92597,
            0
          ],
          [
            -99.19527,
            18.92604,
            0
          ],
          [
            -99.19525,
            18.92632,
            0
          ],
          [
            -99.19519,
            18.92676,
            0
          ],
          [
            -99.1952,
            18.92683,
            0
          ],
          [
            -99.19526,
            18.92676,
            0
          ]
        ]
      },
      "properties": {
        "name": "AMPL. CHEDRAUI JACARANDAS",
        "description": {
          "@type": "html",
          "value": "descripción: <br>OID: 1199<br>ZONA: CENTRO<br>RUTA: RUTA 2<br>ITINERARIO: AMPL. CHEDRAUI JACARANDAS<br>DESCRIPCIO: CHEDRAUI JACARANDAS<br>AUTO-AMPL: AMPLIACION<br>DEFIN-PROV: DEFINITIVOS<br>DURACION: DEFINITIVA<br>FOLIO: SGG/DGT/SDP/000131/2000<br>SG/DGT/SDP/0346/2001"
        },
        "styleUrl": "#line-9C27B0-1200",
        "stroke-opacity": 1,
        "stroke": "#9c27b0",
        "stroke-width": 1.2,
        "descripción": "",
        "OID": "1199",
        "ZONA": "CENTRO",
        "RUTA": "RUTA 2",
        "ITINERARIO": "AMPL. CHEDRAUI JACARANDAS",
        "DESCRIPCIO": "CHEDRAUI JACARANDAS",
        "AUTO-AMPL": "AMPLIACION",
        "DEFIN-PROV": "DEFINITIVOS",
        "DURACION": "DEFINITIVA",
        "FOLIO": "SGG/DGT/SDP/000131/2000\nSG/DGT/SDP/0346/2001"
      }
    },
    {
      "type": "Feature",
      "geometry": {
        "type": "LineString",
        "coordinates": [
          [
            -99.19581,
            18.92654,
            0
          ],
          [
            -99.19557,
            18.92648,
            0
          ],
          [
            -99.19553,
            18.92648,
            0
          ],
          [
            -99.19551,
            18.92648,
            0
          ],
          [
            -99.19548,
            18.92649,
            0
          ],
          [
            -99.19547,
            18.9265,
            0
          ],
          [
            -99.19545,
            18.92652,
            0
          ],
          [
            -99.1952,
            18.92683,
            0
          ],
          [
            -99.19519,
            18.92676,
            0
          ],
          [
            -99.19454,
            18.92659,
            0
          ],
          [
            -99.19448,
            18.92656,
            0
          ],
          [
            -99.1943,
            18.9265,
            0
          ],
          [
            -99.19426,
            18.92649,
            0
          ],
          [
            -99.1942,
            18.92649,
            0
          ],
          [
            -99.19414,
            18.92649,
            0
          ],
          [
            -99.19411,
            18.92649,
            0
          ],
          [
            -99.19404,
            18.92648,
            0
          ],
          [
            -99.19387,
            18.9265,
            0
          ],
          [
            -99.19354,
            18.92655,
            0
          ],
          [
            -99.19349,
            18.92656,
            0
          ],
          [
            -99.19344,
            18.92626,
            0
          ],
          [
            -99.19338,
            18.9259,
            0
          ],
          [
            -99.193,
            18.92595,
            0
          ],
          [
            -99.19283,
            18.92597,
            0
          ],
          [
            -99.19262,
            18.92598,
            0
          ],
          [
            -99.19237,
            18.92593,
            0
          ],
          [
            -99.19208,
            18.92587,
            0
          ],
          [
            -99.19162,
            18.92584,
            0
          ],
          [
            -99.1916,
            18.92584,
            0
          ],
          [
            -99.19132,
            18.92581,
            0
          ],
          [
            -99.19121,
            18.9258,
            0
          ],
          [
            -99.19114,
            18.9258,
            0
          ],
          [
            -99.19098,
            18.92578,
            0
          ],
          [
            -99.19032,
            18.92577,
            0
          ],
          [
            -99.19015,
            18.92575,
            0
          ],
          [
            -99.18973,
            18.92574,
            0
          ],
          [
            -99.18937,
            18.92573,
            0
          ],
          [
            -99.18899,
            18.92571,
            0
          ],
          [
            -99.18892,
            18.92638,
            0
          ],
          [
            -99.18889,
            18.92667,
            0
          ],
          [
            -99.18886,
            18.92702,
            0
          ],
          [
            -99.18789,
            18.92686,
            0
          ],
          [
            -99.18801,
            18.92622,
            0
          ],
          [
            -99.18811,
            18.92569,
            0
          ],
          [
            -99.18813,
            18.92556,
            0
          ],
          [
            -99.18826,
            18.92494,
            0
          ],
          [
            -99.18835,
            18.92453,
            0
          ],
          [
            -99.1884,
            18.92428,
            0
          ],
          [
            -99.18841,
            18.92422,
            0
          ],
          [
            -99.18842,
            18.9241,
            0
          ],
          [
            -99.18859,
            18.92395,
            0
          ],
          [
            -99.1886,
            18.92395,
            0
          ],
          [
            -99.18861,
            18.92395,
            0
          ],
          [
            -99.18862,
            18.92395,
            0
          ],
          [
            -99.18863,
            18.92395,
            0
          ],
          [
            -99.18864,
            18.92395,
            0
          ],
          [
            -99.18865,
            18.92395,
            0
          ],
          [
            -99.18866,
            18.92395,
            0
          ],
          [
            -99.18867,
            18.92394,
            0
          ],
          [
            -99.18868,
            18.92394,
            0
          ],
          [
            -99.18869,
            18.92394,
            0
          ],
          [
            -99.18869,
            18.92393,
            0
          ],
          [
            -99.1887,
            18.92393,
            0
          ],
          [
            -99.1887,
            18.92392,
            0
          ],
          [
            -99.18871,
            18.92392,
            0
          ],
          [
            -99.18872,
            18.92391,
            0
          ],
          [
            -99.18873,
            18.9239,
            0
          ],
          [
            -99.18873,
            18.92389,
            0
          ],
          [
            -99.18874,
            18.92389,
            0
          ],
          [
            -99.18874,
            18.92388,
            0
          ],
          [
            -99.18874,
            18.92387,
            0
          ],
          [
            -99.18874,
            18.92386,
            0
          ],
          [
            -99.18874,
            18.92385,
            0
          ],
          [
            -99.18874,
            18.92384,
            0
          ],
          [
            -99.18874,
            18.92383,
            0
          ],
          [
            -99.18874,
            18.92382,
            0
          ],
          [
            -99.18874,
            18.92381,
            0
          ],
          [
            -99.18874,
            18.9238,
            0
          ],
          [
            -99.18873,
            18.9238,
            0
          ],
          [
            -99.18873,
            18.92379,
            0
          ],
          [
            -99.18873,
            18.92378,
            0
          ],
          [
            -99.18872,
            18.92378,
            0
          ],
          [
            -99.18872,
            18.92377,
            0
          ],
          [
            -99.18871,
            18.92377,
            0
          ],
          [
            -99.18871,
            18.92376,
            0
          ],
          [
            -99.1887,
            18.92376,
            0
          ],
          [
            -99.1887,
            18.92375,
            0
          ],
          [
            -99.18869,
            18.92375,
            0
          ],
          [
            -99.18869,
            18.92374,
            0
          ],
          [
            -99.18868,
            18.92374,
            0
          ],
          [
            -99.18867,
            18.92374,
            0
          ],
          [
            -99.18866,
            18.92373,
            0
          ],
          [
            -99.18865,
            18.92373,
            0
          ],
          [
            -99.18864,
            18.92373,
            0
          ],
          [
            -99.18863,
            18.92373,
            0
          ],
          [
            -99.18862,
            18.92373,
            0
          ],
          [
            -99.18861,
            18.92373,
            0
          ],
          [
            -99.1886,
            18.92373,
            0
          ],
          [
            -99.18859,
            18.92373,
            0
          ],
          [
            -99.18858,
            18.92373,
            0
          ],
          [
            -99.18858,
            18.92374,
            0
          ],
          [
            -99.18857,
            18.92374,
            0
          ],
          [
            -99.18856,
            18.92374,
            0
          ],
          [
            -99.18856,
            18.92375,
            0
          ],
          [
            -99.18855,
            18.92375,
            0
          ],
          [
            -99.18854,
            18.92376,
            0
          ],
          [
            -99.18853,
            18.92376,
            0
          ],
          [
            -99.18853,
            18.92377,
            0
          ],
          [
            -99.18852,
            18.92378,
            0
          ],
          [
            -99.18848,
            18.92376,
            0
          ],
          [
            -99.18841,
            18.92375,
            0
          ],
          [
            -99.18836,
            18.92375,
            0
          ],
          [
            -99.18833,
            18.92375,
            0
          ],
          [
            -99.18828,
            18.92375,
            0
          ],
          [
            -99.18756,
            18.92375,
            0
          ],
          [
            -99.18711,
            18.92373,
            0
          ],
          [
            -99.18654,
            18.92374,
            0
          ],
          [
            -99.18597,
            18.92374,
            0
          ],
          [
            -99.1855,
            18.92374,
            0
          ],
          [
            -99.1855,
            18.92335,
            0
          ],
          [
            -99.1855,
            18.92296,
            0
          ],
          [
            -99.1855,
            18.92261,
            0
          ],
          [
            -99.18549,
            18.9222,
            0
          ],
          [
            -99.1855,
            18.92184,
            0
          ],
          [
            -99.18549,
            18.92148,
            0
          ],
          [
            -99.18548,
            18.92111,
            0
          ],
          [
            -99.1854,
            18.92056,
            0
          ],
          [
            -99.18522,
            18.92053,
            0
          ],
          [
            -99.18508,
            18.92055,
            0
          ],
          [
            -99.18459,
            18.92064,
            0
          ],
          [
            -99.18414,
            18.9207,
            0
          ],
          [
            -99.1838,
            18.92076,
            0
          ],
          [
            -99.18365,
            18.92078,
            0
          ],
          [
            -99.18319,
            18.92085,
            0
          ],
          [
            -99.18316,
            18.92031,
            0
          ],
          [
            -99.18317,
            18.91986,
            0
          ],
          [
            -99.18317,
            18.91966,
            0
          ],
          [
            -99.18315,
            18.91867,
            0
          ],
          [
            -99.18313,
            18.91768,
            0
          ],
          [
            -99.18359,
            18.9176,
            0
          ],
          [
            -99.18383,
            18.91758,
            0
          ],
          [
            -99.18406,
            18.91754,
            0
          ],
          [
            -99.18452,
            18.91748,
            0
          ],
          [
            -99.18496,
            18.91739,
            0
          ],
          [
            -99.18555,
            18.91727,
            0
          ],
          [
            -99.18558,
            18.91726,
            0
          ],
          [
            -99.18573,
            18.91717,
            0
          ],
          [
            -99.18585,
            18.91705,
            0
          ],
          [
            -99.18606,
            18.91687,
            0
          ],
          [
            -99.18637,
            18.91662,
            0
          ],
          [
            -99.18649,
            18.91672,
            0
          ],
          [
            -99.18657,
            18.91679,
            0
          ],
          [
            -99.18657,
            18.9168,
            0
          ],
          [
            -99.18675,
            18.91696,
            0
          ],
          [
            -99.18704,
            18.91721,
            0
          ],
          [
            -99.1873,
            18.91746,
            0
          ],
          [
            -99.18757,
            18.9177,
            0
          ],
          [
            -99.18805,
            18.91811,
            0
          ],
          [
            -99.18821,
            18.91823,
            0
          ],
          [
            -99.18831,
            18.9183,
            0
          ],
          [
            -99.18838,
            18.91834,
            0
          ],
          [
            -99.18854,
            18.91841,
            0
          ],
          [
            -99.1886,
            18.91844,
            0
          ],
          [
            -99.18872,
            18.91849,
            0
          ],
          [
            -99.18896,
            18.91858,
            0
          ],
          [
            -99.18946,
            18.91874,
            0
          ],
          [
            -99.19093,
            18.91918,
            0
          ],
          [
            -99.19185,
            18.91946,
            0
          ],
          [
            -99.19229,
            18.9196,
            0
          ],
          [
            -99.19257,
            18.91968,
            0
          ],
          [
            -99.19346,
            18.91995,
            0
          ],
          [
            -99.19363,
            18.92,
            0
          ],
          [
            -99.19386,
            18.92004,
            0
          ],
          [
            -99.19397,
            18.92005,
            0
          ],
          [
            -99.19408,
            18.92005,
            0
          ],
          [
            -99.19422,
            18.92005,
            0
          ],
          [
            -99.19437,
            18.92002,
            0
          ],
          [
            -99.19451,
            18.91999,
            0
          ],
          [
            -99.19459,
            18.91997,
            0
          ],
          [
            -99.19477,
            18.91991,
            0
          ],
          [
            -99.1951,
            18.9198,
            0
          ],
          [
            -99.19532,
            18.91977,
            0
          ],
          [
            -99.19543,
            18.91976,
            0
          ],
          [
            -99.19558,
            18.91974,
            0
          ],
          [
            -99.19574,
            18.91973,
            0
          ],
          [
            -99.19586,
            18.91973,
            0
          ],
          [
            -99.19597,
            18.91974,
            0
          ],
          [
            -99.1961,
            18.91975,
            0
          ],
          [
            -99.19622,
            18.91977,
            0
          ],
          [
            -99.19636,
            18.91979,
            0
          ],
          [
            -99.19649,
            18.91981,
            0
          ],
          [
            -99.19689,
            18.91989,
            0
          ],
          [
            -99.19723,
            18.91996,
            0
          ],
          [
            -99.19725,
            18.91996,
            0
          ],
          [
            -99.19749,
            18.92001,
            0
          ],
          [
            -99.19771,
            18.92007,
            0
          ],
          [
            -99.19777,
            18.92009,
            0
          ],
          [
            -99.19778,
            18.9201,
            0
          ],
          [
            -99.19786,
            18.92012,
            0
          ],
          [
            -99.19787,
            18.92012,
            0
          ],
          [
            -99.19794,
            18.92015,
            0
          ],
          [
            -99.19809,
            18.92021,
            0
          ],
          [
            -99.19826,
            18.92029,
            0
          ],
          [
            -99.19866,
            18.92046,
            0
          ],
          [
            -99.19869,
            18.92047,
            0
          ],
          [
            -99.19873,
            18.92049,
            0
          ],
          [
            -99.19924,
            18.9207,
            0
          ],
          [
            -99.1994,
            18.92076,
            0
          ],
          [
            -99.19943,
            18.92077,
            0
          ],
          [
            -99.19948,
            18.92079,
            0
          ],
          [
            -99.19952,
            18.9208,
            0
          ],
          [
            -99.19955,
            18.92081,
            0
          ],
          [
            -99.19956,
            18.92082,
            0
          ],
          [
            -99.1998,
            18.92089,
            0
          ],
          [
            -99.19988,
            18.92092,
            0
          ],
          [
            -99.20009,
            18.92096,
            0
          ],
          [
            -99.20018,
            18.92098,
            0
          ],
          [
            -99.20037,
            18.921,
            0
          ],
          [
            -99.20045,
            18.921,
            0
          ],
          [
            -99.20051,
            18.92101,
            0
          ],
          [
            -99.2006,
            18.92102,
            0
          ],
          [
            -99.20086,
            18.92103,
            0
          ],
          [
            -99.20125,
            18.92103,
            0
          ],
          [
            -99.20141,
            18.92103,
            0
          ],
          [
            -99.20144,
            18.92103,
            0
          ],
          [
            -99.20159,
            18.92102,
            0
          ],
          [
            -99.20198,
            18.921,
            0
          ],
          [
            -99.20221,
            18.92099,
            0
          ],
          [
            -99.20241,
            18.92099,
            0
          ],
          [
            -99.20263,
            18.921,
            0
          ],
          [
            -99.20277,
            18.92101,
            0
          ],
          [
            -99.20293,
            18.92103,
            0
          ],
          [
            -99.20317,
            18.92109,
            0
          ],
          [
            -99.20336,
            18.92113,
            0
          ],
          [
            -99.20369,
            18.92122,
            0
          ],
          [
            -99.20387,
            18.92126,
            0
          ],
          [
            -99.20411,
            18.92134,
            0
          ],
          [
            -99.2044,
            18.92148,
            0
          ],
          [
            -99.20445,
            18.92152,
            0
          ],
          [
            -99.2047,
            18.92162,
            0
          ],
          [
            -99.20476,
            18.92165,
            0
          ],
          [
            -99.20483,
            18.92167,
            0
          ],
          [
            -99.20491,
            18.92169,
            0
          ],
          [
            -99.205,
            18.92171,
            0
          ],
          [
            -99.2051,
            18.92171,
            0
          ],
          [
            -99.20522,
            18.9217,
            0
          ],
          [
            -99.20529,
            18.92169,
            0
          ],
          [
            -99.20569,
            18.92168,
            0
          ],
          [
            -99.20612,
            18.92166,
            0
          ],
          [
            -99.20625,
            18.92166,
            0
          ],
          [
            -99.20636,
            18.92167,
            0
          ],
          [
            -99.20655,
            18.92169,
            0
          ],
          [
            -99.2069,
            18.92174,
            0
          ],
          [
            -99.20705,
            18.92176,
            0
          ],
          [
            -99.20714,
            18.92178,
            0
          ],
          [
            -99.20724,
            18.92181,
            0
          ],
          [
            -99.20739,
            18.92186,
            0
          ],
          [
            -99.20762,
            18.92196,
            0
          ],
          [
            -99.20774,
            18.92203,
            0
          ],
          [
            -99.20785,
            18.9221,
            0
          ],
          [
            -99.20798,
            18.92221,
            0
          ],
          [
            -99.20814,
            18.92234,
            0
          ],
          [
            -99.20836,
            18.92252,
            0
          ],
          [
            -99.20861,
            18.92273,
            0
          ],
          [
            -99.20873,
            18.92282,
            0
          ],
          [
            -99.20887,
            18.9229,
            0
          ],
          [
            -99.20899,
            18.92296,
            0
          ],
          [
            -99.20905,
            18.92299,
            0
          ],
          [
            -99.20913,
            18.92302,
            0
          ],
          [
            -99.20925,
            18.92307,
            0
          ],
          [
            -99.20938,
            18.92312,
            0
          ],
          [
            -99.20972,
            18.92321,
            0
          ],
          [
            -99.20978,
            18.92323,
            0
          ],
          [
            -99.21013,
            18.92331,
            0
          ],
          [
            -99.21041,
            18.92334,
            0
          ],
          [
            -99.2108,
            18.92343,
            0
          ],
          [
            -99.21131,
            18.92357,
            0
          ],
          [
            -99.21157,
            18.92363,
            0
          ],
          [
            -99.2118,
            18.92368,
            0
          ],
          [
            -99.21211,
            18.92378,
            0
          ],
          [
            -99.21271,
            18.92392,
            0
          ],
          [
            -99.21318,
            18.92403,
            0
          ],
          [
            -99.21365,
            18.9241,
            0
          ],
          [
            -99.21399,
            18.92412,
            0
          ],
          [
            -99.2146,
            18.92413,
            0
          ],
          [
            -99.21462,
            18.92413,
            0
          ],
          [
            -99.21481,
            18.92413,
            0
          ],
          [
            -99.21499,
            18.92413,
            0
          ],
          [
            -99.2152,
            18.92413,
            0
          ],
          [
            -99.21592,
            18.92413,
            0
          ],
          [
            -99.21646,
            18.92413,
            0
          ],
          [
            -99.21656,
            18.92413,
            0
          ],
          [
            -99.21694,
            18.92414,
            0
          ],
          [
            -99.2176,
            18.92412,
            0
          ],
          [
            -99.21798,
            18.92411,
            0
          ],
          [
            -99.21861,
            18.9241,
            0
          ],
          [
            -99.21877,
            18.9241,
            0
          ],
          [
            -99.2201,
            18.92407,
            0
          ],
          [
            -99.22033,
            18.92408,
            0
          ],
          [
            -99.22076,
            18.92409,
            0
          ],
          [
            -99.22097,
            18.92411,
            0
          ],
          [
            -99.22106,
            18.92413,
            0
          ],
          [
            -99.22153,
            18.92425,
            0
          ],
          [
            -99.22163,
            18.92428,
            0
          ],
          [
            -99.22233,
            18.92444,
            0
          ],
          [
            -99.22251,
            18.92448,
            0
          ],
          [
            -99.22325,
            18.92465,
            0
          ],
          [
            -99.22336,
            18.92467,
            0
          ],
          [
            -99.22339,
            18.92468,
            0
          ],
          [
            -99.22416,
            18.92485,
            0
          ],
          [
            -99.22492,
            18.92502,
            0
          ],
          [
            -99.22544,
            18.92514,
            0
          ],
          [
            -99.22584,
            18.92523,
            0
          ],
          [
            -99.22611,
            18.92529,
            0
          ],
          [
            -99.22732,
            18.92557,
            0
          ],
          [
            -99.22769,
            18.92566,
            0
          ],
          [
            -99.22774,
            18.92567,
            0
          ],
          [
            -99.22793,
            18.92572,
            0
          ],
          [
            -99.2281,
            18.92578,
            0
          ],
          [
            -99.22824,
            18.92584,
            0
          ],
          [
            -99.22842,
            18.92594,
            0
          ],
          [
            -99.22864,
            18.92608,
            0
          ],
          [
            -99.22874,
            18.92616,
            0
          ],
          [
            -99.22878,
            18.92619,
            0
          ],
          [
            -99.22888,
            18.92628,
            0
          ],
          [
            -99.22908,
            18.92649,
            0
          ],
          [
            -99.22925,
            18.92669,
            0
          ],
          [
            -99.22934,
            18.92681,
            0
          ],
          [
            -99.22943,
            18.92698,
            0
          ],
          [
            -99.22951,
            18.92712,
            0
          ],
          [
            -99.22963,
            18.92741,
            0
          ],
          [
            -99.22982,
            18.92787,
            0
          ],
          [
            -99.22984,
            18.92793,
            0
          ],
          [
            -99.23006,
            18.92848,
            0
          ],
          [
            -99.23025,
            18.92895,
            0
          ],
          [
            -99.23043,
            18.92935,
            0
          ],
          [
            -99.23047,
            18.92947,
            0
          ],
          [
            -99.23055,
            18.9297,
            0
          ],
          [
            -99.23058,
            18.92977,
            0
          ],
          [
            -99.23063,
            18.93004,
            0
          ],
          [
            -99.23069,
            18.93031,
            0
          ],
          [
            -99.23069,
            18.93038,
            0
          ],
          [
            -99.23071,
            18.93047,
            0
          ],
          [
            -99.23072,
            18.93059,
            0
          ],
          [
            -99.23073,
            18.9307,
            0
          ],
          [
            -99.23066,
            18.93071,
            0
          ],
          [
            -99.23064,
            18.93071,
            0
          ],
          [
            -99.23058,
            18.93073,
            0
          ],
          [
            -99.23053,
            18.93075,
            0
          ],
          [
            -99.23041,
            18.93081,
            0
          ],
          [
            -99.23034,
            18.93085,
            0
          ],
          [
            -99.22971,
            18.93121,
            0
          ],
          [
            -99.22967,
            18.93123,
            0
          ],
          [
            -99.22962,
            18.93124,
            0
          ],
          [
            -99.22959,
            18.93126,
            0
          ],
          [
            -99.22949,
            18.93127,
            0
          ],
          [
            -99.22934,
            18.9313,
            0
          ],
          [
            -99.22916,
            18.93132,
            0
          ],
          [
            -99.22907,
            18.93134,
            0
          ],
          [
            -99.22906,
            18.93134,
            0
          ],
          [
            -99.22902,
            18.93136,
            0
          ],
          [
            -99.22899,
            18.93139,
            0
          ],
          [
            -99.22893,
            18.9315,
            0
          ],
          [
            -99.22885,
            18.93171,
            0
          ],
          [
            -99.22876,
            18.93195,
            0
          ],
          [
            -99.22899,
            18.93208,
            0
          ],
          [
            -99.22934,
            18.93226,
            0
          ],
          [
            -99.22966,
            18.93207,
            0
          ],
          [
            -99.22979,
            18.93205,
            0
          ],
          [
            -99.22985,
            18.93207,
            0
          ],
          [
            -99.22986,
            18.93207,
            0
          ],
          [
            -99.22987,
            18.93207,
            0
          ],
          [
            -99.23028,
            18.93207,
            0
          ],
          [
            -99.23079,
            18.93208,
            0
          ],
          [
            -99.23089,
            18.93208,
            0
          ],
          [
            -99.231,
            18.93209,
            0
          ],
          [
            -99.23132,
            18.93211,
            0
          ],
          [
            -99.23136,
            18.93211,
            0
          ],
          [
            -99.2315,
            18.93212,
            0
          ],
          [
            -99.23172,
            18.93213,
            0
          ],
          [
            -99.23173,
            18.93213,
            0
          ],
          [
            -99.23175,
            18.93212,
            0
          ],
          [
            -99.23177,
            18.93212,
            0
          ],
          [
            -99.23182,
            18.9321,
            0
          ],
          [
            -99.23196,
            18.9321,
            0
          ],
          [
            -99.23204,
            18.93209,
            0
          ],
          [
            -99.23228,
            18.93204,
            0
          ],
          [
            -99.23236,
            18.93204,
            0
          ],
          [
            -99.23255,
            18.93205,
            0
          ],
          [
            -99.23267,
            18.9319,
            0
          ],
          [
            -99.23273,
            18.93185,
            0
          ],
          [
            -99.2328,
            18.93181,
            0
          ],
          [
            -99.23286,
            18.93176,
            0
          ],
          [
            -99.23306,
            18.93162,
            0
          ],
          [
            -99.23316,
            18.93154,
            0
          ],
          [
            -99.23328,
            18.93149,
            0
          ],
          [
            -99.23341,
            18.93146,
            0
          ],
          [
            -99.23346,
            18.93145,
            0
          ],
          [
            -99.2335,
            18.93144,
            0
          ],
          [
            -99.23357,
            18.93144,
            0
          ],
          [
            -99.2336,
            18.93145,
            0
          ],
          [
            -99.23365,
            18.93146,
            0
          ],
          [
            -99.23368,
            18.93147,
            0
          ],
          [
            -99.23373,
            18.93149,
            0
          ],
          [
            -99.23375,
            18.9315,
            0
          ],
          [
            -99.23381,
            18.93155,
            0
          ],
          [
            -99.23385,
            18.93158,
            0
          ],
          [
            -99.23389,
            18.93162,
            0
          ],
          [
            -99.23394,
            18.93168,
            0
          ],
          [
            -99.23396,
            18.93173,
            0
          ],
          [
            -99.23409,
            18.93195,
            0
          ],
          [
            -99.23415,
            18.93207,
            0
          ],
          [
            -99.23417,
            18.9321,
            0
          ],
          [
            -99.23418,
            18.93211,
            0
          ],
          [
            -99.2342,
            18.93213,
            0
          ],
          [
            -99.23426,
            18.93217,
            0
          ],
          [
            -99.23432,
            18.9322,
            0
          ],
          [
            -99.23435,
            18.93221,
            0
          ],
          [
            -99.2344,
            18.93222,
            0
          ],
          [
            -99.23445,
            18.93223,
            0
          ],
          [
            -99.23456,
            18.93224,
            0
          ],
          [
            -99.23471,
            18.93221,
            0
          ],
          [
            -99.23477,
            18.93219,
            0
          ],
          [
            -99.23484,
            18.93216,
            0
          ],
          [
            -99.23496,
            18.93209,
            0
          ],
          [
            -99.23501,
            18.93204,
            0
          ],
          [
            -99.23504,
            18.932,
            0
          ],
          [
            -99.23507,
            18.93196,
            0
          ],
          [
            -99.23509,
            18.93192,
            0
          ],
          [
            -99.2351,
            18.93189,
            0
          ],
          [
            -99.2351,
            18.93185,
            0
          ],
          [
            -99.2351,
            18.93182,
            0
          ],
          [
            -99.23506,
            18.93135,
            0
          ],
          [
            -99.23502,
            18.93082,
            0
          ],
          [
            -99.23501,
            18.93064,
            0
          ],
          [
            -99.23502,
            18.93048,
            0
          ],
          [
            -99.23504,
            18.93027,
            0
          ],
          [
            -99.23508,
            18.93007,
            0
          ],
          [
            -99.23512,
            18.92986,
            0
          ],
          [
            -99.23513,
            18.92976,
            0
          ],
          [
            -99.23513,
            18.92972,
            0
          ],
          [
            -99.23513,
            18.92968,
            0
          ],
          [
            -99.23513,
            18.92958,
            0
          ],
          [
            -99.23512,
            18.92949,
            0
          ],
          [
            -99.23506,
            18.9291,
            0
          ],
          [
            -99.23504,
            18.92901,
            0
          ],
          [
            -99.23504,
            18.92891,
            0
          ],
          [
            -99.23505,
            18.92884,
            0
          ],
          [
            -99.23506,
            18.92879,
            0
          ],
          [
            -99.23508,
            18.92874,
            0
          ],
          [
            -99.23513,
            18.92866,
            0
          ],
          [
            -99.23515,
            18.92864,
            0
          ],
          [
            -99.23521,
            18.92859,
            0
          ],
          [
            -99.2353,
            18.92856,
            0
          ],
          [
            -99.23537,
            18.92854,
            0
          ],
          [
            -99.23543,
            18.92854,
            0
          ],
          [
            -99.2355,
            18.92851,
            0
          ],
          [
            -99.23554,
            18.92853,
            0
          ],
          [
            -99.23555,
            18.92853,
            0
          ],
          [
            -99.23558,
            18.92855,
            0
          ],
          [
            -99.23562,
            18.92858,
            0
          ],
          [
            -99.23568,
            18.92863,
            0
          ],
          [
            -99.23574,
            18.92869,
            0
          ],
          [
            -99.23578,
            18.92874,
            0
          ],
          [
            -99.23606,
            18.92912,
            0
          ],
          [
            -99.23612,
            18.9292,
            0
          ],
          [
            -99.23626,
            18.92933,
            0
          ],
          [
            -99.23648,
            18.9295,
            0
          ],
          [
            -99.23655,
            18.92956,
            0
          ],
          [
            -99.23679,
            18.92971,
            0
          ],
          [
            -99.23711,
            18.9299,
            0
          ],
          [
            -99.23716,
            18.92991,
            0
          ],
          [
            -99.23722,
            18.92991,
            0
          ],
          [
            -99.2373,
            18.92991,
            0
          ],
          [
            -99.23737,
            18.92989,
            0
          ],
          [
            -99.23754,
            18.92997,
            0
          ],
          [
            -99.23766,
            18.92984,
            0
          ],
          [
            -99.23767,
            18.92983,
            0
          ],
          [
            -99.23768,
            18.9298,
            0
          ],
          [
            -99.23769,
            18.92977,
            0
          ],
          [
            -99.23773,
            18.92964,
            0
          ],
          [
            -99.23785,
            18.92946,
            0
          ],
          [
            -99.23784,
            18.92936,
            0
          ],
          [
            -99.23783,
            18.92932,
            0
          ],
          [
            -99.23782,
            18.92927,
            0
          ],
          [
            -99.2378,
            18.92923,
            0
          ],
          [
            -99.23777,
            18.92921,
            0
          ],
          [
            -99.23749,
            18.92898,
            0
          ],
          [
            -99.23744,
            18.92893,
            0
          ],
          [
            -99.23741,
            18.9289,
            0
          ],
          [
            -99.23739,
            18.92887,
            0
          ],
          [
            -99.23738,
            18.92881,
            0
          ],
          [
            -99.23737,
            18.9287,
            0
          ],
          [
            -99.23732,
            18.92802,
            0
          ],
          [
            -99.23729,
            18.92748,
            0
          ],
          [
            -99.23724,
            18.92698,
            0
          ],
          [
            -99.23723,
            18.92696,
            0
          ],
          [
            -99.23722,
            18.92694,
            0
          ],
          [
            -99.2372,
            18.92692,
            0
          ],
          [
            -99.23693,
            18.92667,
            0
          ],
          [
            -99.23635,
            18.92615,
            0
          ],
          [
            -99.23625,
            18.92604,
            0
          ],
          [
            -99.23606,
            18.92586,
            0
          ],
          [
            -99.236,
            18.92566,
            0
          ],
          [
            -99.23585,
            18.92511,
            0
          ],
          [
            -99.23574,
            18.92468,
            0
          ],
          [
            -99.23567,
            18.92422,
            0
          ],
          [
            -99.23566,
            18.92416,
            0
          ],
          [
            -99.23557,
            18.92384,
            0
          ],
          [
            -99.23547,
            18.92341,
            0
          ],
          [
            -99.23545,
            18.92328,
            0
          ],
          [
            -99.2354,
            18.92307,
            0
          ],
          [
            -99.23531,
            18.92274,
            0
          ],
          [
            -99.23531,
            18.92273,
            0
          ],
          [
            -99.23531,
            18.92271,
            0
          ],
          [
            -99.23531,
            18.92268,
            0
          ],
          [
            -99.23534,
            18.9226,
            0
          ],
          [
            -99.23533,
            18.92259,
            0
          ],
          [
            -99.23532,
            18.92258,
            0
          ],
          [
            -99.23526,
            18.92212,
            0
          ],
          [
            -99.23525,
            18.92203,
            0
          ],
          [
            -99.23516,
            18.92138,
            0
          ],
          [
            -99.23512,
            18.92113,
            0
          ],
          [
            -99.2351,
            18.92083,
            0
          ],
          [
            -99.23509,
            18.92033,
            0
          ],
          [
            -99.23508,
            18.91889,
            0
          ],
          [
            -99.23511,
            18.91889,
            0
          ],
          [
            -99.2351,
            18.91827,
            0
          ],
          [
            -99.2351,
            18.91809,
            0
          ],
          [
            -99.23509,
            18.91755,
            0
          ],
          [
            -99.23508,
            18.91732,
            0
          ],
          [
            -99.23508,
            18.91712,
            0
          ],
          [
            -99.23506,
            18.91655,
            0
          ],
          [
            -99.23504,
            18.9158,
            0
          ],
          [
            -99.23504,
            18.91577,
            0
          ],
          [
            -99.23496,
            18.91496,
            0
          ],
          [
            -99.23494,
            18.91472,
            0
          ],
          [
            -99.23488,
            18.91425,
            0
          ],
          [
            -99.23468,
            18.91353,
            0
          ],
          [
            -99.2346,
            18.91332,
            0
          ],
          [
            -99.23449,
            18.91311,
            0
          ],
          [
            -99.23434,
            18.9129,
            0
          ],
          [
            -99.23394,
            18.91223,
            0
          ],
          [
            -99.23381,
            18.912,
            0
          ],
          [
            -99.23356,
            18.91152,
            0
          ],
          [
            -99.23335,
            18.91105,
            0
          ],
          [
            -99.23313,
            18.91054,
            0
          ],
          [
            -99.23296,
            18.91009,
            0
          ],
          [
            -99.23284,
            18.90976,
            0
          ],
          [
            -99.23276,
            18.90955,
            0
          ],
          [
            -99.23263,
            18.90919,
            0
          ],
          [
            -99.23254,
            18.9089,
            0
          ],
          [
            -99.23249,
            18.90872,
            0
          ],
          [
            -99.23242,
            18.90853,
            0
          ],
          [
            -99.23236,
            18.90833,
            0
          ],
          [
            -99.23217,
            18.9076,
            0
          ],
          [
            -99.23214,
            18.90743,
            0
          ],
          [
            -99.23213,
            18.90731,
            0
          ],
          [
            -99.23209,
            18.9071,
            0
          ],
          [
            -99.23212,
            18.90709,
            0
          ],
          [
            -99.23222,
            18.90706,
            0
          ],
          [
            -99.23213,
            18.90685,
            0
          ],
          [
            -99.2321,
            18.90673,
            0
          ],
          [
            -99.23208,
            18.90666,
            0
          ],
          [
            -99.23208,
            18.90665,
            0
          ],
          [
            -99.23206,
            18.90657,
            0
          ],
          [
            -99.23204,
            18.90643,
            0
          ],
          [
            -99.232,
            18.90625,
            0
          ],
          [
            -99.23196,
            18.90599,
            0
          ],
          [
            -99.23192,
            18.90594,
            0
          ],
          [
            -99.23187,
            18.90573,
            0
          ],
          [
            -99.23185,
            18.90555,
            0
          ],
          [
            -99.23177,
            18.90501,
            0
          ],
          [
            -99.23172,
            18.90467,
            0
          ],
          [
            -99.2317,
            18.90451,
            0
          ],
          [
            -99.23169,
            18.90448,
            0
          ],
          [
            -99.23168,
            18.90438,
            0
          ],
          [
            -99.23163,
            18.90386,
            0
          ],
          [
            -99.23161,
            18.90364,
            0
          ],
          [
            -99.23158,
            18.90329,
            0
          ],
          [
            -99.23155,
            18.90298,
            0
          ],
          [
            -99.23154,
            18.90289,
            0
          ],
          [
            -99.23153,
            18.90274,
            0
          ],
          [
            -99.23152,
            18.90264,
            0
          ],
          [
            -99.23152,
            18.90257,
            0
          ],
          [
            -99.23148,
            18.90202,
            0
          ],
          [
            -99.23147,
            18.90192,
            0
          ],
          [
            -99.23143,
            18.90153,
            0
          ],
          [
            -99.23143,
            18.90147,
            0
          ],
          [
            -99.23141,
            18.90127,
            0
          ],
          [
            -99.23133,
            18.90094,
            0
          ],
          [
            -99.23119,
            18.90043,
            0
          ],
          [
            -99.23116,
            18.90032,
            0
          ],
          [
            -99.23107,
            18.89999,
            0
          ],
          [
            -99.23105,
            18.89993,
            0
          ],
          [
            -99.23102,
            18.89985,
            0
          ],
          [
            -99.23099,
            18.89975,
            0
          ],
          [
            -99.23088,
            18.89942,
            0
          ],
          [
            -99.23079,
            18.89916,
            0
          ],
          [
            -99.23056,
            18.89847,
            0
          ],
          [
            -99.23033,
            18.89782,
            0
          ],
          [
            -99.23019,
            18.89751,
            0
          ],
          [
            -99.23078,
            18.89736,
            0
          ],
          [
            -99.23086,
            18.89736,
            0
          ],
          [
            -99.2309,
            18.89737,
            0
          ],
          [
            -99.23101,
            18.89738,
            0
          ],
          [
            -99.23107,
            18.89739,
            0
          ],
          [
            -99.23112,
            18.89739,
            0
          ],
          [
            -99.23126,
            18.8974,
            0
          ],
          [
            -99.23146,
            18.8974,
            0
          ],
          [
            -99.23158,
            18.89739,
            0
          ],
          [
            -99.23165,
            18.89739,
            0
          ],
          [
            -99.23194,
            18.89737,
            0
          ],
          [
            -99.23217,
            18.89735,
            0
          ],
          [
            -99.23234,
            18.89733,
            0
          ],
          [
            -99.23255,
            18.8973,
            0
          ],
          [
            -99.23277,
            18.89729,
            0
          ],
          [
            -99.23289,
            18.89727,
            0
          ],
          [
            -99.23309,
            18.89724,
            0
          ],
          [
            -99.23324,
            18.89722,
            0
          ],
          [
            -99.23336,
            18.89721,
            0
          ],
          [
            -99.23365,
            18.89718,
            0
          ],
          [
            -99.2337,
            18.89717,
            0
          ],
          [
            -99.23374,
            18.89716,
            0
          ],
          [
            -99.2338,
            18.89712,
            0
          ],
          [
            -99.23418,
            18.89711,
            0
          ],
          [
            -99.23444,
            18.89709,
            0
          ],
          [
            -99.23455,
            18.89708,
            0
          ],
          [
            -99.23466,
            18.89707,
            0
          ],
          [
            -99.23473,
            18.89706,
            0
          ],
          [
            -99.23474,
            18.89706,
            0
          ],
          [
            -99.23479,
            18.89704,
            0
          ],
          [
            -99.23488,
            18.897,
            0
          ],
          [
            -99.2349,
            18.89699,
            0
          ],
          [
            -99.23492,
            18.89696,
            0
          ],
          [
            -99.23495,
            18.89693,
            0
          ],
          [
            -99.23497,
            18.8969,
            0
          ],
          [
            -99.23498,
            18.89687,
            0
          ],
          [
            -99.23499,
            18.89682,
            0
          ],
          [
            -99.23499,
            18.89679,
            0
          ],
          [
            -99.23498,
            18.89676,
            0
          ],
          [
            -99.23497,
            18.89673,
            0
          ],
          [
            -99.23495,
            18.89669,
            0
          ],
          [
            -99.23491,
            18.89665,
            0
          ],
          [
            -99.23488,
            18.89663,
            0
          ],
          [
            -99.23481,
            18.89658,
            0
          ],
          [
            -99.23475,
            18.89657,
            0
          ],
          [
            -99.23464,
            18.89654,
            0
          ],
          [
            -99.2346,
            18.89653,
            0
          ],
          [
            -99.23456,
            18.89651,
            0
          ],
          [
            -99.23454,
            18.89649,
            0
          ],
          [
            -99.23451,
            18.89646,
            0
          ],
          [
            -99.23433,
            18.896,
            0
          ],
          [
            -99.23428,
            18.89586,
            0
          ],
          [
            -99.23428,
            18.89583,
            0
          ],
          [
            -99.23418,
            18.89583,
            0
          ],
          [
            -99.23417,
            18.89583,
            0
          ],
          [
            -99.23378,
            18.89587,
            0
          ],
          [
            -99.2337,
            18.89576,
            0
          ],
          [
            -99.23365,
            18.89568,
            0
          ],
          [
            -99.23361,
            18.89558,
            0
          ],
          [
            -99.23353,
            18.89536,
            0
          ],
          [
            -99.2334,
            18.89501,
            0
          ],
          [
            -99.23335,
            18.89486,
            0
          ],
          [
            -99.23316,
            18.89452,
            0
          ],
          [
            -99.23296,
            18.89419,
            0
          ],
          [
            -99.2329,
            18.89407,
            0
          ],
          [
            -99.23271,
            18.89369,
            0
          ],
          [
            -99.23257,
            18.89342,
            0
          ],
          [
            -99.23248,
            18.89326,
            0
          ],
          [
            -99.23242,
            18.89309,
            0
          ],
          [
            -99.2324,
            18.89304,
            0
          ],
          [
            -99.23238,
            18.89297,
            0
          ],
          [
            -99.23236,
            18.89294,
            0
          ],
          [
            -99.23236,
            18.89292,
            0
          ]
        ]
      },
      "properties": {
        "name": "COL. HERNANDEZ NAVARRO-COL. CHIPITLAN",
        "styleUrl": "#line-A52714-2550-nodesc",
        "stroke-opacity": 1,
        "stroke": "#a52714",
        "stroke-width": 2.55
      }
    },
    {
      "type": "Feature",
      "geometry": {
        "type": "LineString",
        "coordinates": [
          [
            -99.23235,
            18.8929,
            0
          ],
          [
            -99.23236,
            18.89292,
            0
          ],
          [
            -99.23236,
            18.89294,
            0
          ],
          [
            -99.23238,
            18.89297,
            0
          ],
          [
            -99.2324,
            18.89304,
            0
          ],
          [
            -99.23242,
            18.89309,
            0
          ],
          [
            -99.23248,
            18.89326,
            0
          ],
          [
            -99.23257,
            18.89342,
            0
          ],
          [
            -99.23271,
            18.89369,
            0
          ],
          [
            -99.2329,
            18.89407,
            0
          ],
          [
            -99.23296,
            18.89419,
            0
          ],
          [
            -99.23316,
            18.89452,
            0
          ],
          [
            -99.23335,
            18.89486,
            0
          ],
          [
            -99.2334,
            18.89501,
            0
          ],
          [
            -99.23353,
            18.89536,
            0
          ],
          [
            -99.23361,
            18.89558,
            0
          ],
          [
            -99.23365,
            18.89568,
            0
          ],
          [
            -99.2337,
            18.89576,
            0
          ],
          [
            -99.23378,
            18.89587,
            0
          ],
          [
            -99.23417,
            18.89583,
            0
          ],
          [
            -99.23418,
            18.89583,
            0
          ],
          [
            -99.23428,
            18.89583,
            0
          ],
          [
            -99.23428,
            18.89586,
            0
          ],
          [
            -99.23433,
            18.896,
            0
          ],
          [
            -99.23451,
            18.89646,
            0
          ],
          [
            -99.23454,
            18.89649,
            0
          ],
          [
            -99.23456,
            18.89651,
            0
          ],
          [
            -99.2346,
            18.89653,
            0
          ],
          [
            -99.23464,
            18.89654,
            0
          ],
          [
            -99.23475,
            18.89657,
            0
          ],
          [
            -99.23481,
            18.89658,
            0
          ],
          [
            -99.23488,
            18.89663,
            0
          ],
          [
            -99.23491,
            18.89665,
            0
          ],
          [
            -99.23495,
            18.89669,
            0
          ],
          [
            -99.23497,
            18.89673,
            0
          ],
          [
            -99.23498,
            18.89676,
            0
          ],
          [
            -99.23499,
            18.89679,
            0
          ],
          [
            -99.23499,
            18.89682,
            0
          ],
          [
            -99.23498,
            18.89687,
            0
          ],
          [
            -99.23497,
            18.8969,
            0
          ],
          [
            -99.23495,
            18.89693,
            0
          ],
          [
            -99.23492,
            18.89696,
            0
          ],
          [
            -99.2349,
            18.89699,
            0
          ],
          [
            -99.23488,
            18.897,
            0
          ],
          [
            -99.23479,
            18.89704,
            0
          ],
          [
            -99.23474,
            18.89706,
            0
          ],
          [
            -99.23473,
            18.89706,
            0
          ],
          [
            -99.23466,
            18.89707,
            0
          ],
          [
            -99.23455,
            18.89708,
            0
          ],
          [
            -99.23444,
            18.89709,
            0
          ],
          [
            -99.23418,
            18.89711,
            0
          ],
          [
            -99.2338,
            18.89712,
            0
          ],
          [
            -99.23372,
            18.89711,
            0
          ],
          [
            -99.23369,
            18.8971,
            0
          ],
          [
            -99.23325,
            18.89716,
            0
          ],
          [
            -99.23323,
            18.89717,
            0
          ],
          [
            -99.23275,
            18.89722,
            0
          ],
          [
            -99.23216,
            18.89728,
            0
          ],
          [
            -99.23194,
            18.89731,
            0
          ],
          [
            -99.23175,
            18.89732,
            0
          ],
          [
            -99.23159,
            18.89732,
            0
          ],
          [
            -99.23156,
            18.89732,
            0
          ],
          [
            -99.23134,
            18.89732,
            0
          ],
          [
            -99.23128,
            18.89732,
            0
          ],
          [
            -99.2312,
            18.89732,
            0
          ],
          [
            -99.23115,
            18.89732,
            0
          ],
          [
            -99.2311,
            18.89731,
            0
          ],
          [
            -99.23105,
            18.8973,
            0
          ],
          [
            -99.23097,
            18.89729,
            0
          ],
          [
            -99.23094,
            18.89728,
            0
          ],
          [
            -99.23091,
            18.89728,
            0
          ],
          [
            -99.23089,
            18.89728,
            0
          ],
          [
            -99.23084,
            18.89728,
            0
          ],
          [
            -99.23078,
            18.89736,
            0
          ],
          [
            -99.23019,
            18.89751,
            0
          ],
          [
            -99.23033,
            18.89782,
            0
          ],
          [
            -99.23056,
            18.89847,
            0
          ],
          [
            -99.23079,
            18.89916,
            0
          ],
          [
            -99.23088,
            18.89942,
            0
          ],
          [
            -99.23099,
            18.89975,
            0
          ],
          [
            -99.23102,
            18.89985,
            0
          ],
          [
            -99.23105,
            18.89993,
            0
          ],
          [
            -99.23107,
            18.89999,
            0
          ],
          [
            -99.23116,
            18.90032,
            0
          ],
          [
            -99.23119,
            18.90043,
            0
          ],
          [
            -99.23133,
            18.90094,
            0
          ],
          [
            -99.23141,
            18.90127,
            0
          ],
          [
            -99.23143,
            18.90147,
            0
          ],
          [
            -99.23143,
            18.90153,
            0
          ],
          [
            -99.23147,
            18.90192,
            0
          ],
          [
            -99.23148,
            18.90202,
            0
          ],
          [
            -99.23152,
            18.90257,
            0
          ],
          [
            -99.23152,
            18.90264,
            0
          ],
          [
            -99.23153,
            18.90274,
            0
          ],
          [
            -99.23154,
            18.90289,
            0
          ],
          [
            -99.23155,
            18.90298,
            0
          ],
          [
            -99.23158,
            18.90329,
            0
          ],
          [
            -99.23161,
            18.90364,
            0
          ],
          [
            -99.23163,
            18.90386,
            0
          ],
          [
            -99.23168,
            18.90438,
            0
          ],
          [
            -99.23169,
            18.90448,
            0
          ],
          [
            -99.2317,
            18.90451,
            0
          ],
          [
            -99.23172,
            18.90467,
            0
          ],
          [
            -99.23177,
            18.90501,
            0
          ],
          [
            -99.23185,
            18.90555,
            0
          ],
          [
            -99.23187,
            18.90573,
            0
          ],
          [
            -99.23192,
            18.90594,
            0
          ],
          [
            -99.23189,
            18.906,
            0
          ],
          [
            -99.23196,
            18.9064,
            0
          ],
          [
            -99.23196,
            18.90642,
            0
          ],
          [
            -99.232,
            18.90669,
            0
          ],
          [
            -99.23201,
            18.90677,
            0
          ],
          [
            -99.23202,
            18.90689,
            0
          ],
          [
            -99.23202,
            18.9069,
            0
          ],
          [
            -99.23203,
            18.90694,
            0
          ],
          [
            -99.23205,
            18.90698,
            0
          ],
          [
            -99.23207,
            18.90701,
            0
          ],
          [
            -99.2321,
            18.90705,
            0
          ],
          [
            -99.23212,
            18.90709,
            0
          ],
          [
            -99.23217,
            18.90716,
            0
          ],
          [
            -99.2323,
            18.90737,
            0
          ],
          [
            -99.23231,
            18.90738,
            0
          ],
          [
            -99.23238,
            18.90744,
            0
          ],
          [
            -99.23247,
            18.90757,
            0
          ],
          [
            -99.23263,
            18.90787,
            0
          ],
          [
            -99.23316,
            18.90877,
            0
          ],
          [
            -99.23356,
            18.90944,
            0
          ],
          [
            -99.23371,
            18.90971,
            0
          ],
          [
            -99.23385,
            18.90996,
            0
          ],
          [
            -99.23399,
            18.9102,
            0
          ],
          [
            -99.23402,
            18.91025,
            0
          ],
          [
            -99.23412,
            18.91042,
            0
          ],
          [
            -99.23418,
            18.91053,
            0
          ],
          [
            -99.23458,
            18.91121,
            0
          ],
          [
            -99.23511,
            18.91213,
            0
          ],
          [
            -99.23561,
            18.91299,
            0
          ],
          [
            -99.23593,
            18.91376,
            0
          ],
          [
            -99.23613,
            18.91422,
            0
          ],
          [
            -99.2365,
            18.91495,
            0
          ],
          [
            -99.23684,
            18.91568,
            0
          ],
          [
            -99.23701,
            18.91604,
            0
          ],
          [
            -99.23705,
            18.91626,
            0
          ],
          [
            -99.23709,
            18.91654,
            0
          ],
          [
            -99.2371,
            18.91656,
            0
          ],
          [
            -99.23712,
            18.91707,
            0
          ],
          [
            -99.23715,
            18.91724,
            0
          ],
          [
            -99.23722,
            18.91801,
            0
          ],
          [
            -99.23727,
            18.91875,
            0
          ],
          [
            -99.23727,
            18.91886,
            0
          ],
          [
            -99.23738,
            18.9196,
            0
          ],
          [
            -99.2374,
            18.91987,
            0
          ],
          [
            -99.23747,
            18.92059,
            0
          ],
          [
            -99.23755,
            18.92114,
            0
          ],
          [
            -99.2377,
            18.92204,
            0
          ],
          [
            -99.23778,
            18.9226,
            0
          ],
          [
            -99.23787,
            18.92328,
            0
          ],
          [
            -99.2379,
            18.92352,
            0
          ],
          [
            -99.23794,
            18.92386,
            0
          ],
          [
            -99.23801,
            18.92446,
            0
          ],
          [
            -99.23794,
            18.92444,
            0
          ],
          [
            -99.23789,
            18.92443,
            0
          ],
          [
            -99.23782,
            18.92443,
            0
          ],
          [
            -99.2376,
            18.92446,
            0
          ],
          [
            -99.23733,
            18.92447,
            0
          ],
          [
            -99.23696,
            18.9245,
            0
          ],
          [
            -99.23661,
            18.92454,
            0
          ],
          [
            -99.23624,
            18.9246,
            0
          ],
          [
            -99.23574,
            18.92468,
            0
          ],
          [
            -99.23528,
            18.92472,
            0
          ],
          [
            -99.2352,
            18.92472,
            0
          ],
          [
            -99.23517,
            18.92472,
            0
          ],
          [
            -99.23484,
            18.92475,
            0
          ],
          [
            -99.23432,
            18.9248,
            0
          ],
          [
            -99.23429,
            18.9248,
            0
          ],
          [
            -99.23425,
            18.92482,
            0
          ],
          [
            -99.23421,
            18.92483,
            0
          ],
          [
            -99.23408,
            18.9249,
            0
          ],
          [
            -99.23399,
            18.92497,
            0
          ],
          [
            -99.23397,
            18.92499,
            0
          ],
          [
            -99.23396,
            18.925,
            0
          ],
          [
            -99.23394,
            18.92502,
            0
          ],
          [
            -99.23392,
            18.92504,
            0
          ],
          [
            -99.23391,
            18.92505,
            0
          ],
          [
            -99.23389,
            18.92507,
            0
          ],
          [
            -99.23381,
            18.9252,
            0
          ],
          [
            -99.23379,
            18.92523,
            0
          ],
          [
            -99.23378,
            18.92524,
            0
          ],
          [
            -99.23378,
            18.92525,
            0
          ],
          [
            -99.23376,
            18.92526,
            0
          ],
          [
            -99.23374,
            18.92527,
            0
          ],
          [
            -99.23372,
            18.92528,
            0
          ],
          [
            -99.23371,
            18.92528,
            0
          ],
          [
            -99.23365,
            18.92529,
            0
          ],
          [
            -99.23355,
            18.92529,
            0
          ],
          [
            -99.2333,
            18.92504,
            0
          ],
          [
            -99.23323,
            18.92497,
            0
          ],
          [
            -99.23321,
            18.92495,
            0
          ],
          [
            -99.23313,
            18.92488,
            0
          ],
          [
            -99.23221,
            18.92552,
            0
          ],
          [
            -99.23214,
            18.92558,
            0
          ],
          [
            -99.23206,
            18.92563,
            0
          ],
          [
            -99.23201,
            18.92566,
            0
          ],
          [
            -99.23206,
            18.92575,
            0
          ],
          [
            -99.23213,
            18.92589,
            0
          ],
          [
            -99.23217,
            18.92599,
            0
          ],
          [
            -99.23228,
            18.9263,
            0
          ],
          [
            -99.23232,
            18.92645,
            0
          ],
          [
            -99.23232,
            18.92647,
            0
          ],
          [
            -99.23232,
            18.92649,
            0
          ],
          [
            -99.23232,
            18.92651,
            0
          ],
          [
            -99.23231,
            18.92655,
            0
          ],
          [
            -99.23231,
            18.92657,
            0
          ],
          [
            -99.23217,
            18.92694,
            0
          ],
          [
            -99.23204,
            18.92721,
            0
          ],
          [
            -99.23189,
            18.92743,
            0
          ],
          [
            -99.23185,
            18.92748,
            0
          ],
          [
            -99.23182,
            18.92752,
            0
          ],
          [
            -99.23177,
            18.92756,
            0
          ],
          [
            -99.2316,
            18.92765,
            0
          ],
          [
            -99.23156,
            18.92767,
            0
          ],
          [
            -99.23155,
            18.92767,
            0
          ],
          [
            -99.23153,
            18.92768,
            0
          ],
          [
            -99.23151,
            18.92768,
            0
          ],
          [
            -99.23149,
            18.92769,
            0
          ],
          [
            -99.23147,
            18.92769,
            0
          ],
          [
            -99.23144,
            18.9277,
            0
          ],
          [
            -99.23143,
            18.9277,
            0
          ],
          [
            -99.23141,
            18.9277,
            0
          ],
          [
            -99.23139,
            18.9277,
            0
          ],
          [
            -99.23136,
            18.9277,
            0
          ],
          [
            -99.23135,
            18.9277,
            0
          ],
          [
            -99.23093,
            18.92767,
            0
          ],
          [
            -99.23091,
            18.92766,
            0
          ],
          [
            -99.23089,
            18.92766,
            0
          ],
          [
            -99.23087,
            18.92766,
            0
          ],
          [
            -99.23083,
            18.92766,
            0
          ],
          [
            -99.23081,
            18.92766,
            0
          ],
          [
            -99.23078,
            18.92766,
            0
          ],
          [
            -99.23075,
            18.92767,
            0
          ],
          [
            -99.23072,
            18.92768,
            0
          ],
          [
            -99.23068,
            18.92769,
            0
          ],
          [
            -99.23066,
            18.92769,
            0
          ],
          [
            -99.23065,
            18.92769,
            0
          ],
          [
            -99.23057,
            18.92772,
            0
          ],
          [
            -99.23055,
            18.92772,
            0
          ],
          [
            -99.23019,
            18.92784,
            0
          ],
          [
            -99.23008,
            18.92786,
            0
          ],
          [
            -99.23001,
            18.92787,
            0
          ],
          [
            -99.22993,
            18.92788,
            0
          ],
          [
            -99.22988,
            18.92781,
            0
          ],
          [
            -99.22982,
            18.92768,
            0
          ],
          [
            -99.22952,
            18.92698,
            0
          ],
          [
            -99.22948,
            18.92691,
            0
          ],
          [
            -99.22939,
            18.92675,
            0
          ],
          [
            -99.22935,
            18.92669,
            0
          ],
          [
            -99.22913,
            18.92642,
            0
          ],
          [
            -99.22898,
            18.92627,
            0
          ],
          [
            -99.22888,
            18.92618,
            0
          ],
          [
            -99.22882,
            18.92613,
            0
          ],
          [
            -99.2287,
            18.92603,
            0
          ],
          [
            -99.22851,
            18.92591,
            0
          ],
          [
            -99.22839,
            18.92583,
            0
          ],
          [
            -99.22829,
            18.92578,
            0
          ],
          [
            -99.22804,
            18.92567,
            0
          ],
          [
            -99.22794,
            18.92562,
            0
          ],
          [
            -99.22776,
            18.92559,
            0
          ],
          [
            -99.22684,
            18.92537,
            0
          ],
          [
            -99.22563,
            18.92509,
            0
          ],
          [
            -99.22546,
            18.92506,
            0
          ],
          [
            -99.22496,
            18.92494,
            0
          ],
          [
            -99.22418,
            18.92476,
            0
          ],
          [
            -99.22336,
            18.92456,
            0
          ],
          [
            -99.22327,
            18.92455,
            0
          ],
          [
            -99.22218,
            18.92432,
            0
          ],
          [
            -99.2216,
            18.92418,
            0
          ],
          [
            -99.2215,
            18.92416,
            0
          ],
          [
            -99.22107,
            18.92405,
            0
          ],
          [
            -99.22092,
            18.92402,
            0
          ],
          [
            -99.22078,
            18.92401,
            0
          ],
          [
            -99.22041,
            18.924,
            0
          ],
          [
            -99.22015,
            18.924,
            0
          ],
          [
            -99.21989,
            18.924,
            0
          ],
          [
            -99.21894,
            18.92402,
            0
          ],
          [
            -99.21868,
            18.92403,
            0
          ],
          [
            -99.21865,
            18.92403,
            0
          ],
          [
            -99.21852,
            18.92403,
            0
          ],
          [
            -99.21798,
            18.92402,
            0
          ],
          [
            -99.21765,
            18.92402,
            0
          ],
          [
            -99.21693,
            18.92404,
            0
          ],
          [
            -99.2167,
            18.92404,
            0
          ],
          [
            -99.21655,
            18.92404,
            0
          ],
          [
            -99.21592,
            18.92403,
            0
          ],
          [
            -99.21591,
            18.92403,
            0
          ],
          [
            -99.21519,
            18.92403,
            0
          ],
          [
            -99.21462,
            18.92403,
            0
          ],
          [
            -99.21399,
            18.92402,
            0
          ],
          [
            -99.21366,
            18.92402,
            0
          ],
          [
            -99.21306,
            18.92391,
            0
          ],
          [
            -99.21273,
            18.92382,
            0
          ],
          [
            -99.21212,
            18.92368,
            0
          ],
          [
            -99.21183,
            18.9236,
            0
          ],
          [
            -99.21156,
            18.92354,
            0
          ],
          [
            -99.21133,
            18.92349,
            0
          ],
          [
            -99.2108,
            18.92335,
            0
          ],
          [
            -99.21042,
            18.92326,
            0
          ],
          [
            -99.21026,
            18.92322,
            0
          ],
          [
            -99.21016,
            18.92318,
            0
          ],
          [
            -99.20993,
            18.92312,
            0
          ],
          [
            -99.20983,
            18.92309,
            0
          ],
          [
            -99.20941,
            18.92299,
            0
          ],
          [
            -99.20922,
            18.92294,
            0
          ],
          [
            -99.20916,
            18.92291,
            0
          ],
          [
            -99.20905,
            18.92285,
            0
          ],
          [
            -99.20889,
            18.92277,
            0
          ],
          [
            -99.20868,
            18.92263,
            0
          ],
          [
            -99.20828,
            18.92228,
            0
          ],
          [
            -99.20826,
            18.92227,
            0
          ],
          [
            -99.20801,
            18.92208,
            0
          ],
          [
            -99.20799,
            18.92207,
            0
          ],
          [
            -99.20791,
            18.92201,
            0
          ],
          [
            -99.20781,
            18.92194,
            0
          ],
          [
            -99.20775,
            18.92191,
            0
          ],
          [
            -99.20767,
            18.92187,
            0
          ],
          [
            -99.2075,
            18.92177,
            0
          ],
          [
            -99.20742,
            18.92174,
            0
          ],
          [
            -99.20732,
            18.9217,
            0
          ],
          [
            -99.20723,
            18.92168,
            0
          ],
          [
            -99.20721,
            18.92168,
            0
          ],
          [
            -99.20708,
            18.92165,
            0
          ],
          [
            -99.20691,
            18.92162,
            0
          ],
          [
            -99.20652,
            18.92157,
            0
          ],
          [
            -99.2062,
            18.92153,
            0
          ],
          [
            -99.20599,
            18.92151,
            0
          ],
          [
            -99.20582,
            18.92148,
            0
          ],
          [
            -99.20566,
            18.92144,
            0
          ],
          [
            -99.20528,
            18.92134,
            0
          ],
          [
            -99.20481,
            18.92126,
            0
          ],
          [
            -99.20469,
            18.92125,
            0
          ],
          [
            -99.20465,
            18.92125,
            0
          ],
          [
            -99.20454,
            18.92125,
            0
          ],
          [
            -99.20409,
            18.92118,
            0
          ],
          [
            -99.20396,
            18.92113,
            0
          ],
          [
            -99.20386,
            18.9211,
            0
          ],
          [
            -99.2038,
            18.92109,
            0
          ],
          [
            -99.20353,
            18.92103,
            0
          ],
          [
            -99.20304,
            18.92096,
            0
          ],
          [
            -99.20263,
            18.92091,
            0
          ],
          [
            -99.20248,
            18.9209,
            0
          ],
          [
            -99.20239,
            18.92089,
            0
          ],
          [
            -99.20226,
            18.92088,
            0
          ],
          [
            -99.20211,
            18.92089,
            0
          ],
          [
            -99.20188,
            18.92092,
            0
          ],
          [
            -99.20167,
            18.92093,
            0
          ],
          [
            -99.20125,
            18.92094,
            0
          ],
          [
            -99.20121,
            18.92094,
            0
          ],
          [
            -99.20079,
            18.92095,
            0
          ],
          [
            -99.2006,
            18.92094,
            0
          ],
          [
            -99.20055,
            18.92094,
            0
          ],
          [
            -99.20051,
            18.92093,
            0
          ],
          [
            -99.20043,
            18.92093,
            0
          ],
          [
            -99.20036,
            18.92092,
            0
          ],
          [
            -99.20022,
            18.92091,
            0
          ],
          [
            -99.20009,
            18.92089,
            0
          ],
          [
            -99.1999,
            18.92085,
            0
          ],
          [
            -99.19968,
            18.92079,
            0
          ],
          [
            -99.19959,
            18.92076,
            0
          ],
          [
            -99.19951,
            18.92073,
            0
          ],
          [
            -99.19917,
            18.92059,
            0
          ],
          [
            -99.19877,
            18.92042,
            0
          ],
          [
            -99.19873,
            18.9204,
            0
          ],
          [
            -99.19869,
            18.92039,
            0
          ],
          [
            -99.19796,
            18.92008,
            0
          ],
          [
            -99.1979,
            18.92006,
            0
          ],
          [
            -99.19784,
            18.92004,
            0
          ],
          [
            -99.19779,
            18.92002,
            0
          ],
          [
            -99.19764,
            18.91998,
            0
          ],
          [
            -99.1975,
            18.91994,
            0
          ],
          [
            -99.19728,
            18.9199,
            0
          ],
          [
            -99.19724,
            18.91989,
            0
          ],
          [
            -99.19707,
            18.91985,
            0
          ],
          [
            -99.19647,
            18.91973,
            0
          ],
          [
            -99.19638,
            18.91972,
            0
          ],
          [
            -99.19608,
            18.91967,
            0
          ],
          [
            -99.19591,
            18.91964,
            0
          ],
          [
            -99.19581,
            18.91964,
            0
          ],
          [
            -99.19573,
            18.91964,
            0
          ],
          [
            -99.19564,
            18.91964,
            0
          ],
          [
            -99.19547,
            18.91965,
            0
          ],
          [
            -99.19537,
            18.91966,
            0
          ],
          [
            -99.19529,
            18.91968,
            0
          ],
          [
            -99.19512,
            18.91971,
            0
          ],
          [
            -99.19475,
            18.9198,
            0
          ],
          [
            -99.19445,
            18.91988,
            0
          ],
          [
            -99.19433,
            18.91989,
            0
          ],
          [
            -99.19427,
            18.9199,
            0
          ],
          [
            -99.19414,
            18.9199,
            0
          ],
          [
            -99.194,
            18.91989,
            0
          ],
          [
            -99.19389,
            18.91988,
            0
          ],
          [
            -99.19377,
            18.91985,
            0
          ],
          [
            -99.19366,
            18.91983,
            0
          ],
          [
            -99.19351,
            18.91978,
            0
          ],
          [
            -99.19307,
            18.91964,
            0
          ],
          [
            -99.19261,
            18.91949,
            0
          ],
          [
            -99.19237,
            18.91942,
            0
          ],
          [
            -99.19163,
            18.91919,
            0
          ],
          [
            -99.1912,
            18.91906,
            0
          ],
          [
            -99.19113,
            18.91903,
            0
          ],
          [
            -99.19021,
            18.91875,
            0
          ],
          [
            -99.18947,
            18.91853,
            0
          ],
          [
            -99.18924,
            18.91846,
            0
          ],
          [
            -99.18916,
            18.91844,
            0
          ],
          [
            -99.18904,
            18.9184,
            0
          ],
          [
            -99.18882,
            18.91833,
            0
          ],
          [
            -99.18871,
            18.91828,
            0
          ],
          [
            -99.18867,
            18.91826,
            0
          ],
          [
            -99.18862,
            18.91824,
            0
          ],
          [
            -99.18853,
            18.9182,
            0
          ],
          [
            -99.18844,
            18.91815,
            0
          ],
          [
            -99.18835,
            18.91809,
            0
          ],
          [
            -99.18828,
            18.91804,
            0
          ],
          [
            -99.1882,
            18.91798,
            0
          ],
          [
            -99.18802,
            18.91782,
            0
          ],
          [
            -99.188,
            18.9178,
            0
          ],
          [
            -99.18771,
            18.91754,
            0
          ],
          [
            -99.18703,
            18.91695,
            0
          ],
          [
            -99.18694,
            18.91687,
            0
          ],
          [
            -99.18671,
            18.91666,
            0
          ],
          [
            -99.18663,
            18.91659,
            0
          ],
          [
            -99.18651,
            18.91648,
            0
          ],
          [
            -99.18637,
            18.91662,
            0
          ],
          [
            -99.18606,
            18.91687,
            0
          ],
          [
            -99.18585,
            18.91705,
            0
          ],
          [
            -99.18573,
            18.91717,
            0
          ],
          [
            -99.18558,
            18.91726,
            0
          ],
          [
            -99.18555,
            18.91727,
            0
          ],
          [
            -99.18496,
            18.91739,
            0
          ],
          [
            -99.18452,
            18.91748,
            0
          ],
          [
            -99.18406,
            18.91754,
            0
          ],
          [
            -99.18383,
            18.91758,
            0
          ],
          [
            -99.18359,
            18.9176,
            0
          ],
          [
            -99.18313,
            18.91768,
            0
          ],
          [
            -99.18315,
            18.91867,
            0
          ],
          [
            -99.18317,
            18.91966,
            0
          ],
          [
            -99.18317,
            18.91986,
            0
          ],
          [
            -99.18316,
            18.92031,
            0
          ],
          [
            -99.18319,
            18.92085,
            0
          ],
          [
            -99.18365,
            18.92078,
            0
          ],
          [
            -99.1838,
            18.92076,
            0
          ],
          [
            -99.18414,
            18.9207,
            0
          ],
          [
            -99.18459,
            18.92064,
            0
          ],
          [
            -99.18508,
            18.92055,
            0
          ],
          [
            -99.18522,
            18.92053,
            0
          ],
          [
            -99.1854,
            18.92056,
            0
          ],
          [
            -99.18548,
            18.92111,
            0
          ],
          [
            -99.18549,
            18.92148,
            0
          ],
          [
            -99.1855,
            18.92184,
            0
          ],
          [
            -99.18549,
            18.9222,
            0
          ],
          [
            -99.1855,
            18.92261,
            0
          ],
          [
            -99.1855,
            18.92296,
            0
          ],
          [
            -99.1855,
            18.92335,
            0
          ],
          [
            -99.1855,
            18.92374,
            0
          ],
          [
            -99.18597,
            18.92374,
            0
          ],
          [
            -99.18654,
            18.92374,
            0
          ],
          [
            -99.18711,
            18.92373,
            0
          ],
          [
            -99.18756,
            18.92375,
            0
          ],
          [
            -99.18828,
            18.92375,
            0
          ],
          [
            -99.18833,
            18.92375,
            0
          ],
          [
            -99.18836,
            18.92375,
            0
          ],
          [
            -99.18841,
            18.92375,
            0
          ],
          [
            -99.18848,
            18.92376,
            0
          ],
          [
            -99.18852,
            18.92378,
            0
          ],
          [
            -99.18852,
            18.92379,
            0
          ],
          [
            -99.18851,
            18.92379,
            0
          ],
          [
            -99.18851,
            18.9238,
            0
          ],
          [
            -99.18851,
            18.92381,
            0
          ],
          [
            -99.18851,
            18.92382,
            0
          ],
          [
            -99.18851,
            18.92383,
            0
          ],
          [
            -99.18851,
            18.92384,
            0
          ],
          [
            -99.18851,
            18.92385,
            0
          ],
          [
            -99.18851,
            18.92386,
            0
          ],
          [
            -99.18851,
            18.92387,
            0
          ],
          [
            -99.18852,
            18.92388,
            0
          ],
          [
            -99.18852,
            18.92389,
            0
          ],
          [
            -99.18853,
            18.9239,
            0
          ],
          [
            -99.18853,
            18.92391,
            0
          ],
          [
            -99.18854,
            18.92391,
            0
          ],
          [
            -99.18854,
            18.92392,
            0
          ],
          [
            -99.18855,
            18.92392,
            0
          ],
          [
            -99.18856,
            18.92393,
            0
          ],
          [
            -99.18857,
            18.92393,
            0
          ],
          [
            -99.18857,
            18.92394,
            0
          ],
          [
            -99.18858,
            18.92394,
            0
          ],
          [
            -99.18859,
            18.92395,
            0
          ],
          [
            -99.1886,
            18.92395,
            0
          ],
          [
            -99.18861,
            18.92395,
            0
          ],
          [
            -99.18862,
            18.92395,
            0
          ],
          [
            -99.18863,
            18.92395,
            0
          ],
          [
            -99.18864,
            18.92395,
            0
          ],
          [
            -99.18865,
            18.92395,
            0
          ],
          [
            -99.18866,
            18.92395,
            0
          ],
          [
            -99.18867,
            18.92394,
            0
          ],
          [
            -99.18868,
            18.92394,
            0
          ],
          [
            -99.18869,
            18.92394,
            0
          ],
          [
            -99.18869,
            18.92393,
            0
          ],
          [
            -99.1887,
            18.92393,
            0
          ],
          [
            -99.1887,
            18.92392,
            0
          ],
          [
            -99.18871,
            18.92392,
            0
          ],
          [
            -99.18872,
            18.92391,
            0
          ],
          [
            -99.18873,
            18.9239,
            0
          ],
          [
            -99.18873,
            18.92389,
            0
          ],
          [
            -99.18874,
            18.92389,
            0
          ],
          [
            -99.18874,
            18.92388,
            0
          ],
          [
            -99.18874,
            18.92387,
            0
          ],
          [
            -99.18874,
            18.92386,
            0
          ],
          [
            -99.18874,
            18.92385,
            0
          ],
          [
            -99.18874,
            18.92384,
            0
          ],
          [
            -99.18874,
            18.92383,
            0
          ],
          [
            -99.18874,
            18.92382,
            0
          ],
          [
            -99.18874,
            18.92381,
            0
          ],
          [
            -99.18874,
            18.9238,
            0
          ],
          [
            -99.18873,
            18.9238,
            0
          ],
          [
            -99.18873,
            18.92379,
            0
          ],
          [
            -99.18873,
            18.92378,
            0
          ],
          [
            -99.18872,
            18.92378,
            0
          ],
          [
            -99.18872,
            18.92377,
            0
          ],
          [
            -99.18871,
            18.92377,
            0
          ],
          [
            -99.18871,
            18.92376,
            0
          ],
          [
            -99.1887,
            18.92376,
            0
          ],
          [
            -99.1887,
            18.92375,
            0
          ],
          [
            -99.18869,
            18.92375,
            0
          ],
          [
            -99.18869,
            18.92374,
            0
          ],
          [
            -99.18868,
            18.92374,
            0
          ],
          [
            -99.18867,
            18.92374,
            0
          ],
          [
            -99.18866,
            18.92373,
            0
          ],
          [
            -99.18865,
            18.92373,
            0
          ],
          [
            -99.18864,
            18.92373,
            0
          ],
          [
            -99.18863,
            18.92373,
            0
          ],
          [
            -99.18862,
            18.92373,
            0
          ],
          [
            -99.18861,
            18.92373,
            0
          ],
          [
            -99.1886,
            18.92373,
            0
          ],
          [
            -99.18859,
            18.92373,
            0
          ],
          [
            -99.18858,
            18.92373,
            0
          ],
          [
            -99.18858,
            18.92374,
            0
          ],
          [
            -99.18857,
            18.92374,
            0
          ],
          [
            -99.18856,
            18.92374,
            0
          ],
          [
            -99.18856,
            18.92375,
            0
          ],
          [
            -99.18855,
            18.92375,
            0
          ],
          [
            -99.18854,
            18.92376,
            0
          ],
          [
            -99.18853,
            18.92376,
            0
          ],
          [
            -99.18853,
            18.92377,
            0
          ],
          [
            -99.18852,
            18.92378,
            0
          ],
          [
            -99.18852,
            18.92379,
            0
          ],
          [
            -99.18851,
            18.92379,
            0
          ],
          [
            -99.18851,
            18.9238,
            0
          ],
          [
            -99.18851,
            18.92381,
            0
          ],
          [
            -99.18851,
            18.92382,
            0
          ],
          [
            -99.18851,
            18.92383,
            0
          ],
          [
            -99.18851,
            18.92384,
            0
          ],
          [
            -99.18851,
            18.92385,
            0
          ],
          [
            -99.18851,
            18.92386,
            0
          ],
          [
            -99.18851,
            18.92387,
            0
          ],
          [
            -99.18852,
            18.92388,
            0
          ],
          [
            -99.18852,
            18.92389,
            0
          ],
          [
            -99.18853,
            18.9239,
            0
          ],
          [
            -99.18853,
            18.92391,
            0
          ],
          [
            -99.18854,
            18.92391,
            0
          ],
          [
            -99.18854,
            18.92392,
            0
          ],
          [
            -99.18855,
            18.92392,
            0
          ],
          [
            -99.18856,
            18.92393,
            0
          ],
          [
            -99.18857,
            18.92393,
            0
          ],
          [
            -99.18857,
            18.92394,
            0
          ],
          [
            -99.18858,
            18.92394,
            0
          ],
          [
            -99.18859,
            18.92395,
            0
          ],
          [
            -99.18842,
            18.9241,
            0
          ],
          [
            -99.18841,
            18.92422,
            0
          ],
          [
            -99.1884,
            18.92428,
            0
          ],
          [
            -99.18835,
            18.92453,
            0
          ],
          [
            -99.18826,
            18.92494,
            0
          ],
          [
            -99.18813,
            18.92556,
            0
          ],
          [
            -99.18811,
            18.92569,
            0
          ],
          [
            -99.18801,
            18.92622,
            0
          ],
          [
            -99.18789,
            18.92686,
            0
          ],
          [
            -99.18886,
            18.92702,
            0
          ],
          [
            -99.18889,
            18.92667,
            0
          ],
          [
            -99.18892,
            18.92638,
            0
          ],
          [
            -99.18899,
            18.92571,
            0
          ],
          [
            -99.18937,
            18.92573,
            0
          ],
          [
            -99.18973,
            18.92574,
            0
          ],
          [
            -99.19015,
            18.92575,
            0
          ],
          [
            -99.19032,
            18.92577,
            0
          ],
          [
            -99.19098,
            18.92578,
            0
          ],
          [
            -99.19114,
            18.9258,
            0
          ],
          [
            -99.19121,
            18.9258,
            0
          ],
          [
            -99.19132,
            18.92581,
            0
          ],
          [
            -99.1916,
            18.92584,
            0
          ],
          [
            -99.19162,
            18.92584,
            0
          ],
          [
            -99.19208,
            18.92587,
            0
          ],
          [
            -99.19237,
            18.92593,
            0
          ],
          [
            -99.19262,
            18.92598,
            0
          ],
          [
            -99.19283,
            18.92597,
            0
          ],
          [
            -99.193,
            18.92595,
            0
          ],
          [
            -99.19338,
            18.9259,
            0
          ],
          [
            -99.19344,
            18.92626,
            0
          ],
          [
            -99.19349,
            18.92656,
            0
          ],
          [
            -99.19354,
            18.92655,
            0
          ],
          [
            -99.19387,
            18.9265,
            0
          ],
          [
            -99.19404,
            18.92648,
            0
          ],
          [
            -99.19411,
            18.92649,
            0
          ],
          [
            -99.19414,
            18.92649,
            0
          ],
          [
            -99.1942,
            18.92649,
            0
          ],
          [
            -99.19426,
            18.92649,
            0
          ],
          [
            -99.1943,
            18.9265,
            0
          ],
          [
            -99.19448,
            18.92656,
            0
          ],
          [
            -99.19454,
            18.92659,
            0
          ],
          [
            -99.19519,
            18.92676,
            0
          ],
          [
            -99.1952,
            18.92683,
            0
          ],
          [
            -99.19545,
            18.92652,
            0
          ],
          [
            -99.19547,
            18.9265,
            0
          ],
          [
            -99.19548,
            18.92649,
            0
          ],
          [
            -99.19551,
            18.92648,
            0
          ],
          [
            -99.19553,
            18.92648,
            0
          ],
          [
            -99.19557,
            18.92648,
            0
          ],
          [
            -99.1958,
            18.92654,
            0
          ]
        ]
      },
      "properties": {
        "name": "CHIPITLAN- COL. HERNADEZ NAVARRO",
        "styleUrl": "#line-A52714-2550-nodesc",
        "stroke-opacity": 1,
        "stroke": "#a52714",
        "stroke-width": 2.55
      }
    }
  ]
}