{
  "type": "FeatureCollection",
  "features": [
    {
      "type": "Feature",
      "geometry": {
        "type": "LineString",
        "coordinates": [
          [
            -99.1952,
            18.92671,
            0
          ],
          [
            -99.19525,
            18.92632,
            0
          ],
          [
            -99.19527,
            18.92604,
            0
          ],
          [
            -99.19528,
            18.92597,
            0
          ],
          [
            -99.19532,
            18.92563,
            0
          ],
          [
            -99.19536,
            18.92544,
            0
          ],
          [
            -99.19536,
            18.92538,
            0
          ],
          [
            -99.19555,
            18.92394,
            0
          ],
          [
            -99.19617,
            18.92401,
            0
          ],
          [
            -99.19649,
            18.92405,
            0
          ],
          [
            -99.19677,
            18.92409,
            0
          ],
          [
            -99.19685,
            18.92409,
            0
          ],
          [
            -99.19688,
            18.92409,
            0
          ],
          [
            -99.19692,
            18.92409,
            0
          ],
          [
            -99.19715,
            18.92404,
            0
          ],
          [
            -99.19776,
            18.9239,
            0
          ],
          [
            -99.19803,
            18.92383,
            0
          ],
          [
            -99.19806,
            18.92382,
            0
          ],
          [
            -99.19808,
            18.92381,
            0
          ],
          [
            -99.19809,
            18.92379,
            0
          ],
          [
            -99.19814,
            18.92373,
            0
          ],
          [
            -99.19815,
            18.92373,
            0
          ],
          [
            -99.19816,
            18.92372,
            0
          ],
          [
            -99.1982,
            18.92362,
            0
          ],
          [
            -99.19821,
            18.92361,
            0
          ],
          [
            -99.19825,
            18.92348,
            0
          ],
          [
            -99.19829,
            18.92336,
            0
          ],
          [
            -99.19837,
            18.92323,
            0
          ],
          [
            -99.19848,
            18.92316,
            0
          ],
          [
            -99.19852,
            18.92304,
            0
          ],
          [
            -99.19859,
            18.92284,
            0
          ],
          [
            -99.19868,
            18.92261,
            0
          ],
          [
            -99.19882,
            18.92231,
            0
          ],
          [
            -99.19896,
            18.92205,
            0
          ],
          [
            -99.19913,
            18.92172,
            0
          ],
          [
            -99.19918,
            18.92163,
            0
          ],
          [
            -99.1991,
            18.92159,
            0
          ],
          [
            -99.19905,
            18.92167,
            0
          ],
          [
            -99.199,
            18.92178,
            0
          ],
          [
            -99.19897,
            18.92182,
            0
          ]
        ]
      },
      "properties": {
        "name": "AMPL. CHEDRAUI JACARANDAS",
        "description": {
          "@type": "html",
          "value": "descripción: <br>OID: 1198<br>ZONA: CENTRO<br>RUTA: RUTA 2<br>ITINERARIO: AMPL. CHEDRAUI JACARANDAS<br>DESCRIPCIO: CHEDRAUI JACARANDAS<br>AUTO-AMPL: AMPLIACION<br>DEFIN-PROV: DEFINITIVOS<br>DURACION: DEFINITIVA<br>FOLIO: SGG/DGT/SDP/000131/2000<br>SG/DGT/SDP/0346/2001<br>Nombre: "
        },
        "styleUrl": "#line-880E4F-1200",
        "stroke-opacity": 1,
        "stroke": "#880e4f",
        "stroke-width": 1.2,
        "descripción": "",
        "OID": "1198",
        "ZONA": "CENTRO",
        "RUTA": "RUTA 2",
        "ITINERARIO": "AMPL. CHEDRAUI JACARANDAS",
        "DESCRIPCIO": "CHEDRAUI JACARANDAS",
        "AUTO-AMPL": "AMPLIACION",
        "DEFIN-PROV": "DEFINITIVOS",
        "DURACION": "DEFINITIVA",
        "FOLIO": "SGG/DGT/SDP/000131/2000\nSG/DGT/SDP/0346/2001",
        "Nombre": ""
      }
    },
    {
      "type": "Feature",
      "geometry": {
        "type": "LineString",
        "coordinates": [
          [
            -99.19898,
            18.92182,
            0
          ],
          [
            -99.19888,
            18.922,
            0
          ],
          [
            -99.19874,
            18.92228,
            0
          ],
          [
            -99.1986,
            18.92258,
            0
          ],
          [
            -99.19854,
            18.92276,
            0
          ],
          [
            -99.19843,
            18.92305,
            0
          ],
          [
            -99.19842,
            18.92312,
            0
          ],
          [
            -99.19839,
            18.9232,
            0
          ],
          [
            -99.19837,
            18.92323,
            0
          ],
          [
            -99.19829,
            18.92336,
            0
          ],
          [
            -99.19825,
            18.92348,
            0
          ],
          [
            -99.19821,
            18.92361,
            0
          ],
          [
            -99.1982,
            18.92362,
            0
          ],
          [
            -99.19816,
            18.92372,
            0
          ],
          [
            -99.19815,
            18.92373,
            0
          ],
          [
            -99.19814,
            18.92373,
            0
          ],
          [
            -99.19809,
            18.92379,
            0
          ],
          [
            -99.19808,
            18.92381,
            0
          ],
          [
            -99.19806,
            18.92382,
            0
          ],
          [
            -99.19803,
            18.92383,
            0
          ],
          [
            -99.19776,
            18.9239,
            0
          ],
          [
            -99.19715,
            18.92404,
            0
          ],
          [
            -99.19692,
            18.92409,
            0
          ],
          [
            -99.19688,
            18.92409,
            0
          ],
          [
            -99.19685,
            18.92409,
            0
          ],
          [
            -99.19677,
            18.92409,
            0
          ],
          [
            -99.19649,
            18.92405,
            0
          ],
          [
            -99.19617,
            18.92401,
            0
          ],
          [
            -99.19555,
            18.92394,
            0
          ],
          [
            -99.19536,
            18.92538,
            0
          ],
          [
            -99.19536,
            18.92544,
            0
          ],
          [
            -99.19532,
            18.92563,
            0
          ],
          [
            -99.19528,
            18.92597,
            0
          ],
          [
            -99.19527,
            18.92604,
            0
          ],
          [
            -99.19525,
            18.92632,
            0
          ],
          [
            -99.19519,
            18.92676,
            0
          ],
          [
            -99.1952,
            18.92683,
            0
          ],
          [
            -99.19526,
            18.92676,
            0
          ]
        ]
      },
      "properties": {
        "name": "AMPL. CHEDRAUI JACARANDAS",
        "description": {
          "@type": "html",
          "value": "descripción: <br>OID: 1199<br>ZONA: CENTRO<br>RUTA: RUTA 2<br>ITINERARIO: AMPL. CHEDRAUI JACARANDAS<br>DESCRIPCIO: CHEDRAUI JACARANDAS<br>AUTO-AMPL: AMPLIACION<br>DEFIN-PROV: DEFINITIVOS<br>DURACION: DEFINITIVA<br>FOLIO: SGG/DGT/SDP/000131/2000<br>SG/DGT/SDP/0346/2001<br>Nombre: "
        },
        "styleUrl": "#line-880E4F-1200",
        "stroke-opacity": 1,
        "stroke": "#880e4f",
        "stroke-width": 1.2,
        "descripción": "",
        "OID": "1199",
        "ZONA": "CENTRO",
        "RUTA": "RUTA 2",
        "ITINERARIO": "AMPL. CHEDRAUI JACARANDAS",
        "DESCRIPCIO": "CHEDRAUI JACARANDAS",
        "AUTO-AMPL": "AMPLIACION",
        "DEFIN-PROV": "DEFINITIVOS",
        "DURACION": "DEFINITIVA",
        "FOLIO": "SGG/DGT/SDP/000131/2000\nSG/DGT/SDP/0346/2001",
        "Nombre": ""
      }
    },
    {
      "type": "Feature",
      "geometry": {
        "type": "LineString",
        "coordinates": [
          [
            -99.1958,
            18.92654,
            0
          ],
          [
            -99.19557,
            18.92648,
            0
          ],
          [
            -99.19553,
            18.92648,
            0
          ],
          [
            -99.19551,
            18.92648,
            0
          ],
          [
            -99.19548,
            18.92649,
            0
          ],
          [
            -99.19547,
            18.9265,
            0
          ],
          [
            -99.19545,
            18.92652,
            0
          ],
          [
            -99.1952,
            18.92683,
            0
          ],
          [
            -99.19502,
            18.92694,
            0
          ],
          [
            -99.19471,
            18.92716,
            0
          ],
          [
            -99.19446,
            18.92712,
            0
          ],
          [
            -99.19416,
            18.92714,
            0
          ],
          [
            -99.19389,
            18.92717,
            0
          ],
          [
            -99.19359,
            18.92721,
            0
          ],
          [
            -99.19358,
            18.9271,
            0
          ],
          [
            -99.19352,
            18.92674,
            0
          ],
          [
            -99.19349,
            18.92656,
            0
          ],
          [
            -99.19344,
            18.92626,
            0
          ],
          [
            -99.19338,
            18.9259,
            0
          ],
          [
            -99.193,
            18.92595,
            0
          ],
          [
            -99.19283,
            18.92597,
            0
          ],
          [
            -99.19262,
            18.92598,
            0
          ],
          [
            -99.19237,
            18.92593,
            0
          ],
          [
            -99.19208,
            18.92587,
            0
          ],
          [
            -99.19162,
            18.92584,
            0
          ],
          [
            -99.1916,
            18.92584,
            0
          ],
          [
            -99.19132,
            18.92581,
            0
          ],
          [
            -99.19121,
            18.9258,
            0
          ],
          [
            -99.19114,
            18.9258,
            0
          ],
          [
            -99.19098,
            18.92578,
            0
          ],
          [
            -99.19032,
            18.92577,
            0
          ],
          [
            -99.19015,
            18.92575,
            0
          ],
          [
            -99.18973,
            18.92574,
            0
          ],
          [
            -99.18937,
            18.92573,
            0
          ],
          [
            -99.18899,
            18.92571,
            0
          ],
          [
            -99.18892,
            18.92638,
            0
          ],
          [
            -99.18889,
            18.92667,
            0
          ],
          [
            -99.18886,
            18.92702,
            0
          ],
          [
            -99.18789,
            18.92686,
            0
          ],
          [
            -99.18801,
            18.92622,
            0
          ],
          [
            -99.18811,
            18.92569,
            0
          ],
          [
            -99.18813,
            18.92556,
            0
          ],
          [
            -99.18826,
            18.92494,
            0
          ],
          [
            -99.18835,
            18.92453,
            0
          ],
          [
            -99.1884,
            18.92428,
            0
          ],
          [
            -99.18841,
            18.92422,
            0
          ],
          [
            -99.18842,
            18.9241,
            0
          ],
          [
            -99.18859,
            18.92395,
            0
          ],
          [
            -99.1886,
            18.92395,
            0
          ],
          [
            -99.18861,
            18.92395,
            0
          ],
          [
            -99.18862,
            18.92395,
            0
          ],
          [
            -99.18863,
            18.92395,
            0
          ],
          [
            -99.18864,
            18.92395,
            0
          ],
          [
            -99.18865,
            18.92395,
            0
          ],
          [
            -99.18866,
            18.92395,
            0
          ],
          [
            -99.18867,
            18.92394,
            0
          ],
          [
            -99.18868,
            18.92394,
            0
          ],
          [
            -99.18869,
            18.92394,
            0
          ],
          [
            -99.18869,
            18.92393,
            0
          ],
          [
            -99.1887,
            18.92393,
            0
          ],
          [
            -99.1887,
            18.92392,
            0
          ],
          [
            -99.18871,
            18.92392,
            0
          ],
          [
            -99.18872,
            18.92391,
            0
          ],
          [
            -99.18873,
            18.9239,
            0
          ],
          [
            -99.18873,
            18.92389,
            0
          ],
          [
            -99.18874,
            18.92389,
            0
          ],
          [
            -99.18874,
            18.92388,
            0
          ],
          [
            -99.18874,
            18.92387,
            0
          ],
          [
            -99.18874,
            18.92386,
            0
          ],
          [
            -99.18874,
            18.92385,
            0
          ],
          [
            -99.18874,
            18.92384,
            0
          ],
          [
            -99.18874,
            18.92383,
            0
          ],
          [
            -99.18874,
            18.92382,
            0
          ],
          [
            -99.18874,
            18.92381,
            0
          ],
          [
            -99.18874,
            18.9238,
            0
          ],
          [
            -99.18873,
            18.9238,
            0
          ],
          [
            -99.18873,
            18.92379,
            0
          ],
          [
            -99.18873,
            18.92378,
            0
          ],
          [
            -99.18872,
            18.92378,
            0
          ],
          [
            -99.18872,
            18.92377,
            0
          ],
          [
            -99.18871,
            18.92377,
            0
          ],
          [
            -99.18871,
            18.92376,
            0
          ],
          [
            -99.1887,
            18.92376,
            0
          ],
          [
            -99.1887,
            18.92375,
            0
          ],
          [
            -99.18869,
            18.92375,
            0
          ],
          [
            -99.18869,
            18.92374,
            0
          ],
          [
            -99.18868,
            18.92374,
            0
          ],
          [
            -99.18867,
            18.92374,
            0
          ],
          [
            -99.18866,
            18.92373,
            0
          ],
          [
            -99.18865,
            18.92373,
            0
          ],
          [
            -99.18864,
            18.92373,
            0
          ],
          [
            -99.18863,
            18.92373,
            0
          ],
          [
            -99.18862,
            18.92373,
            0
          ],
          [
            -99.18861,
            18.92373,
            0
          ],
          [
            -99.1886,
            18.92373,
            0
          ],
          [
            -99.18859,
            18.92373,
            0
          ],
          [
            -99.18858,
            18.92373,
            0
          ],
          [
            -99.18858,
            18.92374,
            0
          ],
          [
            -99.18857,
            18.92374,
            0
          ],
          [
            -99.18856,
            18.92374,
            0
          ],
          [
            -99.18856,
            18.92375,
            0
          ],
          [
            -99.18855,
            18.92375,
            0
          ],
          [
            -99.18854,
            18.92376,
            0
          ],
          [
            -99.18853,
            18.92376,
            0
          ],
          [
            -99.18853,
            18.92377,
            0
          ],
          [
            -99.18852,
            18.92378,
            0
          ],
          [
            -99.18848,
            18.92376,
            0
          ],
          [
            -99.18841,
            18.92375,
            0
          ],
          [
            -99.18836,
            18.92375,
            0
          ],
          [
            -99.18833,
            18.92375,
            0
          ],
          [
            -99.18828,
            18.92375,
            0
          ],
          [
            -99.18756,
            18.92375,
            0
          ],
          [
            -99.18711,
            18.92373,
            0
          ],
          [
            -99.18654,
            18.92374,
            0
          ],
          [
            -99.18597,
            18.92374,
            0
          ],
          [
            -99.1855,
            18.92374,
            0
          ],
          [
            -99.1855,
            18.92335,
            0
          ],
          [
            -99.1855,
            18.92296,
            0
          ],
          [
            -99.1855,
            18.92261,
            0
          ],
          [
            -99.18549,
            18.9222,
            0
          ],
          [
            -99.1855,
            18.92184,
            0
          ],
          [
            -99.18549,
            18.92148,
            0
          ],
          [
            -99.18548,
            18.92111,
            0
          ],
          [
            -99.1854,
            18.92056,
            0
          ],
          [
            -99.18522,
            18.92053,
            0
          ],
          [
            -99.18508,
            18.92055,
            0
          ],
          [
            -99.18459,
            18.92064,
            0
          ],
          [
            -99.18414,
            18.9207,
            0
          ],
          [
            -99.1838,
            18.92076,
            0
          ],
          [
            -99.18365,
            18.92078,
            0
          ],
          [
            -99.18319,
            18.92085,
            0
          ],
          [
            -99.18316,
            18.92031,
            0
          ],
          [
            -99.18317,
            18.91986,
            0
          ],
          [
            -99.18317,
            18.91966,
            0
          ],
          [
            -99.18315,
            18.91867,
            0
          ],
          [
            -99.18313,
            18.91768,
            0
          ],
          [
            -99.18359,
            18.9176,
            0
          ],
          [
            -99.18383,
            18.91758,
            0
          ],
          [
            -99.18406,
            18.91754,
            0
          ],
          [
            -99.18452,
            18.91748,
            0
          ],
          [
            -99.18496,
            18.91739,
            0
          ],
          [
            -99.18555,
            18.91727,
            0
          ],
          [
            -99.18558,
            18.91726,
            0
          ],
          [
            -99.18573,
            18.91717,
            0
          ],
          [
            -99.18585,
            18.91705,
            0
          ],
          [
            -99.18606,
            18.91687,
            0
          ],
          [
            -99.18637,
            18.91662,
            0
          ],
          [
            -99.18649,
            18.91672,
            0
          ],
          [
            -99.18657,
            18.91679,
            0
          ],
          [
            -99.18657,
            18.9168,
            0
          ],
          [
            -99.18675,
            18.91696,
            0
          ],
          [
            -99.18704,
            18.91721,
            0
          ],
          [
            -99.1873,
            18.91746,
            0
          ],
          [
            -99.18757,
            18.9177,
            0
          ],
          [
            -99.18805,
            18.91811,
            0
          ],
          [
            -99.18821,
            18.91823,
            0
          ],
          [
            -99.18831,
            18.9183,
            0
          ],
          [
            -99.18838,
            18.91834,
            0
          ],
          [
            -99.18854,
            18.91841,
            0
          ],
          [
            -99.1886,
            18.91844,
            0
          ],
          [
            -99.18872,
            18.91849,
            0
          ],
          [
            -99.18896,
            18.91858,
            0
          ],
          [
            -99.18946,
            18.91874,
            0
          ],
          [
            -99.19093,
            18.91918,
            0
          ],
          [
            -99.19185,
            18.91946,
            0
          ],
          [
            -99.19229,
            18.9196,
            0
          ],
          [
            -99.19257,
            18.91968,
            0
          ],
          [
            -99.19346,
            18.91995,
            0
          ],
          [
            -99.19363,
            18.92,
            0
          ],
          [
            -99.19386,
            18.92004,
            0
          ],
          [
            -99.19397,
            18.92005,
            0
          ],
          [
            -99.19408,
            18.92005,
            0
          ],
          [
            -99.19422,
            18.92005,
            0
          ],
          [
            -99.19437,
            18.92002,
            0
          ],
          [
            -99.19451,
            18.91999,
            0
          ],
          [
            -99.19459,
            18.91997,
            0
          ],
          [
            -99.19477,
            18.91991,
            0
          ],
          [
            -99.1951,
            18.9198,
            0
          ],
          [
            -99.19532,
            18.91977,
            0
          ],
          [
            -99.19543,
            18.91976,
            0
          ],
          [
            -99.19558,
            18.91974,
            0
          ],
          [
            -99.19574,
            18.91973,
            0
          ],
          [
            -99.19586,
            18.91973,
            0
          ],
          [
            -99.19597,
            18.91974,
            0
          ],
          [
            -99.1961,
            18.91975,
            0
          ],
          [
            -99.19622,
            18.91977,
            0
          ],
          [
            -99.19636,
            18.91979,
            0
          ],
          [
            -99.19649,
            18.91981,
            0
          ],
          [
            -99.19689,
            18.91989,
            0
          ],
          [
            -99.19723,
            18.91996,
            0
          ],
          [
            -99.19725,
            18.91996,
            0
          ],
          [
            -99.19749,
            18.92001,
            0
          ],
          [
            -99.19771,
            18.92007,
            0
          ],
          [
            -99.19777,
            18.92009,
            0
          ],
          [
            -99.19778,
            18.9201,
            0
          ],
          [
            -99.19786,
            18.92012,
            0
          ],
          [
            -99.19787,
            18.92012,
            0
          ],
          [
            -99.19794,
            18.92015,
            0
          ],
          [
            -99.19809,
            18.92021,
            0
          ],
          [
            -99.19826,
            18.92029,
            0
          ],
          [
            -99.19866,
            18.92046,
            0
          ],
          [
            -99.19869,
            18.92047,
            0
          ],
          [
            -99.19873,
            18.92049,
            0
          ],
          [
            -99.19924,
            18.9207,
            0
          ],
          [
            -99.1994,
            18.92076,
            0
          ],
          [
            -99.19943,
            18.92077,
            0
          ],
          [
            -99.19948,
            18.92079,
            0
          ],
          [
            -99.19952,
            18.9208,
            0
          ],
          [
            -99.19955,
            18.92081,
            0
          ],
          [
            -99.19956,
            18.92082,
            0
          ],
          [
            -99.1998,
            18.92089,
            0
          ],
          [
            -99.19988,
            18.92092,
            0
          ],
          [
            -99.20009,
            18.92096,
            0
          ],
          [
            -99.20018,
            18.92098,
            0
          ],
          [
            -99.20037,
            18.921,
            0
          ],
          [
            -99.20045,
            18.921,
            0
          ],
          [
            -99.20051,
            18.92101,
            0
          ],
          [
            -99.2006,
            18.92102,
            0
          ],
          [
            -99.20086,
            18.92103,
            0
          ],
          [
            -99.20125,
            18.92103,
            0
          ],
          [
            -99.20141,
            18.92103,
            0
          ],
          [
            -99.20144,
            18.92103,
            0
          ],
          [
            -99.20159,
            18.92102,
            0
          ],
          [
            -99.20198,
            18.921,
            0
          ],
          [
            -99.20221,
            18.92099,
            0
          ],
          [
            -99.20241,
            18.92099,
            0
          ],
          [
            -99.20263,
            18.921,
            0
          ],
          [
            -99.20277,
            18.92101,
            0
          ],
          [
            -99.20293,
            18.92103,
            0
          ],
          [
            -99.20317,
            18.92109,
            0
          ],
          [
            -99.20336,
            18.92113,
            0
          ],
          [
            -99.20369,
            18.92122,
            0
          ],
          [
            -99.20387,
            18.92126,
            0
          ],
          [
            -99.20411,
            18.92134,
            0
          ],
          [
            -99.2044,
            18.92148,
            0
          ],
          [
            -99.20445,
            18.92152,
            0
          ],
          [
            -99.2047,
            18.92162,
            0
          ],
          [
            -99.20476,
            18.92165,
            0
          ],
          [
            -99.20483,
            18.92167,
            0
          ],
          [
            -99.20491,
            18.92169,
            0
          ],
          [
            -99.205,
            18.92171,
            0
          ],
          [
            -99.2051,
            18.92171,
            0
          ],
          [
            -99.20522,
            18.9217,
            0
          ],
          [
            -99.20529,
            18.92169,
            0
          ],
          [
            -99.20569,
            18.92168,
            0
          ],
          [
            -99.20612,
            18.92166,
            0
          ],
          [
            -99.20625,
            18.92166,
            0
          ],
          [
            -99.20636,
            18.92167,
            0
          ],
          [
            -99.20655,
            18.92169,
            0
          ],
          [
            -99.2069,
            18.92174,
            0
          ],
          [
            -99.20705,
            18.92176,
            0
          ],
          [
            -99.20714,
            18.92178,
            0
          ],
          [
            -99.20724,
            18.92181,
            0
          ],
          [
            -99.20739,
            18.92186,
            0
          ],
          [
            -99.20762,
            18.92196,
            0
          ],
          [
            -99.20774,
            18.92203,
            0
          ],
          [
            -99.20785,
            18.9221,
            0
          ],
          [
            -99.20798,
            18.92221,
            0
          ],
          [
            -99.20814,
            18.92234,
            0
          ],
          [
            -99.20836,
            18.92252,
            0
          ],
          [
            -99.20861,
            18.92273,
            0
          ],
          [
            -99.20873,
            18.92282,
            0
          ],
          [
            -99.20887,
            18.9229,
            0
          ],
          [
            -99.20899,
            18.92296,
            0
          ],
          [
            -99.20905,
            18.92299,
            0
          ],
          [
            -99.20913,
            18.92302,
            0
          ],
          [
            -99.20925,
            18.92307,
            0
          ],
          [
            -99.20938,
            18.92312,
            0
          ],
          [
            -99.20972,
            18.92321,
            0
          ],
          [
            -99.20978,
            18.92323,
            0
          ],
          [
            -99.21013,
            18.92331,
            0
          ],
          [
            -99.21041,
            18.92334,
            0
          ],
          [
            -99.2108,
            18.92343,
            0
          ],
          [
            -99.21131,
            18.92357,
            0
          ],
          [
            -99.21157,
            18.92363,
            0
          ],
          [
            -99.2118,
            18.92368,
            0
          ],
          [
            -99.21211,
            18.92378,
            0
          ],
          [
            -99.21271,
            18.92392,
            0
          ],
          [
            -99.21318,
            18.92403,
            0
          ],
          [
            -99.21365,
            18.9241,
            0
          ],
          [
            -99.21399,
            18.92412,
            0
          ],
          [
            -99.2146,
            18.92413,
            0
          ],
          [
            -99.21462,
            18.92413,
            0
          ],
          [
            -99.21481,
            18.92413,
            0
          ],
          [
            -99.21499,
            18.92413,
            0
          ],
          [
            -99.2152,
            18.92413,
            0
          ],
          [
            -99.21592,
            18.92413,
            0
          ],
          [
            -99.21646,
            18.92413,
            0
          ],
          [
            -99.21656,
            18.92413,
            0
          ],
          [
            -99.21694,
            18.92414,
            0
          ],
          [
            -99.2176,
            18.92412,
            0
          ],
          [
            -99.21798,
            18.92411,
            0
          ],
          [
            -99.21861,
            18.9241,
            0
          ],
          [
            -99.21877,
            18.9241,
            0
          ],
          [
            -99.2201,
            18.92407,
            0
          ],
          [
            -99.22033,
            18.92408,
            0
          ],
          [
            -99.22076,
            18.92409,
            0
          ],
          [
            -99.22097,
            18.92411,
            0
          ],
          [
            -99.22106,
            18.92413,
            0
          ],
          [
            -99.22153,
            18.92425,
            0
          ],
          [
            -99.22163,
            18.92428,
            0
          ],
          [
            -99.22233,
            18.92444,
            0
          ],
          [
            -99.22251,
            18.92448,
            0
          ],
          [
            -99.22325,
            18.92465,
            0
          ],
          [
            -99.22336,
            18.92467,
            0
          ],
          [
            -99.22339,
            18.92468,
            0
          ],
          [
            -99.22416,
            18.92485,
            0
          ],
          [
            -99.22492,
            18.92502,
            0
          ],
          [
            -99.22544,
            18.92514,
            0
          ],
          [
            -99.22584,
            18.92523,
            0
          ],
          [
            -99.22611,
            18.92529,
            0
          ],
          [
            -99.22732,
            18.92557,
            0
          ],
          [
            -99.22769,
            18.92566,
            0
          ],
          [
            -99.22774,
            18.92567,
            0
          ],
          [
            -99.22793,
            18.92572,
            0
          ],
          [
            -99.2281,
            18.92578,
            0
          ],
          [
            -99.22824,
            18.92584,
            0
          ],
          [
            -99.22842,
            18.92594,
            0
          ],
          [
            -99.22864,
            18.92608,
            0
          ],
          [
            -99.22874,
            18.92616,
            0
          ],
          [
            -99.22878,
            18.92619,
            0
          ],
          [
            -99.22888,
            18.92628,
            0
          ],
          [
            -99.22908,
            18.92649,
            0
          ],
          [
            -99.22925,
            18.92669,
            0
          ],
          [
            -99.22934,
            18.92681,
            0
          ],
          [
            -99.22943,
            18.92698,
            0
          ],
          [
            -99.22951,
            18.92712,
            0
          ],
          [
            -99.22963,
            18.92741,
            0
          ],
          [
            -99.22982,
            18.92787,
            0
          ],
          [
            -99.22984,
            18.92793,
            0
          ],
          [
            -99.23006,
            18.92848,
            0
          ],
          [
            -99.23025,
            18.92895,
            0
          ],
          [
            -99.23043,
            18.92935,
            0
          ],
          [
            -99.23047,
            18.92947,
            0
          ],
          [
            -99.23055,
            18.9297,
            0
          ],
          [
            -99.23058,
            18.92977,
            0
          ],
          [
            -99.23063,
            18.93004,
            0
          ],
          [
            -99.23069,
            18.93031,
            0
          ],
          [
            -99.23069,
            18.93038,
            0
          ],
          [
            -99.23071,
            18.93047,
            0
          ],
          [
            -99.23072,
            18.93059,
            0
          ],
          [
            -99.23073,
            18.9307,
            0
          ],
          [
            -99.23073,
            18.93072,
            0
          ],
          [
            -99.23074,
            18.93082,
            0
          ],
          [
            -99.23076,
            18.93108,
            0
          ],
          [
            -99.23077,
            18.93117,
            0
          ],
          [
            -99.23081,
            18.93151,
            0
          ],
          [
            -99.23085,
            18.93192,
            0
          ],
          [
            -99.23085,
            18.93204,
            0
          ],
          [
            -99.23086,
            18.93211,
            0
          ],
          [
            -99.23085,
            18.93214,
            0
          ],
          [
            -99.23085,
            18.93217,
            0
          ],
          [
            -99.23084,
            18.93221,
            0
          ],
          [
            -99.23084,
            18.93222,
            0
          ],
          [
            -99.23083,
            18.93225,
            0
          ],
          [
            -99.23075,
            18.93252,
            0
          ],
          [
            -99.23073,
            18.93258,
            0
          ],
          [
            -99.23068,
            18.93272,
            0
          ],
          [
            -99.23058,
            18.93299,
            0
          ],
          [
            -99.23054,
            18.93311,
            0
          ],
          [
            -99.23048,
            18.93331,
            0
          ],
          [
            -99.23039,
            18.93363,
            0
          ],
          [
            -99.2302,
            18.93417,
            0
          ],
          [
            -99.23015,
            18.93431,
            0
          ],
          [
            -99.23001,
            18.93471,
            0
          ],
          [
            -99.22988,
            18.93513,
            0
          ],
          [
            -99.22984,
            18.93523,
            0
          ],
          [
            -99.22984,
            18.93524,
            0
          ],
          [
            -99.22978,
            18.93544,
            0
          ],
          [
            -99.22969,
            18.93579,
            0
          ],
          [
            -99.22968,
            18.93583,
            0
          ],
          [
            -99.22964,
            18.93594,
            0
          ],
          [
            -99.22956,
            18.93619,
            0
          ],
          [
            -99.22949,
            18.93643,
            0
          ],
          [
            -99.22948,
            18.93645,
            0
          ],
          [
            -99.22947,
            18.93648,
            0
          ],
          [
            -99.22939,
            18.93654,
            0
          ],
          [
            -99.22946,
            18.93663,
            0
          ],
          [
            -99.22956,
            18.93678,
            0
          ],
          [
            -99.22963,
            18.93688,
            0
          ],
          [
            -99.22981,
            18.93713,
            0
          ],
          [
            -99.23001,
            18.93741,
            0
          ],
          [
            -99.23004,
            18.93747,
            0
          ],
          [
            -99.2301,
            18.93755,
            0
          ],
          [
            -99.23032,
            18.93791,
            0
          ],
          [
            -99.23043,
            18.93805,
            0
          ],
          [
            -99.23049,
            18.93815,
            0
          ],
          [
            -99.2309,
            18.93875,
            0
          ],
          [
            -99.231,
            18.93887,
            0
          ],
          [
            -99.23123,
            18.93916,
            0
          ],
          [
            -99.2314,
            18.93935,
            0
          ],
          [
            -99.23143,
            18.93938,
            0
          ],
          [
            -99.23154,
            18.93951,
            0
          ],
          [
            -99.23159,
            18.93957,
            0
          ],
          [
            -99.23165,
            18.93964,
            0
          ],
          [
            -99.23175,
            18.93977,
            0
          ],
          [
            -99.23203,
            18.94017,
            0
          ],
          [
            -99.23209,
            18.94027,
            0
          ],
          [
            -99.23215,
            18.94037,
            0
          ],
          [
            -99.2322,
            18.94052,
            0
          ],
          [
            -99.23233,
            18.94093,
            0
          ],
          [
            -99.23235,
            18.94105,
            0
          ],
          [
            -99.2324,
            18.94126,
            0
          ],
          [
            -99.23259,
            18.94189,
            0
          ],
          [
            -99.23262,
            18.94198,
            0
          ],
          [
            -99.23268,
            18.94218,
            0
          ],
          [
            -99.23271,
            18.9423,
            0
          ],
          [
            -99.23288,
            18.94284,
            0
          ],
          [
            -99.23301,
            18.94326,
            0
          ],
          [
            -99.23309,
            18.94358,
            0
          ],
          [
            -99.23312,
            18.94368,
            0
          ],
          [
            -99.23318,
            18.9439,
            0
          ],
          [
            -99.2333,
            18.94431,
            0
          ],
          [
            -99.23344,
            18.94479,
            0
          ],
          [
            -99.2336,
            18.94534,
            0
          ],
          [
            -99.23376,
            18.94587,
            0
          ],
          [
            -99.23387,
            18.94625,
            0
          ],
          [
            -99.23391,
            18.9464,
            0
          ],
          [
            -99.23396,
            18.9466,
            0
          ],
          [
            -99.23413,
            18.9472,
            0
          ],
          [
            -99.23414,
            18.94722,
            0
          ],
          [
            -99.23425,
            18.9476,
            0
          ],
          [
            -99.23456,
            18.94862,
            0
          ],
          [
            -99.23472,
            18.94911,
            0
          ],
          [
            -99.2348,
            18.94933,
            0
          ],
          [
            -99.23513,
            18.95024,
            0
          ],
          [
            -99.23528,
            18.9507,
            0
          ],
          [
            -99.23536,
            18.95097,
            0
          ],
          [
            -99.23542,
            18.95114,
            0
          ],
          [
            -99.2355,
            18.95142,
            0
          ],
          [
            -99.23555,
            18.95158,
            0
          ],
          [
            -99.23566,
            18.95195,
            0
          ],
          [
            -99.23585,
            18.95259,
            0
          ],
          [
            -99.23595,
            18.95295,
            0
          ],
          [
            -99.23598,
            18.95304,
            0
          ],
          [
            -99.23605,
            18.95325,
            0
          ],
          [
            -99.23635,
            18.95435,
            0
          ],
          [
            -99.23659,
            18.95518,
            0
          ],
          [
            -99.23676,
            18.95569,
            0
          ],
          [
            -99.23685,
            18.95598,
            0
          ],
          [
            -99.23689,
            18.95613,
            0
          ],
          [
            -99.23692,
            18.95622,
            0
          ],
          [
            -99.23715,
            18.95704,
            0
          ],
          [
            -99.23716,
            18.9571,
            0
          ],
          [
            -99.23719,
            18.95722,
            0
          ],
          [
            -99.23721,
            18.95728,
            0
          ],
          [
            -99.23732,
            18.95773,
            0
          ],
          [
            -99.23752,
            18.95851,
            0
          ],
          [
            -99.23821,
            18.96082,
            0
          ],
          [
            -99.23825,
            18.96095,
            0
          ],
          [
            -99.23846,
            18.96156,
            0
          ],
          [
            -99.23852,
            18.96173,
            0
          ],
          [
            -99.23872,
            18.9625,
            0
          ],
          [
            -99.23887,
            18.96298,
            0
          ],
          [
            -99.23902,
            18.96344,
            0
          ],
          [
            -99.23906,
            18.96359,
            0
          ],
          [
            -99.2391,
            18.96375,
            0
          ],
          [
            -99.23913,
            18.96385,
            0
          ],
          [
            -99.23916,
            18.96397,
            0
          ],
          [
            -99.23923,
            18.9642,
            0
          ],
          [
            -99.2395,
            18.96518,
            0
          ],
          [
            -99.23952,
            18.96525,
            0
          ],
          [
            -99.23965,
            18.96569,
            0
          ],
          [
            -99.23974,
            18.96601,
            0
          ],
          [
            -99.23981,
            18.96624,
            0
          ],
          [
            -99.23992,
            18.9666,
            0
          ],
          [
            -99.24013,
            18.96716,
            0
          ],
          [
            -99.24015,
            18.96724,
            0
          ],
          [
            -99.2402,
            18.96743,
            0
          ],
          [
            -99.24028,
            18.96784,
            0
          ],
          [
            -99.24015,
            18.96786,
            0
          ],
          [
            -99.24012,
            18.96786,
            0
          ],
          [
            -99.2401,
            18.96787,
            0
          ],
          [
            -99.24008,
            18.96788,
            0
          ],
          [
            -99.24007,
            18.9679,
            0
          ],
          [
            -99.24005,
            18.96791,
            0
          ],
          [
            -99.24003,
            18.96792,
            0
          ],
          [
            -99.24002,
            18.96794,
            0
          ],
          [
            -99.24001,
            18.96796,
            0
          ],
          [
            -99.24,
            18.96797,
            0
          ],
          [
            -99.23999,
            18.96798,
            0
          ],
          [
            -99.23999,
            18.96799,
            0
          ],
          [
            -99.23998,
            18.968,
            0
          ],
          [
            -99.23998,
            18.96801,
            0
          ],
          [
            -99.23998,
            18.96802,
            0
          ],
          [
            -99.23998,
            18.96803,
            0
          ],
          [
            -99.23998,
            18.96805,
            0
          ],
          [
            -99.23999,
            18.96807,
            0
          ],
          [
            -99.24,
            18.9681,
            0
          ],
          [
            -99.24002,
            18.96812,
            0
          ],
          [
            -99.24004,
            18.96814,
            0
          ],
          [
            -99.24005,
            18.96816,
            0
          ],
          [
            -99.24007,
            18.96818,
            0
          ],
          [
            -99.24013,
            18.96825,
            0
          ],
          [
            -99.24025,
            18.96823,
            0
          ],
          [
            -99.24028,
            18.96823,
            0
          ],
          [
            -99.2403,
            18.96822,
            0
          ],
          [
            -99.24031,
            18.96822,
            0
          ],
          [
            -99.24034,
            18.9682,
            0
          ],
          [
            -99.24037,
            18.96819,
            0
          ],
          [
            -99.2404,
            18.96817,
            0
          ],
          [
            -99.24042,
            18.96815,
            0
          ],
          [
            -99.24045,
            18.96811,
            0
          ],
          [
            -99.24086,
            18.96797,
            0
          ],
          [
            -99.24088,
            18.96796,
            0
          ],
          [
            -99.24096,
            18.96792,
            0
          ],
          [
            -99.24113,
            18.96785,
            0
          ],
          [
            -99.24131,
            18.96777,
            0
          ],
          [
            -99.24146,
            18.9677,
            0
          ],
          [
            -99.24175,
            18.96758,
            0
          ],
          [
            -99.24188,
            18.96752,
            0
          ],
          [
            -99.24205,
            18.96744,
            0
          ],
          [
            -99.24222,
            18.96737,
            0
          ],
          [
            -99.24385,
            18.96664,
            0
          ],
          [
            -99.24477,
            18.96624,
            0
          ],
          [
            -99.24486,
            18.9662,
            0
          ],
          [
            -99.24501,
            18.96613,
            0
          ],
          [
            -99.24503,
            18.96612,
            0
          ],
          [
            -99.24545,
            18.96596,
            0
          ],
          [
            -99.24632,
            18.96559,
            0
          ],
          [
            -99.2466,
            18.96545,
            0
          ],
          [
            -99.24671,
            18.96541,
            0
          ],
          [
            -99.24673,
            18.96541,
            0
          ],
          [
            -99.24674,
            18.96542,
            0
          ],
          [
            -99.24675,
            18.96542,
            0
          ],
          [
            -99.24676,
            18.96542,
            0
          ],
          [
            -99.24678,
            18.96543,
            0
          ],
          [
            -99.24679,
            18.96543,
            0
          ],
          [
            -99.2468,
            18.96543,
            0
          ],
          [
            -99.24681,
            18.96543,
            0
          ],
          [
            -99.24684,
            18.96542,
            0
          ],
          [
            -99.24685,
            18.96542,
            0
          ],
          [
            -99.24687,
            18.96542,
            0
          ],
          [
            -99.24688,
            18.96541,
            0
          ],
          [
            -99.24689,
            18.96541,
            0
          ],
          [
            -99.2469,
            18.9654,
            0
          ],
          [
            -99.24692,
            18.96539,
            0
          ],
          [
            -99.24693,
            18.96538,
            0
          ],
          [
            -99.24694,
            18.96537,
            0
          ],
          [
            -99.24695,
            18.96536,
            0
          ],
          [
            -99.24695,
            18.96535,
            0
          ],
          [
            -99.24696,
            18.96534,
            0
          ],
          [
            -99.24697,
            18.96533,
            0
          ],
          [
            -99.24698,
            18.96532,
            0
          ],
          [
            -99.24698,
            18.96531,
            0
          ],
          [
            -99.24698,
            18.96529,
            0
          ],
          [
            -99.24699,
            18.96528,
            0
          ],
          [
            -99.24722,
            18.96523,
            0
          ],
          [
            -99.24733,
            18.96522,
            0
          ],
          [
            -99.24751,
            18.96518,
            0
          ],
          [
            -99.24781,
            18.96512,
            0
          ],
          [
            -99.24816,
            18.96506,
            0
          ],
          [
            -99.24817,
            18.96506,
            0
          ],
          [
            -99.24819,
            18.96505,
            0
          ],
          [
            -99.24823,
            18.96502,
            0
          ],
          [
            -99.24828,
            18.96498,
            0
          ],
          [
            -99.24844,
            18.96495,
            0
          ],
          [
            -99.24858,
            18.96492,
            0
          ],
          [
            -99.24866,
            18.9649,
            0
          ],
          [
            -99.24869,
            18.96489,
            0
          ],
          [
            -99.24872,
            18.96488,
            0
          ],
          [
            -99.24874,
            18.96487,
            0
          ],
          [
            -99.24878,
            18.96482,
            0
          ],
          [
            -99.24888,
            18.96439,
            0
          ],
          [
            -99.24889,
            18.96431,
            0
          ],
          [
            -99.24894,
            18.96405,
            0
          ],
          [
            -99.24902,
            18.96396,
            0
          ],
          [
            -99.24907,
            18.96392,
            0
          ],
          [
            -99.24909,
            18.9639,
            0
          ],
          [
            -99.24916,
            18.96387,
            0
          ],
          [
            -99.24925,
            18.96382,
            0
          ],
          [
            -99.25009,
            18.96358,
            0
          ],
          [
            -99.25089,
            18.96335,
            0
          ],
          [
            -99.25142,
            18.96322,
            0
          ],
          [
            -99.2519,
            18.96307,
            0
          ],
          [
            -99.25197,
            18.96305,
            0
          ],
          [
            -99.25212,
            18.96301,
            0
          ],
          [
            -99.25226,
            18.96299,
            0
          ],
          [
            -99.25237,
            18.96299,
            0
          ],
          [
            -99.25247,
            18.963,
            0
          ],
          [
            -99.25259,
            18.96301,
            0
          ],
          [
            -99.25272,
            18.96305,
            0
          ],
          [
            -99.25279,
            18.96308,
            0
          ],
          [
            -99.25289,
            18.96314,
            0
          ],
          [
            -99.25291,
            18.96314,
            0
          ],
          [
            -99.25302,
            18.96321,
            0
          ],
          [
            -99.2532,
            18.96334,
            0
          ],
          [
            -99.25335,
            18.96364,
            0
          ],
          [
            -99.25346,
            18.96396,
            0
          ],
          [
            -99.25343,
            18.96416,
            0
          ],
          [
            -99.25341,
            18.96433,
            0
          ],
          [
            -99.25335,
            18.96452,
            0
          ],
          [
            -99.25324,
            18.96479,
            0
          ],
          [
            -99.25316,
            18.96504,
            0
          ],
          [
            -99.25309,
            18.96536,
            0
          ],
          [
            -99.25306,
            18.96552,
            0
          ],
          [
            -99.25305,
            18.96557,
            0
          ],
          [
            -99.25305,
            18.96565,
            0
          ],
          [
            -99.25306,
            18.96567,
            0
          ],
          [
            -99.25307,
            18.96578,
            0
          ],
          [
            -99.25309,
            18.96598,
            0
          ],
          [
            -99.2531,
            18.96605,
            0
          ],
          [
            -99.25318,
            18.96626,
            0
          ],
          [
            -99.25322,
            18.96633,
            0
          ],
          [
            -99.25327,
            18.96642,
            0
          ],
          [
            -99.25329,
            18.96651,
            0
          ],
          [
            -99.25342,
            18.96668,
            0
          ],
          [
            -99.2535,
            18.96675,
            0
          ],
          [
            -99.25361,
            18.96682,
            0
          ],
          [
            -99.25374,
            18.96688,
            0
          ],
          [
            -99.25392,
            18.96693,
            0
          ],
          [
            -99.25398,
            18.96694,
            0
          ],
          [
            -99.25416,
            18.967,
            0
          ],
          [
            -99.25432,
            18.96708,
            0
          ],
          [
            -99.25453,
            18.96722,
            0
          ],
          [
            -99.25468,
            18.96729,
            0
          ],
          [
            -99.25479,
            18.96744,
            0
          ],
          [
            -99.25484,
            18.96752,
            0
          ],
          [
            -99.25487,
            18.9676,
            0
          ],
          [
            -99.25495,
            18.96787,
            0
          ],
          [
            -99.25502,
            18.96812,
            0
          ],
          [
            -99.25505,
            18.96822,
            0
          ],
          [
            -99.25508,
            18.96826,
            0
          ],
          [
            -99.25512,
            18.9683,
            0
          ],
          [
            -99.25517,
            18.96834,
            0
          ],
          [
            -99.25544,
            18.96849,
            0
          ],
          [
            -99.25554,
            18.96856,
            0
          ],
          [
            -99.25561,
            18.96859,
            0
          ],
          [
            -99.2557,
            18.96862,
            0
          ],
          [
            -99.25576,
            18.96862,
            0
          ],
          [
            -99.25581,
            18.96863,
            0
          ],
          [
            -99.25587,
            18.96863,
            0
          ],
          [
            -99.25605,
            18.96864,
            0
          ],
          [
            -99.25626,
            18.96866,
            0
          ],
          [
            -99.25645,
            18.96885,
            0
          ],
          [
            -99.25649,
            18.96889,
            0
          ],
          [
            -99.25709,
            18.96954,
            0
          ],
          [
            -99.25735,
            18.96986,
            0
          ],
          [
            -99.25746,
            18.96999,
            0
          ],
          [
            -99.25762,
            18.97024,
            0
          ],
          [
            -99.25766,
            18.97028,
            0
          ],
          [
            -99.25778,
            18.9704,
            0
          ],
          [
            -99.258,
            18.97064,
            0
          ],
          [
            -99.25825,
            18.97083,
            0
          ],
          [
            -99.25863,
            18.97112,
            0
          ],
          [
            -99.25879,
            18.97126,
            0
          ],
          [
            -99.25896,
            18.97141,
            0
          ],
          [
            -99.25919,
            18.97164,
            0
          ],
          [
            -99.2594,
            18.97182,
            0
          ],
          [
            -99.25972,
            18.97205,
            0
          ],
          [
            -99.26002,
            18.97221,
            0
          ],
          [
            -99.26005,
            18.97223,
            0
          ],
          [
            -99.26027,
            18.97235,
            0
          ],
          [
            -99.26031,
            18.97238,
            0
          ],
          [
            -99.26044,
            18.97244,
            0
          ],
          [
            -99.26061,
            18.9726,
            0
          ],
          [
            -99.26076,
            18.97274,
            0
          ],
          [
            -99.26083,
            18.97282,
            0
          ],
          [
            -99.26086,
            18.97288,
            0
          ],
          [
            -99.26091,
            18.97304,
            0
          ],
          [
            -99.26095,
            18.9732,
            0
          ]
        ]
      },
      "properties": {
        "name": "COL. HERNANDEZ NAVARRO - RANCHO CORTEZ",
        "styleUrl": "#line-A52714-1775-nodesc",
        "stroke-opacity": 1,
        "stroke": "#a52714",
        "stroke-width": 1.775
      }
    },
    {
      "type": "Feature",
      "geometry": {
        "type": "LineString",
        "coordinates": [
          [
            -99.26095,
            18.9732,
            0
          ],
          [
            -99.26091,
            18.97304,
            0
          ],
          [
            -99.26086,
            18.97288,
            0
          ],
          [
            -99.26083,
            18.97282,
            0
          ],
          [
            -99.26076,
            18.97274,
            0
          ],
          [
            -99.26061,
            18.9726,
            0
          ],
          [
            -99.26044,
            18.97244,
            0
          ],
          [
            -99.26031,
            18.97238,
            0
          ],
          [
            -99.26027,
            18.97235,
            0
          ],
          [
            -99.26005,
            18.97223,
            0
          ],
          [
            -99.26002,
            18.97221,
            0
          ],
          [
            -99.25972,
            18.97205,
            0
          ],
          [
            -99.2594,
            18.97182,
            0
          ],
          [
            -99.25919,
            18.97164,
            0
          ],
          [
            -99.25896,
            18.97141,
            0
          ],
          [
            -99.25879,
            18.97126,
            0
          ],
          [
            -99.25863,
            18.97112,
            0
          ],
          [
            -99.25825,
            18.97083,
            0
          ],
          [
            -99.258,
            18.97064,
            0
          ],
          [
            -99.25778,
            18.9704,
            0
          ],
          [
            -99.25766,
            18.97028,
            0
          ],
          [
            -99.25762,
            18.97024,
            0
          ],
          [
            -99.25746,
            18.96999,
            0
          ],
          [
            -99.25735,
            18.96986,
            0
          ],
          [
            -99.25709,
            18.96954,
            0
          ],
          [
            -99.25649,
            18.96889,
            0
          ],
          [
            -99.25645,
            18.96885,
            0
          ],
          [
            -99.25626,
            18.96866,
            0
          ],
          [
            -99.25605,
            18.96864,
            0
          ],
          [
            -99.25587,
            18.96863,
            0
          ],
          [
            -99.25581,
            18.96863,
            0
          ],
          [
            -99.25576,
            18.96862,
            0
          ],
          [
            -99.2557,
            18.96862,
            0
          ],
          [
            -99.25561,
            18.96859,
            0
          ],
          [
            -99.25554,
            18.96856,
            0
          ],
          [
            -99.25544,
            18.96849,
            0
          ],
          [
            -99.25517,
            18.96834,
            0
          ],
          [
            -99.25512,
            18.9683,
            0
          ],
          [
            -99.25508,
            18.96826,
            0
          ],
          [
            -99.25505,
            18.96822,
            0
          ],
          [
            -99.25502,
            18.96812,
            0
          ],
          [
            -99.25495,
            18.96787,
            0
          ],
          [
            -99.25487,
            18.9676,
            0
          ],
          [
            -99.25484,
            18.96752,
            0
          ],
          [
            -99.25479,
            18.96744,
            0
          ],
          [
            -99.25468,
            18.96729,
            0
          ],
          [
            -99.25453,
            18.96722,
            0
          ],
          [
            -99.25432,
            18.96708,
            0
          ],
          [
            -99.25416,
            18.967,
            0
          ],
          [
            -99.25398,
            18.96694,
            0
          ],
          [
            -99.25392,
            18.96693,
            0
          ],
          [
            -99.25374,
            18.96688,
            0
          ],
          [
            -99.25361,
            18.96682,
            0
          ],
          [
            -99.2535,
            18.96675,
            0
          ],
          [
            -99.25342,
            18.96668,
            0
          ],
          [
            -99.25329,
            18.96651,
            0
          ],
          [
            -99.25327,
            18.96642,
            0
          ],
          [
            -99.25322,
            18.96633,
            0
          ],
          [
            -99.25318,
            18.96626,
            0
          ],
          [
            -99.2531,
            18.96605,
            0
          ],
          [
            -99.25309,
            18.96598,
            0
          ],
          [
            -99.25307,
            18.96578,
            0
          ],
          [
            -99.25306,
            18.96567,
            0
          ],
          [
            -99.25305,
            18.96565,
            0
          ],
          [
            -99.25305,
            18.96557,
            0
          ],
          [
            -99.25306,
            18.96552,
            0
          ],
          [
            -99.25309,
            18.96536,
            0
          ],
          [
            -99.25316,
            18.96504,
            0
          ],
          [
            -99.25324,
            18.96479,
            0
          ],
          [
            -99.25335,
            18.96452,
            0
          ],
          [
            -99.25341,
            18.96433,
            0
          ],
          [
            -99.25343,
            18.96416,
            0
          ],
          [
            -99.25346,
            18.96396,
            0
          ],
          [
            -99.25335,
            18.96364,
            0
          ],
          [
            -99.2532,
            18.96334,
            0
          ],
          [
            -99.25302,
            18.96321,
            0
          ],
          [
            -99.25291,
            18.96314,
            0
          ],
          [
            -99.25289,
            18.96314,
            0
          ],
          [
            -99.25279,
            18.96308,
            0
          ],
          [
            -99.25272,
            18.96305,
            0
          ],
          [
            -99.25259,
            18.96301,
            0
          ],
          [
            -99.25247,
            18.963,
            0
          ],
          [
            -99.25237,
            18.96299,
            0
          ],
          [
            -99.25226,
            18.96299,
            0
          ],
          [
            -99.25212,
            18.96301,
            0
          ],
          [
            -99.25197,
            18.96305,
            0
          ],
          [
            -99.2519,
            18.96307,
            0
          ],
          [
            -99.25142,
            18.96322,
            0
          ],
          [
            -99.25089,
            18.96335,
            0
          ],
          [
            -99.25009,
            18.96358,
            0
          ],
          [
            -99.24925,
            18.96382,
            0
          ],
          [
            -99.24916,
            18.96387,
            0
          ],
          [
            -99.24909,
            18.9639,
            0
          ],
          [
            -99.24907,
            18.96392,
            0
          ],
          [
            -99.24902,
            18.96396,
            0
          ],
          [
            -99.24894,
            18.96405,
            0
          ],
          [
            -99.24889,
            18.96431,
            0
          ],
          [
            -99.24888,
            18.96439,
            0
          ],
          [
            -99.24878,
            18.96482,
            0
          ],
          [
            -99.24874,
            18.96487,
            0
          ],
          [
            -99.24872,
            18.96488,
            0
          ],
          [
            -99.24869,
            18.96489,
            0
          ],
          [
            -99.24866,
            18.9649,
            0
          ],
          [
            -99.24858,
            18.96492,
            0
          ],
          [
            -99.24844,
            18.96495,
            0
          ],
          [
            -99.24828,
            18.96498,
            0
          ],
          [
            -99.24823,
            18.96496,
            0
          ],
          [
            -99.24817,
            18.96497,
            0
          ],
          [
            -99.24781,
            18.96503,
            0
          ],
          [
            -99.24733,
            18.96511,
            0
          ],
          [
            -99.24721,
            18.96513,
            0
          ],
          [
            -99.24714,
            18.96514,
            0
          ],
          [
            -99.24707,
            18.96514,
            0
          ],
          [
            -99.24694,
            18.9651,
            0
          ],
          [
            -99.24693,
            18.96509,
            0
          ],
          [
            -99.24692,
            18.96509,
            0
          ],
          [
            -99.24691,
            18.96509,
            0
          ],
          [
            -99.2469,
            18.96508,
            0
          ],
          [
            -99.24689,
            18.96508,
            0
          ],
          [
            -99.24688,
            18.96508,
            0
          ],
          [
            -99.24687,
            18.96509,
            0
          ],
          [
            -99.24685,
            18.96508,
            0
          ],
          [
            -99.24684,
            18.96508,
            0
          ],
          [
            -99.24682,
            18.96508,
            0
          ],
          [
            -99.24681,
            18.96507,
            0
          ],
          [
            -99.24679,
            18.96507,
            0
          ],
          [
            -99.24678,
            18.96508,
            0
          ],
          [
            -99.24676,
            18.96508,
            0
          ],
          [
            -99.24675,
            18.96508,
            0
          ],
          [
            -99.24674,
            18.96509,
            0
          ],
          [
            -99.24672,
            18.96509,
            0
          ],
          [
            -99.24671,
            18.9651,
            0
          ],
          [
            -99.24669,
            18.96511,
            0
          ],
          [
            -99.24668,
            18.96512,
            0
          ],
          [
            -99.24667,
            18.96513,
            0
          ],
          [
            -99.24666,
            18.96514,
            0
          ],
          [
            -99.24665,
            18.96515,
            0
          ],
          [
            -99.24664,
            18.96516,
            0
          ],
          [
            -99.24664,
            18.96517,
            0
          ],
          [
            -99.24663,
            18.96518,
            0
          ],
          [
            -99.24663,
            18.9652,
            0
          ],
          [
            -99.24662,
            18.96521,
            0
          ],
          [
            -99.24662,
            18.96522,
            0
          ],
          [
            -99.24662,
            18.96524,
            0
          ],
          [
            -99.24662,
            18.96525,
            0
          ],
          [
            -99.24653,
            18.96529,
            0
          ],
          [
            -99.24592,
            18.96557,
            0
          ],
          [
            -99.24568,
            18.96568,
            0
          ],
          [
            -99.24512,
            18.96592,
            0
          ],
          [
            -99.24482,
            18.96607,
            0
          ],
          [
            -99.24479,
            18.96608,
            0
          ],
          [
            -99.24466,
            18.96615,
            0
          ],
          [
            -99.24456,
            18.9662,
            0
          ],
          [
            -99.24439,
            18.96628,
            0
          ],
          [
            -99.24432,
            18.96631,
            0
          ],
          [
            -99.24415,
            18.96639,
            0
          ],
          [
            -99.2438,
            18.96654,
            0
          ],
          [
            -99.24219,
            18.96725,
            0
          ],
          [
            -99.24137,
            18.96763,
            0
          ],
          [
            -99.24126,
            18.96768,
            0
          ],
          [
            -99.24117,
            18.96772,
            0
          ],
          [
            -99.24112,
            18.96774,
            0
          ],
          [
            -99.24103,
            18.96777,
            0
          ],
          [
            -99.24094,
            18.96781,
            0
          ],
          [
            -99.24088,
            18.96783,
            0
          ],
          [
            -99.24085,
            18.96784,
            0
          ],
          [
            -99.24084,
            18.96784,
            0
          ],
          [
            -99.24079,
            18.96786,
            0
          ],
          [
            -99.24074,
            18.96786,
            0
          ],
          [
            -99.24067,
            18.96787,
            0
          ],
          [
            -99.24064,
            18.96788,
            0
          ],
          [
            -99.24048,
            18.9679,
            0
          ],
          [
            -99.24048,
            18.96789,
            0
          ],
          [
            -99.24047,
            18.96789,
            0
          ],
          [
            -99.24046,
            18.96788,
            0
          ],
          [
            -99.24046,
            18.96787,
            0
          ],
          [
            -99.24045,
            18.96787,
            0
          ],
          [
            -99.24044,
            18.96786,
            0
          ],
          [
            -99.24043,
            18.96786,
            0
          ],
          [
            -99.24043,
            18.96785,
            0
          ],
          [
            -99.24037,
            18.9676,
            0
          ],
          [
            -99.2403,
            18.96739,
            0
          ],
          [
            -99.24027,
            18.96732,
            0
          ],
          [
            -99.24024,
            18.96714,
            0
          ],
          [
            -99.24006,
            18.96654,
            0
          ],
          [
            -99.23998,
            18.96628,
            0
          ],
          [
            -99.23993,
            18.9661,
            0
          ],
          [
            -99.23966,
            18.9652,
            0
          ],
          [
            -99.23964,
            18.96515,
            0
          ],
          [
            -99.23951,
            18.96472,
            0
          ],
          [
            -99.23935,
            18.96419,
            0
          ],
          [
            -99.23924,
            18.96382,
            0
          ],
          [
            -99.23922,
            18.96373,
            0
          ],
          [
            -99.23917,
            18.96357,
            0
          ],
          [
            -99.23899,
            18.96293,
            0
          ],
          [
            -99.23889,
            18.96245,
            0
          ],
          [
            -99.23866,
            18.96171,
            0
          ],
          [
            -99.2386,
            18.96154,
            0
          ],
          [
            -99.2386,
            18.96153,
            0
          ],
          [
            -99.23855,
            18.96133,
            0
          ],
          [
            -99.23844,
            18.96091,
            0
          ],
          [
            -99.23843,
            18.96084,
            0
          ],
          [
            -99.2384,
            18.96074,
            0
          ],
          [
            -99.23829,
            18.96038,
            0
          ],
          [
            -99.23815,
            18.95995,
            0
          ],
          [
            -99.23806,
            18.95963,
            0
          ],
          [
            -99.23791,
            18.95918,
            0
          ],
          [
            -99.23776,
            18.9587,
            0
          ],
          [
            -99.23767,
            18.95846,
            0
          ],
          [
            -99.23753,
            18.95787,
            0
          ],
          [
            -99.23751,
            18.95779,
            0
          ],
          [
            -99.2375,
            18.95775,
            0
          ],
          [
            -99.23748,
            18.95766,
            0
          ],
          [
            -99.23742,
            18.95742,
            0
          ],
          [
            -99.23735,
            18.95719,
            0
          ],
          [
            -99.23731,
            18.95711,
            0
          ],
          [
            -99.23729,
            18.95704,
            0
          ],
          [
            -99.23718,
            18.95666,
            0
          ],
          [
            -99.23704,
            18.95619,
            0
          ],
          [
            -99.23702,
            18.95608,
            0
          ],
          [
            -99.23697,
            18.95595,
            0
          ],
          [
            -99.23693,
            18.95584,
            0
          ],
          [
            -99.23673,
            18.95515,
            0
          ],
          [
            -99.23669,
            18.95502,
            0
          ],
          [
            -99.23657,
            18.95458,
            0
          ],
          [
            -99.23649,
            18.95433,
            0
          ],
          [
            -99.23635,
            18.95386,
            0
          ],
          [
            -99.23622,
            18.95342,
            0
          ],
          [
            -99.23616,
            18.95322,
            0
          ],
          [
            -99.23611,
            18.95301,
            0
          ],
          [
            -99.23608,
            18.95292,
            0
          ],
          [
            -99.23607,
            18.95288,
            0
          ],
          [
            -99.23599,
            18.95257,
            0
          ],
          [
            -99.23593,
            18.95236,
            0
          ],
          [
            -99.23592,
            18.95233,
            0
          ],
          [
            -99.23584,
            18.95207,
            0
          ],
          [
            -99.2358,
            18.95192,
            0
          ],
          [
            -99.23565,
            18.95145,
            0
          ],
          [
            -99.23557,
            18.95112,
            0
          ],
          [
            -99.23541,
            18.95063,
            0
          ],
          [
            -99.23528,
            18.95021,
            0
          ],
          [
            -99.23503,
            18.94953,
            0
          ],
          [
            -99.23496,
            18.94935,
            0
          ],
          [
            -99.23464,
            18.9484,
            0
          ],
          [
            -99.23445,
            18.94778,
            0
          ],
          [
            -99.2344,
            18.94762,
            0
          ],
          [
            -99.23438,
            18.94755,
            0
          ],
          [
            -99.23428,
            18.94722,
            0
          ],
          [
            -99.2341,
            18.94657,
            0
          ],
          [
            -99.23404,
            18.94639,
            0
          ],
          [
            -99.234,
            18.94624,
            0
          ],
          [
            -99.23374,
            18.94534,
            0
          ],
          [
            -99.23359,
            18.94482,
            0
          ],
          [
            -99.23351,
            18.94455,
            0
          ],
          [
            -99.23344,
            18.9443,
            0
          ],
          [
            -99.23343,
            18.94427,
            0
          ],
          [
            -99.23333,
            18.94392,
            0
          ],
          [
            -99.23325,
            18.94366,
            0
          ],
          [
            -99.23314,
            18.94329,
            0
          ],
          [
            -99.233,
            18.94281,
            0
          ],
          [
            -99.23288,
            18.94237,
            0
          ],
          [
            -99.23286,
            18.9423,
            0
          ],
          [
            -99.23282,
            18.94216,
            0
          ],
          [
            -99.23278,
            18.94203,
            0
          ],
          [
            -99.23265,
            18.9416,
            0
          ],
          [
            -99.23244,
            18.94089,
            0
          ],
          [
            -99.23234,
            18.94054,
            0
          ],
          [
            -99.23225,
            18.94032,
            0
          ],
          [
            -99.23218,
            18.94018,
            0
          ],
          [
            -99.23192,
            18.9398,
            0
          ],
          [
            -99.23185,
            18.93969,
            0
          ],
          [
            -99.23174,
            18.93959,
            0
          ],
          [
            -99.23153,
            18.93936,
            0
          ],
          [
            -99.23143,
            18.93924,
            0
          ],
          [
            -99.2313,
            18.93908,
            0
          ],
          [
            -99.2312,
            18.93895,
            0
          ],
          [
            -99.23055,
            18.93794,
            0
          ],
          [
            -99.23046,
            18.9378,
            0
          ],
          [
            -99.2302,
            18.93747,
            0
          ],
          [
            -99.23016,
            18.93742,
            0
          ],
          [
            -99.22991,
            18.93709,
            0
          ],
          [
            -99.2297,
            18.9368,
            0
          ],
          [
            -99.22953,
            18.93656,
            0
          ],
          [
            -99.2297,
            18.93608,
            0
          ],
          [
            -99.22979,
            18.93584,
            0
          ],
          [
            -99.22995,
            18.93525,
            0
          ],
          [
            -99.22997,
            18.93517,
            0
          ],
          [
            -99.22998,
            18.93515,
            0
          ],
          [
            -99.23014,
            18.93465,
            0
          ],
          [
            -99.23026,
            18.93429,
            0
          ],
          [
            -99.23029,
            18.93421,
            0
          ],
          [
            -99.2304,
            18.93387,
            0
          ],
          [
            -99.23047,
            18.93366,
            0
          ],
          [
            -99.23058,
            18.93333,
            0
          ],
          [
            -99.23068,
            18.93305,
            0
          ],
          [
            -99.23072,
            18.93293,
            0
          ],
          [
            -99.23074,
            18.93283,
            0
          ],
          [
            -99.23075,
            18.93278,
            0
          ],
          [
            -99.23078,
            18.93267,
            0
          ],
          [
            -99.2308,
            18.9326,
            0
          ],
          [
            -99.23082,
            18.93253,
            0
          ],
          [
            -99.23089,
            18.93231,
            0
          ],
          [
            -99.23092,
            18.9321,
            0
          ],
          [
            -99.23092,
            18.93209,
            0
          ],
          [
            -99.23092,
            18.93203,
            0
          ],
          [
            -99.23092,
            18.93201,
            0
          ],
          [
            -99.23092,
            18.932,
            0
          ],
          [
            -99.23088,
            18.9316,
            0
          ],
          [
            -99.23085,
            18.93122,
            0
          ],
          [
            -99.23084,
            18.93117,
            0
          ],
          [
            -99.23084,
            18.93111,
            0
          ],
          [
            -99.23082,
            18.93085,
            0
          ],
          [
            -99.23081,
            18.93071,
            0
          ],
          [
            -99.23078,
            18.93047,
            0
          ],
          [
            -99.23077,
            18.93037,
            0
          ],
          [
            -99.2307,
            18.92992,
            0
          ],
          [
            -99.23069,
            18.92989,
            0
          ],
          [
            -99.23064,
            18.9297,
            0
          ],
          [
            -99.2306,
            18.9296,
            0
          ],
          [
            -99.2305,
            18.92934,
            0
          ],
          [
            -99.23031,
            18.92892,
            0
          ],
          [
            -99.2303,
            18.92889,
            0
          ],
          [
            -99.23013,
            18.92842,
            0
          ],
          [
            -99.2301,
            18.92836,
            0
          ],
          [
            -99.22995,
            18.92796,
            0
          ],
          [
            -99.22993,
            18.92788,
            0
          ],
          [
            -99.22988,
            18.92781,
            0
          ],
          [
            -99.22982,
            18.92768,
            0
          ],
          [
            -99.22952,
            18.92698,
            0
          ],
          [
            -99.22948,
            18.92691,
            0
          ],
          [
            -99.22939,
            18.92675,
            0
          ],
          [
            -99.22935,
            18.92669,
            0
          ],
          [
            -99.22913,
            18.92642,
            0
          ],
          [
            -99.22898,
            18.92627,
            0
          ],
          [
            -99.22888,
            18.92618,
            0
          ],
          [
            -99.22882,
            18.92613,
            0
          ],
          [
            -99.2287,
            18.92603,
            0
          ],
          [
            -99.22851,
            18.92591,
            0
          ],
          [
            -99.22839,
            18.92583,
            0
          ],
          [
            -99.22829,
            18.92578,
            0
          ],
          [
            -99.22804,
            18.92567,
            0
          ],
          [
            -99.22794,
            18.92562,
            0
          ],
          [
            -99.22776,
            18.92559,
            0
          ],
          [
            -99.22684,
            18.92537,
            0
          ],
          [
            -99.22563,
            18.92509,
            0
          ],
          [
            -99.22546,
            18.92506,
            0
          ],
          [
            -99.22496,
            18.92494,
            0
          ],
          [
            -99.22418,
            18.92476,
            0
          ],
          [
            -99.22336,
            18.92456,
            0
          ],
          [
            -99.22327,
            18.92455,
            0
          ],
          [
            -99.22218,
            18.92432,
            0
          ],
          [
            -99.2216,
            18.92418,
            0
          ],
          [
            -99.2215,
            18.92416,
            0
          ],
          [
            -99.22107,
            18.92405,
            0
          ],
          [
            -99.22092,
            18.92402,
            0
          ],
          [
            -99.22078,
            18.92401,
            0
          ],
          [
            -99.22041,
            18.924,
            0
          ],
          [
            -99.22015,
            18.924,
            0
          ],
          [
            -99.21989,
            18.924,
            0
          ],
          [
            -99.21894,
            18.92402,
            0
          ],
          [
            -99.21868,
            18.92403,
            0
          ],
          [
            -99.21865,
            18.92403,
            0
          ],
          [
            -99.21852,
            18.92403,
            0
          ],
          [
            -99.21798,
            18.92402,
            0
          ],
          [
            -99.21765,
            18.92402,
            0
          ],
          [
            -99.21693,
            18.92404,
            0
          ],
          [
            -99.2167,
            18.92404,
            0
          ],
          [
            -99.21655,
            18.92404,
            0
          ],
          [
            -99.21592,
            18.92403,
            0
          ],
          [
            -99.21591,
            18.92403,
            0
          ],
          [
            -99.21519,
            18.92403,
            0
          ],
          [
            -99.21462,
            18.92403,
            0
          ],
          [
            -99.21399,
            18.92402,
            0
          ],
          [
            -99.21366,
            18.92402,
            0
          ],
          [
            -99.21306,
            18.92391,
            0
          ],
          [
            -99.21273,
            18.92382,
            0
          ],
          [
            -99.21212,
            18.92368,
            0
          ],
          [
            -99.21183,
            18.9236,
            0
          ],
          [
            -99.21156,
            18.92354,
            0
          ],
          [
            -99.21133,
            18.92349,
            0
          ],
          [
            -99.2108,
            18.92335,
            0
          ],
          [
            -99.21042,
            18.92326,
            0
          ],
          [
            -99.21026,
            18.92322,
            0
          ],
          [
            -99.21016,
            18.92318,
            0
          ],
          [
            -99.20993,
            18.92312,
            0
          ],
          [
            -99.20983,
            18.92309,
            0
          ],
          [
            -99.20941,
            18.92299,
            0
          ],
          [
            -99.20922,
            18.92294,
            0
          ],
          [
            -99.20916,
            18.92291,
            0
          ],
          [
            -99.20905,
            18.92285,
            0
          ],
          [
            -99.20889,
            18.92277,
            0
          ],
          [
            -99.20868,
            18.92263,
            0
          ],
          [
            -99.20828,
            18.92228,
            0
          ],
          [
            -99.20826,
            18.92227,
            0
          ],
          [
            -99.20801,
            18.92208,
            0
          ],
          [
            -99.20799,
            18.92207,
            0
          ],
          [
            -99.20791,
            18.92201,
            0
          ],
          [
            -99.20781,
            18.92194,
            0
          ],
          [
            -99.20775,
            18.92191,
            0
          ],
          [
            -99.20767,
            18.92187,
            0
          ],
          [
            -99.2075,
            18.92177,
            0
          ],
          [
            -99.20742,
            18.92174,
            0
          ],
          [
            -99.20732,
            18.9217,
            0
          ],
          [
            -99.20723,
            18.92168,
            0
          ],
          [
            -99.20721,
            18.92168,
            0
          ],
          [
            -99.20708,
            18.92165,
            0
          ],
          [
            -99.20691,
            18.92162,
            0
          ],
          [
            -99.20652,
            18.92157,
            0
          ],
          [
            -99.2062,
            18.92153,
            0
          ],
          [
            -99.20599,
            18.92151,
            0
          ],
          [
            -99.20582,
            18.92148,
            0
          ],
          [
            -99.20566,
            18.92144,
            0
          ],
          [
            -99.20528,
            18.92134,
            0
          ],
          [
            -99.20481,
            18.92126,
            0
          ],
          [
            -99.20469,
            18.92125,
            0
          ],
          [
            -99.20465,
            18.92125,
            0
          ],
          [
            -99.20454,
            18.92125,
            0
          ],
          [
            -99.20409,
            18.92118,
            0
          ],
          [
            -99.20396,
            18.92113,
            0
          ],
          [
            -99.20386,
            18.9211,
            0
          ],
          [
            -99.2038,
            18.92109,
            0
          ],
          [
            -99.20353,
            18.92103,
            0
          ],
          [
            -99.20304,
            18.92096,
            0
          ],
          [
            -99.20263,
            18.92091,
            0
          ],
          [
            -99.20248,
            18.9209,
            0
          ],
          [
            -99.20239,
            18.92089,
            0
          ],
          [
            -99.20226,
            18.92088,
            0
          ],
          [
            -99.20211,
            18.92089,
            0
          ],
          [
            -99.20188,
            18.92092,
            0
          ],
          [
            -99.20167,
            18.92093,
            0
          ],
          [
            -99.20125,
            18.92094,
            0
          ],
          [
            -99.20121,
            18.92094,
            0
          ],
          [
            -99.20079,
            18.92095,
            0
          ],
          [
            -99.2006,
            18.92094,
            0
          ],
          [
            -99.20055,
            18.92094,
            0
          ],
          [
            -99.20051,
            18.92093,
            0
          ],
          [
            -99.20043,
            18.92093,
            0
          ],
          [
            -99.20036,
            18.92092,
            0
          ],
          [
            -99.20022,
            18.92091,
            0
          ],
          [
            -99.20009,
            18.92089,
            0
          ],
          [
            -99.1999,
            18.92085,
            0
          ],
          [
            -99.19968,
            18.92079,
            0
          ],
          [
            -99.19959,
            18.92076,
            0
          ],
          [
            -99.19951,
            18.92073,
            0
          ],
          [
            -99.19917,
            18.92059,
            0
          ],
          [
            -99.19877,
            18.92042,
            0
          ],
          [
            -99.19873,
            18.9204,
            0
          ],
          [
            -99.19869,
            18.92039,
            0
          ],
          [
            -99.19796,
            18.92008,
            0
          ],
          [
            -99.1979,
            18.92006,
            0
          ],
          [
            -99.19784,
            18.92004,
            0
          ],
          [
            -99.19779,
            18.92002,
            0
          ],
          [
            -99.19764,
            18.91998,
            0
          ],
          [
            -99.1975,
            18.91994,
            0
          ],
          [
            -99.19728,
            18.9199,
            0
          ],
          [
            -99.19724,
            18.91989,
            0
          ],
          [
            -99.19707,
            18.91985,
            0
          ],
          [
            -99.19647,
            18.91973,
            0
          ],
          [
            -99.19638,
            18.91972,
            0
          ],
          [
            -99.19608,
            18.91967,
            0
          ],
          [
            -99.19591,
            18.91964,
            0
          ],
          [
            -99.19581,
            18.91964,
            0
          ],
          [
            -99.19573,
            18.91964,
            0
          ],
          [
            -99.19564,
            18.91964,
            0
          ],
          [
            -99.19547,
            18.91965,
            0
          ],
          [
            -99.19537,
            18.91966,
            0
          ],
          [
            -99.19529,
            18.91968,
            0
          ],
          [
            -99.19512,
            18.91971,
            0
          ],
          [
            -99.19475,
            18.9198,
            0
          ],
          [
            -99.19445,
            18.91988,
            0
          ],
          [
            -99.19433,
            18.91989,
            0
          ],
          [
            -99.19427,
            18.9199,
            0
          ],
          [
            -99.19414,
            18.9199,
            0
          ],
          [
            -99.194,
            18.91989,
            0
          ],
          [
            -99.19389,
            18.91988,
            0
          ],
          [
            -99.19377,
            18.91985,
            0
          ],
          [
            -99.19366,
            18.91983,
            0
          ],
          [
            -99.19351,
            18.91978,
            0
          ],
          [
            -99.19307,
            18.91964,
            0
          ],
          [
            -99.19261,
            18.91949,
            0
          ],
          [
            -99.19237,
            18.91942,
            0
          ],
          [
            -99.19163,
            18.91919,
            0
          ],
          [
            -99.1912,
            18.91906,
            0
          ],
          [
            -99.19113,
            18.91903,
            0
          ],
          [
            -99.19021,
            18.91875,
            0
          ],
          [
            -99.18947,
            18.91853,
            0
          ],
          [
            -99.18924,
            18.91846,
            0
          ],
          [
            -99.18916,
            18.91844,
            0
          ],
          [
            -99.18904,
            18.9184,
            0
          ],
          [
            -99.18882,
            18.91833,
            0
          ],
          [
            -99.18871,
            18.91828,
            0
          ],
          [
            -99.18867,
            18.91826,
            0
          ],
          [
            -99.18862,
            18.91824,
            0
          ],
          [
            -99.18853,
            18.9182,
            0
          ],
          [
            -99.18844,
            18.91815,
            0
          ],
          [
            -99.18835,
            18.91809,
            0
          ],
          [
            -99.18828,
            18.91804,
            0
          ],
          [
            -99.1882,
            18.91798,
            0
          ],
          [
            -99.18802,
            18.91782,
            0
          ],
          [
            -99.188,
            18.9178,
            0
          ],
          [
            -99.18771,
            18.91754,
            0
          ],
          [
            -99.18703,
            18.91695,
            0
          ],
          [
            -99.18694,
            18.91687,
            0
          ],
          [
            -99.18671,
            18.91666,
            0
          ],
          [
            -99.18663,
            18.91659,
            0
          ],
          [
            -99.18651,
            18.91648,
            0
          ],
          [
            -99.18637,
            18.91662,
            0
          ],
          [
            -99.18606,
            18.91687,
            0
          ],
          [
            -99.18585,
            18.91705,
            0
          ],
          [
            -99.18573,
            18.91717,
            0
          ],
          [
            -99.18558,
            18.91726,
            0
          ],
          [
            -99.18555,
            18.91727,
            0
          ],
          [
            -99.18496,
            18.91739,
            0
          ],
          [
            -99.18452,
            18.91748,
            0
          ],
          [
            -99.18406,
            18.91754,
            0
          ],
          [
            -99.18383,
            18.91758,
            0
          ],
          [
            -99.18359,
            18.9176,
            0
          ],
          [
            -99.18313,
            18.91768,
            0
          ],
          [
            -99.18315,
            18.91867,
            0
          ],
          [
            -99.18317,
            18.91966,
            0
          ],
          [
            -99.18317,
            18.91986,
            0
          ],
          [
            -99.18316,
            18.92031,
            0
          ],
          [
            -99.18319,
            18.92085,
            0
          ],
          [
            -99.18365,
            18.92078,
            0
          ],
          [
            -99.1838,
            18.92076,
            0
          ],
          [
            -99.18414,
            18.9207,
            0
          ],
          [
            -99.18459,
            18.92064,
            0
          ],
          [
            -99.18508,
            18.92055,
            0
          ],
          [
            -99.18522,
            18.92053,
            0
          ],
          [
            -99.1854,
            18.92056,
            0
          ],
          [
            -99.18548,
            18.92111,
            0
          ],
          [
            -99.18549,
            18.92148,
            0
          ],
          [
            -99.1855,
            18.92184,
            0
          ],
          [
            -99.18549,
            18.9222,
            0
          ],
          [
            -99.1855,
            18.92261,
            0
          ],
          [
            -99.1855,
            18.92296,
            0
          ],
          [
            -99.1855,
            18.92335,
            0
          ],
          [
            -99.1855,
            18.92374,
            0
          ],
          [
            -99.18597,
            18.92374,
            0
          ],
          [
            -99.18654,
            18.92374,
            0
          ],
          [
            -99.18711,
            18.92373,
            0
          ],
          [
            -99.18756,
            18.92375,
            0
          ],
          [
            -99.18828,
            18.92375,
            0
          ],
          [
            -99.18833,
            18.92375,
            0
          ],
          [
            -99.18836,
            18.92375,
            0
          ],
          [
            -99.18841,
            18.92375,
            0
          ],
          [
            -99.18848,
            18.92376,
            0
          ],
          [
            -99.18852,
            18.92378,
            0
          ],
          [
            -99.18852,
            18.92379,
            0
          ],
          [
            -99.18851,
            18.92379,
            0
          ],
          [
            -99.18851,
            18.9238,
            0
          ],
          [
            -99.18851,
            18.92381,
            0
          ],
          [
            -99.18851,
            18.92382,
            0
          ],
          [
            -99.18851,
            18.92383,
            0
          ],
          [
            -99.18851,
            18.92384,
            0
          ],
          [
            -99.18851,
            18.92385,
            0
          ],
          [
            -99.18851,
            18.92386,
            0
          ],
          [
            -99.18851,
            18.92387,
            0
          ],
          [
            -99.18852,
            18.92388,
            0
          ],
          [
            -99.18852,
            18.92389,
            0
          ],
          [
            -99.18853,
            18.9239,
            0
          ],
          [
            -99.18853,
            18.92391,
            0
          ],
          [
            -99.18854,
            18.92391,
            0
          ],
          [
            -99.18854,
            18.92392,
            0
          ],
          [
            -99.18855,
            18.92392,
            0
          ],
          [
            -99.18856,
            18.92393,
            0
          ],
          [
            -99.18857,
            18.92393,
            0
          ],
          [
            -99.18857,
            18.92394,
            0
          ],
          [
            -99.18858,
            18.92394,
            0
          ],
          [
            -99.18859,
            18.92395,
            0
          ],
          [
            -99.18842,
            18.9241,
            0
          ],
          [
            -99.18841,
            18.92422,
            0
          ],
          [
            -99.1884,
            18.92428,
            0
          ],
          [
            -99.18835,
            18.92453,
            0
          ],
          [
            -99.18826,
            18.92494,
            0
          ],
          [
            -99.18813,
            18.92556,
            0
          ],
          [
            -99.18811,
            18.92569,
            0
          ],
          [
            -99.18801,
            18.92622,
            0
          ],
          [
            -99.18789,
            18.92686,
            0
          ],
          [
            -99.18886,
            18.92702,
            0
          ],
          [
            -99.18889,
            18.92667,
            0
          ],
          [
            -99.18892,
            18.92638,
            0
          ],
          [
            -99.18899,
            18.92571,
            0
          ],
          [
            -99.18937,
            18.92573,
            0
          ],
          [
            -99.18973,
            18.92574,
            0
          ],
          [
            -99.19015,
            18.92575,
            0
          ],
          [
            -99.19032,
            18.92577,
            0
          ],
          [
            -99.19098,
            18.92578,
            0
          ],
          [
            -99.19114,
            18.9258,
            0
          ],
          [
            -99.19121,
            18.9258,
            0
          ],
          [
            -99.19132,
            18.92581,
            0
          ],
          [
            -99.1916,
            18.92584,
            0
          ],
          [
            -99.19162,
            18.92584,
            0
          ],
          [
            -99.19208,
            18.92587,
            0
          ],
          [
            -99.19237,
            18.92593,
            0
          ],
          [
            -99.19262,
            18.92598,
            0
          ],
          [
            -99.19283,
            18.92597,
            0
          ],
          [
            -99.193,
            18.92595,
            0
          ],
          [
            -99.19338,
            18.9259,
            0
          ],
          [
            -99.19344,
            18.92626,
            0
          ],
          [
            -99.19349,
            18.92656,
            0
          ],
          [
            -99.19352,
            18.92674,
            0
          ],
          [
            -99.19358,
            18.9271,
            0
          ],
          [
            -99.19359,
            18.92721,
            0
          ],
          [
            -99.19389,
            18.92717,
            0
          ],
          [
            -99.19416,
            18.92714,
            0
          ],
          [
            -99.19446,
            18.92712,
            0
          ],
          [
            -99.19471,
            18.92716,
            0
          ],
          [
            -99.19502,
            18.92694,
            0
          ],
          [
            -99.1952,
            18.92683,
            0
          ],
          [
            -99.19545,
            18.92652,
            0
          ],
          [
            -99.19547,
            18.9265,
            0
          ],
          [
            -99.19548,
            18.92649,
            0
          ],
          [
            -99.19551,
            18.92648,
            0
          ],
          [
            -99.19553,
            18.92648,
            0
          ],
          [
            -99.19557,
            18.92648,
            0
          ],
          [
            -99.19581,
            18.92654,
            0
          ]
        ]
      },
      "properties": {
        "name": "RANCHO CORTEZ - COL. HERNANDEZ NAVARRO",
        "styleUrl": "#line-A52714-2163-nodesc",
        "stroke-opacity": 1,
        "stroke": "#a52714",
        "stroke-width": 2.163
      }
    }
  ]
}