{
  "type": "FeatureCollection",
  "features": [
    {
      "type": "Feature",
      "geometry": {
        "type": "LineString",
        "coordinates": [
          [
            -99.2613,
            18.7609,
            0
          ],
          [
            -99.25801,
            18.75951,
            0
          ],
          [
            -99.258,
            18.75951,
            0
          ],
          [
            -99.25768,
            18.75935,
            0
          ],
          [
            -99.25756,
            18.75927,
            0
          ],
          [
            -99.25744,
            18.75914,
            0
          ],
          [
            -99.25736,
            18.75901,
            0
          ],
          [
            -99.2573,
            18.75889,
            0
          ],
          [
            -99.25726,
            18.75877,
            0
          ],
          [
            -99.25659,
            18.7559,
            0
          ],
          [
            -99.25644,
            18.75538,
            0
          ],
          [
            -99.25619,
            18.75438,
            0
          ],
          [
            -99.25618,
            18.75426,
            0
          ],
          [
            -99.2562,
            18.75392,
            0
          ],
          [
            -99.2564,
            18.75305,
            0
          ],
          [
            -99.25642,
            18.753,
            0
          ],
          [
            -99.25763,
            18.74813,
            0
          ],
          [
            -99.2577,
            18.74795,
            0
          ],
          [
            -99.25891,
            18.74545,
            0
          ],
          [
            -99.25908,
            18.74498,
            0
          ],
          [
            -99.25918,
            18.74465,
            0
          ],
          [
            -99.25923,
            18.74439,
            0
          ],
          [
            -99.25928,
            18.74421,
            0
          ],
          [
            -99.25929,
            18.7441,
            0
          ],
          [
            -99.25945,
            18.74343,
            0
          ],
          [
            -99.2597,
            18.74268,
            0
          ],
          [
            -99.25992,
            18.74192,
            0
          ],
          [
            -99.26005,
            18.74158,
            0
          ],
          [
            -99.26021,
            18.74109,
            0
          ],
          [
            -99.2605,
            18.74032,
            0
          ],
          [
            -99.26153,
            18.73728,
            0
          ],
          [
            -99.2615,
            18.73703,
            0
          ],
          [
            -99.26147,
            18.73688,
            0
          ],
          [
            -99.26139,
            18.73663,
            0
          ],
          [
            -99.26131,
            18.73645,
            0
          ],
          [
            -99.26123,
            18.73634,
            0
          ],
          [
            -99.26116,
            18.73626,
            0
          ],
          [
            -99.26093,
            18.73608,
            0
          ],
          [
            -99.26085,
            18.73603,
            0
          ],
          [
            -99.26039,
            18.73587,
            0
          ],
          [
            -99.25909,
            18.73553,
            0
          ],
          [
            -99.25904,
            18.73551,
            0
          ],
          [
            -99.25821,
            18.73532,
            0
          ],
          [
            -99.25784,
            18.73529,
            0
          ],
          [
            -99.25775,
            18.73526,
            0
          ],
          [
            -99.25765,
            18.73526,
            0
          ],
          [
            -99.25758,
            18.73527,
            0
          ],
          [
            -99.25709,
            18.73546,
            0
          ],
          [
            -99.25696,
            18.73553,
            0
          ],
          [
            -99.25673,
            18.73573,
            0
          ],
          [
            -99.25662,
            18.73588,
            0
          ],
          [
            -99.2565,
            18.73607,
            0
          ],
          [
            -99.25624,
            18.73672,
            0
          ],
          [
            -99.25558,
            18.73854,
            0
          ],
          [
            -99.25517,
            18.73955,
            0
          ],
          [
            -99.25494,
            18.74018,
            0
          ],
          [
            -99.25474,
            18.74088,
            0
          ],
          [
            -99.25394,
            18.74315,
            0
          ],
          [
            -99.25384,
            18.74336,
            0
          ],
          [
            -99.25365,
            18.74367,
            0
          ],
          [
            -99.25328,
            18.74409,
            0
          ],
          [
            -99.25313,
            18.74421,
            0
          ],
          [
            -99.25114,
            18.74551,
            0
          ],
          [
            -99.25064,
            18.74586,
            0
          ],
          [
            -99.24818,
            18.74746,
            0
          ],
          [
            -99.24766,
            18.74783,
            0
          ],
          [
            -99.24723,
            18.74819,
            0
          ],
          [
            -99.247,
            18.74842,
            0
          ],
          [
            -99.24672,
            18.74875,
            0
          ],
          [
            -99.24641,
            18.74919,
            0
          ],
          [
            -99.24619,
            18.74956,
            0
          ],
          [
            -99.24477,
            18.75268,
            0
          ],
          [
            -99.24359,
            18.75548,
            0
          ],
          [
            -99.24138,
            18.76044,
            0
          ],
          [
            -99.24118,
            18.76083,
            0
          ],
          [
            -99.24088,
            18.76135,
            0
          ],
          [
            -99.24053,
            18.76182,
            0
          ],
          [
            -99.24039,
            18.76198,
            0
          ],
          [
            -99.24019,
            18.76217,
            0
          ],
          [
            -99.24015,
            18.76222,
            0
          ],
          [
            -99.23965,
            18.76271,
            0
          ],
          [
            -99.23928,
            18.76304,
            0
          ],
          [
            -99.23817,
            18.76415,
            0
          ],
          [
            -99.23799,
            18.76443,
            0
          ],
          [
            -99.23777,
            18.76482,
            0
          ],
          [
            -99.23765,
            18.76509,
            0
          ],
          [
            -99.23698,
            18.76717,
            0
          ],
          [
            -99.23708,
            18.76824,
            0
          ],
          [
            -99.23718,
            18.76876,
            0
          ],
          [
            -99.2377,
            18.77101,
            0
          ],
          [
            -99.2377,
            18.77104,
            0
          ],
          [
            -99.23792,
            18.77203,
            0
          ],
          [
            -99.238,
            18.77228,
            0
          ],
          [
            -99.23817,
            18.77268,
            0
          ],
          [
            -99.2383,
            18.77293,
            0
          ],
          [
            -99.2384,
            18.77308,
            0
          ],
          [
            -99.23856,
            18.77326,
            0
          ],
          [
            -99.23911,
            18.7737,
            0
          ],
          [
            -99.23916,
            18.77375,
            0
          ],
          [
            -99.2393,
            18.77394,
            0
          ],
          [
            -99.23934,
            18.77406,
            0
          ],
          [
            -99.23935,
            18.77416,
            0
          ],
          [
            -99.23935,
            18.77434,
            0
          ],
          [
            -99.23932,
            18.77451,
            0
          ],
          [
            -99.23926,
            18.77469,
            0
          ],
          [
            -99.23922,
            18.77476,
            0
          ],
          [
            -99.23907,
            18.77513,
            0
          ],
          [
            -99.239,
            18.77537,
            0
          ],
          [
            -99.23897,
            18.77561,
            0
          ],
          [
            -99.23898,
            18.77578,
            0
          ],
          [
            -99.23906,
            18.7761,
            0
          ],
          [
            -99.23912,
            18.77624,
            0
          ],
          [
            -99.2392,
            18.77639,
            0
          ],
          [
            -99.23933,
            18.77653,
            0
          ],
          [
            -99.23952,
            18.77671,
            0
          ],
          [
            -99.23968,
            18.77682,
            0
          ],
          [
            -99.23999,
            18.77699,
            0
          ],
          [
            -99.24018,
            18.77705,
            0
          ],
          [
            -99.24047,
            18.77708,
            0
          ],
          [
            -99.24056,
            18.77708,
            0
          ],
          [
            -99.24069,
            18.77706,
            0
          ],
          [
            -99.24108,
            18.77696,
            0
          ],
          [
            -99.24121,
            18.77694,
            0
          ],
          [
            -99.24146,
            18.77688,
            0
          ],
          [
            -99.24156,
            18.77688,
            0
          ],
          [
            -99.24164,
            18.77687,
            0
          ],
          [
            -99.24201,
            18.77693,
            0
          ],
          [
            -99.24206,
            18.77695,
            0
          ],
          [
            -99.24225,
            18.7771,
            0
          ],
          [
            -99.24248,
            18.77746,
            0
          ],
          [
            -99.24253,
            18.77759,
            0
          ],
          [
            -99.24257,
            18.77777,
            0
          ],
          [
            -99.2426,
            18.77821,
            0
          ],
          [
            -99.24256,
            18.77872,
            0
          ],
          [
            -99.24256,
            18.77914,
            0
          ],
          [
            -99.24261,
            18.77927,
            0
          ],
          [
            -99.24271,
            18.7794,
            0
          ],
          [
            -99.24285,
            18.77952,
            0
          ],
          [
            -99.24303,
            18.77963,
            0
          ],
          [
            -99.24318,
            18.7797,
            0
          ],
          [
            -99.24319,
            18.7797,
            0
          ],
          [
            -99.24355,
            18.77989,
            0
          ],
          [
            -99.24432,
            18.78038,
            0
          ],
          [
            -99.24456,
            18.78055,
            0
          ],
          [
            -99.2452,
            18.78095,
            0
          ],
          [
            -99.24579,
            18.78137,
            0
          ],
          [
            -99.24601,
            18.78156,
            0
          ],
          [
            -99.24614,
            18.78171,
            0
          ],
          [
            -99.2463,
            18.78196,
            0
          ],
          [
            -99.24644,
            18.78225,
            0
          ],
          [
            -99.24649,
            18.78238,
            0
          ],
          [
            -99.2467,
            18.78306,
            0
          ],
          [
            -99.24674,
            18.78323,
            0
          ],
          [
            -99.24677,
            18.78352,
            0
          ],
          [
            -99.24677,
            18.78366,
            0
          ],
          [
            -99.24674,
            18.78389,
            0
          ],
          [
            -99.24667,
            18.78419,
            0
          ],
          [
            -99.24661,
            18.78437,
            0
          ],
          [
            -99.24652,
            18.78456,
            0
          ],
          [
            -99.24453,
            18.78784,
            0
          ],
          [
            -99.24452,
            18.78785,
            0
          ],
          [
            -99.24233,
            18.79148,
            0
          ],
          [
            -99.24207,
            18.79196,
            0
          ],
          [
            -99.24196,
            18.79226,
            0
          ],
          [
            -99.24191,
            18.79245,
            0
          ],
          [
            -99.24184,
            18.79293,
            0
          ],
          [
            -99.24174,
            18.79403,
            0
          ],
          [
            -99.24174,
            18.79417,
            0
          ],
          [
            -99.24176,
            18.7943,
            0
          ],
          [
            -99.24182,
            18.79452,
            0
          ],
          [
            -99.2419,
            18.7947,
            0
          ],
          [
            -99.242,
            18.79488,
            0
          ],
          [
            -99.24211,
            18.79504,
            0
          ],
          [
            -99.24223,
            18.79519,
            0
          ],
          [
            -99.2423,
            18.7953,
            0
          ],
          [
            -99.24241,
            18.7956,
            0
          ],
          [
            -99.24243,
            18.79571,
            0
          ],
          [
            -99.24243,
            18.79597,
            0
          ],
          [
            -99.24234,
            18.79624,
            0
          ],
          [
            -99.24227,
            18.79637,
            0
          ],
          [
            -99.24216,
            18.7965,
            0
          ],
          [
            -99.24207,
            18.79659,
            0
          ],
          [
            -99.24189,
            18.7967,
            0
          ],
          [
            -99.24032,
            18.79743,
            0
          ],
          [
            -99.23915,
            18.79801,
            0
          ],
          [
            -99.23914,
            18.79802,
            0
          ],
          [
            -99.23857,
            18.79827,
            0
          ],
          [
            -99.23834,
            18.79839,
            0
          ],
          [
            -99.23814,
            18.79851,
            0
          ],
          [
            -99.23795,
            18.79866,
            0
          ],
          [
            -99.23774,
            18.79887,
            0
          ],
          [
            -99.23756,
            18.79908,
            0
          ],
          [
            -99.23747,
            18.79923,
            0
          ],
          [
            -99.23731,
            18.79957,
            0
          ],
          [
            -99.23718,
            18.80007,
            0
          ],
          [
            -99.23717,
            18.80034,
            0
          ],
          [
            -99.23718,
            18.80052,
            0
          ],
          [
            -99.23746,
            18.80221,
            0
          ],
          [
            -99.23747,
            18.80241,
            0
          ],
          [
            -99.23746,
            18.80267,
            0
          ],
          [
            -99.23741,
            18.80302,
            0
          ],
          [
            -99.23721,
            18.80365,
            0
          ],
          [
            -99.23708,
            18.8039,
            0
          ],
          [
            -99.23688,
            18.80418,
            0
          ],
          [
            -99.23676,
            18.80429,
            0
          ],
          [
            -99.23669,
            18.80434,
            0
          ],
          [
            -99.23663,
            18.8044,
            0
          ],
          [
            -99.23632,
            18.80455,
            0
          ],
          [
            -99.23616,
            18.8046,
            0
          ],
          [
            -99.23596,
            18.80464,
            0
          ],
          [
            -99.23525,
            18.80473,
            0
          ],
          [
            -99.23506,
            18.80474,
            0
          ],
          [
            -99.23488,
            18.80477,
            0
          ],
          [
            -99.23472,
            18.80482,
            0
          ],
          [
            -99.23447,
            18.80495,
            0
          ],
          [
            -99.2344,
            18.805,
            0
          ],
          [
            -99.23431,
            18.80509,
            0
          ],
          [
            -99.23422,
            18.8052,
            0
          ],
          [
            -99.23416,
            18.8053,
            0
          ],
          [
            -99.23407,
            18.80549,
            0
          ],
          [
            -99.23402,
            18.80586,
            0
          ],
          [
            -99.23401,
            18.80588,
            0
          ],
          [
            -99.23398,
            18.80607,
            0
          ],
          [
            -99.23395,
            18.80618,
            0
          ],
          [
            -99.23394,
            18.80627,
            0
          ],
          [
            -99.2339,
            18.80644,
            0
          ],
          [
            -99.23388,
            18.80661,
            0
          ],
          [
            -99.23387,
            18.80686,
            0
          ],
          [
            -99.23389,
            18.80704,
            0
          ],
          [
            -99.23393,
            18.80723,
            0
          ],
          [
            -99.23401,
            18.80745,
            0
          ],
          [
            -99.23408,
            18.8076,
            0
          ],
          [
            -99.23418,
            18.80776,
            0
          ],
          [
            -99.23443,
            18.80811,
            0
          ],
          [
            -99.23497,
            18.8087,
            0
          ],
          [
            -99.23505,
            18.80881,
            0
          ],
          [
            -99.23519,
            18.80906,
            0
          ],
          [
            -99.23525,
            18.8092,
            0
          ],
          [
            -99.23536,
            18.80958,
            0
          ],
          [
            -99.23543,
            18.80993,
            0
          ],
          [
            -99.23543,
            18.81015,
            0
          ],
          [
            -99.23538,
            18.81038,
            0
          ],
          [
            -99.23537,
            18.81039,
            0
          ],
          [
            -99.23535,
            18.81047,
            0
          ],
          [
            -99.23521,
            18.81077,
            0
          ],
          [
            -99.2346,
            18.81183,
            0
          ],
          [
            -99.23404,
            18.81273,
            0
          ],
          [
            -99.23338,
            18.81396,
            0
          ],
          [
            -99.23333,
            18.81409,
            0
          ],
          [
            -99.23326,
            18.81433,
            0
          ],
          [
            -99.23293,
            18.81839,
            0
          ],
          [
            -99.23284,
            18.81909,
            0
          ],
          [
            -99.23277,
            18.81939,
            0
          ],
          [
            -99.23263,
            18.81987,
            0
          ],
          [
            -99.2325,
            18.82023,
            0
          ],
          [
            -99.2274,
            18.82987,
            0
          ],
          [
            -99.22735,
            18.82995,
            0
          ],
          [
            -99.22716,
            18.83033,
            0
          ],
          [
            -99.22704,
            18.83054,
            0
          ],
          [
            -99.22685,
            18.83095,
            0
          ],
          [
            -99.22665,
            18.83165,
            0
          ],
          [
            -99.22601,
            18.83464,
            0
          ],
          [
            -99.22574,
            18.83577,
            0
          ],
          [
            -99.22572,
            18.83589,
            0
          ],
          [
            -99.22569,
            18.83598,
            0
          ],
          [
            -99.2254,
            18.83748,
            0
          ],
          [
            -99.22534,
            18.83771,
            0
          ],
          [
            -99.22512,
            18.83881,
            0
          ],
          [
            -99.22509,
            18.83891,
            0
          ],
          [
            -99.2248,
            18.84039,
            0
          ],
          [
            -99.2248,
            18.84044,
            0
          ],
          [
            -99.22466,
            18.84114,
            0
          ],
          [
            -99.22433,
            18.84224,
            0
          ],
          [
            -99.22363,
            18.8457,
            0
          ],
          [
            -99.22356,
            18.84588,
            0
          ],
          [
            -99.22346,
            18.84607,
            0
          ],
          [
            -99.22332,
            18.8463,
            0
          ],
          [
            -99.22326,
            18.84645,
            0
          ],
          [
            -99.22323,
            18.84655,
            0
          ],
          [
            -99.22299,
            18.848,
            0
          ],
          [
            -99.22296,
            18.84835,
            0
          ],
          [
            -99.22297,
            18.84858,
            0
          ],
          [
            -99.223,
            18.84872,
            0
          ],
          [
            -99.22308,
            18.84897,
            0
          ],
          [
            -99.22334,
            18.84958,
            0
          ],
          [
            -99.22351,
            18.84993,
            0
          ],
          [
            -99.22388,
            18.85085,
            0
          ],
          [
            -99.22392,
            18.85093,
            0
          ],
          [
            -99.22419,
            18.8513,
            0
          ],
          [
            -99.22438,
            18.85164,
            0
          ],
          [
            -99.22441,
            18.85175,
            0
          ],
          [
            -99.22446,
            18.85214,
            0
          ],
          [
            -99.22446,
            18.85219,
            0
          ],
          [
            -99.22457,
            18.85313,
            0
          ],
          [
            -99.22458,
            18.85331,
            0
          ],
          [
            -99.22479,
            18.85461,
            0
          ],
          [
            -99.22478,
            18.8548,
            0
          ],
          [
            -99.22471,
            18.85515,
            0
          ],
          [
            -99.22428,
            18.85688,
            0
          ],
          [
            -99.22418,
            18.85722,
            0
          ],
          [
            -99.22402,
            18.85764,
            0
          ],
          [
            -99.22398,
            18.85777,
            0
          ],
          [
            -99.22377,
            18.8583,
            0
          ],
          [
            -99.22371,
            18.8585,
            0
          ],
          [
            -99.22369,
            18.85866,
            0
          ],
          [
            -99.22368,
            18.85912,
            0
          ],
          [
            -99.2237,
            18.85925,
            0
          ],
          [
            -99.22377,
            18.85947,
            0
          ],
          [
            -99.22389,
            18.85971,
            0
          ],
          [
            -99.22454,
            18.86066,
            0
          ],
          [
            -99.22503,
            18.86155,
            0
          ],
          [
            -99.22509,
            18.86171,
            0
          ],
          [
            -99.22514,
            18.86188,
            0
          ],
          [
            -99.22516,
            18.86202,
            0
          ],
          [
            -99.22516,
            18.86215,
            0
          ],
          [
            -99.22514,
            18.86231,
            0
          ],
          [
            -99.22511,
            18.86243,
            0
          ],
          [
            -99.22499,
            18.86272,
            0
          ],
          [
            -99.22485,
            18.86294,
            0
          ],
          [
            -99.22473,
            18.86316,
            0
          ],
          [
            -99.22458,
            18.8634,
            0
          ],
          [
            -99.22454,
            18.86349,
            0
          ],
          [
            -99.2245,
            18.86362,
            0
          ],
          [
            -99.22449,
            18.86372,
            0
          ],
          [
            -99.2245,
            18.86385,
            0
          ],
          [
            -99.22457,
            18.86408,
            0
          ],
          [
            -99.22462,
            18.86416,
            0
          ],
          [
            -99.22478,
            18.86436,
            0
          ],
          [
            -99.22504,
            18.86463,
            0
          ],
          [
            -99.2262,
            18.86599,
            0
          ],
          [
            -99.22702,
            18.86689,
            0
          ],
          [
            -99.22718,
            18.8671,
            0
          ],
          [
            -99.22724,
            18.86721,
            0
          ],
          [
            -99.22728,
            18.86731,
            0
          ],
          [
            -99.2273,
            18.86751,
            0
          ],
          [
            -99.22727,
            18.8677,
            0
          ],
          [
            -99.22713,
            18.86801,
            0
          ],
          [
            -99.2269,
            18.8684,
            0
          ],
          [
            -99.22664,
            18.86878,
            0
          ],
          [
            -99.22653,
            18.86889,
            0
          ],
          [
            -99.22648,
            18.86893,
            0
          ],
          [
            -99.22637,
            18.86907,
            0
          ],
          [
            -99.22635,
            18.86913,
            0
          ],
          [
            -99.22635,
            18.86917,
            0
          ],
          [
            -99.22627,
            18.86929,
            0
          ],
          [
            -99.22622,
            18.86939,
            0
          ],
          [
            -99.22618,
            18.86953,
            0
          ],
          [
            -99.22624,
            18.86982,
            0
          ],
          [
            -99.22633,
            18.86994,
            0
          ],
          [
            -99.22676,
            18.8704,
            0
          ],
          [
            -99.22684,
            18.87051,
            0
          ],
          [
            -99.22685,
            18.87056,
            0
          ],
          [
            -99.2269,
            18.87071,
            0
          ],
          [
            -99.2269,
            18.87078,
            0
          ],
          [
            -99.22687,
            18.871,
            0
          ],
          [
            -99.22683,
            18.87111,
            0
          ],
          [
            -99.2266,
            18.87161,
            0
          ],
          [
            -99.2265,
            18.8719,
            0
          ],
          [
            -99.22644,
            18.87218,
            0
          ],
          [
            -99.22646,
            18.87239,
            0
          ],
          [
            -99.22647,
            18.87242,
            0
          ],
          [
            -99.22648,
            18.87252,
            0
          ],
          [
            -99.22654,
            18.87275,
            0
          ],
          [
            -99.22656,
            18.8729,
            0
          ],
          [
            -99.22667,
            18.87319,
            0
          ],
          [
            -99.22687,
            18.87345,
            0
          ],
          [
            -99.22709,
            18.87367,
            0
          ],
          [
            -99.22714,
            18.87374,
            0
          ],
          [
            -99.22721,
            18.87389,
            0
          ],
          [
            -99.22724,
            18.87403,
            0
          ],
          [
            -99.22732,
            18.87467,
            0
          ],
          [
            -99.22742,
            18.87494,
            0
          ],
          [
            -99.22754,
            18.87514,
            0
          ],
          [
            -99.22803,
            18.87579,
            0
          ],
          [
            -99.22822,
            18.87608,
            0
          ],
          [
            -99.22888,
            18.8768,
            0
          ],
          [
            -99.22898,
            18.87701,
            0
          ],
          [
            -99.22904,
            18.87717,
            0
          ],
          [
            -99.22906,
            18.87727,
            0
          ],
          [
            -99.22906,
            18.87769,
            0
          ],
          [
            -99.22907,
            18.87785,
            0
          ],
          [
            -99.22908,
            18.87791,
            0
          ],
          [
            -99.22908,
            18.87794,
            0
          ],
          [
            -99.2291,
            18.87807,
            0
          ],
          [
            -99.22915,
            18.87827,
            0
          ],
          [
            -99.2296,
            18.87958,
            0
          ],
          [
            -99.22971,
            18.87984,
            0
          ],
          [
            -99.22978,
            18.88017,
            0
          ],
          [
            -99.22987,
            18.88117,
            0
          ],
          [
            -99.22987,
            18.88135,
            0
          ],
          [
            -99.22982,
            18.88222,
            0
          ],
          [
            -99.22987,
            18.88267,
            0
          ],
          [
            -99.23006,
            18.88386,
            0
          ],
          [
            -99.23016,
            18.88432,
            0
          ],
          [
            -99.23022,
            18.88478,
            0
          ],
          [
            -99.23019,
            18.88516,
            0
          ],
          [
            -99.23014,
            18.88545,
            0
          ],
          [
            -99.23,
            18.88588,
            0
          ],
          [
            -99.22968,
            18.8866,
            0
          ],
          [
            -99.22967,
            18.88661,
            0
          ],
          [
            -99.22967,
            18.88662,
            0
          ],
          [
            -99.22926,
            18.88755,
            0
          ],
          [
            -99.22925,
            18.88756,
            0
          ],
          [
            -99.22896,
            18.88822,
            0
          ],
          [
            -99.22894,
            18.88828,
            0
          ],
          [
            -99.22887,
            18.88838,
            0
          ],
          [
            -99.22884,
            18.88841,
            0
          ],
          [
            -99.22884,
            18.88842,
            0
          ],
          [
            -99.22866,
            18.8885,
            0
          ],
          [
            -99.22861,
            18.88853,
            0
          ],
          [
            -99.22855,
            18.88859,
            0
          ],
          [
            -99.22852,
            18.88864,
            0
          ],
          [
            -99.22844,
            18.88883,
            0
          ],
          [
            -99.2283,
            18.8893,
            0
          ],
          [
            -99.22828,
            18.88947,
            0
          ],
          [
            -99.22824,
            18.88965,
            0
          ],
          [
            -99.22818,
            18.88979,
            0
          ],
          [
            -99.22798,
            18.89017,
            0
          ],
          [
            -99.22789,
            18.8903,
            0
          ],
          [
            -99.22775,
            18.89045,
            0
          ],
          [
            -99.22773,
            18.89054,
            0
          ],
          [
            -99.22771,
            18.89057,
            0
          ],
          [
            -99.22768,
            18.89064,
            0
          ],
          [
            -99.22749,
            18.89088,
            0
          ],
          [
            -99.22733,
            18.89104,
            0
          ],
          [
            -99.22691,
            18.89157,
            0
          ],
          [
            -99.22688,
            18.89163,
            0
          ],
          [
            -99.22685,
            18.89178,
            0
          ],
          [
            -99.22685,
            18.89183,
            0
          ],
          [
            -99.22689,
            18.892,
            0
          ],
          [
            -99.227,
            18.89214,
            0
          ],
          [
            -99.22738,
            18.89238,
            0
          ],
          [
            -99.22739,
            18.89238,
            0
          ],
          [
            -99.22781,
            18.89265,
            0
          ],
          [
            -99.22798,
            18.89281,
            0
          ],
          [
            -99.22809,
            18.89298,
            0
          ],
          [
            -99.22819,
            18.89318,
            0
          ],
          [
            -99.22826,
            18.89336,
            0
          ],
          [
            -99.22831,
            18.89346,
            0
          ],
          [
            -99.22833,
            18.89347,
            0
          ],
          [
            -99.22836,
            18.8935,
            0
          ],
          [
            -99.2291,
            18.89518,
            0
          ],
          [
            -99.22911,
            18.89519,
            0
          ],
          [
            -99.23033,
            18.89782,
            0
          ],
          [
            -99.23107,
            18.89999,
            0
          ],
          [
            -99.23141,
            18.90127,
            0
          ],
          [
            -99.23152,
            18.90257,
            0
          ],
          [
            -99.23152,
            18.90264,
            0
          ],
          [
            -99.23169,
            18.90448,
            0
          ],
          [
            -99.2317,
            18.90451,
            0
          ],
          [
            -99.23187,
            18.90573,
            0
          ],
          [
            -99.23192,
            18.90594,
            0
          ],
          [
            -99.23189,
            18.906,
            0
          ],
          [
            -99.23201,
            18.90677,
            0
          ],
          [
            -99.23202,
            18.9069,
            0
          ],
          [
            -99.23203,
            18.90694,
            0
          ],
          [
            -99.23205,
            18.90698,
            0
          ],
          [
            -99.2321,
            18.90705,
            0
          ],
          [
            -99.23212,
            18.90709,
            0
          ],
          [
            -99.2323,
            18.90737,
            0
          ],
          [
            -99.23238,
            18.90744,
            0
          ],
          [
            -99.23247,
            18.90757,
            0
          ],
          [
            -99.23263,
            18.90787,
            0
          ],
          [
            -99.23561,
            18.91299,
            0
          ],
          [
            -99.23613,
            18.91422,
            0
          ],
          [
            -99.2365,
            18.91495,
            0
          ],
          [
            -99.23701,
            18.91604,
            0
          ],
          [
            -99.23709,
            18.91654,
            0
          ],
          [
            -99.2371,
            18.91656,
            0
          ],
          [
            -99.23712,
            18.91707,
            0
          ],
          [
            -99.23715,
            18.91724,
            0
          ],
          [
            -99.23727,
            18.91875,
            0
          ],
          [
            -99.23727,
            18.91886,
            0
          ],
          [
            -99.23738,
            18.9196,
            0
          ],
          [
            -99.23747,
            18.92059,
            0
          ],
          [
            -99.2377,
            18.92204,
            0
          ],
          [
            -99.23801,
            18.92446,
            0
          ],
          [
            -99.23833,
            18.9266,
            0
          ],
          [
            -99.23836,
            18.92719,
            0
          ],
          [
            -99.23839,
            18.92748,
            0
          ],
          [
            -99.23865,
            18.92912,
            0
          ],
          [
            -99.23865,
            18.92914,
            0
          ],
          [
            -99.23899,
            18.93029,
            0
          ],
          [
            -99.23907,
            18.93071,
            0
          ],
          [
            -99.23926,
            18.93152,
            0
          ],
          [
            -99.23941,
            18.93205,
            0
          ],
          [
            -99.23946,
            18.93235,
            0
          ],
          [
            -99.23963,
            18.93308,
            0
          ],
          [
            -99.23975,
            18.93475,
            0
          ],
          [
            -99.23982,
            18.93519,
            0
          ],
          [
            -99.23989,
            18.93543,
            0
          ],
          [
            -99.24018,
            18.93678,
            0
          ],
          [
            -99.2402,
            18.93694,
            0
          ],
          [
            -99.24036,
            18.93755,
            0
          ],
          [
            -99.24046,
            18.93781,
            0
          ],
          [
            -99.2405,
            18.93789,
            0
          ],
          [
            -99.24097,
            18.93907,
            0
          ],
          [
            -99.24123,
            18.93982,
            0
          ],
          [
            -99.24143,
            18.94026,
            0
          ],
          [
            -99.24179,
            18.94199,
            0
          ],
          [
            -99.24196,
            18.94264,
            0
          ],
          [
            -99.2421,
            18.94296,
            0
          ],
          [
            -99.24249,
            18.94369,
            0
          ],
          [
            -99.24372,
            18.94683,
            0
          ],
          [
            -99.24436,
            18.94875,
            0
          ],
          [
            -99.24454,
            18.94955,
            0
          ],
          [
            -99.24463,
            18.94985,
            0
          ],
          [
            -99.24464,
            18.94993,
            0
          ],
          [
            -99.24463,
            18.95008,
            0
          ],
          [
            -99.24461,
            18.9501,
            0
          ],
          [
            -99.24461,
            18.95011,
            0
          ],
          [
            -99.2446,
            18.95012,
            0
          ],
          [
            -99.2446,
            18.95019,
            0
          ],
          [
            -99.24461,
            18.95019,
            0
          ],
          [
            -99.24461,
            18.95021,
            0
          ],
          [
            -99.24463,
            18.95023,
            0
          ],
          [
            -99.24463,
            18.95024,
            0
          ],
          [
            -99.24464,
            18.95024,
            0
          ],
          [
            -99.24464,
            18.95025,
            0
          ],
          [
            -99.24465,
            18.95025,
            0
          ],
          [
            -99.24465,
            18.95026,
            0
          ],
          [
            -99.24466,
            18.95026,
            0
          ],
          [
            -99.24467,
            18.95027,
            0
          ],
          [
            -99.24469,
            18.95027,
            0
          ],
          [
            -99.24483,
            18.95128,
            0
          ],
          [
            -99.24484,
            18.95131,
            0
          ],
          [
            -99.24504,
            18.95274,
            0
          ],
          [
            -99.24507,
            18.95289,
            0
          ],
          [
            -99.24651,
            18.96293,
            0
          ],
          [
            -99.24655,
            18.96347,
            0
          ],
          [
            -99.24673,
            18.9648,
            0
          ],
          [
            -99.24674,
            18.96509,
            0
          ],
          [
            -99.24672,
            18.96509,
            0
          ],
          [
            -99.24671,
            18.9651,
            0
          ],
          [
            -99.24669,
            18.96511,
            0
          ],
          [
            -99.24664,
            18.96516,
            0
          ],
          [
            -99.24664,
            18.96517,
            0
          ],
          [
            -99.24663,
            18.96518,
            0
          ],
          [
            -99.24663,
            18.9652,
            0
          ],
          [
            -99.24662,
            18.96521,
            0
          ],
          [
            -99.24662,
            18.96529,
            0
          ],
          [
            -99.24663,
            18.9653,
            0
          ],
          [
            -99.24663,
            18.96532,
            0
          ],
          [
            -99.24664,
            18.96533,
            0
          ],
          [
            -99.24664,
            18.96534,
            0
          ],
          [
            -99.24666,
            18.96536,
            0
          ],
          [
            -99.24667,
            18.96538,
            0
          ],
          [
            -99.24668,
            18.96538,
            0
          ],
          [
            -99.24669,
            18.96539,
            0
          ],
          [
            -99.24671,
            18.9654,
            0
          ],
          [
            -99.24671,
            18.96541,
            0
          ],
          [
            -99.24673,
            18.96541,
            0
          ],
          [
            -99.24674,
            18.96542,
            0
          ],
          [
            -99.24676,
            18.96542,
            0
          ],
          [
            -99.24678,
            18.96543,
            0
          ],
          [
            -99.24681,
            18.96543,
            0
          ],
          [
            -99.24688,
            18.96564,
            0
          ],
          [
            -99.24707,
            18.96634,
            0
          ],
          [
            -99.24741,
            18.96734,
            0
          ],
          [
            -99.24747,
            18.96744,
            0
          ],
          [
            -99.24749,
            18.96746,
            0
          ],
          [
            -99.24751,
            18.96747,
            0
          ],
          [
            -99.24752,
            18.96751,
            0
          ],
          [
            -99.24755,
            18.96757,
            0
          ],
          [
            -99.24791,
            18.96847,
            0
          ],
          [
            -99.24841,
            18.96946,
            0
          ],
          [
            -99.24865,
            18.96984,
            0
          ],
          [
            -99.24893,
            18.97023,
            0
          ],
          [
            -99.24908,
            18.97041,
            0
          ],
          [
            -99.24944,
            18.9707,
            0
          ],
          [
            -99.25162,
            18.97206,
            0
          ],
          [
            -99.2518,
            18.97219,
            0
          ],
          [
            -99.25189,
            18.97229,
            0
          ],
          [
            -99.25193,
            18.97236,
            0
          ],
          [
            -99.25198,
            18.97254,
            0
          ],
          [
            -99.25197,
            18.97284,
            0
          ],
          [
            -99.25183,
            18.97348,
            0
          ],
          [
            -99.25183,
            18.97368,
            0
          ],
          [
            -99.25182,
            18.97374,
            0
          ],
          [
            -99.25183,
            18.9738,
            0
          ],
          [
            -99.25188,
            18.97395,
            0
          ],
          [
            -99.25195,
            18.97405,
            0
          ],
          [
            -99.25202,
            18.97413,
            0
          ],
          [
            -99.25234,
            18.97444,
            0
          ],
          [
            -99.25244,
            18.97459,
            0
          ],
          [
            -99.25247,
            18.97466,
            0
          ],
          [
            -99.25248,
            18.97474,
            0
          ],
          [
            -99.25248,
            18.97482,
            0
          ],
          [
            -99.25247,
            18.97492,
            0
          ],
          [
            -99.25228,
            18.97547,
            0
          ],
          [
            -99.25226,
            18.97562,
            0
          ],
          [
            -99.25228,
            18.97577,
            0
          ],
          [
            -99.25231,
            18.97588,
            0
          ],
          [
            -99.25241,
            18.97602,
            0
          ],
          [
            -99.25251,
            18.97611,
            0
          ],
          [
            -99.25259,
            18.97617,
            0
          ],
          [
            -99.25312,
            18.97651,
            0
          ],
          [
            -99.25327,
            18.97664,
            0
          ],
          [
            -99.2533,
            18.97668,
            0
          ],
          [
            -99.25332,
            18.97672,
            0
          ],
          [
            -99.25337,
            18.97688,
            0
          ],
          [
            -99.25338,
            18.97697,
            0
          ],
          [
            -99.25337,
            18.9776,
            0
          ],
          [
            -99.25356,
            18.9776,
            0
          ],
          [
            -99.25359,
            18.97759,
            0
          ],
          [
            -99.25361,
            18.97759,
            0
          ],
          [
            -99.25364,
            18.97758,
            0
          ],
          [
            -99.25366,
            18.97756,
            0
          ],
          [
            -99.25368,
            18.97756,
            0
          ],
          [
            -99.2537,
            18.97752,
            0
          ],
          [
            -99.25372,
            18.97745,
            0
          ],
          [
            -99.25372,
            18.97739,
            0
          ],
          [
            -99.25368,
            18.97721,
            0
          ],
          [
            -99.25363,
            18.97707,
            0
          ],
          [
            -99.25371,
            18.97703,
            0
          ],
          [
            -99.25395,
            18.97697,
            0
          ],
          [
            -99.25418,
            18.97694,
            0
          ],
          [
            -99.254,
            18.97574,
            0
          ],
          [
            -99.25489,
            18.9757,
            0
          ],
          [
            -99.25578,
            18.97569,
            0
          ],
          [
            -99.2585,
            18.97548,
            0
          ],
          [
            -99.25858,
            18.97546,
            0
          ],
          [
            -99.25874,
            18.97545,
            0
          ],
          [
            -99.2589,
            18.97547,
            0
          ],
          [
            -99.25897,
            18.9755,
            0
          ],
          [
            -99.25902,
            18.97551,
            0
          ],
          [
            -99.25917,
            18.97562,
            0
          ],
          [
            -99.25936,
            18.97583,
            0
          ],
          [
            -99.25941,
            18.97586,
            0
          ],
          [
            -99.25946,
            18.97587,
            0
          ],
          [
            -99.25956,
            18.97585,
            0
          ],
          [
            -99.25962,
            18.9758,
            0
          ],
          [
            -99.25969,
            18.97571,
            0
          ],
          [
            -99.2598,
            18.97533,
            0
          ],
          [
            -99.25986,
            18.97522,
            0
          ],
          [
            -99.25989,
            18.97518,
            0
          ],
          [
            -99.26009,
            18.97499,
            0
          ],
          [
            -99.26019,
            18.97493,
            0
          ],
          [
            -99.26026,
            18.97491,
            0
          ],
          [
            -99.26162,
            18.97475,
            0
          ]
        ]
      },
      "properties": {
        "name": "1. SANTA MARIA-ALPUYECA-SANTA MARIA",
        "description": {
          "@type": "html",
          "value": "descripción: <br>OID: 18<br>ZONA: CENTRO<br>RUTA: RUTA 3<br>ITINERARIO: 1. SANTA MARIA-ALPUYECA-SANTA MARIA<br>DESCRIPCIO: ALPUYECA-SANTA MARIA<br>AUTO-AMPL: ITINERARIO<br>DEFIN-PROV: DEFINITIVOS<br>DURACION: DEFINITIVA<br>FOLIO: SGG/DGT/SDP/000528/1997"
        },
        "styleUrl": "#line-7CB342-1200",
        "stroke-opacity": 1,
        "stroke": "#7cb342",
        "stroke-width": 1.2,
        "descripción": "",
        "OID": "18",
        "ZONA": "CENTRO",
        "RUTA": "RUTA 3",
        "ITINERARIO": "1. SANTA MARIA-ALPUYECA-SANTA MARIA",
        "DESCRIPCIO": "ALPUYECA-SANTA MARIA",
        "AUTO-AMPL": "ITINERARIO",
        "DEFIN-PROV": "DEFINITIVOS",
        "DURACION": "DEFINITIVA",
        "FOLIO": "SGG/DGT/SDP/000528/1997"
      }
    },
    {
      "type": "Feature",
      "geometry": {
        "type": "LineString",
        "coordinates": [
          [
            -99.26162,
            18.97475,
            0
          ],
          [
            -99.26026,
            18.97491,
            0
          ],
          [
            -99.26019,
            18.97493,
            0
          ],
          [
            -99.26009,
            18.97499,
            0
          ],
          [
            -99.25989,
            18.97518,
            0
          ],
          [
            -99.25986,
            18.97522,
            0
          ],
          [
            -99.2598,
            18.97533,
            0
          ],
          [
            -99.25969,
            18.97571,
            0
          ],
          [
            -99.25962,
            18.9758,
            0
          ],
          [
            -99.25956,
            18.97585,
            0
          ],
          [
            -99.25946,
            18.97587,
            0
          ],
          [
            -99.25941,
            18.97586,
            0
          ],
          [
            -99.25936,
            18.97583,
            0
          ],
          [
            -99.25917,
            18.97562,
            0
          ],
          [
            -99.25902,
            18.97551,
            0
          ],
          [
            -99.25897,
            18.9755,
            0
          ],
          [
            -99.2589,
            18.97547,
            0
          ],
          [
            -99.25874,
            18.97545,
            0
          ],
          [
            -99.25858,
            18.97546,
            0
          ],
          [
            -99.2585,
            18.97548,
            0
          ],
          [
            -99.25578,
            18.97569,
            0
          ],
          [
            -99.25489,
            18.9757,
            0
          ],
          [
            -99.254,
            18.97574,
            0
          ],
          [
            -99.25418,
            18.97694,
            0
          ],
          [
            -99.25395,
            18.97697,
            0
          ],
          [
            -99.25371,
            18.97703,
            0
          ],
          [
            -99.25363,
            18.97707,
            0
          ],
          [
            -99.25368,
            18.97721,
            0
          ],
          [
            -99.25372,
            18.97739,
            0
          ],
          [
            -99.25372,
            18.97745,
            0
          ],
          [
            -99.2537,
            18.97752,
            0
          ],
          [
            -99.25368,
            18.97756,
            0
          ],
          [
            -99.25366,
            18.97756,
            0
          ],
          [
            -99.25364,
            18.97758,
            0
          ],
          [
            -99.25361,
            18.97759,
            0
          ],
          [
            -99.25359,
            18.97759,
            0
          ],
          [
            -99.25356,
            18.9776,
            0
          ],
          [
            -99.25337,
            18.9776,
            0
          ],
          [
            -99.25338,
            18.97697,
            0
          ],
          [
            -99.25337,
            18.97688,
            0
          ],
          [
            -99.25332,
            18.97672,
            0
          ],
          [
            -99.2533,
            18.97668,
            0
          ],
          [
            -99.25327,
            18.97664,
            0
          ],
          [
            -99.25312,
            18.97651,
            0
          ],
          [
            -99.25259,
            18.97617,
            0
          ],
          [
            -99.25251,
            18.97611,
            0
          ],
          [
            -99.25241,
            18.97602,
            0
          ],
          [
            -99.25231,
            18.97588,
            0
          ],
          [
            -99.25228,
            18.97577,
            0
          ],
          [
            -99.25226,
            18.97562,
            0
          ],
          [
            -99.25228,
            18.97547,
            0
          ],
          [
            -99.25247,
            18.97492,
            0
          ],
          [
            -99.25248,
            18.97474,
            0
          ],
          [
            -99.25247,
            18.97466,
            0
          ],
          [
            -99.25244,
            18.97459,
            0
          ],
          [
            -99.25234,
            18.97444,
            0
          ],
          [
            -99.25202,
            18.97413,
            0
          ],
          [
            -99.25195,
            18.97405,
            0
          ],
          [
            -99.25188,
            18.97395,
            0
          ],
          [
            -99.25183,
            18.9738,
            0
          ],
          [
            -99.25182,
            18.97374,
            0
          ],
          [
            -99.25183,
            18.97368,
            0
          ],
          [
            -99.25183,
            18.97348,
            0
          ],
          [
            -99.25197,
            18.97284,
            0
          ],
          [
            -99.25198,
            18.97254,
            0
          ],
          [
            -99.25193,
            18.97236,
            0
          ],
          [
            -99.25189,
            18.97229,
            0
          ],
          [
            -99.2518,
            18.97219,
            0
          ],
          [
            -99.25162,
            18.97206,
            0
          ],
          [
            -99.24944,
            18.9707,
            0
          ],
          [
            -99.24908,
            18.97041,
            0
          ],
          [
            -99.24893,
            18.97023,
            0
          ],
          [
            -99.24865,
            18.96984,
            0
          ],
          [
            -99.24841,
            18.96946,
            0
          ],
          [
            -99.24791,
            18.96847,
            0
          ],
          [
            -99.24752,
            18.96751,
            0
          ],
          [
            -99.24751,
            18.96747,
            0
          ],
          [
            -99.24751,
            18.96742,
            0
          ],
          [
            -99.24745,
            18.96718,
            0
          ],
          [
            -99.24746,
            18.96713,
            0
          ],
          [
            -99.24746,
            18.9671,
            0
          ],
          [
            -99.24714,
            18.96595,
            0
          ],
          [
            -99.24705,
            18.96569,
            0
          ],
          [
            -99.247,
            18.96549,
            0
          ],
          [
            -99.24695,
            18.96535,
            0
          ],
          [
            -99.24698,
            18.96532,
            0
          ],
          [
            -99.24698,
            18.96529,
            0
          ],
          [
            -99.24699,
            18.96528,
            0
          ],
          [
            -99.24699,
            18.96521,
            0
          ],
          [
            -99.24698,
            18.9652,
            0
          ],
          [
            -99.24698,
            18.96519,
            0
          ],
          [
            -99.24697,
            18.96518,
            0
          ],
          [
            -99.24697,
            18.96516,
            0
          ],
          [
            -99.24696,
            18.96515,
            0
          ],
          [
            -99.24695,
            18.96515,
            0
          ],
          [
            -99.24695,
            18.96514,
            0
          ],
          [
            -99.24693,
            18.96512,
            0
          ],
          [
            -99.24692,
            18.96512,
            0
          ],
          [
            -99.2469,
            18.9651,
            0
          ],
          [
            -99.24689,
            18.9651,
            0
          ],
          [
            -99.24688,
            18.96509,
            0
          ],
          [
            -99.24687,
            18.96509,
            0
          ],
          [
            -99.24691,
            18.96502,
            0
          ],
          [
            -99.24691,
            18.965,
            0
          ],
          [
            -99.24692,
            18.96499,
            0
          ],
          [
            -99.24692,
            18.96495,
            0
          ],
          [
            -99.24687,
            18.96472,
            0
          ],
          [
            -99.24665,
            18.96323,
            0
          ],
          [
            -99.24662,
            18.9631,
            0
          ],
          [
            -99.24639,
            18.96164,
            0
          ],
          [
            -99.24638,
            18.96161,
            0
          ],
          [
            -99.24564,
            18.95653,
            0
          ],
          [
            -99.24558,
            18.95597,
            0
          ],
          [
            -99.24479,
            18.95026,
            0
          ],
          [
            -99.2448,
            18.95025,
            0
          ],
          [
            -99.24481,
            18.95025,
            0
          ],
          [
            -99.24482,
            18.95024,
            0
          ],
          [
            -99.24482,
            18.95023,
            0
          ],
          [
            -99.24483,
            18.95023,
            0
          ],
          [
            -99.24483,
            18.95022,
            0
          ],
          [
            -99.24484,
            18.95021,
            0
          ],
          [
            -99.24484,
            18.95019,
            0
          ],
          [
            -99.24485,
            18.95019,
            0
          ],
          [
            -99.24485,
            18.95013,
            0
          ],
          [
            -99.24484,
            18.95013,
            0
          ],
          [
            -99.24484,
            18.95011,
            0
          ],
          [
            -99.24483,
            18.9501,
            0
          ],
          [
            -99.24483,
            18.95009,
            0
          ],
          [
            -99.24482,
            18.95009,
            0
          ],
          [
            -99.24482,
            18.95008,
            0
          ],
          [
            -99.24481,
            18.95007,
            0
          ],
          [
            -99.2448,
            18.95007,
            0
          ],
          [
            -99.2448,
            18.95006,
            0
          ],
          [
            -99.24478,
            18.95006,
            0
          ],
          [
            -99.24478,
            18.95005,
            0
          ],
          [
            -99.24476,
            18.95005,
            0
          ],
          [
            -99.24475,
            18.95004,
            0
          ],
          [
            -99.24474,
            18.95004,
            0
          ],
          [
            -99.24473,
            18.9499,
            0
          ],
          [
            -99.24454,
            18.94909,
            0
          ],
          [
            -99.24404,
            18.9475,
            0
          ],
          [
            -99.24365,
            18.94644,
            0
          ],
          [
            -99.24357,
            18.94626,
            0
          ],
          [
            -99.24345,
            18.94589,
            0
          ],
          [
            -99.24256,
            18.94366,
            0
          ],
          [
            -99.2421,
            18.9428,
            0
          ],
          [
            -99.24202,
            18.9426,
            0
          ],
          [
            -99.24179,
            18.94168,
            0
          ],
          [
            -99.24153,
            18.94041,
            0
          ],
          [
            -99.24153,
            18.94031,
            0
          ],
          [
            -99.24137,
            18.93938,
            0
          ],
          [
            -99.24077,
            18.9373,
            0
          ],
          [
            -99.24071,
            18.93701,
            0
          ],
          [
            -99.24061,
            18.936,
            0
          ],
          [
            -99.24065,
            18.93386,
            0
          ],
          [
            -99.24063,
            18.9332,
            0
          ],
          [
            -99.24061,
            18.93301,
            0
          ],
          [
            -99.24046,
            18.93265,
            0
          ],
          [
            -99.24013,
            18.93199,
            0
          ],
          [
            -99.24008,
            18.93187,
            0
          ],
          [
            -99.24006,
            18.93179,
            0
          ],
          [
            -99.24005,
            18.93169,
            0
          ],
          [
            -99.24006,
            18.93156,
            0
          ],
          [
            -99.24013,
            18.93126,
            0
          ],
          [
            -99.24021,
            18.93068,
            0
          ],
          [
            -99.24025,
            18.92971,
            0
          ],
          [
            -99.24029,
            18.92947,
            0
          ],
          [
            -99.24024,
            18.9293,
            0
          ],
          [
            -99.2402,
            18.9292,
            0
          ],
          [
            -99.24016,
            18.92913,
            0
          ],
          [
            -99.24008,
            18.92906,
            0
          ],
          [
            -99.23997,
            18.92901,
            0
          ],
          [
            -99.23965,
            18.92891,
            0
          ],
          [
            -99.23963,
            18.92891,
            0
          ],
          [
            -99.23926,
            18.92883,
            0
          ],
          [
            -99.23892,
            18.92878,
            0
          ],
          [
            -99.23858,
            18.92875,
            0
          ],
          [
            -99.23836,
            18.92885,
            0
          ],
          [
            -99.2383,
            18.92887,
            0
          ],
          [
            -99.23785,
            18.92892,
            0
          ],
          [
            -99.2378,
            18.92894,
            0
          ],
          [
            -99.23778,
            18.92896,
            0
          ],
          [
            -99.23776,
            18.92902,
            0
          ],
          [
            -99.23778,
            18.92907,
            0
          ],
          [
            -99.2378,
            18.9291,
            0
          ],
          [
            -99.23784,
            18.92914,
            0
          ],
          [
            -99.2379,
            18.92917,
            0
          ],
          [
            -99.23801,
            18.92921,
            0
          ],
          [
            -99.23808,
            18.92925,
            0
          ],
          [
            -99.2381,
            18.92929,
            0
          ],
          [
            -99.2381,
            18.92937,
            0
          ],
          [
            -99.23808,
            18.92939,
            0
          ],
          [
            -99.23805,
            18.92941,
            0
          ],
          [
            -99.23794,
            18.92946,
            0
          ],
          [
            -99.23785,
            18.92946,
            0
          ],
          [
            -99.23784,
            18.92936,
            0
          ],
          [
            -99.23782,
            18.92927,
            0
          ],
          [
            -99.2378,
            18.92923,
            0
          ],
          [
            -99.23749,
            18.92898,
            0
          ],
          [
            -99.23741,
            18.9289,
            0
          ],
          [
            -99.23739,
            18.92887,
            0
          ],
          [
            -99.23738,
            18.92881,
            0
          ],
          [
            -99.23724,
            18.92698,
            0
          ],
          [
            -99.23722,
            18.92694,
            0
          ],
          [
            -99.23635,
            18.92615,
            0
          ],
          [
            -99.23625,
            18.92604,
            0
          ],
          [
            -99.23606,
            18.92586,
            0
          ],
          [
            -99.23574,
            18.92468,
            0
          ],
          [
            -99.23566,
            18.92416,
            0
          ],
          [
            -99.23547,
            18.92341,
            0
          ],
          [
            -99.23545,
            18.92328,
            0
          ],
          [
            -99.23531,
            18.92274,
            0
          ],
          [
            -99.23531,
            18.92268,
            0
          ],
          [
            -99.23534,
            18.9226,
            0
          ],
          [
            -99.23532,
            18.92258,
            0
          ],
          [
            -99.23512,
            18.92113,
            0
          ],
          [
            -99.2351,
            18.92083,
            0
          ],
          [
            -99.23508,
            18.91889,
            0
          ],
          [
            -99.23511,
            18.91889,
            0
          ],
          [
            -99.23504,
            18.91577,
            0
          ],
          [
            -99.23488,
            18.91425,
            0
          ],
          [
            -99.23468,
            18.91353,
            0
          ],
          [
            -99.2346,
            18.91332,
            0
          ],
          [
            -99.23449,
            18.91311,
            0
          ],
          [
            -99.23434,
            18.9129,
            0
          ],
          [
            -99.23381,
            18.912,
            0
          ],
          [
            -99.23356,
            18.91152,
            0
          ],
          [
            -99.23313,
            18.91054,
            0
          ],
          [
            -99.23263,
            18.90919,
            0
          ],
          [
            -99.23249,
            18.90872,
            0
          ],
          [
            -99.23242,
            18.90853,
            0
          ],
          [
            -99.23217,
            18.9076,
            0
          ],
          [
            -99.23214,
            18.90743,
            0
          ],
          [
            -99.23213,
            18.90731,
            0
          ],
          [
            -99.23209,
            18.9071,
            0
          ],
          [
            -99.23222,
            18.90706,
            0
          ],
          [
            -99.23213,
            18.90685,
            0
          ],
          [
            -99.23208,
            18.90666,
            0
          ],
          [
            -99.23208,
            18.90665,
            0
          ],
          [
            -99.23206,
            18.90657,
            0
          ],
          [
            -99.23204,
            18.90643,
            0
          ],
          [
            -99.232,
            18.90625,
            0
          ],
          [
            -99.23196,
            18.90599,
            0
          ],
          [
            -99.23192,
            18.90594,
            0
          ],
          [
            -99.23187,
            18.90573,
            0
          ],
          [
            -99.2317,
            18.90451,
            0
          ],
          [
            -99.23169,
            18.90448,
            0
          ],
          [
            -99.23152,
            18.90264,
            0
          ],
          [
            -99.23152,
            18.90257,
            0
          ],
          [
            -99.23141,
            18.90127,
            0
          ],
          [
            -99.23107,
            18.89999,
            0
          ],
          [
            -99.23033,
            18.89782,
            0
          ],
          [
            -99.22911,
            18.89519,
            0
          ],
          [
            -99.2291,
            18.89518,
            0
          ],
          [
            -99.22836,
            18.8935,
            0
          ],
          [
            -99.22836,
            18.89345,
            0
          ],
          [
            -99.22832,
            18.8933,
            0
          ],
          [
            -99.22832,
            18.89325,
            0
          ],
          [
            -99.2283,
            18.89318,
            0
          ],
          [
            -99.22818,
            18.89289,
            0
          ],
          [
            -99.22804,
            18.89234,
            0
          ],
          [
            -99.22797,
            18.89194,
            0
          ],
          [
            -99.22795,
            18.89168,
            0
          ],
          [
            -99.22796,
            18.89142,
            0
          ],
          [
            -99.22798,
            18.89127,
            0
          ],
          [
            -99.22804,
            18.89099,
            0
          ],
          [
            -99.22803,
            18.89094,
            0
          ],
          [
            -99.22803,
            18.89089,
            0
          ],
          [
            -99.22801,
            18.89081,
            0
          ],
          [
            -99.22828,
            18.89005,
            0
          ],
          [
            -99.22837,
            18.89002,
            0
          ],
          [
            -99.22843,
            18.88984,
            0
          ],
          [
            -99.22943,
            18.88737,
            0
          ],
          [
            -99.22966,
            18.88675,
            0
          ],
          [
            -99.22968,
            18.8866,
            0
          ],
          [
            -99.23,
            18.88588,
            0
          ],
          [
            -99.23014,
            18.88545,
            0
          ],
          [
            -99.23019,
            18.88516,
            0
          ],
          [
            -99.23022,
            18.88478,
            0
          ],
          [
            -99.23016,
            18.88432,
            0
          ],
          [
            -99.23006,
            18.88386,
            0
          ],
          [
            -99.22987,
            18.88267,
            0
          ],
          [
            -99.22982,
            18.88222,
            0
          ],
          [
            -99.22987,
            18.88135,
            0
          ],
          [
            -99.22987,
            18.88117,
            0
          ],
          [
            -99.22978,
            18.88017,
            0
          ],
          [
            -99.22971,
            18.87984,
            0
          ],
          [
            -99.2296,
            18.87958,
            0
          ],
          [
            -99.22915,
            18.87827,
            0
          ],
          [
            -99.2291,
            18.87807,
            0
          ],
          [
            -99.22908,
            18.87794,
            0
          ],
          [
            -99.22908,
            18.87791,
            0
          ],
          [
            -99.22907,
            18.87785,
            0
          ],
          [
            -99.22906,
            18.87727,
            0
          ],
          [
            -99.22904,
            18.87717,
            0
          ],
          [
            -99.22898,
            18.87701,
            0
          ],
          [
            -99.22888,
            18.8768,
            0
          ],
          [
            -99.22822,
            18.87608,
            0
          ],
          [
            -99.22803,
            18.87579,
            0
          ],
          [
            -99.22754,
            18.87514,
            0
          ],
          [
            -99.22742,
            18.87494,
            0
          ],
          [
            -99.22732,
            18.87467,
            0
          ],
          [
            -99.22724,
            18.87403,
            0
          ],
          [
            -99.22721,
            18.87389,
            0
          ],
          [
            -99.22714,
            18.87374,
            0
          ],
          [
            -99.22709,
            18.87367,
            0
          ],
          [
            -99.22687,
            18.87345,
            0
          ],
          [
            -99.22667,
            18.87319,
            0
          ],
          [
            -99.22656,
            18.8729,
            0
          ],
          [
            -99.22654,
            18.87275,
            0
          ],
          [
            -99.22648,
            18.87252,
            0
          ],
          [
            -99.22647,
            18.87242,
            0
          ],
          [
            -99.22646,
            18.87239,
            0
          ],
          [
            -99.22644,
            18.87218,
            0
          ],
          [
            -99.2265,
            18.8719,
            0
          ],
          [
            -99.2266,
            18.87161,
            0
          ],
          [
            -99.22683,
            18.87111,
            0
          ],
          [
            -99.22687,
            18.871,
            0
          ],
          [
            -99.2269,
            18.87078,
            0
          ],
          [
            -99.2269,
            18.87071,
            0
          ],
          [
            -99.22685,
            18.87056,
            0
          ],
          [
            -99.22684,
            18.87051,
            0
          ],
          [
            -99.22676,
            18.8704,
            0
          ],
          [
            -99.22633,
            18.86994,
            0
          ],
          [
            -99.22624,
            18.86982,
            0
          ],
          [
            -99.22618,
            18.86953,
            0
          ],
          [
            -99.22622,
            18.86939,
            0
          ],
          [
            -99.22627,
            18.86929,
            0
          ],
          [
            -99.22635,
            18.86917,
            0
          ],
          [
            -99.22639,
            18.86916,
            0
          ],
          [
            -99.22641,
            18.86914,
            0
          ],
          [
            -99.22644,
            18.86912,
            0
          ],
          [
            -99.22647,
            18.86909,
            0
          ],
          [
            -99.22649,
            18.86906,
            0
          ],
          [
            -99.22659,
            18.86895,
            0
          ],
          [
            -99.22671,
            18.86885,
            0
          ],
          [
            -99.22685,
            18.86868,
            0
          ],
          [
            -99.22713,
            18.86822,
            0
          ],
          [
            -99.22732,
            18.86783,
            0
          ],
          [
            -99.22735,
            18.86773,
            0
          ],
          [
            -99.22737,
            18.8676,
            0
          ],
          [
            -99.22737,
            18.86746,
            0
          ],
          [
            -99.22735,
            18.86728,
            0
          ],
          [
            -99.2273,
            18.86715,
            0
          ],
          [
            -99.22722,
            18.86701,
            0
          ],
          [
            -99.22711,
            18.86687,
            0
          ],
          [
            -99.2268,
            18.86654,
            0
          ],
          [
            -99.22586,
            18.86545,
            0
          ],
          [
            -99.22549,
            18.86505,
            0
          ],
          [
            -99.22469,
            18.86411,
            0
          ],
          [
            -99.22464,
            18.86403,
            0
          ],
          [
            -99.2246,
            18.86391,
            0
          ],
          [
            -99.22458,
            18.86382,
            0
          ],
          [
            -99.22457,
            18.86369,
            0
          ],
          [
            -99.22458,
            18.8636,
            0
          ],
          [
            -99.22461,
            18.86352,
            0
          ],
          [
            -99.22513,
            18.86262,
            0
          ],
          [
            -99.22521,
            18.8624,
            0
          ],
          [
            -99.22524,
            18.86214,
            0
          ],
          [
            -99.22523,
            18.8619,
            0
          ],
          [
            -99.2252,
            18.86178,
            0
          ],
          [
            -99.22509,
            18.8615,
            0
          ],
          [
            -99.22463,
            18.86062,
            0
          ],
          [
            -99.22399,
            18.85971,
            0
          ],
          [
            -99.22385,
            18.85946,
            0
          ],
          [
            -99.2238,
            18.85932,
            0
          ],
          [
            -99.22376,
            18.85915,
            0
          ],
          [
            -99.22375,
            18.85902,
            0
          ],
          [
            -99.22376,
            18.85865,
            0
          ],
          [
            -99.22379,
            18.85849,
            0
          ],
          [
            -99.22385,
            18.85829,
            0
          ],
          [
            -99.22401,
            18.8579,
            0
          ],
          [
            -99.22404,
            18.8578,
            0
          ],
          [
            -99.22425,
            18.85727,
            0
          ],
          [
            -99.22484,
            18.85487,
            0
          ],
          [
            -99.22486,
            18.85464,
            0
          ],
          [
            -99.22485,
            18.85441,
            0
          ],
          [
            -99.22463,
            18.85307,
            0
          ],
          [
            -99.22457,
            18.85217,
            0
          ],
          [
            -99.22456,
            18.85212,
            0
          ],
          [
            -99.22456,
            18.85207,
            0
          ],
          [
            -99.2245,
            18.85176,
            0
          ],
          [
            -99.22446,
            18.85162,
            0
          ],
          [
            -99.2244,
            18.8515,
            0
          ],
          [
            -99.22396,
            18.85084,
            0
          ],
          [
            -99.22371,
            18.85026,
            0
          ],
          [
            -99.22344,
            18.84956,
            0
          ],
          [
            -99.22312,
            18.84888,
            0
          ],
          [
            -99.22307,
            18.84872,
            0
          ],
          [
            -99.22305,
            18.84856,
            0
          ],
          [
            -99.22307,
            18.848,
            0
          ],
          [
            -99.22321,
            18.84705,
            0
          ],
          [
            -99.2233,
            18.84658,
            0
          ],
          [
            -99.22335,
            18.84641,
            0
          ],
          [
            -99.2237,
            18.84579,
            0
          ],
          [
            -99.22373,
            18.84568,
            0
          ],
          [
            -99.22376,
            18.84544,
            0
          ],
          [
            -99.22399,
            18.84426,
            0
          ],
          [
            -99.22418,
            18.84346,
            0
          ],
          [
            -99.22442,
            18.84225,
            0
          ],
          [
            -99.22484,
            18.84077,
            0
          ],
          [
            -99.22496,
            18.8401,
            0
          ],
          [
            -99.22522,
            18.83893,
            0
          ],
          [
            -99.22523,
            18.83884,
            0
          ],
          [
            -99.22549,
            18.83751,
            0
          ],
          [
            -99.22552,
            18.8373,
            0
          ],
          [
            -99.226,
            18.83503,
            0
          ],
          [
            -99.2261,
            18.83464,
            0
          ],
          [
            -99.22676,
            18.83151,
            0
          ],
          [
            -99.22688,
            18.8311,
            0
          ],
          [
            -99.22701,
            18.83079,
            0
          ],
          [
            -99.22831,
            18.82831,
            0
          ],
          [
            -99.22849,
            18.828,
            0
          ],
          [
            -99.2285,
            18.82799,
            0
          ],
          [
            -99.22995,
            18.82522,
            0
          ],
          [
            -99.23018,
            18.82482,
            0
          ],
          [
            -99.23256,
            18.82027,
            0
          ],
          [
            -99.2327,
            18.8199,
            0
          ],
          [
            -99.23286,
            18.8194,
            0
          ],
          [
            -99.23299,
            18.81861,
            0
          ],
          [
            -99.23318,
            18.81666,
            0
          ],
          [
            -99.23327,
            18.81501,
            0
          ],
          [
            -99.23333,
            18.81444,
            0
          ],
          [
            -99.23339,
            18.81414,
            0
          ],
          [
            -99.23347,
            18.81393,
            0
          ],
          [
            -99.23365,
            18.81363,
            0
          ],
          [
            -99.23407,
            18.81282,
            0
          ],
          [
            -99.23466,
            18.81187,
            0
          ],
          [
            -99.23467,
            18.81186,
            0
          ],
          [
            -99.23531,
            18.81079,
            0
          ],
          [
            -99.23544,
            18.81052,
            0
          ],
          [
            -99.23545,
            18.81051,
            0
          ],
          [
            -99.23545,
            18.81049,
            0
          ],
          [
            -99.23546,
            18.81048,
            0
          ],
          [
            -99.23553,
            18.81016,
            0
          ],
          [
            -99.23552,
            18.80985,
            0
          ],
          [
            -99.23549,
            18.8097,
            0
          ],
          [
            -99.23537,
            18.80929,
            0
          ],
          [
            -99.23522,
            18.80894,
            0
          ],
          [
            -99.23509,
            18.80872,
            0
          ],
          [
            -99.23498,
            18.80858,
            0
          ],
          [
            -99.23476,
            18.80836,
            0
          ],
          [
            -99.23443,
            18.80798,
            0
          ],
          [
            -99.23418,
            18.80762,
            0
          ],
          [
            -99.23403,
            18.80729,
            0
          ],
          [
            -99.234,
            18.80719,
            0
          ],
          [
            -99.23395,
            18.80681,
            0
          ],
          [
            -99.23398,
            18.80646,
            0
          ],
          [
            -99.23402,
            18.8063,
            0
          ],
          [
            -99.23402,
            18.80625,
            0
          ],
          [
            -99.23414,
            18.80558,
            0
          ],
          [
            -99.23418,
            18.80547,
            0
          ],
          [
            -99.23431,
            18.80524,
            0
          ],
          [
            -99.2344,
            18.80513,
            0
          ],
          [
            -99.23458,
            18.80499,
            0
          ],
          [
            -99.2347,
            18.80493,
            0
          ],
          [
            -99.23482,
            18.80489,
            0
          ],
          [
            -99.23505,
            18.80484,
            0
          ],
          [
            -99.23604,
            18.80474,
            0
          ],
          [
            -99.23634,
            18.80467,
            0
          ],
          [
            -99.23661,
            18.80455,
            0
          ],
          [
            -99.23688,
            18.80435,
            0
          ],
          [
            -99.23701,
            18.80422,
            0
          ],
          [
            -99.23718,
            18.80398,
            0
          ],
          [
            -99.23723,
            18.80389,
            0
          ],
          [
            -99.23745,
            18.80334,
            0
          ],
          [
            -99.23752,
            18.80309,
            0
          ],
          [
            -99.23757,
            18.80275,
            0
          ],
          [
            -99.23758,
            18.80253,
            0
          ],
          [
            -99.23756,
            18.8023,
            0
          ],
          [
            -99.23751,
            18.802,
            0
          ],
          [
            -99.23751,
            18.80197,
            0
          ],
          [
            -99.23729,
            18.80079,
            0
          ],
          [
            -99.23726,
            18.80052,
            0
          ],
          [
            -99.23727,
            18.8001,
            0
          ],
          [
            -99.23732,
            18.79985,
            0
          ],
          [
            -99.23738,
            18.79963,
            0
          ],
          [
            -99.23754,
            18.7993,
            0
          ],
          [
            -99.23763,
            18.79915,
            0
          ],
          [
            -99.2378,
            18.79894,
            0
          ],
          [
            -99.23801,
            18.79873,
            0
          ],
          [
            -99.2382,
            18.79858,
            0
          ],
          [
            -99.23838,
            18.79846,
            0
          ],
          [
            -99.242,
            18.79673,
            0
          ],
          [
            -99.24221,
            18.79658,
            0
          ],
          [
            -99.24229,
            18.79649,
            0
          ],
          [
            -99.24244,
            18.79624,
            0
          ],
          [
            -99.24252,
            18.79595,
            0
          ],
          [
            -99.24252,
            18.79584,
            0
          ],
          [
            -99.2425,
            18.7956,
            0
          ],
          [
            -99.24246,
            18.79545,
            0
          ],
          [
            -99.24224,
            18.79507,
            0
          ],
          [
            -99.24209,
            18.79486,
            0
          ],
          [
            -99.24195,
            18.79462,
            0
          ],
          [
            -99.2419,
            18.7945,
            0
          ],
          [
            -99.24184,
            18.79429,
            0
          ],
          [
            -99.24183,
            18.7942,
            0
          ],
          [
            -99.24183,
            18.79388,
            0
          ],
          [
            -99.24196,
            18.79265,
            0
          ],
          [
            -99.24204,
            18.79229,
            0
          ],
          [
            -99.24209,
            18.79213,
            0
          ],
          [
            -99.24224,
            18.7918,
            0
          ],
          [
            -99.24641,
            18.78492,
            0
          ],
          [
            -99.24667,
            18.78443,
            0
          ],
          [
            -99.24677,
            18.78418,
            0
          ],
          [
            -99.24683,
            18.78397,
            0
          ],
          [
            -99.24686,
            18.78363,
            0
          ],
          [
            -99.24686,
            18.78341,
            0
          ],
          [
            -99.24681,
            18.78315,
            0
          ],
          [
            -99.2468,
            18.78304,
            0
          ],
          [
            -99.24676,
            18.78289,
            0
          ],
          [
            -99.24655,
            18.78231,
            0
          ],
          [
            -99.24644,
            18.78205,
            0
          ],
          [
            -99.2463,
            18.7818,
            0
          ],
          [
            -99.24619,
            18.78163,
            0
          ],
          [
            -99.24605,
            18.78148,
            0
          ],
          [
            -99.24585,
            18.7813,
            0
          ],
          [
            -99.24563,
            18.78113,
            0
          ],
          [
            -99.24381,
            18.77995,
            0
          ],
          [
            -99.24361,
            18.77984,
            0
          ],
          [
            -99.24352,
            18.77978,
            0
          ],
          [
            -99.24305,
            18.77955,
            0
          ],
          [
            -99.24283,
            18.77939,
            0
          ],
          [
            -99.24271,
            18.77924,
            0
          ],
          [
            -99.24264,
            18.77906,
            0
          ],
          [
            -99.24263,
            18.77897,
            0
          ],
          [
            -99.24263,
            18.77885,
            0
          ],
          [
            -99.24268,
            18.77821,
            0
          ],
          [
            -99.24268,
            18.77805,
            0
          ],
          [
            -99.24265,
            18.77773,
            0
          ],
          [
            -99.24262,
            18.77756,
            0
          ],
          [
            -99.2425,
            18.77734,
            0
          ],
          [
            -99.2423,
            18.77705,
            0
          ],
          [
            -99.24223,
            18.77697,
            0
          ],
          [
            -99.24207,
            18.77686,
            0
          ],
          [
            -99.24188,
            18.7768,
            0
          ],
          [
            -99.24177,
            18.77679,
            0
          ],
          [
            -99.24168,
            18.77677,
            0
          ],
          [
            -99.24161,
            18.77677,
            0
          ],
          [
            -99.24155,
            18.77676,
            0
          ],
          [
            -99.24105,
            18.77685,
            0
          ],
          [
            -99.24103,
            18.77686,
            0
          ],
          [
            -99.24059,
            18.77697,
            0
          ],
          [
            -99.24043,
            18.77699,
            0
          ],
          [
            -99.24018,
            18.77697,
            0
          ],
          [
            -99.23997,
            18.77691,
            0
          ],
          [
            -99.23989,
            18.77687,
            0
          ],
          [
            -99.23978,
            18.7768,
            0
          ],
          [
            -99.23941,
            18.77648,
            0
          ],
          [
            -99.23929,
            18.77635,
            0
          ],
          [
            -99.23913,
            18.77606,
            0
          ],
          [
            -99.23912,
            18.77601,
            0
          ],
          [
            -99.23906,
            18.77583,
            0
          ],
          [
            -99.23904,
            18.77563,
            0
          ],
          [
            -99.23906,
            18.77546,
            0
          ],
          [
            -99.23912,
            18.77523,
            0
          ],
          [
            -99.23914,
            18.77519,
            0
          ],
          [
            -99.23923,
            18.77492,
            0
          ],
          [
            -99.23933,
            18.77469,
            0
          ],
          [
            -99.23939,
            18.77452,
            0
          ],
          [
            -99.23942,
            18.77437,
            0
          ],
          [
            -99.23942,
            18.77406,
            0
          ],
          [
            -99.2394,
            18.77395,
            0
          ],
          [
            -99.23937,
            18.77388,
            0
          ],
          [
            -99.2393,
            18.77378,
            0
          ],
          [
            -99.23921,
            18.77368,
            0
          ],
          [
            -99.23858,
            18.77315,
            0
          ],
          [
            -99.23841,
            18.77294,
            0
          ],
          [
            -99.23832,
            18.77278,
            0
          ],
          [
            -99.23821,
            18.77252,
            0
          ],
          [
            -99.23802,
            18.77191,
            0
          ],
          [
            -99.23775,
            18.77084,
            0
          ],
          [
            -99.23733,
            18.76889,
            0
          ],
          [
            -99.23716,
            18.76825,
            0
          ],
          [
            -99.23712,
            18.76711,
            0
          ],
          [
            -99.23716,
            18.76689,
            0
          ],
          [
            -99.23775,
            18.76531,
            0
          ],
          [
            -99.23798,
            18.76477,
            0
          ],
          [
            -99.23815,
            18.76443,
            0
          ],
          [
            -99.23831,
            18.76421,
            0
          ],
          [
            -99.23854,
            18.76396,
            0
          ],
          [
            -99.24027,
            18.7623,
            0
          ],
          [
            -99.24032,
            18.76226,
            0
          ],
          [
            -99.2405,
            18.76206,
            0
          ],
          [
            -99.24099,
            18.7614,
            0
          ],
          [
            -99.24137,
            18.76078,
            0
          ],
          [
            -99.24187,
            18.75972,
            0
          ],
          [
            -99.24347,
            18.75611,
            0
          ],
          [
            -99.24433,
            18.75401,
            0
          ],
          [
            -99.24435,
            18.75398,
            0
          ],
          [
            -99.24488,
            18.75272,
            0
          ],
          [
            -99.24515,
            18.75217,
            0
          ],
          [
            -99.24581,
            18.75069,
            0
          ],
          [
            -99.24619,
            18.74991,
            0
          ],
          [
            -99.24666,
            18.74907,
            0
          ],
          [
            -99.24693,
            18.74871,
            0
          ],
          [
            -99.2473,
            18.74832,
            0
          ],
          [
            -99.24762,
            18.74803,
            0
          ],
          [
            -99.24795,
            18.74778,
            0
          ],
          [
            -99.2531,
            18.74435,
            0
          ],
          [
            -99.25327,
            18.74422,
            0
          ],
          [
            -99.2534,
            18.7441,
            0
          ],
          [
            -99.25351,
            18.74398,
            0
          ],
          [
            -99.25378,
            18.74364,
            0
          ],
          [
            -99.25386,
            18.74352,
            0
          ],
          [
            -99.25401,
            18.74324,
            0
          ],
          [
            -99.25435,
            18.74229,
            0
          ],
          [
            -99.25439,
            18.7422,
            0
          ],
          [
            -99.25603,
            18.7375,
            0
          ],
          [
            -99.25608,
            18.73739,
            0
          ],
          [
            -99.25658,
            18.73606,
            0
          ],
          [
            -99.2567,
            18.73588,
            0
          ],
          [
            -99.25692,
            18.73565,
            0
          ],
          [
            -99.25715,
            18.73549,
            0
          ],
          [
            -99.25724,
            18.73544,
            0
          ],
          [
            -99.25754,
            18.73535,
            0
          ],
          [
            -99.25776,
            18.73533,
            0
          ],
          [
            -99.25784,
            18.73529,
            0
          ],
          [
            -99.25821,
            18.73532,
            0
          ],
          [
            -99.25904,
            18.73551,
            0
          ],
          [
            -99.25909,
            18.73553,
            0
          ],
          [
            -99.26039,
            18.73587,
            0
          ],
          [
            -99.26085,
            18.73603,
            0
          ],
          [
            -99.26093,
            18.73608,
            0
          ],
          [
            -99.26116,
            18.73626,
            0
          ],
          [
            -99.26123,
            18.73634,
            0
          ],
          [
            -99.26131,
            18.73645,
            0
          ],
          [
            -99.26139,
            18.73663,
            0
          ],
          [
            -99.26147,
            18.73688,
            0
          ],
          [
            -99.2615,
            18.73703,
            0
          ],
          [
            -99.26153,
            18.73728,
            0
          ],
          [
            -99.2605,
            18.74032,
            0
          ],
          [
            -99.26021,
            18.74109,
            0
          ],
          [
            -99.26005,
            18.74158,
            0
          ],
          [
            -99.25992,
            18.74192,
            0
          ],
          [
            -99.2597,
            18.74268,
            0
          ],
          [
            -99.25945,
            18.74343,
            0
          ],
          [
            -99.25929,
            18.7441,
            0
          ],
          [
            -99.25928,
            18.74421,
            0
          ],
          [
            -99.25923,
            18.74439,
            0
          ],
          [
            -99.25918,
            18.74465,
            0
          ],
          [
            -99.25908,
            18.74498,
            0
          ],
          [
            -99.25891,
            18.74545,
            0
          ],
          [
            -99.2577,
            18.74795,
            0
          ],
          [
            -99.25763,
            18.74813,
            0
          ],
          [
            -99.25642,
            18.753,
            0
          ],
          [
            -99.2564,
            18.75305,
            0
          ],
          [
            -99.2562,
            18.75392,
            0
          ],
          [
            -99.25618,
            18.75426,
            0
          ],
          [
            -99.25619,
            18.75438,
            0
          ],
          [
            -99.25659,
            18.7559,
            0
          ],
          [
            -99.25726,
            18.75877,
            0
          ],
          [
            -99.2573,
            18.75889,
            0
          ],
          [
            -99.25736,
            18.75901,
            0
          ],
          [
            -99.25744,
            18.75914,
            0
          ],
          [
            -99.25756,
            18.75927,
            0
          ],
          [
            -99.25768,
            18.75935,
            0
          ],
          [
            -99.258,
            18.75951,
            0
          ],
          [
            -99.25801,
            18.75951,
            0
          ],
          [
            -99.26141,
            18.76094,
            0
          ]
        ]
      },
      "properties": {
        "description": {
          "@type": "html",
          "value": "descripción: <br>OID: 251<br>ZONA: CENTRO<br>RUTA: RUTA 3<br>ITINERARIO: 1. SANTA MARIA-ALPUYECA-SANTA MARIA<br>DESCRIPCIO: SANTA MARIA-ALPUYECA<br>AUTO-AMPL: ITINERARIO<br>DEFIN-PROV: DEFINITIVOS<br>DURACION: DEFINITIVA<br>FOLIO: SGG/DGT/SDP/000528/1997"
        },
        "styleUrl": "#line-0F9D58-1200",
        "stroke-opacity": 1,
        "stroke": "#0f9d58",
        "stroke-width": 1.2,
        "descripción": "",
        "OID": "251",
        "ZONA": "CENTRO",
        "RUTA": "RUTA 3",
        "ITINERARIO": "1. SANTA MARIA-ALPUYECA-SANTA MARIA",
        "DESCRIPCIO": "SANTA MARIA-ALPUYECA",
        "AUTO-AMPL": "ITINERARIO",
        "DEFIN-PROV": "DEFINITIVOS",
        "DURACION": "DEFINITIVA",
        "FOLIO": "SGG/DGT/SDP/000528/1997"
      }
    },
    {
      "type": "Feature",
      "geometry": {
        "type": "LineString",
        "coordinates": [
          [
            -99.2864,
            18.78036,
            0
          ],
          [
            -99.28639,
            18.78034,
            0
          ],
          [
            -99.28601,
            18.77964,
            0
          ],
          [
            -99.28594,
            18.7795,
            0
          ],
          [
            -99.28533,
            18.77845,
            0
          ],
          [
            -99.28475,
            18.77744,
            0
          ],
          [
            -99.28428,
            18.7766,
            0
          ],
          [
            -99.28392,
            18.77597,
            0
          ],
          [
            -99.28382,
            18.77581,
            0
          ],
          [
            -99.28375,
            18.77572,
            0
          ],
          [
            -99.28351,
            18.77543,
            0
          ],
          [
            -99.2832,
            18.77509,
            0
          ],
          [
            -99.28314,
            18.77502,
            0
          ],
          [
            -99.28265,
            18.7745,
            0
          ],
          [
            -99.28229,
            18.77412,
            0
          ],
          [
            -99.28187,
            18.77369,
            0
          ],
          [
            -99.28159,
            18.77339,
            0
          ],
          [
            -99.28109,
            18.77288,
            0
          ],
          [
            -99.28086,
            18.77265,
            0
          ],
          [
            -99.28056,
            18.77233,
            0
          ],
          [
            -99.28026,
            18.77205,
            0
          ],
          [
            -99.28014,
            18.77194,
            0
          ],
          [
            -99.28001,
            18.77185,
            0
          ],
          [
            -99.27994,
            18.7718,
            0
          ],
          [
            -99.27986,
            18.77176,
            0
          ],
          [
            -99.27977,
            18.77173,
            0
          ],
          [
            -99.27969,
            18.77171,
            0
          ],
          [
            -99.27959,
            18.77169,
            0
          ],
          [
            -99.27952,
            18.77169,
            0
          ],
          [
            -99.27934,
            18.77167,
            0
          ],
          [
            -99.27917,
            18.77164,
            0
          ],
          [
            -99.27904,
            18.7716,
            0
          ],
          [
            -99.27896,
            18.77157,
            0
          ],
          [
            -99.27888,
            18.77152,
            0
          ],
          [
            -99.27879,
            18.77144,
            0
          ],
          [
            -99.27872,
            18.77136,
            0
          ],
          [
            -99.27847,
            18.77101,
            0
          ],
          [
            -99.27809,
            18.77046,
            0
          ],
          [
            -99.2779,
            18.77017,
            0
          ],
          [
            -99.27777,
            18.77001,
            0
          ],
          [
            -99.27764,
            18.76986,
            0
          ],
          [
            -99.27739,
            18.76961,
            0
          ],
          [
            -99.27678,
            18.769,
            0
          ],
          [
            -99.27597,
            18.76817,
            0
          ],
          [
            -99.27554,
            18.76772,
            0
          ],
          [
            -99.27528,
            18.76747,
            0
          ],
          [
            -99.27442,
            18.76661,
            0
          ],
          [
            -99.27431,
            18.76653,
            0
          ],
          [
            -99.2742,
            18.76645,
            0
          ],
          [
            -99.2741,
            18.76639,
            0
          ],
          [
            -99.27394,
            18.76631,
            0
          ],
          [
            -99.27366,
            18.76619,
            0
          ],
          [
            -99.27358,
            18.76615,
            0
          ],
          [
            -99.27343,
            18.76609,
            0
          ],
          [
            -99.2724,
            18.76565,
            0
          ],
          [
            -99.27213,
            18.76553,
            0
          ],
          [
            -99.27153,
            18.76528,
            0
          ],
          [
            -99.27067,
            18.76491,
            0
          ],
          [
            -99.26956,
            18.76442,
            0
          ],
          [
            -99.26802,
            18.76376,
            0
          ],
          [
            -99.26792,
            18.76372,
            0
          ],
          [
            -99.26726,
            18.76346,
            0
          ],
          [
            -99.26641,
            18.7631,
            0
          ],
          [
            -99.26568,
            18.76277,
            0
          ],
          [
            -99.2649,
            18.76244,
            0
          ],
          [
            -99.26479,
            18.76239,
            0
          ],
          [
            -99.26328,
            18.76172,
            0
          ],
          [
            -99.26318,
            18.76168,
            0
          ],
          [
            -99.262,
            18.76119,
            0
          ],
          [
            -99.26053,
            18.76057,
            0
          ],
          [
            -99.26033,
            18.76048,
            0
          ],
          [
            -99.25919,
            18.76001,
            0
          ],
          [
            -99.25801,
            18.75951,
            0
          ],
          [
            -99.258,
            18.75951,
            0
          ],
          [
            -99.25768,
            18.75935,
            0
          ],
          [
            -99.25756,
            18.75927,
            0
          ],
          [
            -99.25753,
            18.75924,
            0
          ],
          [
            -99.25744,
            18.75914,
            0
          ],
          [
            -99.25736,
            18.75901,
            0
          ],
          [
            -99.2573,
            18.75889,
            0
          ],
          [
            -99.25726,
            18.75877,
            0
          ],
          [
            -99.25722,
            18.75862,
            0
          ],
          [
            -99.25712,
            18.75823,
            0
          ],
          [
            -99.25704,
            18.75788,
            0
          ],
          [
            -99.25699,
            18.75767,
            0
          ],
          [
            -99.25659,
            18.7559,
            0
          ],
          [
            -99.25644,
            18.75538,
            0
          ],
          [
            -99.25623,
            18.75456,
            0
          ],
          [
            -99.25619,
            18.75438,
            0
          ],
          [
            -99.25618,
            18.75426,
            0
          ],
          [
            -99.25619,
            18.75408,
            0
          ],
          [
            -99.2562,
            18.75392,
            0
          ],
          [
            -99.25624,
            18.75373,
            0
          ],
          [
            -99.2564,
            18.75305,
            0
          ],
          [
            -99.25642,
            18.753,
            0
          ],
          [
            -99.25653,
            18.75252,
            0
          ],
          [
            -99.25702,
            18.7506,
            0
          ],
          [
            -99.25724,
            18.74975,
            0
          ],
          [
            -99.25763,
            18.74813,
            0
          ],
          [
            -99.2577,
            18.74795,
            0
          ],
          [
            -99.25779,
            18.74775,
            0
          ],
          [
            -99.25784,
            18.74764,
            0
          ]
        ]
      },
      "properties": {
        "description": {
          "@type": "html",
          "value": "descripción: <br>OID: 1215<br>ZONA: CENTRO<br>RUTA: RUTA 3<br>ITINERARIO: AMPL. COMUNIDAD MILPILLAS<br>DESCRIPCIO: HACIA ALPUYECA CENTRO<br>AUTO-AMPL: AMPLIACION<br>DEFIN-PROV: DEFINITIVOS<br>DURACION: DEFINITIVA<br>FOLIO: SGG/DGTT/DG/1843/99<br>SG/DGT/SDP/3694/IX/2012"
        },
        "styleUrl": "#line-1A237E-1200",
        "stroke-opacity": 1,
        "stroke": "#1a237e",
        "stroke-width": 1.2,
        "descripción": "",
        "OID": "1215",
        "ZONA": "CENTRO",
        "RUTA": "RUTA 3",
        "ITINERARIO": "AMPL. COMUNIDAD MILPILLAS",
        "DESCRIPCIO": "HACIA ALPUYECA CENTRO",
        "AUTO-AMPL": "AMPLIACION",
        "DEFIN-PROV": "DEFINITIVOS",
        "DURACION": "DEFINITIVA",
        "FOLIO": "SGG/DGTT/DG/1843/99\nSG/DGT/SDP/3694/IX/2012"
      }
    },
    {
      "type": "Feature",
      "geometry": {
        "type": "LineString",
        "coordinates": [
          [
            -99.25787,
            18.74757,
            0
          ],
          [
            -99.25779,
            18.74775,
            0
          ],
          [
            -99.2577,
            18.74795,
            0
          ],
          [
            -99.25763,
            18.74813,
            0
          ],
          [
            -99.25724,
            18.74975,
            0
          ],
          [
            -99.25702,
            18.7506,
            0
          ],
          [
            -99.25653,
            18.75252,
            0
          ],
          [
            -99.25642,
            18.753,
            0
          ],
          [
            -99.2564,
            18.75305,
            0
          ],
          [
            -99.25624,
            18.75373,
            0
          ],
          [
            -99.2562,
            18.75392,
            0
          ],
          [
            -99.25619,
            18.75408,
            0
          ],
          [
            -99.25618,
            18.75426,
            0
          ],
          [
            -99.25619,
            18.75438,
            0
          ],
          [
            -99.25623,
            18.75456,
            0
          ],
          [
            -99.25644,
            18.75538,
            0
          ],
          [
            -99.25659,
            18.7559,
            0
          ],
          [
            -99.25699,
            18.75767,
            0
          ],
          [
            -99.25704,
            18.75788,
            0
          ],
          [
            -99.25712,
            18.75823,
            0
          ],
          [
            -99.25722,
            18.75862,
            0
          ],
          [
            -99.25726,
            18.75877,
            0
          ],
          [
            -99.2573,
            18.75889,
            0
          ],
          [
            -99.25736,
            18.75901,
            0
          ],
          [
            -99.25744,
            18.75914,
            0
          ],
          [
            -99.25753,
            18.75924,
            0
          ],
          [
            -99.25756,
            18.75927,
            0
          ],
          [
            -99.25768,
            18.75935,
            0
          ],
          [
            -99.258,
            18.75951,
            0
          ],
          [
            -99.25801,
            18.75951,
            0
          ],
          [
            -99.25919,
            18.76001,
            0
          ],
          [
            -99.26033,
            18.76048,
            0
          ],
          [
            -99.26053,
            18.76057,
            0
          ],
          [
            -99.262,
            18.76119,
            0
          ],
          [
            -99.26318,
            18.76168,
            0
          ],
          [
            -99.26328,
            18.76172,
            0
          ],
          [
            -99.26479,
            18.76239,
            0
          ],
          [
            -99.2649,
            18.76244,
            0
          ],
          [
            -99.26568,
            18.76277,
            0
          ],
          [
            -99.26641,
            18.7631,
            0
          ],
          [
            -99.26726,
            18.76346,
            0
          ],
          [
            -99.26792,
            18.76372,
            0
          ],
          [
            -99.26802,
            18.76376,
            0
          ],
          [
            -99.26956,
            18.76442,
            0
          ],
          [
            -99.27067,
            18.76491,
            0
          ],
          [
            -99.27153,
            18.76528,
            0
          ],
          [
            -99.27213,
            18.76553,
            0
          ],
          [
            -99.2724,
            18.76565,
            0
          ],
          [
            -99.27343,
            18.76609,
            0
          ],
          [
            -99.27358,
            18.76615,
            0
          ],
          [
            -99.27366,
            18.76619,
            0
          ],
          [
            -99.27394,
            18.76631,
            0
          ],
          [
            -99.2741,
            18.76639,
            0
          ],
          [
            -99.2742,
            18.76645,
            0
          ],
          [
            -99.27431,
            18.76653,
            0
          ],
          [
            -99.27442,
            18.76661,
            0
          ],
          [
            -99.27528,
            18.76747,
            0
          ],
          [
            -99.27554,
            18.76772,
            0
          ],
          [
            -99.27597,
            18.76817,
            0
          ],
          [
            -99.27678,
            18.769,
            0
          ],
          [
            -99.27739,
            18.76961,
            0
          ],
          [
            -99.27764,
            18.76986,
            0
          ],
          [
            -99.27777,
            18.77001,
            0
          ],
          [
            -99.2779,
            18.77017,
            0
          ],
          [
            -99.27809,
            18.77046,
            0
          ],
          [
            -99.27847,
            18.77101,
            0
          ],
          [
            -99.27872,
            18.77136,
            0
          ],
          [
            -99.27879,
            18.77144,
            0
          ],
          [
            -99.27888,
            18.77152,
            0
          ],
          [
            -99.27896,
            18.77157,
            0
          ],
          [
            -99.27904,
            18.7716,
            0
          ],
          [
            -99.27917,
            18.77164,
            0
          ],
          [
            -99.27934,
            18.77167,
            0
          ],
          [
            -99.27952,
            18.77169,
            0
          ],
          [
            -99.27959,
            18.77169,
            0
          ],
          [
            -99.27969,
            18.77171,
            0
          ],
          [
            -99.27977,
            18.77173,
            0
          ],
          [
            -99.27986,
            18.77176,
            0
          ],
          [
            -99.27994,
            18.7718,
            0
          ],
          [
            -99.28001,
            18.77185,
            0
          ],
          [
            -99.28014,
            18.77194,
            0
          ],
          [
            -99.28026,
            18.77205,
            0
          ],
          [
            -99.28056,
            18.77233,
            0
          ],
          [
            -99.28086,
            18.77265,
            0
          ],
          [
            -99.28109,
            18.77288,
            0
          ],
          [
            -99.28159,
            18.77339,
            0
          ],
          [
            -99.28187,
            18.77369,
            0
          ],
          [
            -99.28229,
            18.77412,
            0
          ],
          [
            -99.28265,
            18.7745,
            0
          ],
          [
            -99.28314,
            18.77502,
            0
          ],
          [
            -99.2832,
            18.77509,
            0
          ],
          [
            -99.28351,
            18.77543,
            0
          ],
          [
            -99.28375,
            18.77572,
            0
          ],
          [
            -99.28382,
            18.77581,
            0
          ],
          [
            -99.28392,
            18.77597,
            0
          ],
          [
            -99.28428,
            18.7766,
            0
          ],
          [
            -99.28475,
            18.77744,
            0
          ],
          [
            -99.28533,
            18.77845,
            0
          ],
          [
            -99.28594,
            18.7795,
            0
          ],
          [
            -99.28601,
            18.77964,
            0
          ],
          [
            -99.28605,
            18.77971,
            0
          ]
        ]
      },
      "properties": {
        "description": {
          "@type": "html",
          "value": "descripción: <br>OID: 1217<br>ZONA: CENTRO<br>RUTA: RUTA 3<br>ITINERARIO: AMPL. COMUNIDAD MILPILLAS<br>DESCRIPCIO: HACIA COL. MILPILLAS<br>AUTO-AMPL: AMPLIACION<br>DEFIN-PROV: DEFINITIVOS<br>DURACION: DEFINITIVA<br>FOLIO: SGG/DGTT/DG/1843/99<br>SG/DGT/SDP/3694/IX/2012"
        },
        "styleUrl": "#line-0097A7-1200",
        "stroke-opacity": 1,
        "stroke": "#0097a7",
        "stroke-width": 1.2,
        "descripción": "",
        "OID": "1217",
        "ZONA": "CENTRO",
        "RUTA": "RUTA 3",
        "ITINERARIO": "AMPL. COMUNIDAD MILPILLAS",
        "DESCRIPCIO": "HACIA COL. MILPILLAS",
        "AUTO-AMPL": "AMPLIACION",
        "DEFIN-PROV": "DEFINITIVOS",
        "DURACION": "DEFINITIVA",
        "FOLIO": "SGG/DGTT/DG/1843/99\nSG/DGT/SDP/3694/IX/2012"
      }
    },
    {
      "type": "Feature",
      "geometry": {
        "type": "LineString",
        "coordinates": [
          [
            -99.25973,
            18.74258,
            0
          ],
          [
            -99.2597,
            18.74268,
            0
          ],
          [
            -99.25945,
            18.74343,
            0
          ],
          [
            -99.25936,
            18.74379,
            0
          ],
          [
            -99.25929,
            18.7441,
            0
          ],
          [
            -99.25928,
            18.74421,
            0
          ],
          [
            -99.25923,
            18.74439,
            0
          ],
          [
            -99.25918,
            18.74465,
            0
          ],
          [
            -99.25913,
            18.74482,
            0
          ],
          [
            -99.25908,
            18.74498,
            0
          ],
          [
            -99.25891,
            18.74545,
            0
          ],
          [
            -99.25875,
            18.74577,
            0
          ],
          [
            -99.25867,
            18.74594,
            0
          ],
          [
            -99.25847,
            18.74635,
            0
          ],
          [
            -99.25798,
            18.74734,
            0
          ],
          [
            -99.25779,
            18.74775,
            0
          ],
          [
            -99.2577,
            18.74795,
            0
          ],
          [
            -99.25763,
            18.74813,
            0
          ],
          [
            -99.25724,
            18.74975,
            0
          ],
          [
            -99.25702,
            18.7506,
            0
          ],
          [
            -99.25653,
            18.75252,
            0
          ],
          [
            -99.25642,
            18.753,
            0
          ],
          [
            -99.2564,
            18.75305,
            0
          ],
          [
            -99.25624,
            18.75373,
            0
          ],
          [
            -99.2562,
            18.75392,
            0
          ],
          [
            -99.25619,
            18.75408,
            0
          ],
          [
            -99.25618,
            18.75426,
            0
          ],
          [
            -99.25619,
            18.75438,
            0
          ],
          [
            -99.25623,
            18.75456,
            0
          ],
          [
            -99.25644,
            18.75538,
            0
          ],
          [
            -99.25659,
            18.7559,
            0
          ],
          [
            -99.25699,
            18.75767,
            0
          ],
          [
            -99.25704,
            18.75788,
            0
          ],
          [
            -99.25712,
            18.75823,
            0
          ],
          [
            -99.25722,
            18.75862,
            0
          ],
          [
            -99.25726,
            18.75877,
            0
          ],
          [
            -99.2573,
            18.75889,
            0
          ],
          [
            -99.25736,
            18.75901,
            0
          ],
          [
            -99.25744,
            18.75914,
            0
          ],
          [
            -99.25753,
            18.75924,
            0
          ],
          [
            -99.25756,
            18.75927,
            0
          ],
          [
            -99.25768,
            18.75935,
            0
          ],
          [
            -99.258,
            18.75951,
            0
          ],
          [
            -99.25801,
            18.75951,
            0
          ],
          [
            -99.25919,
            18.76001,
            0
          ],
          [
            -99.26033,
            18.76048,
            0
          ],
          [
            -99.26053,
            18.76057,
            0
          ],
          [
            -99.262,
            18.76119,
            0
          ],
          [
            -99.26318,
            18.76168,
            0
          ],
          [
            -99.26328,
            18.76172,
            0
          ],
          [
            -99.26479,
            18.76239,
            0
          ],
          [
            -99.2649,
            18.76244,
            0
          ],
          [
            -99.26568,
            18.76277,
            0
          ],
          [
            -99.26641,
            18.7631,
            0
          ],
          [
            -99.26726,
            18.76346,
            0
          ],
          [
            -99.26792,
            18.76372,
            0
          ],
          [
            -99.26802,
            18.76376,
            0
          ],
          [
            -99.26956,
            18.76442,
            0
          ],
          [
            -99.27067,
            18.76491,
            0
          ],
          [
            -99.27153,
            18.76528,
            0
          ],
          [
            -99.27213,
            18.76553,
            0
          ],
          [
            -99.2724,
            18.76565,
            0
          ],
          [
            -99.27343,
            18.76609,
            0
          ],
          [
            -99.27358,
            18.76615,
            0
          ],
          [
            -99.27366,
            18.76619,
            0
          ],
          [
            -99.27394,
            18.76631,
            0
          ],
          [
            -99.2741,
            18.76639,
            0
          ],
          [
            -99.2742,
            18.76645,
            0
          ],
          [
            -99.27431,
            18.76653,
            0
          ],
          [
            -99.27442,
            18.76661,
            0
          ],
          [
            -99.27528,
            18.76747,
            0
          ],
          [
            -99.27554,
            18.76772,
            0
          ],
          [
            -99.27597,
            18.76817,
            0
          ],
          [
            -99.27678,
            18.769,
            0
          ],
          [
            -99.27739,
            18.76961,
            0
          ],
          [
            -99.27764,
            18.76986,
            0
          ],
          [
            -99.27777,
            18.77001,
            0
          ],
          [
            -99.2779,
            18.77017,
            0
          ],
          [
            -99.27809,
            18.77046,
            0
          ],
          [
            -99.27847,
            18.77101,
            0
          ],
          [
            -99.27872,
            18.77136,
            0
          ],
          [
            -99.27879,
            18.77144,
            0
          ],
          [
            -99.27888,
            18.77152,
            0
          ],
          [
            -99.27896,
            18.77157,
            0
          ],
          [
            -99.27904,
            18.7716,
            0
          ],
          [
            -99.27917,
            18.77164,
            0
          ],
          [
            -99.27934,
            18.77167,
            0
          ],
          [
            -99.27952,
            18.77169,
            0
          ],
          [
            -99.27959,
            18.77169,
            0
          ],
          [
            -99.27969,
            18.77171,
            0
          ],
          [
            -99.27977,
            18.77173,
            0
          ],
          [
            -99.27986,
            18.77176,
            0
          ],
          [
            -99.27994,
            18.7718,
            0
          ],
          [
            -99.28001,
            18.77185,
            0
          ],
          [
            -99.28014,
            18.77194,
            0
          ],
          [
            -99.28026,
            18.77205,
            0
          ],
          [
            -99.28056,
            18.77233,
            0
          ],
          [
            -99.28086,
            18.77265,
            0
          ],
          [
            -99.28109,
            18.77288,
            0
          ],
          [
            -99.28159,
            18.77339,
            0
          ],
          [
            -99.28187,
            18.77369,
            0
          ],
          [
            -99.28229,
            18.77412,
            0
          ],
          [
            -99.28265,
            18.7745,
            0
          ],
          [
            -99.28314,
            18.77502,
            0
          ],
          [
            -99.2832,
            18.77509,
            0
          ],
          [
            -99.28351,
            18.77543,
            0
          ],
          [
            -99.28375,
            18.77572,
            0
          ],
          [
            -99.28382,
            18.77581,
            0
          ],
          [
            -99.28392,
            18.77597,
            0
          ],
          [
            -99.28428,
            18.7766,
            0
          ],
          [
            -99.28475,
            18.77744,
            0
          ],
          [
            -99.28533,
            18.77845,
            0
          ],
          [
            -99.28594,
            18.7795,
            0
          ],
          [
            -99.28601,
            18.77964,
            0
          ],
          [
            -99.28639,
            18.78034,
            0
          ],
          [
            -99.28647,
            18.78049,
            0
          ],
          [
            -99.28655,
            18.78061,
            0
          ],
          [
            -99.28663,
            18.78072,
            0
          ],
          [
            -99.2867,
            18.7808,
            0
          ],
          [
            -99.28681,
            18.78088,
            0
          ],
          [
            -99.28693,
            18.78097,
            0
          ],
          [
            -99.28726,
            18.78116,
            0
          ],
          [
            -99.28735,
            18.7812,
            0
          ],
          [
            -99.28745,
            18.78123,
            0
          ],
          [
            -99.28758,
            18.78125,
            0
          ],
          [
            -99.28765,
            18.78126,
            0
          ],
          [
            -99.28776,
            18.78125,
            0
          ],
          [
            -99.28784,
            18.78124,
            0
          ],
          [
            -99.28798,
            18.78121,
            0
          ],
          [
            -99.28839,
            18.7811,
            0
          ],
          [
            -99.28871,
            18.78101,
            0
          ],
          [
            -99.2889,
            18.78096,
            0
          ],
          [
            -99.28925,
            18.78087,
            0
          ],
          [
            -99.28975,
            18.78073,
            0
          ],
          [
            -99.29028,
            18.78059,
            0
          ],
          [
            -99.29082,
            18.78045,
            0
          ],
          [
            -99.29127,
            18.78033,
            0
          ],
          [
            -99.29134,
            18.78031,
            0
          ],
          [
            -99.29203,
            18.78012,
            0
          ],
          [
            -99.29299,
            18.77987,
            0
          ],
          [
            -99.29304,
            18.77985,
            0
          ],
          [
            -99.2932,
            18.77981,
            0
          ],
          [
            -99.29372,
            18.77968,
            0
          ],
          [
            -99.29386,
            18.77965,
            0
          ],
          [
            -99.294,
            18.7796,
            0
          ],
          [
            -99.29409,
            18.77955,
            0
          ],
          [
            -99.29424,
            18.77947,
            0
          ],
          [
            -99.29434,
            18.77941,
            0
          ],
          [
            -99.29446,
            18.7793,
            0
          ],
          [
            -99.2945,
            18.77927,
            0
          ],
          [
            -99.29464,
            18.77914,
            0
          ],
          [
            -99.29466,
            18.77912,
            0
          ],
          [
            -99.29478,
            18.77902,
            0
          ],
          [
            -99.29484,
            18.77896,
            0
          ],
          [
            -99.29491,
            18.7789,
            0
          ],
          [
            -99.29498,
            18.77885,
            0
          ],
          [
            -99.29508,
            18.77879,
            0
          ],
          [
            -99.29529,
            18.7787,
            0
          ],
          [
            -99.29554,
            18.77861,
            0
          ],
          [
            -99.29569,
            18.77856,
            0
          ],
          [
            -99.29596,
            18.77847,
            0
          ],
          [
            -99.2963,
            18.77837,
            0
          ],
          [
            -99.29659,
            18.77827,
            0
          ],
          [
            -99.29676,
            18.77821,
            0
          ],
          [
            -99.29685,
            18.77818,
            0
          ],
          [
            -99.29699,
            18.77815,
            0
          ],
          [
            -99.2972,
            18.77811,
            0
          ],
          [
            -99.29729,
            18.7781,
            0
          ],
          [
            -99.29738,
            18.77809,
            0
          ],
          [
            -99.29755,
            18.77809,
            0
          ],
          [
            -99.29778,
            18.77811,
            0
          ],
          [
            -99.29804,
            18.77813,
            0
          ],
          [
            -99.29856,
            18.77817,
            0
          ],
          [
            -99.29925,
            18.77823,
            0
          ],
          [
            -99.29953,
            18.77826,
            0
          ],
          [
            -99.29981,
            18.77829,
            0
          ],
          [
            -99.29999,
            18.77831,
            0
          ],
          [
            -99.30004,
            18.77832,
            0
          ],
          [
            -99.30019,
            18.77838,
            0
          ],
          [
            -99.30026,
            18.77842,
            0
          ],
          [
            -99.30035,
            18.77847,
            0
          ],
          [
            -99.30047,
            18.77858,
            0
          ],
          [
            -99.30054,
            18.77866,
            0
          ],
          [
            -99.30059,
            18.77874,
            0
          ],
          [
            -99.30063,
            18.77884,
            0
          ],
          [
            -99.30066,
            18.77894,
            0
          ],
          [
            -99.30066,
            18.77895,
            0
          ],
          [
            -99.30069,
            18.77933,
            0
          ],
          [
            -99.30064,
            18.77962,
            0
          ],
          [
            -99.30056,
            18.77971,
            0
          ],
          [
            -99.30039,
            18.78043,
            0
          ],
          [
            -99.3003,
            18.78078,
            0
          ],
          [
            -99.30021,
            18.78117,
            0
          ],
          [
            -99.30013,
            18.7815,
            0
          ],
          [
            -99.30009,
            18.78165,
            0
          ],
          [
            -99.29995,
            18.78209,
            0
          ],
          [
            -99.29976,
            18.7828,
            0
          ],
          [
            -99.29951,
            18.78367,
            0
          ],
          [
            -99.29921,
            18.7847,
            0
          ],
          [
            -99.29913,
            18.78497,
            0
          ],
          [
            -99.2991,
            18.78508,
            0
          ],
          [
            -99.29888,
            18.78585,
            0
          ],
          [
            -99.29887,
            18.78587,
            0
          ],
          [
            -99.29877,
            18.78626,
            0
          ],
          [
            -99.2986,
            18.78683,
            0
          ],
          [
            -99.29847,
            18.78727,
            0
          ],
          [
            -99.29819,
            18.78821,
            0
          ],
          [
            -99.29815,
            18.78836,
            0
          ]
        ]
      },
      "properties": {
        "description": {
          "@type": "html",
          "value": "descripción: <br>OID: 1319<br>ZONA: CENTRO<br>RUTA: RUTA 3<br>ITINERARIO: AMPL. XOCHICALCO<br>DESCRIPCIO: Indicaciones de Clavellin 5, Centro, 62790 Alpuyeca, Mor., M‚xico a Las Ruinas de Xochicalco, Xochicalco, Mor., M‚xico<br>AUTO-AMPL: AMPLIACION<br>DEFIN-PROV: DEFINITIVOS<br>DURACION: DEFINITIVA<br>FOLIO: SG/DGT/SDP/3762/X/2012"
        },
        "styleUrl": "#line-E65100-1200",
        "stroke-opacity": 1,
        "stroke": "#e65100",
        "stroke-width": 1.2,
        "descripción": "",
        "OID": "1319",
        "ZONA": "CENTRO",
        "RUTA": "RUTA 3",
        "ITINERARIO": "AMPL. XOCHICALCO",
        "DESCRIPCIO": "Indicaciones de Clavellin 5, Centro, 62790 Alpuyeca, Mor., M‚xico a Las Ruinas de Xochicalco, Xochicalco, Mor., M‚xico",
        "AUTO-AMPL": "AMPLIACION",
        "DEFIN-PROV": "DEFINITIVOS",
        "DURACION": "DEFINITIVA",
        "FOLIO": "SG/DGT/SDP/3762/X/2012"
      }
    }
  ]
}