{
  "type": "FeatureCollection",
  "features": [
    {
      "type": "Feature",
      "geometry": {
        "type": "LineString",
        "coordinates": [
          [
            -99.23131,
            18.89173,
            0
          ],
          [
            -99.23068,
            18.89182,
            0
          ],
          [
            -99.23054,
            18.89184,
            0
          ],
          [
            -99.2304,
            18.89186,
            0
          ],
          [
            -99.22985,
            18.89197,
            0
          ],
          [
            -99.22958,
            18.892,
            0
          ],
          [
            -99.22936,
            18.89202,
            0
          ],
          [
            -99.22936,
            18.89218,
            0
          ],
          [
            -99.22936,
            18.89243,
            0
          ],
          [
            -99.22936,
            18.89258,
            0
          ],
          [
            -99.22938,
            18.89296,
            0
          ],
          [
            -99.22938,
            18.89299,
            0
          ],
          [
            -99.2294,
            18.89319,
            0
          ],
          [
            -99.22942,
            18.89335,
            0
          ],
          [
            -99.22943,
            18.89348,
            0
          ],
          [
            -99.22901,
            18.8936,
            0
          ],
          [
            -99.22865,
            18.8937,
            0
          ],
          [
            -99.22847,
            18.89375,
            0
          ],
          [
            -99.22851,
            18.89385,
            0
          ],
          [
            -99.22866,
            18.89419,
            0
          ],
          [
            -99.22883,
            18.89459,
            0
          ],
          [
            -99.2291,
            18.89518,
            0
          ],
          [
            -99.22911,
            18.89519,
            0
          ],
          [
            -99.2294,
            18.89582,
            0
          ],
          [
            -99.22955,
            18.89614,
            0
          ],
          [
            -99.22983,
            18.89672,
            0
          ],
          [
            -99.23004,
            18.89718,
            0
          ],
          [
            -99.23008,
            18.89726,
            0
          ],
          [
            -99.23019,
            18.89751,
            0
          ],
          [
            -99.23033,
            18.89782,
            0
          ],
          [
            -99.23056,
            18.89847,
            0
          ],
          [
            -99.23088,
            18.89942,
            0
          ],
          [
            -99.23105,
            18.89993,
            0
          ],
          [
            -99.23119,
            18.90043,
            0
          ],
          [
            -99.23133,
            18.90094,
            0
          ],
          [
            -99.23141,
            18.90127,
            0
          ],
          [
            -99.23143,
            18.90147,
            0
          ],
          [
            -99.23147,
            18.90192,
            0
          ],
          [
            -99.23154,
            18.90289,
            0
          ],
          [
            -99.23158,
            18.90329,
            0
          ],
          [
            -99.23161,
            18.90364,
            0
          ],
          [
            -99.23163,
            18.90386,
            0
          ],
          [
            -99.23168,
            18.90438,
            0
          ],
          [
            -99.23177,
            18.90501,
            0
          ],
          [
            -99.23187,
            18.90573,
            0
          ],
          [
            -99.23192,
            18.90597,
            0
          ],
          [
            -99.23193,
            18.90601,
            0
          ],
          [
            -99.23197,
            18.90626,
            0
          ],
          [
            -99.23202,
            18.90657,
            0
          ],
          [
            -99.23204,
            18.90666,
            0
          ],
          [
            -99.23206,
            18.90672,
            0
          ],
          [
            -99.23208,
            18.90682,
            0
          ],
          [
            -99.23219,
            18.90703,
            0
          ],
          [
            -99.23227,
            18.9072,
            0
          ],
          [
            -99.23247,
            18.90757,
            0
          ],
          [
            -99.23263,
            18.90787,
            0
          ],
          [
            -99.23316,
            18.90877,
            0
          ],
          [
            -99.23356,
            18.90944,
            0
          ],
          [
            -99.23385,
            18.90996,
            0
          ],
          [
            -99.23399,
            18.9102,
            0
          ],
          [
            -99.23402,
            18.91025,
            0
          ],
          [
            -99.23412,
            18.91042,
            0
          ],
          [
            -99.23418,
            18.91053,
            0
          ],
          [
            -99.23458,
            18.91121,
            0
          ],
          [
            -99.23511,
            18.91213,
            0
          ],
          [
            -99.23561,
            18.91299,
            0
          ],
          [
            -99.23593,
            18.91376,
            0
          ],
          [
            -99.23613,
            18.91422,
            0
          ],
          [
            -99.2365,
            18.91495,
            0
          ],
          [
            -99.23684,
            18.91568,
            0
          ],
          [
            -99.23701,
            18.91604,
            0
          ],
          [
            -99.23705,
            18.91626,
            0
          ],
          [
            -99.23709,
            18.91654,
            0
          ],
          [
            -99.2371,
            18.91656,
            0
          ],
          [
            -99.23712,
            18.91707,
            0
          ],
          [
            -99.23715,
            18.91724,
            0
          ],
          [
            -99.23722,
            18.91801,
            0
          ],
          [
            -99.23727,
            18.91875,
            0
          ],
          [
            -99.23727,
            18.91886,
            0
          ],
          [
            -99.23738,
            18.9196,
            0
          ],
          [
            -99.2374,
            18.91987,
            0
          ],
          [
            -99.23747,
            18.92059,
            0
          ],
          [
            -99.23755,
            18.92114,
            0
          ],
          [
            -99.2377,
            18.92204,
            0
          ],
          [
            -99.23778,
            18.9226,
            0
          ],
          [
            -99.23787,
            18.92328,
            0
          ],
          [
            -99.2379,
            18.92352,
            0
          ],
          [
            -99.23794,
            18.92386,
            0
          ],
          [
            -99.23801,
            18.92446,
            0
          ],
          [
            -99.23804,
            18.92465,
            0
          ],
          [
            -99.23811,
            18.92508,
            0
          ],
          [
            -99.23812,
            18.92514,
            0
          ],
          [
            -99.23814,
            18.9253,
            0
          ],
          [
            -99.23819,
            18.92564,
            0
          ],
          [
            -99.23822,
            18.92583,
            0
          ],
          [
            -99.23825,
            18.926,
            0
          ],
          [
            -99.23829,
            18.92632,
            0
          ],
          [
            -99.23833,
            18.9266,
            0
          ],
          [
            -99.23835,
            18.92685,
            0
          ],
          [
            -99.23836,
            18.92719,
            0
          ],
          [
            -99.23839,
            18.92748,
            0
          ],
          [
            -99.23858,
            18.92875,
            0
          ],
          [
            -99.23865,
            18.92912,
            0
          ],
          [
            -99.23865,
            18.92914,
            0
          ],
          [
            -99.2387,
            18.92932,
            0
          ],
          [
            -99.23899,
            18.93029,
            0
          ],
          [
            -99.23907,
            18.93071,
            0
          ],
          [
            -99.23926,
            18.93152,
            0
          ],
          [
            -99.23941,
            18.93205,
            0
          ],
          [
            -99.23946,
            18.93235,
            0
          ],
          [
            -99.23963,
            18.93308,
            0
          ],
          [
            -99.23965,
            18.9334,
            0
          ],
          [
            -99.23971,
            18.93424,
            0
          ],
          [
            -99.23975,
            18.93475,
            0
          ],
          [
            -99.23978,
            18.93498,
            0
          ],
          [
            -99.23982,
            18.93519,
            0
          ],
          [
            -99.23989,
            18.93543,
            0
          ],
          [
            -99.23993,
            18.93565,
            0
          ],
          [
            -99.24003,
            18.9361,
            0
          ],
          [
            -99.24018,
            18.93678,
            0
          ],
          [
            -99.2402,
            18.93694,
            0
          ],
          [
            -99.24024,
            18.93711,
            0
          ],
          [
            -99.24029,
            18.93727,
            0
          ],
          [
            -99.24036,
            18.93755,
            0
          ],
          [
            -99.24041,
            18.93768,
            0
          ],
          [
            -99.24046,
            18.93781,
            0
          ],
          [
            -99.2405,
            18.93789,
            0
          ],
          [
            -99.24066,
            18.93829,
            0
          ],
          [
            -99.24097,
            18.93907,
            0
          ],
          [
            -99.24123,
            18.93982,
            0
          ],
          [
            -99.24143,
            18.94026,
            0
          ],
          [
            -99.24179,
            18.94199,
            0
          ],
          [
            -99.24186,
            18.94226,
            0
          ],
          [
            -99.24196,
            18.94264,
            0
          ],
          [
            -99.24202,
            18.94279,
            0
          ],
          [
            -99.2421,
            18.94296,
            0
          ],
          [
            -99.24233,
            18.9434,
            0
          ],
          [
            -99.24249,
            18.94369,
            0
          ],
          [
            -99.24296,
            18.94485,
            0
          ],
          [
            -99.24318,
            18.94543,
            0
          ],
          [
            -99.24336,
            18.94591,
            0
          ],
          [
            -99.24349,
            18.94625,
            0
          ],
          [
            -99.24357,
            18.94645,
            0
          ],
          [
            -99.24361,
            18.94656,
            0
          ],
          [
            -99.24372,
            18.94683,
            0
          ],
          [
            -99.24396,
            18.94752,
            0
          ],
          [
            -99.244,
            18.94766,
            0
          ],
          [
            -99.24416,
            18.94812,
            0
          ],
          [
            -99.24436,
            18.94875,
            0
          ],
          [
            -99.24445,
            18.94911,
            0
          ],
          [
            -99.24454,
            18.94955,
            0
          ],
          [
            -99.24463,
            18.94985,
            0
          ],
          [
            -99.24464,
            18.94993,
            0
          ],
          [
            -99.24464,
            18.94998,
            0
          ],
          [
            -99.24463,
            18.95008,
            0
          ],
          [
            -99.24462,
            18.95009,
            0
          ],
          [
            -99.24461,
            18.9501,
            0
          ],
          [
            -99.24461,
            18.95011,
            0
          ],
          [
            -99.2446,
            18.95012,
            0
          ],
          [
            -99.2446,
            18.95013,
            0
          ],
          [
            -99.2446,
            18.95014,
            0
          ],
          [
            -99.2446,
            18.95015,
            0
          ],
          [
            -99.2446,
            18.95016,
            0
          ],
          [
            -99.2446,
            18.95017,
            0
          ],
          [
            -99.2446,
            18.95018,
            0
          ],
          [
            -99.2446,
            18.95019,
            0
          ],
          [
            -99.24461,
            18.95019,
            0
          ],
          [
            -99.24461,
            18.9502,
            0
          ],
          [
            -99.24461,
            18.95021,
            0
          ],
          [
            -99.24462,
            18.95022,
            0
          ],
          [
            -99.24463,
            18.95023,
            0
          ],
          [
            -99.24463,
            18.95024,
            0
          ],
          [
            -99.24464,
            18.95024,
            0
          ],
          [
            -99.24464,
            18.95025,
            0
          ],
          [
            -99.24465,
            18.95025,
            0
          ],
          [
            -99.24465,
            18.95026,
            0
          ],
          [
            -99.24466,
            18.95026,
            0
          ],
          [
            -99.24467,
            18.95027,
            0
          ],
          [
            -99.24468,
            18.95027,
            0
          ],
          [
            -99.24469,
            18.95027,
            0
          ],
          [
            -99.24476,
            18.95074,
            0
          ],
          [
            -99.24483,
            18.95128,
            0
          ],
          [
            -99.24484,
            18.95131,
            0
          ],
          [
            -99.24491,
            18.95185,
            0
          ],
          [
            -99.24498,
            18.9523,
            0
          ],
          [
            -99.24499,
            18.95235,
            0
          ],
          [
            -99.24504,
            18.95274,
            0
          ],
          [
            -99.24507,
            18.95289,
            0
          ],
          [
            -99.24512,
            18.95326,
            0
          ],
          [
            -99.2452,
            18.95385,
            0
          ],
          [
            -99.24521,
            18.95395,
            0
          ],
          [
            -99.24531,
            18.95463,
            0
          ],
          [
            -99.24535,
            18.95493,
            0
          ],
          [
            -99.24539,
            18.95515,
            0
          ],
          [
            -99.2454,
            18.95522,
            0
          ],
          [
            -99.24541,
            18.95529,
            0
          ],
          [
            -99.24544,
            18.95555,
            0
          ],
          [
            -99.24549,
            18.95598,
            0
          ],
          [
            -99.24555,
            18.95641,
            0
          ],
          [
            -99.24556,
            18.95651,
            0
          ],
          [
            -99.24571,
            18.95756,
            0
          ],
          [
            -99.24575,
            18.95785,
            0
          ],
          [
            -99.24587,
            18.95862,
            0
          ],
          [
            -99.24594,
            18.95907,
            0
          ],
          [
            -99.24606,
            18.95994,
            0
          ],
          [
            -99.24608,
            18.96011,
            0
          ],
          [
            -99.24611,
            18.96026,
            0
          ],
          [
            -99.24632,
            18.96162,
            0
          ],
          [
            -99.24635,
            18.9618,
            0
          ],
          [
            -99.24636,
            18.96187,
            0
          ],
          [
            -99.24651,
            18.96293,
            0
          ],
          [
            -99.24654,
            18.96326,
            0
          ],
          [
            -99.24655,
            18.96347,
            0
          ],
          [
            -99.24657,
            18.96358,
            0
          ],
          [
            -99.24673,
            18.9648,
            0
          ],
          [
            -99.24674,
            18.96509,
            0
          ],
          [
            -99.24672,
            18.96509,
            0
          ],
          [
            -99.24671,
            18.9651,
            0
          ],
          [
            -99.24669,
            18.96511,
            0
          ],
          [
            -99.24668,
            18.96512,
            0
          ],
          [
            -99.24667,
            18.96513,
            0
          ],
          [
            -99.24666,
            18.96514,
            0
          ],
          [
            -99.24665,
            18.96515,
            0
          ],
          [
            -99.24664,
            18.96516,
            0
          ],
          [
            -99.24664,
            18.96517,
            0
          ],
          [
            -99.24663,
            18.96518,
            0
          ],
          [
            -99.24663,
            18.9652,
            0
          ],
          [
            -99.24662,
            18.96521,
            0
          ],
          [
            -99.24662,
            18.96522,
            0
          ],
          [
            -99.24662,
            18.96524,
            0
          ],
          [
            -99.24662,
            18.96525,
            0
          ],
          [
            -99.24662,
            18.96528,
            0
          ],
          [
            -99.24662,
            18.96529,
            0
          ],
          [
            -99.24663,
            18.9653,
            0
          ],
          [
            -99.24663,
            18.96532,
            0
          ],
          [
            -99.24664,
            18.96533,
            0
          ],
          [
            -99.24664,
            18.96534,
            0
          ],
          [
            -99.24665,
            18.96535,
            0
          ],
          [
            -99.24666,
            18.96536,
            0
          ],
          [
            -99.24667,
            18.96538,
            0
          ],
          [
            -99.24668,
            18.96538,
            0
          ],
          [
            -99.24669,
            18.96539,
            0
          ],
          [
            -99.24671,
            18.9654,
            0
          ],
          [
            -99.24671,
            18.96541,
            0
          ],
          [
            -99.24673,
            18.96541,
            0
          ],
          [
            -99.24674,
            18.96542,
            0
          ],
          [
            -99.24675,
            18.96542,
            0
          ],
          [
            -99.24676,
            18.96542,
            0
          ],
          [
            -99.24678,
            18.96543,
            0
          ],
          [
            -99.24679,
            18.96543,
            0
          ],
          [
            -99.2468,
            18.96543,
            0
          ],
          [
            -99.24681,
            18.96543,
            0
          ],
          [
            -99.24684,
            18.96542,
            0
          ],
          [
            -99.24685,
            18.96542,
            0
          ],
          [
            -99.24687,
            18.96542,
            0
          ],
          [
            -99.24688,
            18.96541,
            0
          ],
          [
            -99.24689,
            18.96541,
            0
          ],
          [
            -99.2469,
            18.9654,
            0
          ],
          [
            -99.24692,
            18.96539,
            0
          ],
          [
            -99.24693,
            18.96538,
            0
          ],
          [
            -99.24694,
            18.96537,
            0
          ],
          [
            -99.24695,
            18.96536,
            0
          ],
          [
            -99.24695,
            18.96535,
            0
          ],
          [
            -99.24696,
            18.96534,
            0
          ],
          [
            -99.24697,
            18.96533,
            0
          ],
          [
            -99.24698,
            18.96532,
            0
          ],
          [
            -99.24698,
            18.96531,
            0
          ],
          [
            -99.24698,
            18.96529,
            0
          ],
          [
            -99.24699,
            18.96528,
            0
          ],
          [
            -99.24699,
            18.96527,
            0
          ],
          [
            -99.24699,
            18.96526,
            0
          ],
          [
            -99.24702,
            18.96524,
            0
          ],
          [
            -99.24706,
            18.96522,
            0
          ],
          [
            -99.2471,
            18.96521,
            0
          ],
          [
            -99.2472,
            18.96519,
            0
          ],
          [
            -99.24729,
            18.96518,
            0
          ],
          [
            -99.24749,
            18.96515,
            0
          ],
          [
            -99.24816,
            18.96504,
            0
          ],
          [
            -99.24824,
            18.96502,
            0
          ],
          [
            -99.24828,
            18.96498,
            0
          ],
          [
            -99.24858,
            18.96492,
            0
          ],
          [
            -99.24866,
            18.9649,
            0
          ],
          [
            -99.24869,
            18.96489,
            0
          ],
          [
            -99.24872,
            18.96488,
            0
          ],
          [
            -99.24874,
            18.96487,
            0
          ],
          [
            -99.24878,
            18.96482,
            0
          ],
          [
            -99.24888,
            18.96439,
            0
          ],
          [
            -99.24889,
            18.96431,
            0
          ],
          [
            -99.24894,
            18.96405,
            0
          ],
          [
            -99.24902,
            18.96396,
            0
          ],
          [
            -99.24907,
            18.96392,
            0
          ],
          [
            -99.24909,
            18.9639,
            0
          ],
          [
            -99.24916,
            18.96387,
            0
          ],
          [
            -99.24925,
            18.96382,
            0
          ],
          [
            -99.25089,
            18.96335,
            0
          ],
          [
            -99.25142,
            18.96322,
            0
          ],
          [
            -99.2519,
            18.96307,
            0
          ],
          [
            -99.25197,
            18.96305,
            0
          ],
          [
            -99.25212,
            18.96301,
            0
          ],
          [
            -99.25226,
            18.96299,
            0
          ],
          [
            -99.25237,
            18.96299,
            0
          ],
          [
            -99.25247,
            18.963,
            0
          ],
          [
            -99.25259,
            18.96301,
            0
          ],
          [
            -99.25272,
            18.96305,
            0
          ],
          [
            -99.25279,
            18.96308,
            0
          ],
          [
            -99.25289,
            18.96314,
            0
          ],
          [
            -99.25291,
            18.96314,
            0
          ],
          [
            -99.25302,
            18.96321,
            0
          ],
          [
            -99.2532,
            18.96334,
            0
          ],
          [
            -99.25361,
            18.96314,
            0
          ],
          [
            -99.25399,
            18.96299,
            0
          ],
          [
            -99.25401,
            18.96298,
            0
          ],
          [
            -99.25407,
            18.96295,
            0
          ],
          [
            -99.2541,
            18.96293,
            0
          ],
          [
            -99.25414,
            18.9629,
            0
          ],
          [
            -99.25419,
            18.96285,
            0
          ],
          [
            -99.25423,
            18.96281,
            0
          ],
          [
            -99.25425,
            18.96276,
            0
          ],
          [
            -99.25429,
            18.96265,
            0
          ],
          [
            -99.25441,
            18.96228,
            0
          ],
          [
            -99.25443,
            18.96221,
            0
          ],
          [
            -99.25444,
            18.96212,
            0
          ],
          [
            -99.25445,
            18.96205,
            0
          ],
          [
            -99.25444,
            18.96197,
            0
          ],
          [
            -99.25441,
            18.96189,
            0
          ],
          [
            -99.25438,
            18.96182,
            0
          ],
          [
            -99.25433,
            18.96174,
            0
          ],
          [
            -99.25427,
            18.96166,
            0
          ],
          [
            -99.25426,
            18.96165,
            0
          ],
          [
            -99.25418,
            18.96156,
            0
          ],
          [
            -99.2541,
            18.96147,
            0
          ],
          [
            -99.25405,
            18.96137,
            0
          ],
          [
            -99.254,
            18.96126,
            0
          ],
          [
            -99.25397,
            18.96119,
            0
          ],
          [
            -99.25395,
            18.96111,
            0
          ],
          [
            -99.25393,
            18.96101,
            0
          ],
          [
            -99.25392,
            18.96083,
            0
          ],
          [
            -99.25449,
            18.96083,
            0
          ],
          [
            -99.25481,
            18.96083,
            0
          ],
          [
            -99.25488,
            18.96155,
            0
          ],
          [
            -99.25489,
            18.96165,
            0
          ],
          [
            -99.25565,
            18.96164,
            0
          ],
          [
            -99.25581,
            18.96164,
            0
          ],
          [
            -99.25585,
            18.96176,
            0
          ],
          [
            -99.25587,
            18.9618,
            0
          ],
          [
            -99.2559,
            18.96187,
            0
          ],
          [
            -99.25596,
            18.96204,
            0
          ],
          [
            -99.25603,
            18.96214,
            0
          ],
          [
            -99.25625,
            18.96238,
            0
          ],
          [
            -99.25643,
            18.9626,
            0
          ],
          [
            -99.25657,
            18.96285,
            0
          ],
          [
            -99.25661,
            18.9629,
            0
          ],
          [
            -99.25665,
            18.96294,
            0
          ],
          [
            -99.25667,
            18.96296,
            0
          ],
          [
            -99.25671,
            18.96298,
            0
          ],
          [
            -99.25682,
            18.96303,
            0
          ],
          [
            -99.25752,
            18.96337,
            0
          ],
          [
            -99.25769,
            18.96345,
            0
          ],
          [
            -99.25812,
            18.96367,
            0
          ],
          [
            -99.25837,
            18.96378,
            0
          ],
          [
            -99.25844,
            18.96381,
            0
          ],
          [
            -99.25862,
            18.9639,
            0
          ],
          [
            -99.2588,
            18.96396,
            0
          ],
          [
            -99.25902,
            18.96405,
            0
          ],
          [
            -99.25923,
            18.96416,
            0
          ],
          [
            -99.25935,
            18.96422,
            0
          ],
          [
            -99.25944,
            18.96427,
            0
          ],
          [
            -99.25963,
            18.9644,
            0
          ],
          [
            -99.25982,
            18.96455,
            0
          ],
          [
            -99.26009,
            18.96478,
            0
          ],
          [
            -99.26024,
            18.96493,
            0
          ],
          [
            -99.26036,
            18.96503,
            0
          ],
          [
            -99.26057,
            18.96528,
            0
          ],
          [
            -99.26065,
            18.96538,
            0
          ],
          [
            -99.26096,
            18.96582,
            0
          ],
          [
            -99.26125,
            18.96621,
            0
          ],
          [
            -99.26139,
            18.96642,
            0
          ],
          [
            -99.26158,
            18.96669,
            0
          ],
          [
            -99.2617,
            18.96684,
            0
          ],
          [
            -99.26192,
            18.9671,
            0
          ],
          [
            -99.26209,
            18.96728,
            0
          ],
          [
            -99.26224,
            18.9674,
            0
          ],
          [
            -99.26228,
            18.96743,
            0
          ],
          [
            -99.26232,
            18.96746,
            0
          ],
          [
            -99.26241,
            18.96751,
            0
          ],
          [
            -99.26248,
            18.96754,
            0
          ],
          [
            -99.2627,
            18.96744,
            0
          ],
          [
            -99.26282,
            18.9674,
            0
          ],
          [
            -99.26292,
            18.96737,
            0
          ],
          [
            -99.26297,
            18.96736,
            0
          ],
          [
            -99.26303,
            18.96735,
            0
          ],
          [
            -99.26333,
            18.96733,
            0
          ],
          [
            -99.26335,
            18.96733,
            0
          ]
        ]
      },
      "properties": {
        "description": {
          "@type": "html",
          "value": "descripción: <br>OID: 711<br>ZONA: CENTRO<br>RUTA: RUTA 3<br>ITINERARIO: 3.- TETELA DEL MONTE - MINA 5 TETELA DEL MONTE<br>DESCRIPCIO: Indicaciones de Emiliano Zapata 3, Amp Chipitlan, 62070 Cuernavaca, Mor., M‚xico a De La Cruz 53, Real Tetela, 62158 Cuernavaca, Mor., M‚xico<br>AUTO-AMPL: ITINERARIO<br>DEFIN-PROV: DEFINITIVOS<br>DURACION: DEFINITIVA<br>FOLIO: SGG/DGT/SDP/000528/1997"
        },
        "styleUrl": "#line-9C27B0-1200",
        "stroke-opacity": 1,
        "stroke": "#9c27b0",
        "stroke-width": 1.2,
        "descripción": "",
        "OID": "711",
        "ZONA": "CENTRO",
        "RUTA": "RUTA 3",
        "ITINERARIO": "3.- TETELA DEL MONTE - MINA 5 TETELA DEL MONTE",
        "DESCRIPCIO": "Indicaciones de Emiliano Zapata 3, Amp Chipitlan, 62070 Cuernavaca, Mor., M‚xico a De La Cruz 53, Real Tetela, 62158 Cuernavaca, Mor., M‚xico",
        "AUTO-AMPL": "ITINERARIO",
        "DEFIN-PROV": "DEFINITIVOS",
        "DURACION": "DEFINITIVA",
        "FOLIO": "SGG/DGT/SDP/000528/1997"
      }
    },
    {
      "type": "Feature",
      "geometry": {
        "type": "LineString",
        "coordinates": [
          [
            -99.26304,
            18.96735,
            0
          ],
          [
            -99.26303,
            18.96735,
            0
          ],
          [
            -99.26297,
            18.96736,
            0
          ],
          [
            -99.26292,
            18.96737,
            0
          ],
          [
            -99.26282,
            18.9674,
            0
          ],
          [
            -99.2627,
            18.96744,
            0
          ],
          [
            -99.26248,
            18.96754,
            0
          ],
          [
            -99.26241,
            18.96751,
            0
          ],
          [
            -99.26232,
            18.96746,
            0
          ],
          [
            -99.26228,
            18.96743,
            0
          ],
          [
            -99.26224,
            18.9674,
            0
          ],
          [
            -99.26209,
            18.96728,
            0
          ],
          [
            -99.26192,
            18.9671,
            0
          ],
          [
            -99.2617,
            18.96684,
            0
          ],
          [
            -99.26158,
            18.96669,
            0
          ],
          [
            -99.26139,
            18.96642,
            0
          ],
          [
            -99.26125,
            18.96621,
            0
          ],
          [
            -99.26096,
            18.96582,
            0
          ],
          [
            -99.26065,
            18.96538,
            0
          ],
          [
            -99.26057,
            18.96528,
            0
          ],
          [
            -99.26036,
            18.96503,
            0
          ],
          [
            -99.26024,
            18.96493,
            0
          ],
          [
            -99.26009,
            18.96478,
            0
          ],
          [
            -99.25982,
            18.96455,
            0
          ],
          [
            -99.25963,
            18.9644,
            0
          ],
          [
            -99.25944,
            18.96427,
            0
          ],
          [
            -99.25935,
            18.96422,
            0
          ],
          [
            -99.25923,
            18.96416,
            0
          ],
          [
            -99.25902,
            18.96405,
            0
          ],
          [
            -99.2588,
            18.96396,
            0
          ],
          [
            -99.25862,
            18.9639,
            0
          ],
          [
            -99.25844,
            18.96381,
            0
          ],
          [
            -99.25837,
            18.96378,
            0
          ],
          [
            -99.25812,
            18.96367,
            0
          ],
          [
            -99.25769,
            18.96345,
            0
          ],
          [
            -99.25752,
            18.96337,
            0
          ],
          [
            -99.25682,
            18.96303,
            0
          ],
          [
            -99.25671,
            18.96298,
            0
          ],
          [
            -99.25667,
            18.96296,
            0
          ],
          [
            -99.25665,
            18.96294,
            0
          ],
          [
            -99.25661,
            18.9629,
            0
          ],
          [
            -99.25657,
            18.96285,
            0
          ],
          [
            -99.25643,
            18.9626,
            0
          ],
          [
            -99.25625,
            18.96238,
            0
          ],
          [
            -99.25603,
            18.96214,
            0
          ],
          [
            -99.25596,
            18.96204,
            0
          ],
          [
            -99.2559,
            18.96187,
            0
          ],
          [
            -99.25587,
            18.9618,
            0
          ],
          [
            -99.25585,
            18.96176,
            0
          ],
          [
            -99.25581,
            18.96164,
            0
          ],
          [
            -99.25579,
            18.96149,
            0
          ],
          [
            -99.25574,
            18.96096,
            0
          ],
          [
            -99.25574,
            18.96082,
            0
          ],
          [
            -99.25558,
            18.96082,
            0
          ],
          [
            -99.25481,
            18.96083,
            0
          ],
          [
            -99.25449,
            18.96083,
            0
          ],
          [
            -99.25392,
            18.96083,
            0
          ],
          [
            -99.25393,
            18.96101,
            0
          ],
          [
            -99.25395,
            18.96111,
            0
          ],
          [
            -99.25397,
            18.96119,
            0
          ],
          [
            -99.254,
            18.96126,
            0
          ],
          [
            -99.25405,
            18.96137,
            0
          ],
          [
            -99.2541,
            18.96147,
            0
          ],
          [
            -99.25418,
            18.96156,
            0
          ],
          [
            -99.25426,
            18.96165,
            0
          ],
          [
            -99.25427,
            18.96166,
            0
          ],
          [
            -99.25433,
            18.96174,
            0
          ],
          [
            -99.25438,
            18.96182,
            0
          ],
          [
            -99.25441,
            18.96189,
            0
          ],
          [
            -99.25444,
            18.96197,
            0
          ],
          [
            -99.25445,
            18.96205,
            0
          ],
          [
            -99.25444,
            18.96212,
            0
          ],
          [
            -99.25443,
            18.96221,
            0
          ],
          [
            -99.25441,
            18.96228,
            0
          ],
          [
            -99.25429,
            18.96265,
            0
          ],
          [
            -99.25425,
            18.96276,
            0
          ],
          [
            -99.25423,
            18.96281,
            0
          ],
          [
            -99.25419,
            18.96285,
            0
          ],
          [
            -99.25414,
            18.9629,
            0
          ],
          [
            -99.2541,
            18.96293,
            0
          ],
          [
            -99.25407,
            18.96295,
            0
          ],
          [
            -99.25401,
            18.96298,
            0
          ],
          [
            -99.25399,
            18.96299,
            0
          ],
          [
            -99.25361,
            18.96314,
            0
          ],
          [
            -99.2532,
            18.96334,
            0
          ],
          [
            -99.25302,
            18.96321,
            0
          ],
          [
            -99.25291,
            18.96314,
            0
          ],
          [
            -99.25289,
            18.96314,
            0
          ],
          [
            -99.25279,
            18.96308,
            0
          ],
          [
            -99.25272,
            18.96305,
            0
          ],
          [
            -99.25259,
            18.96301,
            0
          ],
          [
            -99.25247,
            18.963,
            0
          ],
          [
            -99.25237,
            18.96299,
            0
          ],
          [
            -99.25226,
            18.96299,
            0
          ],
          [
            -99.25212,
            18.96301,
            0
          ],
          [
            -99.25197,
            18.96305,
            0
          ],
          [
            -99.2519,
            18.96307,
            0
          ],
          [
            -99.25142,
            18.96322,
            0
          ],
          [
            -99.25089,
            18.96335,
            0
          ],
          [
            -99.24925,
            18.96382,
            0
          ],
          [
            -99.24916,
            18.96387,
            0
          ],
          [
            -99.24909,
            18.9639,
            0
          ],
          [
            -99.24907,
            18.96392,
            0
          ],
          [
            -99.24902,
            18.96396,
            0
          ],
          [
            -99.24894,
            18.96405,
            0
          ],
          [
            -99.24889,
            18.96431,
            0
          ],
          [
            -99.24888,
            18.96439,
            0
          ],
          [
            -99.24878,
            18.96482,
            0
          ],
          [
            -99.24874,
            18.96487,
            0
          ],
          [
            -99.24872,
            18.96488,
            0
          ],
          [
            -99.24869,
            18.96489,
            0
          ],
          [
            -99.24866,
            18.9649,
            0
          ],
          [
            -99.24858,
            18.96492,
            0
          ],
          [
            -99.24828,
            18.96498,
            0
          ],
          [
            -99.24823,
            18.96496,
            0
          ],
          [
            -99.24817,
            18.96497,
            0
          ],
          [
            -99.24792,
            18.96501,
            0
          ],
          [
            -99.24733,
            18.96512,
            0
          ],
          [
            -99.24721,
            18.96513,
            0
          ],
          [
            -99.24714,
            18.96514,
            0
          ],
          [
            -99.24707,
            18.96514,
            0
          ],
          [
            -99.24695,
            18.96514,
            0
          ],
          [
            -99.24694,
            18.96513,
            0
          ],
          [
            -99.24693,
            18.96512,
            0
          ],
          [
            -99.24692,
            18.96512,
            0
          ],
          [
            -99.24691,
            18.96511,
            0
          ],
          [
            -99.2469,
            18.9651,
            0
          ],
          [
            -99.24689,
            18.9651,
            0
          ],
          [
            -99.24688,
            18.96509,
            0
          ],
          [
            -99.24687,
            18.96509,
            0
          ],
          [
            -99.24689,
            18.96506,
            0
          ],
          [
            -99.2469,
            18.96504,
            0
          ],
          [
            -99.24691,
            18.96502,
            0
          ],
          [
            -99.24691,
            18.965,
            0
          ],
          [
            -99.24692,
            18.96499,
            0
          ],
          [
            -99.24692,
            18.96497,
            0
          ],
          [
            -99.24692,
            18.96496,
            0
          ],
          [
            -99.24692,
            18.96495,
            0
          ],
          [
            -99.24691,
            18.96492,
            0
          ],
          [
            -99.24687,
            18.96472,
            0
          ],
          [
            -99.24677,
            18.9641,
            0
          ],
          [
            -99.24667,
            18.96338,
            0
          ],
          [
            -99.24665,
            18.96323,
            0
          ],
          [
            -99.24662,
            18.9631,
            0
          ],
          [
            -99.2466,
            18.96297,
            0
          ],
          [
            -99.24642,
            18.96187,
            0
          ],
          [
            -99.2464,
            18.96173,
            0
          ],
          [
            -99.24639,
            18.96164,
            0
          ],
          [
            -99.24638,
            18.96161,
            0
          ],
          [
            -99.24635,
            18.96142,
            0
          ],
          [
            -99.24631,
            18.96118,
            0
          ],
          [
            -99.24623,
            18.96066,
            0
          ],
          [
            -99.24617,
            18.96024,
            0
          ],
          [
            -99.24601,
            18.95906,
            0
          ],
          [
            -99.246,
            18.95899,
            0
          ],
          [
            -99.24593,
            18.9586,
            0
          ],
          [
            -99.24583,
            18.95784,
            0
          ],
          [
            -99.24579,
            18.95755,
            0
          ],
          [
            -99.24564,
            18.95653,
            0
          ],
          [
            -99.24564,
            18.9565,
            0
          ],
          [
            -99.24563,
            18.9564,
            0
          ],
          [
            -99.24561,
            18.95628,
            0
          ],
          [
            -99.24558,
            18.95597,
            0
          ],
          [
            -99.24542,
            18.95492,
            0
          ],
          [
            -99.24539,
            18.95462,
            0
          ],
          [
            -99.24528,
            18.95384,
            0
          ],
          [
            -99.24519,
            18.95324,
            0
          ],
          [
            -99.24512,
            18.95273,
            0
          ],
          [
            -99.24509,
            18.95249,
            0
          ],
          [
            -99.24507,
            18.95235,
            0
          ],
          [
            -99.24506,
            18.95228,
            0
          ],
          [
            -99.24492,
            18.95131,
            0
          ],
          [
            -99.24486,
            18.95075,
            0
          ],
          [
            -99.24479,
            18.95026,
            0
          ],
          [
            -99.2448,
            18.95025,
            0
          ],
          [
            -99.24481,
            18.95025,
            0
          ],
          [
            -99.24482,
            18.95024,
            0
          ],
          [
            -99.24482,
            18.95023,
            0
          ],
          [
            -99.24483,
            18.95023,
            0
          ],
          [
            -99.24483,
            18.95022,
            0
          ],
          [
            -99.24484,
            18.95021,
            0
          ],
          [
            -99.24484,
            18.9502,
            0
          ],
          [
            -99.24484,
            18.95019,
            0
          ],
          [
            -99.24485,
            18.95019,
            0
          ],
          [
            -99.24485,
            18.95018,
            0
          ],
          [
            -99.24485,
            18.95017,
            0
          ],
          [
            -99.24485,
            18.95016,
            0
          ],
          [
            -99.24485,
            18.95015,
            0
          ],
          [
            -99.24485,
            18.95014,
            0
          ],
          [
            -99.24485,
            18.95013,
            0
          ],
          [
            -99.24484,
            18.95013,
            0
          ],
          [
            -99.24484,
            18.95012,
            0
          ],
          [
            -99.24484,
            18.95011,
            0
          ],
          [
            -99.24483,
            18.9501,
            0
          ],
          [
            -99.24483,
            18.95009,
            0
          ],
          [
            -99.24482,
            18.95009,
            0
          ],
          [
            -99.24482,
            18.95008,
            0
          ],
          [
            -99.24481,
            18.95007,
            0
          ],
          [
            -99.2448,
            18.95007,
            0
          ],
          [
            -99.2448,
            18.95006,
            0
          ],
          [
            -99.24479,
            18.95006,
            0
          ],
          [
            -99.24478,
            18.95006,
            0
          ],
          [
            -99.24478,
            18.95005,
            0
          ],
          [
            -99.24477,
            18.95005,
            0
          ],
          [
            -99.24476,
            18.95005,
            0
          ],
          [
            -99.24475,
            18.95004,
            0
          ],
          [
            -99.24474,
            18.95004,
            0
          ],
          [
            -99.24473,
            18.9499,
            0
          ],
          [
            -99.24462,
            18.94946,
            0
          ],
          [
            -99.24454,
            18.94909,
            0
          ],
          [
            -99.24408,
            18.94764,
            0
          ],
          [
            -99.24404,
            18.9475,
            0
          ],
          [
            -99.24392,
            18.94716,
            0
          ],
          [
            -99.24372,
            18.94663,
            0
          ],
          [
            -99.24365,
            18.94644,
            0
          ],
          [
            -99.24357,
            18.94626,
            0
          ],
          [
            -99.24345,
            18.94589,
            0
          ],
          [
            -99.2431,
            18.94502,
            0
          ],
          [
            -99.24303,
            18.94483,
            0
          ],
          [
            -99.24283,
            18.94431,
            0
          ],
          [
            -99.24256,
            18.94366,
            0
          ],
          [
            -99.24242,
            18.94339,
            0
          ],
          [
            -99.24233,
            18.94324,
            0
          ],
          [
            -99.24223,
            18.94305,
            0
          ],
          [
            -99.2421,
            18.9428,
            0
          ],
          [
            -99.24202,
            18.9426,
            0
          ],
          [
            -99.24193,
            18.94224,
            0
          ],
          [
            -99.24179,
            18.94168,
            0
          ],
          [
            -99.24172,
            18.9413,
            0
          ],
          [
            -99.24153,
            18.94041,
            0
          ],
          [
            -99.24153,
            18.94031,
            0
          ],
          [
            -99.24152,
            18.94023,
            0
          ],
          [
            -99.24141,
            18.93961,
            0
          ],
          [
            -99.24137,
            18.93938,
            0
          ],
          [
            -99.24125,
            18.93895,
            0
          ],
          [
            -99.24112,
            18.93846,
            0
          ],
          [
            -99.24103,
            18.93817,
            0
          ],
          [
            -99.24096,
            18.93796,
            0
          ],
          [
            -99.24088,
            18.93767,
            0
          ],
          [
            -99.24077,
            18.9373,
            0
          ],
          [
            -99.24075,
            18.9372,
            0
          ],
          [
            -99.24071,
            18.93701,
            0
          ],
          [
            -99.24068,
            18.93678,
            0
          ],
          [
            -99.24065,
            18.93645,
            0
          ],
          [
            -99.24061,
            18.936,
            0
          ],
          [
            -99.24061,
            18.93564,
            0
          ],
          [
            -99.24061,
            18.93529,
            0
          ],
          [
            -99.24063,
            18.93475,
            0
          ],
          [
            -99.24065,
            18.93386,
            0
          ],
          [
            -99.24063,
            18.9332,
            0
          ],
          [
            -99.24061,
            18.93301,
            0
          ],
          [
            -99.24046,
            18.93265,
            0
          ],
          [
            -99.24027,
            18.93228,
            0
          ],
          [
            -99.24013,
            18.93199,
            0
          ],
          [
            -99.24008,
            18.93187,
            0
          ],
          [
            -99.24006,
            18.93179,
            0
          ],
          [
            -99.24005,
            18.93169,
            0
          ],
          [
            -99.24006,
            18.93156,
            0
          ],
          [
            -99.24013,
            18.93126,
            0
          ],
          [
            -99.24021,
            18.93068,
            0
          ],
          [
            -99.24021,
            18.93067,
            0
          ],
          [
            -99.24023,
            18.93036,
            0
          ],
          [
            -99.24025,
            18.92971,
            0
          ],
          [
            -99.24027,
            18.92956,
            0
          ],
          [
            -99.24029,
            18.92947,
            0
          ],
          [
            -99.24024,
            18.9293,
            0
          ],
          [
            -99.2402,
            18.9292,
            0
          ],
          [
            -99.24016,
            18.92913,
            0
          ],
          [
            -99.24013,
            18.9291,
            0
          ],
          [
            -99.24008,
            18.92906,
            0
          ],
          [
            -99.23997,
            18.92901,
            0
          ],
          [
            -99.23982,
            18.92896,
            0
          ],
          [
            -99.23965,
            18.92891,
            0
          ],
          [
            -99.23963,
            18.92891,
            0
          ],
          [
            -99.23926,
            18.92883,
            0
          ],
          [
            -99.23892,
            18.92878,
            0
          ],
          [
            -99.23858,
            18.92875,
            0
          ],
          [
            -99.23842,
            18.92882,
            0
          ],
          [
            -99.23836,
            18.92885,
            0
          ],
          [
            -99.23833,
            18.92886,
            0
          ],
          [
            -99.2383,
            18.92887,
            0
          ],
          [
            -99.23785,
            18.92892,
            0
          ],
          [
            -99.23783,
            18.92893,
            0
          ],
          [
            -99.2378,
            18.92894,
            0
          ],
          [
            -99.23778,
            18.92896,
            0
          ],
          [
            -99.23777,
            18.92899,
            0
          ],
          [
            -99.23776,
            18.92902,
            0
          ],
          [
            -99.23777,
            18.92904,
            0
          ],
          [
            -99.23778,
            18.92907,
            0
          ],
          [
            -99.2378,
            18.9291,
            0
          ],
          [
            -99.23784,
            18.92914,
            0
          ],
          [
            -99.2379,
            18.92917,
            0
          ],
          [
            -99.23801,
            18.92921,
            0
          ],
          [
            -99.23806,
            18.92924,
            0
          ],
          [
            -99.23808,
            18.92925,
            0
          ],
          [
            -99.23809,
            18.92927,
            0
          ],
          [
            -99.2381,
            18.92929,
            0
          ],
          [
            -99.2381,
            18.92931,
            0
          ],
          [
            -99.2381,
            18.92933,
            0
          ],
          [
            -99.2381,
            18.92935,
            0
          ],
          [
            -99.2381,
            18.92937,
            0
          ],
          [
            -99.23808,
            18.92939,
            0
          ],
          [
            -99.23805,
            18.92941,
            0
          ],
          [
            -99.23803,
            18.92942,
            0
          ],
          [
            -99.23799,
            18.92944,
            0
          ],
          [
            -99.23794,
            18.92946,
            0
          ],
          [
            -99.23785,
            18.92946,
            0
          ],
          [
            -99.23784,
            18.92936,
            0
          ],
          [
            -99.23783,
            18.92932,
            0
          ],
          [
            -99.23782,
            18.92927,
            0
          ],
          [
            -99.2378,
            18.92923,
            0
          ],
          [
            -99.23777,
            18.92921,
            0
          ],
          [
            -99.23749,
            18.92898,
            0
          ],
          [
            -99.23744,
            18.92893,
            0
          ],
          [
            -99.23741,
            18.9289,
            0
          ],
          [
            -99.23739,
            18.92887,
            0
          ],
          [
            -99.23738,
            18.92881,
            0
          ],
          [
            -99.23737,
            18.9287,
            0
          ],
          [
            -99.23732,
            18.92802,
            0
          ],
          [
            -99.23729,
            18.92748,
            0
          ],
          [
            -99.23724,
            18.92698,
            0
          ],
          [
            -99.23723,
            18.92696,
            0
          ],
          [
            -99.23722,
            18.92694,
            0
          ],
          [
            -99.2372,
            18.92692,
            0
          ],
          [
            -99.23635,
            18.92615,
            0
          ],
          [
            -99.23625,
            18.92604,
            0
          ],
          [
            -99.23606,
            18.92586,
            0
          ],
          [
            -99.236,
            18.92566,
            0
          ],
          [
            -99.23585,
            18.92511,
            0
          ],
          [
            -99.23574,
            18.92468,
            0
          ],
          [
            -99.23567,
            18.92422,
            0
          ],
          [
            -99.23566,
            18.92416,
            0
          ],
          [
            -99.23557,
            18.92384,
            0
          ],
          [
            -99.23547,
            18.92341,
            0
          ],
          [
            -99.23545,
            18.92328,
            0
          ],
          [
            -99.2354,
            18.92307,
            0
          ],
          [
            -99.23531,
            18.92274,
            0
          ],
          [
            -99.23531,
            18.92273,
            0
          ],
          [
            -99.23531,
            18.92271,
            0
          ],
          [
            -99.23531,
            18.92268,
            0
          ],
          [
            -99.23534,
            18.9226,
            0
          ],
          [
            -99.23533,
            18.92259,
            0
          ],
          [
            -99.23532,
            18.92258,
            0
          ],
          [
            -99.23526,
            18.92212,
            0
          ],
          [
            -99.23525,
            18.92203,
            0
          ],
          [
            -99.23516,
            18.92138,
            0
          ],
          [
            -99.23512,
            18.92113,
            0
          ],
          [
            -99.2351,
            18.92083,
            0
          ],
          [
            -99.23509,
            18.92033,
            0
          ],
          [
            -99.23508,
            18.91889,
            0
          ],
          [
            -99.23511,
            18.91889,
            0
          ],
          [
            -99.2351,
            18.91827,
            0
          ],
          [
            -99.2351,
            18.91809,
            0
          ],
          [
            -99.23509,
            18.91755,
            0
          ],
          [
            -99.23508,
            18.91732,
            0
          ],
          [
            -99.23508,
            18.91712,
            0
          ],
          [
            -99.23506,
            18.91655,
            0
          ],
          [
            -99.23504,
            18.9158,
            0
          ],
          [
            -99.23504,
            18.91577,
            0
          ],
          [
            -99.23496,
            18.91496,
            0
          ],
          [
            -99.23494,
            18.91472,
            0
          ],
          [
            -99.23488,
            18.91425,
            0
          ],
          [
            -99.23468,
            18.91353,
            0
          ],
          [
            -99.2346,
            18.91332,
            0
          ],
          [
            -99.23449,
            18.91311,
            0
          ],
          [
            -99.23434,
            18.9129,
            0
          ],
          [
            -99.23394,
            18.91223,
            0
          ],
          [
            -99.23381,
            18.912,
            0
          ],
          [
            -99.23356,
            18.91152,
            0
          ],
          [
            -99.23335,
            18.91105,
            0
          ],
          [
            -99.23313,
            18.91054,
            0
          ],
          [
            -99.23296,
            18.91009,
            0
          ],
          [
            -99.23284,
            18.90976,
            0
          ],
          [
            -99.23276,
            18.90955,
            0
          ],
          [
            -99.23263,
            18.90919,
            0
          ],
          [
            -99.23254,
            18.9089,
            0
          ],
          [
            -99.23249,
            18.90872,
            0
          ],
          [
            -99.23242,
            18.90853,
            0
          ],
          [
            -99.23236,
            18.90833,
            0
          ],
          [
            -99.23217,
            18.9076,
            0
          ],
          [
            -99.23214,
            18.90742,
            0
          ],
          [
            -99.23213,
            18.90729,
            0
          ],
          [
            -99.2321,
            18.90707,
            0
          ],
          [
            -99.23219,
            18.90703,
            0
          ],
          [
            -99.23208,
            18.90682,
            0
          ],
          [
            -99.23206,
            18.90672,
            0
          ],
          [
            -99.23204,
            18.90666,
            0
          ],
          [
            -99.23202,
            18.90657,
            0
          ],
          [
            -99.23197,
            18.90626,
            0
          ],
          [
            -99.23193,
            18.90601,
            0
          ],
          [
            -99.23192,
            18.90597,
            0
          ],
          [
            -99.23187,
            18.90573,
            0
          ],
          [
            -99.23177,
            18.90501,
            0
          ],
          [
            -99.23168,
            18.90438,
            0
          ],
          [
            -99.23163,
            18.90386,
            0
          ],
          [
            -99.23161,
            18.90364,
            0
          ],
          [
            -99.23158,
            18.90329,
            0
          ],
          [
            -99.23154,
            18.90289,
            0
          ],
          [
            -99.23147,
            18.90192,
            0
          ],
          [
            -99.23143,
            18.90147,
            0
          ],
          [
            -99.23141,
            18.90127,
            0
          ],
          [
            -99.23133,
            18.90094,
            0
          ],
          [
            -99.23119,
            18.90043,
            0
          ],
          [
            -99.23105,
            18.89993,
            0
          ],
          [
            -99.23088,
            18.89942,
            0
          ],
          [
            -99.23056,
            18.89847,
            0
          ],
          [
            -99.23033,
            18.89782,
            0
          ],
          [
            -99.23019,
            18.89751,
            0
          ],
          [
            -99.23008,
            18.89726,
            0
          ],
          [
            -99.23004,
            18.89718,
            0
          ],
          [
            -99.22983,
            18.89672,
            0
          ],
          [
            -99.22955,
            18.89614,
            0
          ],
          [
            -99.2294,
            18.89582,
            0
          ],
          [
            -99.22911,
            18.89519,
            0
          ],
          [
            -99.2291,
            18.89518,
            0
          ],
          [
            -99.22883,
            18.89459,
            0
          ],
          [
            -99.22866,
            18.89419,
            0
          ],
          [
            -99.22851,
            18.89385,
            0
          ],
          [
            -99.22847,
            18.89375,
            0
          ],
          [
            -99.22865,
            18.8937,
            0
          ],
          [
            -99.22901,
            18.8936,
            0
          ],
          [
            -99.22943,
            18.89348,
            0
          ],
          [
            -99.22942,
            18.89335,
            0
          ],
          [
            -99.2294,
            18.89319,
            0
          ],
          [
            -99.22938,
            18.89299,
            0
          ],
          [
            -99.22938,
            18.89296,
            0
          ],
          [
            -99.22936,
            18.89258,
            0
          ],
          [
            -99.22936,
            18.89243,
            0
          ],
          [
            -99.23038,
            18.89227,
            0
          ],
          [
            -99.23064,
            18.89223,
            0
          ],
          [
            -99.23154,
            18.89208,
            0
          ],
          [
            -99.23146,
            18.89177,
            0
          ]
        ]
      },
      "properties": {
        "name": "3.- TETELA DEL MONTE - MINA 5 TETELA DEL MONTE",
        "description": {
          "@type": "html",
          "value": "descripción: <br>OID: 775<br>ZONA: CENTRO<br>RUTA: RUTA 3<br>ITINERARIO: 3.- TETELA DEL MONTE - MINA 5 TETELA DEL MONTE<br>DESCRIPCIO: TETELA-MINA 5<br>AUTO-AMPL: ITINERARIO<br>DEFIN-PROV: DEFINITIVOS<br>DURACION: DEFINITIVA<br>FOLIO: SGG/DGT/SDP/000528/1997"
        },
        "styleUrl": "#line-0F9D58-1200",
        "stroke-opacity": 1,
        "stroke": "#0f9d58",
        "stroke-width": 1.2,
        "descripción": "",
        "OID": "775",
        "ZONA": "CENTRO",
        "RUTA": "RUTA 3",
        "ITINERARIO": "3.- TETELA DEL MONTE - MINA 5 TETELA DEL MONTE",
        "DESCRIPCIO": "TETELA-MINA 5",
        "AUTO-AMPL": "ITINERARIO",
        "DEFIN-PROV": "DEFINITIVOS",
        "DURACION": "DEFINITIVA",
        "FOLIO": "SGG/DGT/SDP/000528/1997"
      }
    },
    {
      "type": "Feature",
      "geometry": {
        "type": "LineString",
        "coordinates": [
          [
            -99.24722,
            18.78607,
            0
          ],
          [
            -99.24718,
            18.78618,
            0
          ],
          [
            -99.24715,
            18.78624,
            0
          ],
          [
            -99.24698,
            18.78667,
            0
          ],
          [
            -99.24688,
            18.78692,
            0
          ],
          [
            -99.24674,
            18.78726,
            0
          ],
          [
            -99.24657,
            18.78769,
            0
          ],
          [
            -99.2464,
            18.78805,
            0
          ],
          [
            -99.24619,
            18.7885,
            0
          ],
          [
            -99.24618,
            18.78852,
            0
          ],
          [
            -99.24611,
            18.78869,
            0
          ],
          [
            -99.24596,
            18.78902,
            0
          ],
          [
            -99.24583,
            18.789,
            0
          ],
          [
            -99.24568,
            18.78897,
            0
          ],
          [
            -99.24558,
            18.78894,
            0
          ],
          [
            -99.24541,
            18.78887,
            0
          ],
          [
            -99.24438,
            18.78842,
            0
          ],
          [
            -99.2443,
            18.78839,
            0
          ],
          [
            -99.24422,
            18.78835,
            0
          ],
          [
            -99.244,
            18.78871,
            0
          ],
          [
            -99.24378,
            18.78909,
            0
          ],
          [
            -99.24355,
            18.78946,
            0
          ],
          [
            -99.24334,
            18.78982,
            0
          ],
          [
            -99.24304,
            18.7903,
            0
          ],
          [
            -99.24233,
            18.79148,
            0
          ],
          [
            -99.24207,
            18.79196,
            0
          ],
          [
            -99.24196,
            18.79226,
            0
          ],
          [
            -99.24191,
            18.79245,
            0
          ],
          [
            -99.24188,
            18.79263,
            0
          ],
          [
            -99.24184,
            18.79293,
            0
          ],
          [
            -99.24182,
            18.79315,
            0
          ],
          [
            -99.24179,
            18.79348,
            0
          ],
          [
            -99.24176,
            18.79374,
            0
          ],
          [
            -99.24175,
            18.79386,
            0
          ],
          [
            -99.24174,
            18.79403,
            0
          ],
          [
            -99.24174,
            18.79417,
            0
          ],
          [
            -99.24175,
            18.79423,
            0
          ],
          [
            -99.24176,
            18.7943,
            0
          ],
          [
            -99.24182,
            18.79452,
            0
          ],
          [
            -99.2419,
            18.7947,
            0
          ],
          [
            -99.242,
            18.79488,
            0
          ],
          [
            -99.24211,
            18.79504,
            0
          ],
          [
            -99.24223,
            18.79519,
            0
          ],
          [
            -99.2423,
            18.7953,
            0
          ],
          [
            -99.24234,
            18.7954,
            0
          ],
          [
            -99.24237,
            18.79548,
            0
          ],
          [
            -99.24241,
            18.7956,
            0
          ],
          [
            -99.24243,
            18.79571,
            0
          ],
          [
            -99.24243,
            18.79579,
            0
          ],
          [
            -99.24243,
            18.79597,
            0
          ],
          [
            -99.24239,
            18.7961,
            0
          ],
          [
            -99.24234,
            18.79624,
            0
          ],
          [
            -99.24227,
            18.79637,
            0
          ],
          [
            -99.24216,
            18.7965,
            0
          ],
          [
            -99.24207,
            18.79659,
            0
          ],
          [
            -99.24199,
            18.79664,
            0
          ],
          [
            -99.24194,
            18.79667,
            0
          ],
          [
            -99.24189,
            18.7967,
            0
          ],
          [
            -99.24137,
            18.79695,
            0
          ],
          [
            -99.24049,
            18.79736,
            0
          ],
          [
            -99.24032,
            18.79743,
            0
          ],
          [
            -99.2402,
            18.79749,
            0
          ],
          [
            -99.23915,
            18.79801,
            0
          ],
          [
            -99.23914,
            18.79802,
            0
          ],
          [
            -99.23857,
            18.79827,
            0
          ],
          [
            -99.23834,
            18.79839,
            0
          ],
          [
            -99.23814,
            18.79851,
            0
          ],
          [
            -99.23795,
            18.79866,
            0
          ],
          [
            -99.23774,
            18.79887,
            0
          ],
          [
            -99.23756,
            18.79908,
            0
          ],
          [
            -99.23747,
            18.79923,
            0
          ],
          [
            -99.23731,
            18.79957,
            0
          ],
          [
            -99.23724,
            18.79982,
            0
          ],
          [
            -99.23718,
            18.80007,
            0
          ],
          [
            -99.23717,
            18.80034,
            0
          ],
          [
            -99.23718,
            18.80052,
            0
          ],
          [
            -99.2372,
            18.80068,
            0
          ],
          [
            -99.23729,
            18.80124,
            0
          ],
          [
            -99.23734,
            18.8015,
            0
          ],
          [
            -99.23741,
            18.8019,
            0
          ],
          [
            -99.23746,
            18.80221,
            0
          ],
          [
            -99.23747,
            18.80241,
            0
          ],
          [
            -99.23747,
            18.80246,
            0
          ],
          [
            -99.23746,
            18.80267,
            0
          ],
          [
            -99.23744,
            18.80283,
            0
          ],
          [
            -99.23741,
            18.80302,
            0
          ],
          [
            -99.23736,
            18.80319,
            0
          ],
          [
            -99.23734,
            18.80324,
            0
          ],
          [
            -99.23721,
            18.80365,
            0
          ],
          [
            -99.23708,
            18.8039,
            0
          ],
          [
            -99.23697,
            18.80406,
            0
          ],
          [
            -99.23688,
            18.80418,
            0
          ],
          [
            -99.23676,
            18.80429,
            0
          ],
          [
            -99.23669,
            18.80434,
            0
          ],
          [
            -99.23663,
            18.8044,
            0
          ],
          [
            -99.23653,
            18.80445,
            0
          ],
          [
            -99.23643,
            18.8045,
            0
          ],
          [
            -99.23632,
            18.80455,
            0
          ],
          [
            -99.23616,
            18.8046,
            0
          ],
          [
            -99.23596,
            18.80464,
            0
          ],
          [
            -99.23578,
            18.80466,
            0
          ],
          [
            -99.23525,
            18.80473,
            0
          ],
          [
            -99.23506,
            18.80474,
            0
          ],
          [
            -99.23498,
            18.80475,
            0
          ],
          [
            -99.23488,
            18.80477,
            0
          ],
          [
            -99.23472,
            18.80482,
            0
          ],
          [
            -99.23454,
            18.80491,
            0
          ],
          [
            -99.23447,
            18.80495,
            0
          ],
          [
            -99.2344,
            18.805,
            0
          ],
          [
            -99.23431,
            18.80509,
            0
          ],
          [
            -99.23422,
            18.8052,
            0
          ],
          [
            -99.23416,
            18.8053,
            0
          ],
          [
            -99.23412,
            18.80538,
            0
          ],
          [
            -99.23407,
            18.80549,
            0
          ],
          [
            -99.23406,
            18.80556,
            0
          ],
          [
            -99.23402,
            18.80586,
            0
          ],
          [
            -99.23401,
            18.80588,
            0
          ],
          [
            -99.23398,
            18.80607,
            0
          ],
          [
            -99.23395,
            18.80618,
            0
          ],
          [
            -99.23394,
            18.80627,
            0
          ],
          [
            -99.2339,
            18.80644,
            0
          ],
          [
            -99.23388,
            18.80661,
            0
          ],
          [
            -99.23387,
            18.80686,
            0
          ],
          [
            -99.23389,
            18.80704,
            0
          ],
          [
            -99.23393,
            18.80723,
            0
          ],
          [
            -99.23397,
            18.80734,
            0
          ],
          [
            -99.23401,
            18.80745,
            0
          ],
          [
            -99.23408,
            18.8076,
            0
          ],
          [
            -99.23418,
            18.80776,
            0
          ],
          [
            -99.23428,
            18.8079,
            0
          ],
          [
            -99.23443,
            18.80811,
            0
          ],
          [
            -99.23469,
            18.80839,
            0
          ],
          [
            -99.23483,
            18.80855,
            0
          ],
          [
            -99.23497,
            18.8087,
            0
          ],
          [
            -99.23509,
            18.80888,
            0
          ],
          [
            -99.23519,
            18.80906,
            0
          ],
          [
            -99.23525,
            18.8092,
            0
          ],
          [
            -99.23528,
            18.8093,
            0
          ],
          [
            -99.23536,
            18.80958,
            0
          ],
          [
            -99.23539,
            18.80971,
            0
          ],
          [
            -99.23542,
            18.80986,
            0
          ],
          [
            -99.23543,
            18.80993,
            0
          ],
          [
            -99.23543,
            18.80999,
            0
          ],
          [
            -99.23543,
            18.81015,
            0
          ],
          [
            -99.23541,
            18.81025,
            0
          ],
          [
            -99.2354,
            18.8103,
            0
          ],
          [
            -99.23538,
            18.81038,
            0
          ],
          [
            -99.23537,
            18.81039,
            0
          ],
          [
            -99.23536,
            18.81044,
            0
          ],
          [
            -99.23535,
            18.81047,
            0
          ],
          [
            -99.23521,
            18.81077,
            0
          ],
          [
            -99.23512,
            18.81093,
            0
          ],
          [
            -99.235,
            18.81113,
            0
          ],
          [
            -99.2346,
            18.81183,
            0
          ],
          [
            -99.2344,
            18.81216,
            0
          ],
          [
            -99.23436,
            18.81222,
            0
          ],
          [
            -99.23404,
            18.81273,
            0
          ],
          [
            -99.2338,
            18.81317,
            0
          ],
          [
            -99.23372,
            18.81332,
            0
          ],
          [
            -99.23357,
            18.81361,
            0
          ],
          [
            -99.23348,
            18.81377,
            0
          ],
          [
            -99.23338,
            18.81396,
            0
          ],
          [
            -99.23333,
            18.81409,
            0
          ],
          [
            -99.23332,
            18.81412,
            0
          ],
          [
            -99.23326,
            18.81433,
            0
          ],
          [
            -99.23325,
            18.81443,
            0
          ],
          [
            -99.23319,
            18.81501,
            0
          ],
          [
            -99.23318,
            18.81527,
            0
          ],
          [
            -99.23315,
            18.8156,
            0
          ],
          [
            -99.23314,
            18.8157,
            0
          ],
          [
            -99.23311,
            18.81626,
            0
          ],
          [
            -99.23299,
            18.81767,
            0
          ],
          [
            -99.23298,
            18.81785,
            0
          ],
          [
            -99.23294,
            18.81828,
            0
          ],
          [
            -99.23293,
            18.81839,
            0
          ],
          [
            -99.23284,
            18.81909,
            0
          ],
          [
            -99.23278,
            18.81934,
            0
          ],
          [
            -99.23277,
            18.81939,
            0
          ],
          [
            -99.23263,
            18.81987,
            0
          ],
          [
            -99.2325,
            18.82023,
            0
          ],
          [
            -99.23241,
            18.82041,
            0
          ],
          [
            -99.23232,
            18.82058,
            0
          ],
          [
            -99.23213,
            18.82095,
            0
          ],
          [
            -99.23172,
            18.82171,
            0
          ],
          [
            -99.23144,
            18.82225,
            0
          ],
          [
            -99.23087,
            18.82334,
            0
          ],
          [
            -99.23086,
            18.82336,
            0
          ],
          [
            -99.23071,
            18.82367,
            0
          ],
          [
            -99.23065,
            18.82377,
            0
          ],
          [
            -99.23021,
            18.82459,
            0
          ],
          [
            -99.23012,
            18.82476,
            0
          ],
          [
            -99.23009,
            18.82482,
            0
          ],
          [
            -99.22989,
            18.82519,
            0
          ],
          [
            -99.22982,
            18.82533,
            0
          ],
          [
            -99.22955,
            18.82582,
            0
          ],
          [
            -99.22939,
            18.82611,
            0
          ],
          [
            -99.22936,
            18.82618,
            0
          ],
          [
            -99.22934,
            18.82621,
            0
          ],
          [
            -99.22927,
            18.82634,
            0
          ],
          [
            -99.22896,
            18.82691,
            0
          ],
          [
            -99.2286,
            18.82761,
            0
          ],
          [
            -99.22842,
            18.82793,
            0
          ],
          [
            -99.2284,
            18.82796,
            0
          ],
          [
            -99.22813,
            18.82849,
            0
          ],
          [
            -99.2279,
            18.82892,
            0
          ],
          [
            -99.22761,
            18.82947,
            0
          ],
          [
            -99.22747,
            18.82973,
            0
          ],
          [
            -99.2274,
            18.82987,
            0
          ],
          [
            -99.22735,
            18.82995,
            0
          ],
          [
            -99.22716,
            18.83033,
            0
          ],
          [
            -99.22704,
            18.83054,
            0
          ],
          [
            -99.22694,
            18.83077,
            0
          ],
          [
            -99.22685,
            18.83095,
            0
          ],
          [
            -99.22679,
            18.83114,
            0
          ],
          [
            -99.22673,
            18.83135,
            0
          ],
          [
            -99.2267,
            18.83146,
            0
          ],
          [
            -99.22665,
            18.83165,
            0
          ],
          [
            -99.22646,
            18.83252,
            0
          ],
          [
            -99.22631,
            18.83322,
            0
          ],
          [
            -99.22628,
            18.83336,
            0
          ],
          [
            -99.22618,
            18.83384,
            0
          ],
          [
            -99.22606,
            18.83438,
            0
          ],
          [
            -99.22601,
            18.83464,
            0
          ],
          [
            -99.22592,
            18.83501,
            0
          ],
          [
            -99.22574,
            18.83577,
            0
          ],
          [
            -99.22572,
            18.83589,
            0
          ],
          [
            -99.22569,
            18.83598,
            0
          ],
          [
            -99.22546,
            18.83717,
            0
          ],
          [
            -99.22544,
            18.83726,
            0
          ],
          [
            -99.2254,
            18.83748,
            0
          ],
          [
            -99.22534,
            18.83771,
            0
          ],
          [
            -99.22526,
            18.83809,
            0
          ],
          [
            -99.22517,
            18.83854,
            0
          ],
          [
            -99.22512,
            18.83881,
            0
          ],
          [
            -99.22509,
            18.83891,
            0
          ],
          [
            -99.22502,
            18.83923,
            0
          ],
          [
            -99.22497,
            18.83948,
            0
          ],
          [
            -99.2249,
            18.83984,
            0
          ],
          [
            -99.22485,
            18.84012,
            0
          ],
          [
            -99.22482,
            18.8403,
            0
          ],
          [
            -99.2248,
            18.84039,
            0
          ],
          [
            -99.2248,
            18.84044,
            0
          ],
          [
            -99.22474,
            18.84075,
            0
          ],
          [
            -99.22466,
            18.84114,
            0
          ],
          [
            -99.22461,
            18.8413,
            0
          ],
          [
            -99.22444,
            18.84188,
            0
          ],
          [
            -99.22436,
            18.84214,
            0
          ],
          [
            -99.22433,
            18.84224,
            0
          ],
          [
            -99.22424,
            18.84272,
            0
          ],
          [
            -99.22415,
            18.8431,
            0
          ],
          [
            -99.22408,
            18.84345,
            0
          ],
          [
            -99.22391,
            18.84425,
            0
          ],
          [
            -99.22375,
            18.84504,
            0
          ],
          [
            -99.22365,
            18.84561,
            0
          ],
          [
            -99.22363,
            18.8457,
            0
          ],
          [
            -99.22361,
            18.84575,
            0
          ],
          [
            -99.22356,
            18.84588,
            0
          ],
          [
            -99.22346,
            18.84607,
            0
          ],
          [
            -99.22332,
            18.8463,
            0
          ],
          [
            -99.22328,
            18.8464,
            0
          ],
          [
            -99.22326,
            18.84645,
            0
          ],
          [
            -99.22323,
            18.84655,
            0
          ],
          [
            -99.22316,
            18.84696,
            0
          ],
          [
            -99.22309,
            18.84736,
            0
          ],
          [
            -99.22299,
            18.848,
            0
          ],
          [
            -99.22296,
            18.84835,
            0
          ],
          [
            -99.22297,
            18.84858,
            0
          ],
          [
            -99.22299,
            18.84867,
            0
          ],
          [
            -99.223,
            18.84872,
            0
          ],
          [
            -99.22302,
            18.84879,
            0
          ],
          [
            -99.22308,
            18.84897,
            0
          ],
          [
            -99.22325,
            18.84935,
            0
          ],
          [
            -99.22334,
            18.84958,
            0
          ],
          [
            -99.22351,
            18.84993,
            0
          ],
          [
            -99.22377,
            18.85058,
            0
          ],
          [
            -99.22385,
            18.85077,
            0
          ],
          [
            -99.22388,
            18.85085,
            0
          ],
          [
            -99.22392,
            18.85093,
            0
          ],
          [
            -99.22397,
            18.851,
            0
          ],
          [
            -99.22408,
            18.85115,
            0
          ],
          [
            -99.22419,
            18.8513,
            0
          ],
          [
            -99.22433,
            18.85154,
            0
          ],
          [
            -99.22438,
            18.85164,
            0
          ],
          [
            -99.22441,
            18.85175,
            0
          ],
          [
            -99.22445,
            18.85209,
            0
          ],
          [
            -99.22446,
            18.85214,
            0
          ],
          [
            -99.22446,
            18.85219,
            0
          ],
          [
            -99.22457,
            18.85313,
            0
          ],
          [
            -99.22457,
            18.85319,
            0
          ],
          [
            -99.22458,
            18.85331,
            0
          ],
          [
            -99.2246,
            18.85344,
            0
          ],
          [
            -99.22462,
            18.85357,
            0
          ],
          [
            -99.22468,
            18.85391,
            0
          ],
          [
            -99.22472,
            18.85414,
            0
          ],
          [
            -99.22477,
            18.85444,
            0
          ],
          [
            -99.22478,
            18.85454,
            0
          ],
          [
            -99.22479,
            18.85461,
            0
          ],
          [
            -99.22479,
            18.85469,
            0
          ],
          [
            -99.22478,
            18.8548,
            0
          ],
          [
            -99.22474,
            18.855,
            0
          ],
          [
            -99.22471,
            18.85515,
            0
          ],
          [
            -99.22467,
            18.85529,
            0
          ],
          [
            -99.22464,
            18.85543,
            0
          ],
          [
            -99.22456,
            18.85573,
            0
          ],
          [
            -99.22447,
            18.85608,
            0
          ],
          [
            -99.22438,
            18.85648,
            0
          ],
          [
            -99.22434,
            18.85661,
            0
          ],
          [
            -99.22428,
            18.85688,
            0
          ],
          [
            -99.22418,
            18.85722,
            0
          ],
          [
            -99.22402,
            18.85764,
            0
          ],
          [
            -99.22398,
            18.85777,
            0
          ],
          [
            -99.22393,
            18.85789,
            0
          ],
          [
            -99.22388,
            18.85803,
            0
          ],
          [
            -99.22377,
            18.8583,
            0
          ],
          [
            -99.22371,
            18.8585,
            0
          ],
          [
            -99.22369,
            18.85866,
            0
          ],
          [
            -99.22368,
            18.85884,
            0
          ],
          [
            -99.22368,
            18.85886,
            0
          ],
          [
            -99.22368,
            18.85899,
            0
          ],
          [
            -99.22368,
            18.85912,
            0
          ],
          [
            -99.2237,
            18.85925,
            0
          ],
          [
            -99.22374,
            18.85937,
            0
          ],
          [
            -99.22377,
            18.85947,
            0
          ],
          [
            -99.22389,
            18.85971,
            0
          ],
          [
            -99.22454,
            18.86066,
            0
          ],
          [
            -99.22467,
            18.8609,
            0
          ],
          [
            -99.22478,
            18.86108,
            0
          ],
          [
            -99.22492,
            18.86135,
            0
          ],
          [
            -99.22503,
            18.86155,
            0
          ],
          [
            -99.22509,
            18.86171,
            0
          ],
          [
            -99.22514,
            18.86188,
            0
          ],
          [
            -99.22516,
            18.86202,
            0
          ],
          [
            -99.22516,
            18.86215,
            0
          ],
          [
            -99.22514,
            18.86231,
            0
          ],
          [
            -99.22511,
            18.86243,
            0
          ],
          [
            -99.22505,
            18.86258,
            0
          ],
          [
            -99.22499,
            18.86272,
            0
          ],
          [
            -99.22485,
            18.86294,
            0
          ],
          [
            -99.22473,
            18.86316,
            0
          ],
          [
            -99.22458,
            18.8634,
            0
          ],
          [
            -99.22454,
            18.86349,
            0
          ],
          [
            -99.22452,
            18.86355,
            0
          ],
          [
            -99.2245,
            18.86362,
            0
          ],
          [
            -99.22449,
            18.86372,
            0
          ],
          [
            -99.2245,
            18.86385,
            0
          ],
          [
            -99.22453,
            18.86395,
            0
          ],
          [
            -99.22457,
            18.86408,
            0
          ],
          [
            -99.22462,
            18.86416,
            0
          ],
          [
            -99.22478,
            18.86436,
            0
          ],
          [
            -99.22499,
            18.86458,
            0
          ],
          [
            -99.22504,
            18.86463,
            0
          ],
          [
            -99.22543,
            18.8651,
            0
          ],
          [
            -99.22579,
            18.8655,
            0
          ],
          [
            -99.2262,
            18.86599,
            0
          ],
          [
            -99.22673,
            18.86656,
            0
          ],
          [
            -99.22702,
            18.86689,
            0
          ],
          [
            -99.22712,
            18.86702,
            0
          ],
          [
            -99.22718,
            18.8671,
            0
          ],
          [
            -99.22724,
            18.86721,
            0
          ],
          [
            -99.22728,
            18.86731,
            0
          ],
          [
            -99.22729,
            18.8674,
            0
          ],
          [
            -99.2273,
            18.86751,
            0
          ],
          [
            -99.22727,
            18.8677,
            0
          ],
          [
            -99.22723,
            18.8678,
            0
          ],
          [
            -99.22713,
            18.86801,
            0
          ],
          [
            -99.22704,
            18.86817,
            0
          ],
          [
            -99.2269,
            18.8684,
            0
          ],
          [
            -99.22682,
            18.86851,
            0
          ],
          [
            -99.22673,
            18.86865,
            0
          ],
          [
            -99.22664,
            18.86878,
            0
          ],
          [
            -99.22653,
            18.86889,
            0
          ],
          [
            -99.22648,
            18.86893,
            0
          ],
          [
            -99.22641,
            18.86902,
            0
          ],
          [
            -99.22637,
            18.86907,
            0
          ],
          [
            -99.22636,
            18.8691,
            0
          ],
          [
            -99.22635,
            18.86913,
            0
          ],
          [
            -99.22635,
            18.86917,
            0
          ],
          [
            -99.22625,
            18.86933,
            0
          ],
          [
            -99.22622,
            18.86939,
            0
          ],
          [
            -99.2262,
            18.86947,
            0
          ],
          [
            -99.22618,
            18.86953,
            0
          ],
          [
            -99.22624,
            18.86982,
            0
          ],
          [
            -99.22627,
            18.86986,
            0
          ],
          [
            -99.22633,
            18.86994,
            0
          ],
          [
            -99.22676,
            18.8704,
            0
          ],
          [
            -99.22682,
            18.87048,
            0
          ],
          [
            -99.22684,
            18.87051,
            0
          ],
          [
            -99.22685,
            18.87056,
            0
          ],
          [
            -99.22688,
            18.87064,
            0
          ],
          [
            -99.22689,
            18.87067,
            0
          ],
          [
            -99.2269,
            18.87071,
            0
          ],
          [
            -99.2269,
            18.87075,
            0
          ],
          [
            -99.2269,
            18.87078,
            0
          ],
          [
            -99.22689,
            18.87086,
            0
          ],
          [
            -99.22688,
            18.87094,
            0
          ],
          [
            -99.22687,
            18.871,
            0
          ],
          [
            -99.22684,
            18.87108,
            0
          ],
          [
            -99.22683,
            18.87111,
            0
          ],
          [
            -99.22678,
            18.87122,
            0
          ],
          [
            -99.22674,
            18.8713,
            0
          ],
          [
            -99.22664,
            18.87153,
            0
          ],
          [
            -99.2266,
            18.87161,
            0
          ],
          [
            -99.22653,
            18.87181,
            0
          ],
          [
            -99.2265,
            18.8719,
            0
          ],
          [
            -99.22648,
            18.87198,
            0
          ],
          [
            -99.22646,
            18.87209,
            0
          ],
          [
            -99.22644,
            18.87218,
            0
          ],
          [
            -99.22645,
            18.8723,
            0
          ],
          [
            -99.22646,
            18.87239,
            0
          ],
          [
            -99.22648,
            18.87252,
            0
          ],
          [
            -99.22654,
            18.87275,
            0
          ],
          [
            -99.22656,
            18.8729,
            0
          ],
          [
            -99.22662,
            18.87306,
            0
          ],
          [
            -99.22667,
            18.87319,
            0
          ],
          [
            -99.22673,
            18.87327,
            0
          ],
          [
            -99.22679,
            18.87334,
            0
          ],
          [
            -99.22694,
            18.8735,
            0
          ],
          [
            -99.22702,
            18.87357,
            0
          ],
          [
            -99.22707,
            18.87362,
            0
          ],
          [
            -99.22712,
            18.87371,
            0
          ],
          [
            -99.22717,
            18.8738,
            0
          ],
          [
            -99.2272,
            18.87385,
            0
          ],
          [
            -99.22721,
            18.8739,
            0
          ],
          [
            -99.22724,
            18.87407,
            0
          ],
          [
            -99.22726,
            18.87429,
            0
          ],
          [
            -99.2273,
            18.87455,
            0
          ],
          [
            -99.22731,
            18.87461,
            0
          ],
          [
            -99.22732,
            18.87468,
            0
          ],
          [
            -99.22736,
            18.87478,
            0
          ],
          [
            -99.2274,
            18.87487,
            0
          ],
          [
            -99.22742,
            18.87491,
            0
          ],
          [
            -99.22754,
            18.87511,
            0
          ],
          [
            -99.22776,
            18.87544,
            0
          ],
          [
            -99.22803,
            18.87579,
            0
          ],
          [
            -99.22822,
            18.87608,
            0
          ],
          [
            -99.22869,
            18.8766,
            0
          ],
          [
            -99.22881,
            18.87672,
            0
          ],
          [
            -99.22888,
            18.8768,
            0
          ],
          [
            -99.22891,
            18.87686,
            0
          ],
          [
            -99.22898,
            18.87701,
            0
          ],
          [
            -99.229,
            18.87706,
            0
          ],
          [
            -99.22904,
            18.87717,
            0
          ],
          [
            -99.22906,
            18.87727,
            0
          ],
          [
            -99.22906,
            18.8774,
            0
          ],
          [
            -99.22906,
            18.87769,
            0
          ],
          [
            -99.22907,
            18.87782,
            0
          ],
          [
            -99.22907,
            18.87785,
            0
          ],
          [
            -99.22908,
            18.87791,
            0
          ],
          [
            -99.22908,
            18.87794,
            0
          ],
          [
            -99.2291,
            18.87807,
            0
          ],
          [
            -99.22912,
            18.87815,
            0
          ],
          [
            -99.22915,
            18.87827,
            0
          ],
          [
            -99.22927,
            18.87863,
            0
          ],
          [
            -99.22946,
            18.87917,
            0
          ],
          [
            -99.2296,
            18.87958,
            0
          ],
          [
            -99.22963,
            18.87965,
            0
          ],
          [
            -99.22971,
            18.87984,
            0
          ],
          [
            -99.22975,
            18.88003,
            0
          ],
          [
            -99.22978,
            18.88017,
            0
          ],
          [
            -99.22981,
            18.88045,
            0
          ],
          [
            -99.22983,
            18.88062,
            0
          ],
          [
            -99.22985,
            18.88085,
            0
          ],
          [
            -99.22986,
            18.88105,
            0
          ],
          [
            -99.22987,
            18.88117,
            0
          ],
          [
            -99.22987,
            18.88135,
            0
          ],
          [
            -99.22985,
            18.88173,
            0
          ],
          [
            -99.22983,
            18.88193,
            0
          ],
          [
            -99.22983,
            18.88205,
            0
          ],
          [
            -99.22982,
            18.88222,
            0
          ],
          [
            -99.22984,
            18.88242,
            0
          ],
          [
            -99.22987,
            18.88267,
            0
          ],
          [
            -99.22993,
            18.88309,
            0
          ],
          [
            -99.23006,
            18.88386,
            0
          ],
          [
            -99.23016,
            18.88432,
            0
          ],
          [
            -99.23021,
            18.8847,
            0
          ],
          [
            -99.23022,
            18.88478,
            0
          ],
          [
            -99.23021,
            18.88489,
            0
          ],
          [
            -99.23019,
            18.88516,
            0
          ],
          [
            -99.23017,
            18.88529,
            0
          ],
          [
            -99.23014,
            18.88545,
            0
          ],
          [
            -99.23006,
            18.88571,
            0
          ],
          [
            -99.23,
            18.88588,
            0
          ],
          [
            -99.22989,
            18.88614,
            0
          ],
          [
            -99.22983,
            18.88627,
            0
          ],
          [
            -99.22975,
            18.88644,
            0
          ],
          [
            -99.22968,
            18.8866,
            0
          ],
          [
            -99.22967,
            18.88661,
            0
          ],
          [
            -99.22967,
            18.88662,
            0
          ],
          [
            -99.22946,
            18.88712,
            0
          ],
          [
            -99.22939,
            18.88726,
            0
          ],
          [
            -99.22926,
            18.88755,
            0
          ],
          [
            -99.22913,
            18.88783,
            0
          ],
          [
            -99.22896,
            18.88822,
            0
          ],
          [
            -99.22894,
            18.88828,
            0
          ],
          [
            -99.2289,
            18.88834,
            0
          ],
          [
            -99.22887,
            18.88838,
            0
          ],
          [
            -99.22884,
            18.88841,
            0
          ],
          [
            -99.22884,
            18.88842,
            0
          ],
          [
            -99.2288,
            18.88844,
            0
          ],
          [
            -99.22866,
            18.8885,
            0
          ],
          [
            -99.22861,
            18.88853,
            0
          ],
          [
            -99.22855,
            18.88859,
            0
          ],
          [
            -99.22852,
            18.88864,
            0
          ],
          [
            -99.2285,
            18.88869,
            0
          ],
          [
            -99.22847,
            18.88876,
            0
          ],
          [
            -99.22844,
            18.88883,
            0
          ],
          [
            -99.2283,
            18.8893,
            0
          ],
          [
            -99.22828,
            18.88947,
            0
          ],
          [
            -99.22825,
            18.8896,
            0
          ],
          [
            -99.22818,
            18.88979,
            0
          ],
          [
            -99.22808,
            18.88999,
            0
          ],
          [
            -99.22803,
            18.89008,
            0
          ],
          [
            -99.22798,
            18.89017,
            0
          ],
          [
            -99.22789,
            18.8903,
            0
          ],
          [
            -99.22774,
            18.89048,
            0
          ],
          [
            -99.22772,
            18.89054,
            0
          ],
          [
            -99.22771,
            18.89057,
            0
          ],
          [
            -99.2277,
            18.89059,
            0
          ],
          [
            -99.22767,
            18.89064,
            0
          ],
          [
            -99.22762,
            18.89072,
            0
          ],
          [
            -99.22749,
            18.89088,
            0
          ],
          [
            -99.22739,
            18.89098,
            0
          ],
          [
            -99.22733,
            18.89104,
            0
          ],
          [
            -99.22719,
            18.89122,
            0
          ],
          [
            -99.22713,
            18.8913,
            0
          ],
          [
            -99.227,
            18.89145,
            0
          ],
          [
            -99.22694,
            18.89153,
            0
          ],
          [
            -99.22691,
            18.89157,
            0
          ],
          [
            -99.22688,
            18.89163,
            0
          ],
          [
            -99.22687,
            18.89169,
            0
          ],
          [
            -99.22686,
            18.89173,
            0
          ],
          [
            -99.22685,
            18.89178,
            0
          ],
          [
            -99.22685,
            18.89183,
            0
          ],
          [
            -99.22686,
            18.89188,
            0
          ],
          [
            -99.22688,
            18.89197,
            0
          ],
          [
            -99.22689,
            18.892,
            0
          ],
          [
            -99.22691,
            18.89203,
            0
          ],
          [
            -99.22695,
            18.89208,
            0
          ],
          [
            -99.227,
            18.89214,
            0
          ],
          [
            -99.22707,
            18.89219,
            0
          ],
          [
            -99.22726,
            18.89231,
            0
          ],
          [
            -99.22733,
            18.89235,
            0
          ],
          [
            -99.22735,
            18.89236,
            0
          ],
          [
            -99.22738,
            18.89238,
            0
          ],
          [
            -99.22739,
            18.89238,
            0
          ],
          [
            -99.22749,
            18.89244,
            0
          ],
          [
            -99.22759,
            18.8925,
            0
          ],
          [
            -99.22781,
            18.89265,
            0
          ],
          [
            -99.22798,
            18.89281,
            0
          ],
          [
            -99.22809,
            18.89298,
            0
          ],
          [
            -99.22819,
            18.89318,
            0
          ],
          [
            -99.22824,
            18.8933,
            0
          ],
          [
            -99.22825,
            18.89333,
            0
          ],
          [
            -99.22826,
            18.89336,
            0
          ],
          [
            -99.22831,
            18.89346,
            0
          ],
          [
            -99.22833,
            18.89347,
            0
          ],
          [
            -99.22836,
            18.8935,
            0
          ],
          [
            -99.22847,
            18.89375,
            0
          ],
          [
            -99.22851,
            18.89385,
            0
          ],
          [
            -99.22866,
            18.89419,
            0
          ],
          [
            -99.22883,
            18.89459,
            0
          ],
          [
            -99.2291,
            18.89518,
            0
          ],
          [
            -99.22911,
            18.89519,
            0
          ],
          [
            -99.2294,
            18.89582,
            0
          ],
          [
            -99.22955,
            18.89614,
            0
          ],
          [
            -99.22983,
            18.89672,
            0
          ],
          [
            -99.23004,
            18.89718,
            0
          ],
          [
            -99.23008,
            18.89726,
            0
          ],
          [
            -99.23019,
            18.89751,
            0
          ],
          [
            -99.23033,
            18.89782,
            0
          ],
          [
            -99.23056,
            18.89847,
            0
          ],
          [
            -99.23088,
            18.89942,
            0
          ],
          [
            -99.23105,
            18.89993,
            0
          ],
          [
            -99.23119,
            18.90043,
            0
          ],
          [
            -99.23133,
            18.90094,
            0
          ],
          [
            -99.23141,
            18.90127,
            0
          ],
          [
            -99.23143,
            18.90147,
            0
          ],
          [
            -99.23147,
            18.90192,
            0
          ],
          [
            -99.23154,
            18.90289,
            0
          ],
          [
            -99.23158,
            18.90329,
            0
          ],
          [
            -99.23161,
            18.90364,
            0
          ],
          [
            -99.23163,
            18.90386,
            0
          ],
          [
            -99.23168,
            18.90438,
            0
          ],
          [
            -99.23177,
            18.90501,
            0
          ],
          [
            -99.23187,
            18.90573,
            0
          ],
          [
            -99.23192,
            18.90597,
            0
          ],
          [
            -99.23193,
            18.90601,
            0
          ],
          [
            -99.23197,
            18.90626,
            0
          ],
          [
            -99.23202,
            18.90657,
            0
          ],
          [
            -99.23204,
            18.90666,
            0
          ],
          [
            -99.23206,
            18.90672,
            0
          ],
          [
            -99.23208,
            18.90682,
            0
          ],
          [
            -99.23219,
            18.90703,
            0
          ],
          [
            -99.23227,
            18.9072,
            0
          ],
          [
            -99.23247,
            18.90757,
            0
          ],
          [
            -99.23263,
            18.90787,
            0
          ],
          [
            -99.23316,
            18.90877,
            0
          ],
          [
            -99.23356,
            18.90944,
            0
          ],
          [
            -99.23385,
            18.90996,
            0
          ],
          [
            -99.23399,
            18.9102,
            0
          ],
          [
            -99.23402,
            18.91025,
            0
          ],
          [
            -99.23412,
            18.91042,
            0
          ],
          [
            -99.23418,
            18.91053,
            0
          ],
          [
            -99.23458,
            18.91121,
            0
          ],
          [
            -99.23511,
            18.91213,
            0
          ],
          [
            -99.23561,
            18.91299,
            0
          ],
          [
            -99.23593,
            18.91376,
            0
          ],
          [
            -99.23613,
            18.91422,
            0
          ],
          [
            -99.2365,
            18.91495,
            0
          ],
          [
            -99.23684,
            18.91568,
            0
          ],
          [
            -99.23701,
            18.91604,
            0
          ],
          [
            -99.23705,
            18.91626,
            0
          ],
          [
            -99.23709,
            18.91654,
            0
          ],
          [
            -99.2371,
            18.91656,
            0
          ],
          [
            -99.23712,
            18.91707,
            0
          ],
          [
            -99.23715,
            18.91724,
            0
          ],
          [
            -99.23722,
            18.91801,
            0
          ],
          [
            -99.23727,
            18.91875,
            0
          ],
          [
            -99.23727,
            18.91886,
            0
          ],
          [
            -99.23738,
            18.9196,
            0
          ],
          [
            -99.2374,
            18.91987,
            0
          ],
          [
            -99.23747,
            18.92059,
            0
          ],
          [
            -99.23755,
            18.92114,
            0
          ],
          [
            -99.2377,
            18.92204,
            0
          ],
          [
            -99.23778,
            18.9226,
            0
          ],
          [
            -99.23787,
            18.92328,
            0
          ],
          [
            -99.2379,
            18.92352,
            0
          ],
          [
            -99.23794,
            18.92386,
            0
          ],
          [
            -99.23801,
            18.92446,
            0
          ],
          [
            -99.23804,
            18.92465,
            0
          ],
          [
            -99.23811,
            18.92508,
            0
          ],
          [
            -99.23812,
            18.92514,
            0
          ],
          [
            -99.23814,
            18.9253,
            0
          ],
          [
            -99.23819,
            18.92564,
            0
          ],
          [
            -99.23822,
            18.92583,
            0
          ],
          [
            -99.23825,
            18.926,
            0
          ],
          [
            -99.23829,
            18.92632,
            0
          ],
          [
            -99.23833,
            18.9266,
            0
          ],
          [
            -99.23835,
            18.92685,
            0
          ],
          [
            -99.23836,
            18.92719,
            0
          ],
          [
            -99.23839,
            18.92748,
            0
          ],
          [
            -99.23858,
            18.92875,
            0
          ],
          [
            -99.23865,
            18.92912,
            0
          ],
          [
            -99.23865,
            18.92914,
            0
          ],
          [
            -99.2387,
            18.92932,
            0
          ],
          [
            -99.23899,
            18.93029,
            0
          ],
          [
            -99.23907,
            18.93071,
            0
          ],
          [
            -99.23926,
            18.93152,
            0
          ],
          [
            -99.23941,
            18.93205,
            0
          ],
          [
            -99.23946,
            18.93235,
            0
          ],
          [
            -99.23963,
            18.93308,
            0
          ],
          [
            -99.23965,
            18.9334,
            0
          ],
          [
            -99.23971,
            18.93424,
            0
          ],
          [
            -99.23975,
            18.93475,
            0
          ],
          [
            -99.23978,
            18.93498,
            0
          ],
          [
            -99.23982,
            18.93519,
            0
          ],
          [
            -99.23989,
            18.93543,
            0
          ],
          [
            -99.23993,
            18.93565,
            0
          ],
          [
            -99.24003,
            18.9361,
            0
          ],
          [
            -99.24018,
            18.93678,
            0
          ],
          [
            -99.2402,
            18.93694,
            0
          ],
          [
            -99.24024,
            18.93711,
            0
          ],
          [
            -99.24029,
            18.93727,
            0
          ],
          [
            -99.24036,
            18.93755,
            0
          ],
          [
            -99.24041,
            18.93768,
            0
          ],
          [
            -99.24046,
            18.93781,
            0
          ],
          [
            -99.2405,
            18.93789,
            0
          ],
          [
            -99.24066,
            18.93829,
            0
          ],
          [
            -99.24097,
            18.93907,
            0
          ],
          [
            -99.24123,
            18.93982,
            0
          ],
          [
            -99.24143,
            18.94026,
            0
          ],
          [
            -99.24179,
            18.94199,
            0
          ],
          [
            -99.24186,
            18.94226,
            0
          ],
          [
            -99.24196,
            18.94264,
            0
          ],
          [
            -99.24202,
            18.94279,
            0
          ],
          [
            -99.2421,
            18.94296,
            0
          ],
          [
            -99.24233,
            18.9434,
            0
          ],
          [
            -99.24249,
            18.94369,
            0
          ],
          [
            -99.24296,
            18.94485,
            0
          ],
          [
            -99.24318,
            18.94543,
            0
          ],
          [
            -99.24336,
            18.94591,
            0
          ],
          [
            -99.24349,
            18.94625,
            0
          ],
          [
            -99.24357,
            18.94645,
            0
          ],
          [
            -99.24361,
            18.94656,
            0
          ],
          [
            -99.24372,
            18.94683,
            0
          ],
          [
            -99.24396,
            18.94752,
            0
          ],
          [
            -99.244,
            18.94766,
            0
          ],
          [
            -99.24416,
            18.94812,
            0
          ],
          [
            -99.24436,
            18.94875,
            0
          ],
          [
            -99.24445,
            18.94911,
            0
          ],
          [
            -99.24454,
            18.94955,
            0
          ],
          [
            -99.24463,
            18.94985,
            0
          ],
          [
            -99.24464,
            18.94993,
            0
          ],
          [
            -99.24464,
            18.94998,
            0
          ],
          [
            -99.24463,
            18.95008,
            0
          ],
          [
            -99.24462,
            18.95009,
            0
          ],
          [
            -99.24461,
            18.9501,
            0
          ],
          [
            -99.24461,
            18.95011,
            0
          ],
          [
            -99.2446,
            18.95012,
            0
          ],
          [
            -99.2446,
            18.95013,
            0
          ],
          [
            -99.2446,
            18.95014,
            0
          ],
          [
            -99.2446,
            18.95015,
            0
          ],
          [
            -99.2446,
            18.95016,
            0
          ],
          [
            -99.2446,
            18.95017,
            0
          ],
          [
            -99.2446,
            18.95018,
            0
          ],
          [
            -99.2446,
            18.95019,
            0
          ],
          [
            -99.24461,
            18.95019,
            0
          ],
          [
            -99.24461,
            18.9502,
            0
          ],
          [
            -99.24461,
            18.95021,
            0
          ],
          [
            -99.24462,
            18.95022,
            0
          ],
          [
            -99.24463,
            18.95023,
            0
          ],
          [
            -99.24463,
            18.95024,
            0
          ],
          [
            -99.24464,
            18.95024,
            0
          ],
          [
            -99.24464,
            18.95025,
            0
          ],
          [
            -99.24465,
            18.95025,
            0
          ],
          [
            -99.24465,
            18.95026,
            0
          ],
          [
            -99.24466,
            18.95026,
            0
          ],
          [
            -99.24467,
            18.95027,
            0
          ],
          [
            -99.24468,
            18.95027,
            0
          ],
          [
            -99.24469,
            18.95027,
            0
          ],
          [
            -99.24476,
            18.95074,
            0
          ],
          [
            -99.24483,
            18.95128,
            0
          ],
          [
            -99.24484,
            18.95131,
            0
          ],
          [
            -99.24491,
            18.95185,
            0
          ],
          [
            -99.24498,
            18.9523,
            0
          ],
          [
            -99.24499,
            18.95235,
            0
          ],
          [
            -99.24504,
            18.95274,
            0
          ],
          [
            -99.24507,
            18.95289,
            0
          ],
          [
            -99.24512,
            18.95326,
            0
          ],
          [
            -99.2452,
            18.95385,
            0
          ],
          [
            -99.24521,
            18.95395,
            0
          ],
          [
            -99.24531,
            18.95463,
            0
          ],
          [
            -99.24535,
            18.95493,
            0
          ],
          [
            -99.24539,
            18.95515,
            0
          ],
          [
            -99.2454,
            18.95522,
            0
          ],
          [
            -99.24541,
            18.95529,
            0
          ],
          [
            -99.24544,
            18.95555,
            0
          ],
          [
            -99.24549,
            18.95598,
            0
          ],
          [
            -99.24555,
            18.95641,
            0
          ],
          [
            -99.24556,
            18.95651,
            0
          ],
          [
            -99.24571,
            18.95756,
            0
          ],
          [
            -99.24575,
            18.95785,
            0
          ],
          [
            -99.24587,
            18.95862,
            0
          ],
          [
            -99.24594,
            18.95907,
            0
          ],
          [
            -99.24606,
            18.95994,
            0
          ],
          [
            -99.24608,
            18.96011,
            0
          ],
          [
            -99.24611,
            18.96026,
            0
          ],
          [
            -99.24632,
            18.96162,
            0
          ],
          [
            -99.24635,
            18.9618,
            0
          ],
          [
            -99.24636,
            18.96187,
            0
          ],
          [
            -99.24651,
            18.96293,
            0
          ],
          [
            -99.24654,
            18.96326,
            0
          ],
          [
            -99.24655,
            18.96347,
            0
          ],
          [
            -99.24657,
            18.96358,
            0
          ],
          [
            -99.24673,
            18.9648,
            0
          ],
          [
            -99.24674,
            18.96509,
            0
          ],
          [
            -99.24672,
            18.96509,
            0
          ],
          [
            -99.24671,
            18.9651,
            0
          ],
          [
            -99.24669,
            18.96511,
            0
          ],
          [
            -99.24668,
            18.96512,
            0
          ],
          [
            -99.24667,
            18.96513,
            0
          ],
          [
            -99.24666,
            18.96514,
            0
          ],
          [
            -99.24665,
            18.96515,
            0
          ],
          [
            -99.24664,
            18.96516,
            0
          ],
          [
            -99.24664,
            18.96517,
            0
          ],
          [
            -99.24663,
            18.96518,
            0
          ],
          [
            -99.24663,
            18.9652,
            0
          ],
          [
            -99.24662,
            18.96521,
            0
          ],
          [
            -99.24662,
            18.96522,
            0
          ],
          [
            -99.24662,
            18.96524,
            0
          ],
          [
            -99.24662,
            18.96525,
            0
          ],
          [
            -99.24662,
            18.96528,
            0
          ],
          [
            -99.24662,
            18.96529,
            0
          ],
          [
            -99.24663,
            18.9653,
            0
          ],
          [
            -99.24663,
            18.96532,
            0
          ],
          [
            -99.24664,
            18.96533,
            0
          ],
          [
            -99.24664,
            18.96534,
            0
          ],
          [
            -99.24665,
            18.96535,
            0
          ],
          [
            -99.24666,
            18.96536,
            0
          ],
          [
            -99.24667,
            18.96538,
            0
          ],
          [
            -99.24668,
            18.96538,
            0
          ],
          [
            -99.24669,
            18.96539,
            0
          ],
          [
            -99.24671,
            18.9654,
            0
          ],
          [
            -99.24671,
            18.96541,
            0
          ],
          [
            -99.24673,
            18.96541,
            0
          ],
          [
            -99.24674,
            18.96542,
            0
          ],
          [
            -99.24675,
            18.96542,
            0
          ],
          [
            -99.24676,
            18.96542,
            0
          ],
          [
            -99.24678,
            18.96543,
            0
          ],
          [
            -99.24679,
            18.96543,
            0
          ],
          [
            -99.2468,
            18.96543,
            0
          ],
          [
            -99.24681,
            18.96543,
            0
          ],
          [
            -99.24688,
            18.96564,
            0
          ],
          [
            -99.24707,
            18.96634,
            0
          ],
          [
            -99.24725,
            18.9669,
            0
          ],
          [
            -99.24727,
            18.96696,
            0
          ],
          [
            -99.24741,
            18.96734,
            0
          ],
          [
            -99.24747,
            18.96744,
            0
          ],
          [
            -99.24749,
            18.96746,
            0
          ],
          [
            -99.24751,
            18.96747,
            0
          ],
          [
            -99.24752,
            18.96751,
            0
          ],
          [
            -99.24755,
            18.96757,
            0
          ],
          [
            -99.24759,
            18.96767,
            0
          ],
          [
            -99.24771,
            18.96799,
            0
          ],
          [
            -99.24777,
            18.96814,
            0
          ],
          [
            -99.2478,
            18.96821,
            0
          ],
          [
            -99.24785,
            18.96832,
            0
          ],
          [
            -99.24791,
            18.96847,
            0
          ],
          [
            -99.24799,
            18.96862,
            0
          ],
          [
            -99.24831,
            18.96925,
            0
          ],
          [
            -99.24841,
            18.96946,
            0
          ],
          [
            -99.24849,
            18.96959,
            0
          ],
          [
            -99.24865,
            18.96984,
            0
          ],
          [
            -99.24874,
            18.96997,
            0
          ],
          [
            -99.2488,
            18.97005,
            0
          ],
          [
            -99.24893,
            18.97023,
            0
          ],
          [
            -99.24908,
            18.97041,
            0
          ],
          [
            -99.24925,
            18.97055,
            0
          ],
          [
            -99.24944,
            18.9707,
            0
          ],
          [
            -99.24962,
            18.97082,
            0
          ],
          [
            -99.24975,
            18.9709,
            0
          ],
          [
            -99.25017,
            18.97116,
            0
          ],
          [
            -99.25069,
            18.97148,
            0
          ],
          [
            -99.25082,
            18.97156,
            0
          ],
          [
            -99.25162,
            18.97206,
            0
          ],
          [
            -99.2518,
            18.97219,
            0
          ],
          [
            -99.25184,
            18.97223,
            0
          ],
          [
            -99.25189,
            18.97229,
            0
          ],
          [
            -99.25193,
            18.97236,
            0
          ],
          [
            -99.25196,
            18.97247,
            0
          ],
          [
            -99.25198,
            18.97254,
            0
          ],
          [
            -99.25198,
            18.97266,
            0
          ],
          [
            -99.25197,
            18.97284,
            0
          ],
          [
            -99.25192,
            18.97305,
            0
          ],
          [
            -99.2519,
            18.97317,
            0
          ],
          [
            -99.25187,
            18.97329,
            0
          ],
          [
            -99.25183,
            18.97348,
            0
          ],
          [
            -99.25183,
            18.97368,
            0
          ],
          [
            -99.25182,
            18.97374,
            0
          ],
          [
            -99.25183,
            18.9738,
            0
          ],
          [
            -99.25188,
            18.97395,
            0
          ],
          [
            -99.25195,
            18.97405,
            0
          ],
          [
            -99.25202,
            18.97413,
            0
          ],
          [
            -99.2521,
            18.97421,
            0
          ],
          [
            -99.25234,
            18.97444,
            0
          ],
          [
            -99.25236,
            18.97447,
            0
          ],
          [
            -99.25239,
            18.97452,
            0
          ],
          [
            -99.25244,
            18.97459,
            0
          ],
          [
            -99.25247,
            18.97466,
            0
          ],
          [
            -99.25248,
            18.97474,
            0
          ],
          [
            -99.25248,
            18.97482,
            0
          ],
          [
            -99.25247,
            18.97492,
            0
          ],
          [
            -99.25243,
            18.97505,
            0
          ],
          [
            -99.25233,
            18.97533,
            0
          ],
          [
            -99.25228,
            18.97547,
            0
          ],
          [
            -99.25226,
            18.97562,
            0
          ],
          [
            -99.25227,
            18.9757,
            0
          ],
          [
            -99.25228,
            18.97577,
            0
          ],
          [
            -99.25231,
            18.97588,
            0
          ],
          [
            -99.25237,
            18.97597,
            0
          ],
          [
            -99.25241,
            18.97602,
            0
          ],
          [
            -99.25251,
            18.97611,
            0
          ],
          [
            -99.25259,
            18.97617,
            0
          ],
          [
            -99.2527,
            18.97624,
            0
          ],
          [
            -99.25302,
            18.97644,
            0
          ],
          [
            -99.25312,
            18.97651,
            0
          ],
          [
            -99.25317,
            18.97655,
            0
          ],
          [
            -99.25327,
            18.97664,
            0
          ],
          [
            -99.2533,
            18.97668,
            0
          ],
          [
            -99.25332,
            18.97672,
            0
          ],
          [
            -99.25333,
            18.97676,
            0
          ],
          [
            -99.25336,
            18.97684,
            0
          ],
          [
            -99.25337,
            18.97688,
            0
          ],
          [
            -99.25338,
            18.97697,
            0
          ],
          [
            -99.25338,
            18.97704,
            0
          ],
          [
            -99.25338,
            18.97718,
            0
          ],
          [
            -99.25338,
            18.97728,
            0
          ],
          [
            -99.25338,
            18.97734,
            0
          ],
          [
            -99.25338,
            18.9774,
            0
          ],
          [
            -99.25337,
            18.9776,
            0
          ],
          [
            -99.25354,
            18.9776,
            0
          ],
          [
            -99.25359,
            18.97759,
            0
          ],
          [
            -99.25361,
            18.97759,
            0
          ],
          [
            -99.25364,
            18.97758,
            0
          ],
          [
            -99.25366,
            18.97756,
            0
          ],
          [
            -99.25368,
            18.97756,
            0
          ],
          [
            -99.25369,
            18.97754,
            0
          ],
          [
            -99.2537,
            18.97752,
            0
          ],
          [
            -99.25371,
            18.97748,
            0
          ],
          [
            -99.25372,
            18.97745,
            0
          ],
          [
            -99.25372,
            18.97739,
            0
          ],
          [
            -99.2537,
            18.97729,
            0
          ],
          [
            -99.25368,
            18.97721,
            0
          ],
          [
            -99.25363,
            18.97707,
            0
          ],
          [
            -99.25371,
            18.97703,
            0
          ],
          [
            -99.25375,
            18.97702,
            0
          ],
          [
            -99.2538,
            18.97701,
            0
          ],
          [
            -99.25388,
            18.97699,
            0
          ],
          [
            -99.25395,
            18.97697,
            0
          ],
          [
            -99.25418,
            18.97694,
            0
          ],
          [
            -99.25414,
            18.97664,
            0
          ],
          [
            -99.254,
            18.97574,
            0
          ],
          [
            -99.25489,
            18.9757,
            0
          ],
          [
            -99.25546,
            18.97569,
            0
          ],
          [
            -99.25578,
            18.97569,
            0
          ],
          [
            -99.25636,
            18.97565,
            0
          ],
          [
            -99.25642,
            18.97565,
            0
          ],
          [
            -99.25668,
            18.97562,
            0
          ],
          [
            -99.25702,
            18.9756,
            0
          ],
          [
            -99.25759,
            18.97555,
            0
          ],
          [
            -99.2585,
            18.97548,
            0
          ],
          [
            -99.25858,
            18.97546,
            0
          ],
          [
            -99.25868,
            18.97545,
            0
          ],
          [
            -99.25874,
            18.97545,
            0
          ],
          [
            -99.25883,
            18.97546,
            0
          ],
          [
            -99.2589,
            18.97547,
            0
          ],
          [
            -99.25895,
            18.97549,
            0
          ],
          [
            -99.25897,
            18.9755,
            0
          ],
          [
            -99.25902,
            18.97551,
            0
          ],
          [
            -99.2591,
            18.97557,
            0
          ],
          [
            -99.25917,
            18.97562,
            0
          ],
          [
            -99.2593,
            18.97577,
            0
          ],
          [
            -99.25936,
            18.97583,
            0
          ],
          [
            -99.25941,
            18.97586,
            0
          ],
          [
            -99.25946,
            18.97587,
            0
          ],
          [
            -99.25951,
            18.97586,
            0
          ],
          [
            -99.25956,
            18.97585,
            0
          ],
          [
            -99.25962,
            18.9758,
            0
          ],
          [
            -99.25966,
            18.97575,
            0
          ],
          [
            -99.25969,
            18.97571,
            0
          ],
          [
            -99.25978,
            18.9754,
            0
          ],
          [
            -99.2598,
            18.97533,
            0
          ],
          [
            -99.25981,
            18.97531,
            0
          ],
          [
            -99.25983,
            18.97527,
            0
          ],
          [
            -99.25986,
            18.97522,
            0
          ],
          [
            -99.25989,
            18.97518,
            0
          ],
          [
            -99.26009,
            18.97499,
            0
          ],
          [
            -99.26014,
            18.97496,
            0
          ],
          [
            -99.26019,
            18.97493,
            0
          ],
          [
            -99.26026,
            18.97491,
            0
          ],
          [
            -99.26035,
            18.9749,
            0
          ],
          [
            -99.2605,
            18.97488,
            0
          ],
          [
            -99.26157,
            18.97476,
            0
          ],
          [
            -99.26178,
            18.97473,
            0
          ],
          [
            -99.26185,
            18.97473,
            0
          ]
        ]
      },
      "properties": {
        "description": {
          "@type": "html",
          "value": "descripción: <br>OID: 964<br>ZONA: CENTRO<br>RUTA: RUTA 3<br>ITINERARIO: 5.- SANTA MARÖA - BUENA VISTA - FRANCISCO VILLA.<br>DESCRIPCIO: Indicaciones de Claveles, San Miguel de La Uni¢n, Chiconcuac, Mor., M‚xico a Francisco Villa 52, Santa Mar¡a Ahuacatitl n, 62100 Cuernavaca, Mor., M‚xico<br>AUTO-AMPL: ITINERARIO<br>DEFIN-PROV: DEFINITIVOS<br>DURACION: DEFINITIVA<br>FOLIO: SGG/DGT/SDP/000528/1997"
        },
        "styleUrl": "#line-3949AB-1200",
        "stroke-opacity": 1,
        "stroke": "#3949ab",
        "stroke-width": 1.2,
        "descripción": "",
        "OID": "964",
        "ZONA": "CENTRO",
        "RUTA": "RUTA 3",
        "ITINERARIO": "5.- SANTA MARÖA - BUENA VISTA - FRANCISCO VILLA.",
        "DESCRIPCIO": "Indicaciones de Claveles, San Miguel de La Uni¢n, Chiconcuac, Mor., M‚xico a Francisco Villa 52, Santa Mar¡a Ahuacatitl n, 62100 Cuernavaca, Mor., M‚xico",
        "AUTO-AMPL": "ITINERARIO",
        "DEFIN-PROV": "DEFINITIVOS",
        "DURACION": "DEFINITIVA",
        "FOLIO": "SGG/DGT/SDP/000528/1997"
      }
    },
    {
      "type": "Feature",
      "geometry": {
        "type": "LineString",
        "coordinates": [
          [
            -99.25359,
            18.97759,
            0
          ],
          [
            -99.25361,
            18.97759,
            0
          ],
          [
            -99.25364,
            18.97758,
            0
          ],
          [
            -99.25366,
            18.97756,
            0
          ],
          [
            -99.25368,
            18.97756,
            0
          ],
          [
            -99.25369,
            18.97754,
            0
          ],
          [
            -99.2537,
            18.97752,
            0
          ],
          [
            -99.25371,
            18.97748,
            0
          ],
          [
            -99.25372,
            18.97745,
            0
          ],
          [
            -99.25372,
            18.97739,
            0
          ],
          [
            -99.2537,
            18.97729,
            0
          ],
          [
            -99.25368,
            18.97721,
            0
          ],
          [
            -99.25363,
            18.97707,
            0
          ],
          [
            -99.25371,
            18.97703,
            0
          ],
          [
            -99.25375,
            18.97702,
            0
          ],
          [
            -99.2538,
            18.97701,
            0
          ],
          [
            -99.25388,
            18.97699,
            0
          ],
          [
            -99.25395,
            18.97697,
            0
          ],
          [
            -99.25418,
            18.97694,
            0
          ],
          [
            -99.25446,
            18.97693,
            0
          ],
          [
            -99.25509,
            18.97691,
            0
          ],
          [
            -99.25521,
            18.97691,
            0
          ],
          [
            -99.25556,
            18.97689,
            0
          ],
          [
            -99.25595,
            18.97688,
            0
          ],
          [
            -99.25597,
            18.97688,
            0
          ],
          [
            -99.25645,
            18.97685,
            0
          ],
          [
            -99.25664,
            18.97684,
            0
          ],
          [
            -99.25667,
            18.97702,
            0
          ],
          [
            -99.25669,
            18.97712,
            0
          ],
          [
            -99.25669,
            18.97726,
            0
          ],
          [
            -99.25668,
            18.97734,
            0
          ],
          [
            -99.25663,
            18.9775,
            0
          ],
          [
            -99.25658,
            18.97769,
            0
          ],
          [
            -99.25653,
            18.97808,
            0
          ],
          [
            -99.25656,
            18.97824,
            0
          ],
          [
            -99.25658,
            18.97855,
            0
          ],
          [
            -99.25658,
            18.9786,
            0
          ],
          [
            -99.25657,
            18.97865,
            0
          ],
          [
            -99.25657,
            18.97868,
            0
          ],
          [
            -99.25646,
            18.97894,
            0
          ],
          [
            -99.25637,
            18.97918,
            0
          ],
          [
            -99.25631,
            18.97928,
            0
          ],
          [
            -99.25628,
            18.97939,
            0
          ],
          [
            -99.25628,
            18.97944,
            0
          ],
          [
            -99.25628,
            18.97954,
            0
          ],
          [
            -99.25629,
            18.97961,
            0
          ]
        ]
      },
      "properties": {
        "description": {
          "@type": "html",
          "value": "descripción: <br>OID: 1204<br>ZONA: CENTRO<br>RUTA: RUTA 3<br>ITINERARIO: AMPL. COL. SANTA ELENA DE LA CRUZ<br>DESCRIPCIO: COL. SANTA ELENA DE LA CRUZ<br>AUTO-AMPL: AMPLIACION<br>DEFIN-PROV: DEFINITIVOS<br>DURACION: DEFINITIVA<br>FOLIO: SG/DGT/SDP/3696/IX/2012"
        },
        "styleUrl": "#line-E65100-1200",
        "stroke-opacity": 1,
        "stroke": "#e65100",
        "stroke-width": 1.2,
        "descripción": "",
        "OID": "1204",
        "ZONA": "CENTRO",
        "RUTA": "RUTA 3",
        "ITINERARIO": "AMPL. COL. SANTA ELENA DE LA CRUZ",
        "DESCRIPCIO": "COL. SANTA ELENA DE LA CRUZ",
        "AUTO-AMPL": "AMPLIACION",
        "DEFIN-PROV": "DEFINITIVOS",
        "DURACION": "DEFINITIVA",
        "FOLIO": "SG/DGT/SDP/3696/IX/2012"
      }
    },
    {
      "type": "Feature",
      "geometry": {
        "type": "LineString",
        "coordinates": [
          [
            -99.25177,
            18.95474,
            0
          ],
          [
            -99.25264,
            18.95452,
            0
          ],
          [
            -99.25294,
            18.95444,
            0
          ],
          [
            -99.25344,
            18.95427,
            0
          ],
          [
            -99.25362,
            18.95421,
            0
          ],
          [
            -99.25367,
            18.9542,
            0
          ],
          [
            -99.25367,
            18.95421,
            0
          ],
          [
            -99.25368,
            18.95422,
            0
          ],
          [
            -99.25369,
            18.95423,
            0
          ],
          [
            -99.2537,
            18.95424,
            0
          ],
          [
            -99.25371,
            18.95425,
            0
          ],
          [
            -99.25372,
            18.95425,
            0
          ],
          [
            -99.25372,
            18.95426,
            0
          ],
          [
            -99.25373,
            18.95426,
            0
          ],
          [
            -99.25383,
            18.95434,
            0
          ],
          [
            -99.25387,
            18.95439,
            0
          ],
          [
            -99.25396,
            18.95451,
            0
          ],
          [
            -99.25404,
            18.95443,
            0
          ],
          [
            -99.2541,
            18.95452,
            0
          ],
          [
            -99.2543,
            18.9548,
            0
          ],
          [
            -99.25439,
            18.95488,
            0
          ],
          [
            -99.25446,
            18.95494,
            0
          ],
          [
            -99.25449,
            18.95497,
            0
          ],
          [
            -99.25461,
            18.95505,
            0
          ],
          [
            -99.25473,
            18.95512,
            0
          ],
          [
            -99.25492,
            18.95523,
            0
          ],
          [
            -99.25525,
            18.95543,
            0
          ],
          [
            -99.25558,
            18.95563,
            0
          ],
          [
            -99.25578,
            18.95576,
            0
          ],
          [
            -99.2559,
            18.95584,
            0
          ],
          [
            -99.25605,
            18.95593,
            0
          ],
          [
            -99.25607,
            18.95594,
            0
          ],
          [
            -99.25609,
            18.95594,
            0
          ],
          [
            -99.25622,
            18.95596,
            0
          ],
          [
            -99.25659,
            18.95601,
            0
          ],
          [
            -99.25671,
            18.95604,
            0
          ],
          [
            -99.25676,
            18.95605,
            0
          ],
          [
            -99.25689,
            18.95611,
            0
          ],
          [
            -99.25721,
            18.95628,
            0
          ],
          [
            -99.2575,
            18.95648,
            0
          ],
          [
            -99.25762,
            18.95656,
            0
          ],
          [
            -99.25767,
            18.95659,
            0
          ],
          [
            -99.25776,
            18.95666,
            0
          ],
          [
            -99.25788,
            18.95678,
            0
          ],
          [
            -99.25793,
            18.95685,
            0
          ],
          [
            -99.25798,
            18.9569,
            0
          ],
          [
            -99.25801,
            18.95693,
            0
          ],
          [
            -99.25858,
            18.95746,
            0
          ],
          [
            -99.25864,
            18.95751,
            0
          ],
          [
            -99.2587,
            18.95755,
            0
          ],
          [
            -99.25878,
            18.95759,
            0
          ],
          [
            -99.25885,
            18.95762,
            0
          ],
          [
            -99.25892,
            18.95766,
            0
          ],
          [
            -99.25897,
            18.95768,
            0
          ],
          [
            -99.25922,
            18.95791,
            0
          ],
          [
            -99.25945,
            18.95818,
            0
          ],
          [
            -99.25928,
            18.95833,
            0
          ],
          [
            -99.25914,
            18.95866,
            0
          ],
          [
            -99.25912,
            18.9587,
            0
          ],
          [
            -99.2591,
            18.95876,
            0
          ],
          [
            -99.25908,
            18.95883,
            0
          ],
          [
            -99.25908,
            18.95888,
            0
          ],
          [
            -99.25908,
            18.95894,
            0
          ],
          [
            -99.25908,
            18.959,
            0
          ],
          [
            -99.25909,
            18.95936,
            0
          ],
          [
            -99.25909,
            18.95938,
            0
          ],
          [
            -99.2591,
            18.9594,
            0
          ],
          [
            -99.2591,
            18.95943,
            0
          ],
          [
            -99.25912,
            18.95947,
            0
          ],
          [
            -99.25917,
            18.95957,
            0
          ],
          [
            -99.25932,
            18.95987,
            0
          ],
          [
            -99.25938,
            18.95996,
            0
          ],
          [
            -99.25942,
            18.96002,
            0
          ],
          [
            -99.25946,
            18.96007,
            0
          ],
          [
            -99.25954,
            18.96013,
            0
          ],
          [
            -99.2596,
            18.96018,
            0
          ],
          [
            -99.25977,
            18.9603,
            0
          ],
          [
            -99.25991,
            18.96037,
            0
          ],
          [
            -99.26023,
            18.96051,
            0
          ],
          [
            -99.26042,
            18.96061,
            0
          ],
          [
            -99.26043,
            18.96061,
            0
          ],
          [
            -99.26061,
            18.96068,
            0
          ],
          [
            -99.26079,
            18.96076,
            0
          ],
          [
            -99.26099,
            18.96086,
            0
          ],
          [
            -99.26115,
            18.96093,
            0
          ],
          [
            -99.26141,
            18.96102,
            0
          ],
          [
            -99.26149,
            18.96104,
            0
          ],
          [
            -99.26185,
            18.96111,
            0
          ],
          [
            -99.26195,
            18.96113,
            0
          ],
          [
            -99.26223,
            18.9612,
            0
          ],
          [
            -99.26233,
            18.96123,
            0
          ],
          [
            -99.26238,
            18.96125,
            0
          ],
          [
            -99.26286,
            18.96157,
            0
          ],
          [
            -99.26287,
            18.96157,
            0
          ],
          [
            -99.26303,
            18.96166,
            0
          ],
          [
            -99.26311,
            18.9617,
            0
          ],
          [
            -99.26331,
            18.96177,
            0
          ],
          [
            -99.26357,
            18.96184,
            0
          ],
          [
            -99.26368,
            18.96187,
            0
          ],
          [
            -99.26372,
            18.96187,
            0
          ],
          [
            -99.26387,
            18.96189,
            0
          ],
          [
            -99.26417,
            18.96191,
            0
          ],
          [
            -99.26441,
            18.96189,
            0
          ],
          [
            -99.26453,
            18.96187,
            0
          ],
          [
            -99.26455,
            18.96187,
            0
          ],
          [
            -99.26456,
            18.96186,
            0
          ],
          [
            -99.2646,
            18.96185,
            0
          ],
          [
            -99.26462,
            18.96184,
            0
          ],
          [
            -99.26465,
            18.96182,
            0
          ],
          [
            -99.26467,
            18.96181,
            0
          ],
          [
            -99.26474,
            18.96171,
            0
          ],
          [
            -99.26495,
            18.96134,
            0
          ],
          [
            -99.26506,
            18.96112,
            0
          ],
          [
            -99.26515,
            18.96092,
            0
          ],
          [
            -99.2653,
            18.9606,
            0
          ],
          [
            -99.26536,
            18.96051,
            0
          ],
          [
            -99.26543,
            18.96042,
            0
          ],
          [
            -99.26571,
            18.9601,
            0
          ],
          [
            -99.2659,
            18.95989,
            0
          ],
          [
            -99.26607,
            18.95969,
            0
          ],
          [
            -99.26609,
            18.95972,
            0
          ],
          [
            -99.26611,
            18.95973,
            0
          ],
          [
            -99.26612,
            18.95974,
            0
          ],
          [
            -99.26613,
            18.95974,
            0
          ],
          [
            -99.2662,
            18.95976,
            0
          ],
          [
            -99.26626,
            18.95968,
            0
          ],
          [
            -99.26623,
            18.95966,
            0
          ],
          [
            -99.2662,
            18.95962,
            0
          ],
          [
            -99.26617,
            18.95958,
            0
          ],
          [
            -99.26607,
            18.95951,
            0
          ],
          [
            -99.26573,
            18.95915,
            0
          ],
          [
            -99.26526,
            18.95861,
            0
          ],
          [
            -99.26479,
            18.9581,
            0
          ],
          [
            -99.26464,
            18.95795,
            0
          ],
          [
            -99.26446,
            18.95776,
            0
          ],
          [
            -99.26413,
            18.95742,
            0
          ],
          [
            -99.26398,
            18.95737,
            0
          ],
          [
            -99.26389,
            18.95736,
            0
          ],
          [
            -99.26375,
            18.95733,
            0
          ],
          [
            -99.26341,
            18.95728,
            0
          ],
          [
            -99.26333,
            18.95726,
            0
          ],
          [
            -99.26332,
            18.95726,
            0
          ],
          [
            -99.26313,
            18.95723,
            0
          ],
          [
            -99.26288,
            18.95719,
            0
          ],
          [
            -99.26267,
            18.95715,
            0
          ],
          [
            -99.26239,
            18.9571,
            0
          ],
          [
            -99.26191,
            18.95702,
            0
          ],
          [
            -99.26181,
            18.957,
            0
          ],
          [
            -99.26175,
            18.95697,
            0
          ],
          [
            -99.2617,
            18.95693,
            0
          ],
          [
            -99.26134,
            18.95668,
            0
          ],
          [
            -99.26095,
            18.9564,
            0
          ],
          [
            -99.26055,
            18.95612,
            0
          ],
          [
            -99.26015,
            18.95589,
            0
          ],
          [
            -99.25986,
            18.95574,
            0
          ],
          [
            -99.25936,
            18.95548,
            0
          ],
          [
            -99.25899,
            18.95524,
            0
          ],
          [
            -99.25899,
            18.95523,
            0
          ],
          [
            -99.25898,
            18.95523,
            0
          ],
          [
            -99.25898,
            18.95522,
            0
          ],
          [
            -99.25897,
            18.95522,
            0
          ],
          [
            -99.25897,
            18.95521,
            0
          ],
          [
            -99.25896,
            18.95521,
            0
          ],
          [
            -99.25896,
            18.9552,
            0
          ],
          [
            -99.25895,
            18.9552,
            0
          ],
          [
            -99.25894,
            18.9552,
            0
          ],
          [
            -99.25893,
            18.9552,
            0
          ],
          [
            -99.25893,
            18.95519,
            0
          ],
          [
            -99.25892,
            18.95519,
            0
          ],
          [
            -99.25891,
            18.95519,
            0
          ],
          [
            -99.2589,
            18.95519,
            0
          ],
          [
            -99.2589,
            18.9552,
            0
          ],
          [
            -99.25889,
            18.9552,
            0
          ],
          [
            -99.25888,
            18.9552,
            0
          ],
          [
            -99.25874,
            18.95516,
            0
          ],
          [
            -99.25854,
            18.95504,
            0
          ],
          [
            -99.25825,
            18.95488,
            0
          ],
          [
            -99.25813,
            18.95481,
            0
          ],
          [
            -99.25793,
            18.9547,
            0
          ],
          [
            -99.25771,
            18.95456,
            0
          ],
          [
            -99.25765,
            18.95453,
            0
          ],
          [
            -99.25736,
            18.95437,
            0
          ],
          [
            -99.25724,
            18.95429,
            0
          ],
          [
            -99.25707,
            18.9542,
            0
          ],
          [
            -99.25693,
            18.95412,
            0
          ],
          [
            -99.25677,
            18.95403,
            0
          ],
          [
            -99.25658,
            18.95392,
            0
          ],
          [
            -99.25655,
            18.9539,
            0
          ],
          [
            -99.2565,
            18.95387,
            0
          ],
          [
            -99.25644,
            18.95382,
            0
          ],
          [
            -99.25637,
            18.95375,
            0
          ],
          [
            -99.25624,
            18.95363,
            0
          ],
          [
            -99.25622,
            18.9536,
            0
          ],
          [
            -99.25607,
            18.95343,
            0
          ],
          [
            -99.25604,
            18.95339,
            0
          ],
          [
            -99.25577,
            18.95304,
            0
          ],
          [
            -99.25573,
            18.95299,
            0
          ],
          [
            -99.25546,
            18.95263,
            0
          ],
          [
            -99.25538,
            18.95252,
            0
          ],
          [
            -99.25526,
            18.95226,
            0
          ],
          [
            -99.2551,
            18.95194,
            0
          ],
          [
            -99.25504,
            18.95178,
            0
          ],
          [
            -99.25495,
            18.95161,
            0
          ],
          [
            -99.25493,
            18.95158,
            0
          ],
          [
            -99.25492,
            18.95155,
            0
          ],
          [
            -99.25488,
            18.95152,
            0
          ],
          [
            -99.25474,
            18.95142,
            0
          ],
          [
            -99.25452,
            18.95124,
            0
          ],
          [
            -99.25433,
            18.95109,
            0
          ],
          [
            -99.25415,
            18.95094,
            0
          ],
          [
            -99.25378,
            18.95066,
            0
          ],
          [
            -99.25341,
            18.95039,
            0
          ],
          [
            -99.25321,
            18.95023,
            0
          ],
          [
            -99.25315,
            18.95019,
            0
          ],
          [
            -99.25303,
            18.95011,
            0
          ],
          [
            -99.25259,
            18.9499,
            0
          ],
          [
            -99.25218,
            18.94969,
            0
          ],
          [
            -99.25186,
            18.94953,
            0
          ],
          [
            -99.25176,
            18.94948,
            0
          ],
          [
            -99.25156,
            18.94986,
            0
          ],
          [
            -99.25147,
            18.95008,
            0
          ],
          [
            -99.25146,
            18.95009,
            0
          ],
          [
            -99.25146,
            18.9501,
            0
          ],
          [
            -99.25145,
            18.9501,
            0
          ],
          [
            -99.25144,
            18.95011,
            0
          ],
          [
            -99.25142,
            18.95012,
            0
          ],
          [
            -99.25141,
            18.95012,
            0
          ],
          [
            -99.2514,
            18.95012,
            0
          ],
          [
            -99.25138,
            18.95012,
            0
          ],
          [
            -99.25118,
            18.95004,
            0
          ],
          [
            -99.25117,
            18.94966,
            0
          ],
          [
            -99.25111,
            18.94946,
            0
          ],
          [
            -99.25106,
            18.94925,
            0
          ],
          [
            -99.25104,
            18.94918,
            0
          ],
          [
            -99.25101,
            18.94909,
            0
          ],
          [
            -99.2509,
            18.94881,
            0
          ],
          [
            -99.25088,
            18.94876,
            0
          ],
          [
            -99.25085,
            18.94868,
            0
          ],
          [
            -99.2508,
            18.94851,
            0
          ]
        ]
      },
      "properties": {
        "description": {
          "@type": "html",
          "value": "descripción: <br>OID: 1303<br>ZONA: CENTRO<br>RUTA: RUTA 3<br>ITINERARIO: AMPL. FRACC. LOMAS DE AHUATLAN<br>DESCRIPCIO: Indicaciones de Calz. de Los Reyes 20G, Real Tetela, 62158 Cuernavaca, Mor., M‚xico a Amates 77, Lomas de Ahuatlan, 62158 Fraccionamiento Lomas de Ahuatl n, Mor., M‚xico<br>AUTO-AMPL: AMPLIACION<br>DEFIN-PROV: DEFINITIVOS<br>DURACION: DEFINITIVA<br>FOLIO: SGG/DGT/SDP/002122/98<br>SGG/DGTT/DG/1844/99<br>SG/DGT/SDP/807/2001<br>SG/DGT/SDP/3695/IX/2012"
        },
        "styleUrl": "#line-006064-1200",
        "stroke-opacity": 1,
        "stroke": "#006064",
        "stroke-width": 1.2,
        "descripción": "",
        "OID": "1303",
        "ZONA": "CENTRO",
        "RUTA": "RUTA 3",
        "ITINERARIO": "AMPL. FRACC. LOMAS DE AHUATLAN",
        "DESCRIPCIO": "Indicaciones de Calz. de Los Reyes 20G, Real Tetela, 62158 Cuernavaca, Mor., M‚xico a Amates 77, Lomas de Ahuatlan, 62158 Fraccionamiento Lomas de Ahuatl n, Mor., M‚xico",
        "AUTO-AMPL": "AMPLIACION",
        "DEFIN-PROV": "DEFINITIVOS",
        "DURACION": "DEFINITIVA",
        "FOLIO": "SGG/DGT/SDP/002122/98\nSGG/DGTT/DG/1844/99\nSG/DGT/SDP/807/2001\nSG/DGT/SDP/3695/IX/2012"
      }
    }
  ]
}