{
  "type": "FeatureCollection",
  "features": [
    {
      "type": "Feature",
      "geometry": {
        "type": "LineString",
        "coordinates": [
          [
            -99.24635,
            18.90973,
            0
          ],
          [
            -99.24624,
            18.9095,
            0
          ],
          [
            -99.24614,
            18.90932,
            0
          ],
          [
            -99.24573,
            18.90869,
            0
          ],
          [
            -99.24568,
            18.9086,
            0
          ],
          [
            -99.24524,
            18.90792,
            0
          ],
          [
            -99.24515,
            18.90776,
            0
          ],
          [
            -99.24509,
            18.90767,
            0
          ],
          [
            -99.24485,
            18.90727,
            0
          ],
          [
            -99.24469,
            18.90704,
            0
          ],
          [
            -99.24463,
            18.90695,
            0
          ],
          [
            -99.24439,
            18.90667,
            0
          ],
          [
            -99.24428,
            18.90654,
            0
          ],
          [
            -99.24394,
            18.90617,
            0
          ],
          [
            -99.24354,
            18.90574,
            0
          ],
          [
            -99.24336,
            18.90553,
            0
          ],
          [
            -99.24326,
            18.90539,
            0
          ],
          [
            -99.24294,
            18.90492,
            0
          ],
          [
            -99.24251,
            18.90436,
            0
          ],
          [
            -99.24238,
            18.9042,
            0
          ],
          [
            -99.24232,
            18.90413,
            0
          ],
          [
            -99.24215,
            18.90391,
            0
          ],
          [
            -99.24208,
            18.90383,
            0
          ],
          [
            -99.24192,
            18.90362,
            0
          ],
          [
            -99.24173,
            18.90338,
            0
          ],
          [
            -99.24127,
            18.9037,
            0
          ],
          [
            -99.24112,
            18.90381,
            0
          ],
          [
            -99.24098,
            18.90391,
            0
          ],
          [
            -99.24043,
            18.90322,
            0
          ],
          [
            -99.2402,
            18.90293,
            0
          ],
          [
            -99.24015,
            18.90287,
            0
          ],
          [
            -99.24012,
            18.90281,
            0
          ],
          [
            -99.24012,
            18.90274,
            0
          ],
          [
            -99.2401,
            18.9027,
            0
          ],
          [
            -99.24004,
            18.90261,
            0
          ],
          [
            -99.23996,
            18.9025,
            0
          ],
          [
            -99.23979,
            18.90229,
            0
          ],
          [
            -99.23967,
            18.90214,
            0
          ],
          [
            -99.23966,
            18.90213,
            0
          ],
          [
            -99.23956,
            18.902,
            0
          ],
          [
            -99.23944,
            18.90186,
            0
          ],
          [
            -99.23933,
            18.90171,
            0
          ],
          [
            -99.23921,
            18.90157,
            0
          ],
          [
            -99.23898,
            18.90127,
            0
          ],
          [
            -99.23886,
            18.90113,
            0
          ],
          [
            -99.23875,
            18.90099,
            0
          ],
          [
            -99.23864,
            18.90084,
            0
          ],
          [
            -99.23852,
            18.9007,
            0
          ],
          [
            -99.2383,
            18.90041,
            0
          ],
          [
            -99.23804,
            18.90008,
            0
          ],
          [
            -99.23797,
            18.90007,
            0
          ],
          [
            -99.23786,
            18.90002,
            0
          ],
          [
            -99.23794,
            18.89998,
            0
          ],
          [
            -99.23804,
            18.89996,
            0
          ],
          [
            -99.23814,
            18.89993,
            0
          ],
          [
            -99.23821,
            18.89992,
            0
          ],
          [
            -99.23831,
            18.8999,
            0
          ],
          [
            -99.23838,
            18.8999,
            0
          ],
          [
            -99.23841,
            18.8999,
            0
          ],
          [
            -99.23847,
            18.8999,
            0
          ],
          [
            -99.2385,
            18.8999,
            0
          ],
          [
            -99.23851,
            18.8999,
            0
          ],
          [
            -99.23853,
            18.89989,
            0
          ],
          [
            -99.23854,
            18.89989,
            0
          ],
          [
            -99.23855,
            18.89988,
            0
          ],
          [
            -99.23856,
            18.89988,
            0
          ],
          [
            -99.23858,
            18.89984,
            0
          ],
          [
            -99.23865,
            18.89972,
            0
          ],
          [
            -99.2387,
            18.89963,
            0
          ],
          [
            -99.23872,
            18.8996,
            0
          ],
          [
            -99.23874,
            18.89957,
            0
          ],
          [
            -99.23875,
            18.89954,
            0
          ],
          [
            -99.23877,
            18.8995,
            0
          ],
          [
            -99.23878,
            18.89949,
            0
          ],
          [
            -99.23879,
            18.89947,
            0
          ],
          [
            -99.23883,
            18.89945,
            0
          ],
          [
            -99.23895,
            18.89939,
            0
          ],
          [
            -99.23883,
            18.89945,
            0
          ],
          [
            -99.23879,
            18.89947,
            0
          ],
          [
            -99.23878,
            18.89949,
            0
          ],
          [
            -99.23877,
            18.8995,
            0
          ],
          [
            -99.23875,
            18.89954,
            0
          ],
          [
            -99.23874,
            18.89957,
            0
          ],
          [
            -99.23872,
            18.8996,
            0
          ],
          [
            -99.2387,
            18.89963,
            0
          ],
          [
            -99.23865,
            18.89972,
            0
          ],
          [
            -99.23858,
            18.89984,
            0
          ],
          [
            -99.23856,
            18.89988,
            0
          ],
          [
            -99.23855,
            18.89988,
            0
          ],
          [
            -99.23854,
            18.89989,
            0
          ],
          [
            -99.23853,
            18.89989,
            0
          ],
          [
            -99.23851,
            18.8999,
            0
          ],
          [
            -99.2385,
            18.8999,
            0
          ],
          [
            -99.23847,
            18.8999,
            0
          ],
          [
            -99.23841,
            18.8999,
            0
          ],
          [
            -99.23838,
            18.8999,
            0
          ],
          [
            -99.23831,
            18.8999,
            0
          ],
          [
            -99.23821,
            18.89992,
            0
          ],
          [
            -99.23814,
            18.89993,
            0
          ],
          [
            -99.23804,
            18.89996,
            0
          ],
          [
            -99.23794,
            18.89998,
            0
          ],
          [
            -99.23786,
            18.90002,
            0
          ],
          [
            -99.23797,
            18.90007,
            0
          ],
          [
            -99.23798,
            18.90011,
            0
          ],
          [
            -99.238,
            18.90017,
            0
          ],
          [
            -99.23823,
            18.90047,
            0
          ],
          [
            -99.23846,
            18.90075,
            0
          ],
          [
            -99.23869,
            18.90104,
            0
          ],
          [
            -99.2388,
            18.90118,
            0
          ],
          [
            -99.23915,
            18.90161,
            0
          ],
          [
            -99.23939,
            18.9019,
            0
          ],
          [
            -99.2395,
            18.90204,
            0
          ],
          [
            -99.2396,
            18.90216,
            0
          ],
          [
            -99.23973,
            18.90234,
            0
          ],
          [
            -99.24006,
            18.90278,
            0
          ],
          [
            -99.24012,
            18.90281,
            0
          ],
          [
            -99.24015,
            18.90287,
            0
          ],
          [
            -99.2402,
            18.90293,
            0
          ],
          [
            -99.24043,
            18.90322,
            0
          ],
          [
            -99.24098,
            18.90391,
            0
          ],
          [
            -99.24109,
            18.90406,
            0
          ],
          [
            -99.24144,
            18.9045,
            0
          ],
          [
            -99.24182,
            18.90498,
            0
          ],
          [
            -99.24196,
            18.90517,
            0
          ],
          [
            -99.24214,
            18.90538,
            0
          ],
          [
            -99.24225,
            18.90552,
            0
          ],
          [
            -99.24233,
            18.90569,
            0
          ],
          [
            -99.24237,
            18.9058,
            0
          ],
          [
            -99.2424,
            18.90593,
            0
          ],
          [
            -99.24242,
            18.90606,
            0
          ],
          [
            -99.24239,
            18.90618,
            0
          ],
          [
            -99.24232,
            18.90642,
            0
          ],
          [
            -99.24224,
            18.90669,
            0
          ],
          [
            -99.2422,
            18.90684,
            0
          ],
          [
            -99.24209,
            18.90717,
            0
          ],
          [
            -99.24209,
            18.9072,
            0
          ],
          [
            -99.24208,
            18.90724,
            0
          ],
          [
            -99.24208,
            18.90731,
            0
          ],
          [
            -99.2421,
            18.90737,
            0
          ],
          [
            -99.2421,
            18.90738,
            0
          ],
          [
            -99.24212,
            18.90741,
            0
          ],
          [
            -99.24214,
            18.90746,
            0
          ],
          [
            -99.24216,
            18.9075,
            0
          ],
          [
            -99.24218,
            18.90752,
            0
          ],
          [
            -99.24231,
            18.90764,
            0
          ],
          [
            -99.24271,
            18.90798,
            0
          ],
          [
            -99.2429,
            18.90816,
            0
          ],
          [
            -99.24306,
            18.90827,
            0
          ],
          [
            -99.2431,
            18.90832,
            0
          ],
          [
            -99.24313,
            18.90836,
            0
          ],
          [
            -99.24316,
            18.90842,
            0
          ],
          [
            -99.24318,
            18.90848,
            0
          ],
          [
            -99.24319,
            18.90856,
            0
          ],
          [
            -99.24319,
            18.90867,
            0
          ],
          [
            -99.24316,
            18.90881,
            0
          ],
          [
            -99.24307,
            18.90913,
            0
          ],
          [
            -99.24305,
            18.90921,
            0
          ],
          [
            -99.243,
            18.90939,
            0
          ],
          [
            -99.243,
            18.90949,
            0
          ],
          [
            -99.24303,
            18.90964,
            0
          ],
          [
            -99.24304,
            18.90965,
            0
          ],
          [
            -99.2433,
            18.91023,
            0
          ],
          [
            -99.2433,
            18.9103,
            0
          ],
          [
            -99.24329,
            18.91035,
            0
          ],
          [
            -99.24327,
            18.91039,
            0
          ],
          [
            -99.24325,
            18.91043,
            0
          ],
          [
            -99.24322,
            18.91046,
            0
          ],
          [
            -99.24319,
            18.91047,
            0
          ],
          [
            -99.24316,
            18.91048,
            0
          ],
          [
            -99.24314,
            18.91048,
            0
          ],
          [
            -99.24313,
            18.91047,
            0
          ],
          [
            -99.24311,
            18.91047,
            0
          ],
          [
            -99.24307,
            18.91044,
            0
          ],
          [
            -99.24302,
            18.91041,
            0
          ],
          [
            -99.24299,
            18.91038,
            0
          ],
          [
            -99.24279,
            18.91012,
            0
          ],
          [
            -99.24256,
            18.90975,
            0
          ],
          [
            -99.24252,
            18.90968,
            0
          ],
          [
            -99.24242,
            18.90946,
            0
          ],
          [
            -99.24231,
            18.90911,
            0
          ],
          [
            -99.24228,
            18.90904,
            0
          ],
          [
            -99.24225,
            18.909,
            0
          ],
          [
            -99.24216,
            18.90892,
            0
          ],
          [
            -99.24207,
            18.90886,
            0
          ],
          [
            -99.24197,
            18.90879,
            0
          ],
          [
            -99.24191,
            18.90875,
            0
          ],
          [
            -99.24179,
            18.90872,
            0
          ],
          [
            -99.24163,
            18.90871,
            0
          ],
          [
            -99.24149,
            18.90875,
            0
          ],
          [
            -99.24136,
            18.9088,
            0
          ],
          [
            -99.24128,
            18.90881,
            0
          ],
          [
            -99.24123,
            18.90881,
            0
          ],
          [
            -99.2412,
            18.90881,
            0
          ],
          [
            -99.24117,
            18.9088,
            0
          ],
          [
            -99.24113,
            18.90879,
            0
          ],
          [
            -99.24107,
            18.90873,
            0
          ],
          [
            -99.24105,
            18.90871,
            0
          ],
          [
            -99.24101,
            18.90866,
            0
          ],
          [
            -99.241,
            18.90862,
            0
          ],
          [
            -99.24099,
            18.90859,
            0
          ],
          [
            -99.24099,
            18.90856,
            0
          ],
          [
            -99.24101,
            18.90847,
            0
          ],
          [
            -99.24102,
            18.90841,
            0
          ],
          [
            -99.24104,
            18.90826,
            0
          ],
          [
            -99.24104,
            18.90823,
            0
          ],
          [
            -99.24104,
            18.90821,
            0
          ],
          [
            -99.24103,
            18.90819,
            0
          ],
          [
            -99.24102,
            18.90818,
            0
          ],
          [
            -99.24101,
            18.90817,
            0
          ],
          [
            -99.24101,
            18.90816,
            0
          ],
          [
            -99.241,
            18.90816,
            0
          ],
          [
            -99.24099,
            18.90816,
            0
          ],
          [
            -99.24098,
            18.90816,
            0
          ],
          [
            -99.24096,
            18.90817,
            0
          ],
          [
            -99.24094,
            18.90818,
            0
          ],
          [
            -99.2409,
            18.90821,
            0
          ],
          [
            -99.24086,
            18.90821,
            0
          ],
          [
            -99.24082,
            18.90822,
            0
          ],
          [
            -99.24078,
            18.90823,
            0
          ],
          [
            -99.24075,
            18.90824,
            0
          ],
          [
            -99.2407,
            18.90827,
            0
          ],
          [
            -99.24052,
            18.90805,
            0
          ],
          [
            -99.24046,
            18.908,
            0
          ],
          [
            -99.24039,
            18.90795,
            0
          ],
          [
            -99.24031,
            18.90791,
            0
          ],
          [
            -99.24022,
            18.90789,
            0
          ],
          [
            -99.24013,
            18.90788,
            0
          ],
          [
            -99.23984,
            18.90786,
            0
          ],
          [
            -99.23946,
            18.90783,
            0
          ],
          [
            -99.2392,
            18.90785,
            0
          ],
          [
            -99.23909,
            18.90789,
            0
          ],
          [
            -99.23908,
            18.90789,
            0
          ],
          [
            -99.23904,
            18.9079,
            0
          ],
          [
            -99.23899,
            18.90793,
            0
          ],
          [
            -99.23894,
            18.90796,
            0
          ],
          [
            -99.23889,
            18.90799,
            0
          ],
          [
            -99.23886,
            18.90802,
            0
          ],
          [
            -99.23882,
            18.90806,
            0
          ],
          [
            -99.2388,
            18.90813,
            0
          ],
          [
            -99.23878,
            18.90821,
            0
          ],
          [
            -99.23878,
            18.90826,
            0
          ],
          [
            -99.23876,
            18.90837,
            0
          ],
          [
            -99.23877,
            18.90842,
            0
          ],
          [
            -99.23877,
            18.90846,
            0
          ],
          [
            -99.23878,
            18.90852,
            0
          ],
          [
            -99.23879,
            18.90856,
            0
          ],
          [
            -99.23867,
            18.90873,
            0
          ],
          [
            -99.23861,
            18.90886,
            0
          ],
          [
            -99.2386,
            18.90889,
            0
          ],
          [
            -99.23859,
            18.90895,
            0
          ],
          [
            -99.2386,
            18.90907,
            0
          ],
          [
            -99.23863,
            18.90919,
            0
          ],
          [
            -99.23864,
            18.90922,
            0
          ],
          [
            -99.23866,
            18.90926,
            0
          ],
          [
            -99.23869,
            18.9093,
            0
          ],
          [
            -99.23881,
            18.90938,
            0
          ],
          [
            -99.23887,
            18.90944,
            0
          ],
          [
            -99.23892,
            18.90949,
            0
          ],
          [
            -99.23894,
            18.90953,
            0
          ],
          [
            -99.23894,
            18.90958,
            0
          ],
          [
            -99.23894,
            18.9096,
            0
          ],
          [
            -99.23892,
            18.90966,
            0
          ],
          [
            -99.23886,
            18.9097,
            0
          ],
          [
            -99.23884,
            18.9097,
            0
          ],
          [
            -99.23881,
            18.90971,
            0
          ],
          [
            -99.23877,
            18.90971,
            0
          ],
          [
            -99.23873,
            18.9097,
            0
          ],
          [
            -99.23869,
            18.90968,
            0
          ],
          [
            -99.23866,
            18.90966,
            0
          ],
          [
            -99.23864,
            18.90964,
            0
          ],
          [
            -99.23861,
            18.9096,
            0
          ],
          [
            -99.2386,
            18.90956,
            0
          ],
          [
            -99.23859,
            18.90951,
            0
          ],
          [
            -99.23858,
            18.90945,
            0
          ],
          [
            -99.23852,
            18.90927,
            0
          ],
          [
            -99.23849,
            18.9092,
            0
          ],
          [
            -99.23843,
            18.90909,
            0
          ],
          [
            -99.23835,
            18.90896,
            0
          ],
          [
            -99.23833,
            18.90894,
            0
          ],
          [
            -99.23825,
            18.90884,
            0
          ],
          [
            -99.2382,
            18.90879,
            0
          ],
          [
            -99.23814,
            18.90877,
            0
          ],
          [
            -99.2381,
            18.90875,
            0
          ],
          [
            -99.23803,
            18.90874,
            0
          ],
          [
            -99.238,
            18.90877,
            0
          ],
          [
            -99.23798,
            18.9088,
            0
          ],
          [
            -99.23798,
            18.90884,
            0
          ],
          [
            -99.23797,
            18.90888,
            0
          ],
          [
            -99.23798,
            18.90895,
            0
          ],
          [
            -99.23799,
            18.90901,
            0
          ],
          [
            -99.23807,
            18.90918,
            0
          ],
          [
            -99.23809,
            18.90923,
            0
          ],
          [
            -99.23824,
            18.90948,
            0
          ],
          [
            -99.23827,
            18.90955,
            0
          ],
          [
            -99.2383,
            18.90962,
            0
          ],
          [
            -99.23831,
            18.90967,
            0
          ],
          [
            -99.23835,
            18.90981,
            0
          ],
          [
            -99.23837,
            18.90989,
            0
          ],
          [
            -99.23837,
            18.90995,
            0
          ],
          [
            -99.23837,
            18.90999,
            0
          ],
          [
            -99.23836,
            18.91004,
            0
          ],
          [
            -99.23834,
            18.91011,
            0
          ],
          [
            -99.23825,
            18.91028,
            0
          ],
          [
            -99.23798,
            18.91067,
            0
          ],
          [
            -99.23796,
            18.9107,
            0
          ],
          [
            -99.23788,
            18.91083,
            0
          ],
          [
            -99.23786,
            18.91088,
            0
          ],
          [
            -99.23785,
            18.91107,
            0
          ],
          [
            -99.23788,
            18.9117,
            0
          ],
          [
            -99.23787,
            18.91174,
            0
          ],
          [
            -99.23786,
            18.91184,
            0
          ],
          [
            -99.23783,
            18.91197,
            0
          ],
          [
            -99.2378,
            18.91208,
            0
          ],
          [
            -99.23779,
            18.91225,
            0
          ],
          [
            -99.2378,
            18.91263,
            0
          ],
          [
            -99.2378,
            18.91279,
            0
          ],
          [
            -99.23776,
            18.91351,
            0
          ],
          [
            -99.23774,
            18.91363,
            0
          ],
          [
            -99.23773,
            18.91368,
            0
          ],
          [
            -99.23771,
            18.91371,
            0
          ],
          [
            -99.2375,
            18.91393,
            0
          ],
          [
            -99.23749,
            18.91393,
            0
          ],
          [
            -99.23728,
            18.91416,
            0
          ],
          [
            -99.2372,
            18.91426,
            0
          ],
          [
            -99.23714,
            18.91435,
            0
          ],
          [
            -99.23708,
            18.91431,
            0
          ],
          [
            -99.23702,
            18.91428,
            0
          ],
          [
            -99.23698,
            18.91427,
            0
          ],
          [
            -99.2369,
            18.91426,
            0
          ],
          [
            -99.23676,
            18.91425,
            0
          ],
          [
            -99.23642,
            18.91424,
            0
          ],
          [
            -99.23613,
            18.91422,
            0
          ],
          [
            -99.23608,
            18.91435,
            0
          ],
          [
            -99.23603,
            18.91448,
            0
          ],
          [
            -99.23598,
            18.9146,
            0
          ],
          [
            -99.23593,
            18.91475,
            0
          ],
          [
            -99.23561,
            18.91574,
            0
          ],
          [
            -99.23504,
            18.91577,
            0
          ],
          [
            -99.23503,
            18.91577,
            0
          ],
          [
            -99.23485,
            18.91577,
            0
          ],
          [
            -99.23413,
            18.9158,
            0
          ],
          [
            -99.23386,
            18.91581,
            0
          ],
          [
            -99.23382,
            18.91581,
            0
          ],
          [
            -99.23372,
            18.91581,
            0
          ],
          [
            -99.23324,
            18.91583,
            0
          ],
          [
            -99.23296,
            18.91584,
            0
          ],
          [
            -99.23267,
            18.91585,
            0
          ],
          [
            -99.23256,
            18.91586,
            0
          ],
          [
            -99.23237,
            18.91586,
            0
          ],
          [
            -99.23161,
            18.91587,
            0
          ],
          [
            -99.23131,
            18.91588,
            0
          ],
          [
            -99.23111,
            18.91587,
            0
          ],
          [
            -99.23062,
            18.91589,
            0
          ],
          [
            -99.23043,
            18.9159,
            0
          ],
          [
            -99.23023,
            18.9159,
            0
          ],
          [
            -99.23043,
            18.91649,
            0
          ],
          [
            -99.23061,
            18.91706,
            0
          ],
          [
            -99.23071,
            18.91748,
            0
          ],
          [
            -99.23073,
            18.91754,
            0
          ],
          [
            -99.23092,
            18.91854,
            0
          ],
          [
            -99.23099,
            18.91894,
            0
          ],
          [
            -99.23112,
            18.9197,
            0
          ],
          [
            -99.23121,
            18.92033,
            0
          ],
          [
            -99.23125,
            18.92074,
            0
          ],
          [
            -99.23128,
            18.92098,
            0
          ],
          [
            -99.2313,
            18.92109,
            0
          ],
          [
            -99.2313,
            18.92111,
            0
          ],
          [
            -99.23131,
            18.92117,
            0
          ],
          [
            -99.23133,
            18.92124,
            0
          ],
          [
            -99.23143,
            18.92138,
            0
          ],
          [
            -99.23146,
            18.92141,
            0
          ],
          [
            -99.2315,
            18.92148,
            0
          ],
          [
            -99.23161,
            18.92163,
            0
          ],
          [
            -99.23165,
            18.92179,
            0
          ],
          [
            -99.23165,
            18.92182,
            0
          ],
          [
            -99.23165,
            18.92183,
            0
          ],
          [
            -99.23165,
            18.92186,
            0
          ],
          [
            -99.23164,
            18.92188,
            0
          ],
          [
            -99.23163,
            18.9219,
            0
          ],
          [
            -99.23163,
            18.92191,
            0
          ],
          [
            -99.23162,
            18.92192,
            0
          ],
          [
            -99.23162,
            18.92193,
            0
          ],
          [
            -99.23161,
            18.92195,
            0
          ],
          [
            -99.2316,
            18.92196,
            0
          ],
          [
            -99.23159,
            18.92197,
            0
          ],
          [
            -99.23158,
            18.92198,
            0
          ],
          [
            -99.23156,
            18.92198,
            0
          ],
          [
            -99.23154,
            18.92199,
            0
          ],
          [
            -99.23152,
            18.922,
            0
          ],
          [
            -99.23148,
            18.92201,
            0
          ],
          [
            -99.23144,
            18.92202,
            0
          ],
          [
            -99.23137,
            18.92204,
            0
          ],
          [
            -99.23135,
            18.92204,
            0
          ],
          [
            -99.23127,
            18.92206,
            0
          ],
          [
            -99.23118,
            18.92208,
            0
          ],
          [
            -99.2312,
            18.92214,
            0
          ],
          [
            -99.2312,
            18.92216,
            0
          ],
          [
            -99.23121,
            18.92217,
            0
          ],
          [
            -99.23121,
            18.92219,
            0
          ],
          [
            -99.23122,
            18.92262,
            0
          ],
          [
            -99.23123,
            18.9227,
            0
          ],
          [
            -99.23122,
            18.92278,
            0
          ],
          [
            -99.23121,
            18.92281,
            0
          ],
          [
            -99.23119,
            18.92286,
            0
          ],
          [
            -99.23113,
            18.92299,
            0
          ],
          [
            -99.23105,
            18.92307,
            0
          ],
          [
            -99.23101,
            18.92312,
            0
          ],
          [
            -99.23101,
            18.92313,
            0
          ],
          [
            -99.231,
            18.92314,
            0
          ],
          [
            -99.231,
            18.92316,
            0
          ],
          [
            -99.23095,
            18.92318,
            0
          ],
          [
            -99.23092,
            18.9232,
            0
          ],
          [
            -99.2309,
            18.92322,
            0
          ],
          [
            -99.23089,
            18.92323,
            0
          ],
          [
            -99.23073,
            18.9234,
            0
          ],
          [
            -99.2306,
            18.92356,
            0
          ],
          [
            -99.23028,
            18.9239,
            0
          ],
          [
            -99.23013,
            18.92408,
            0
          ],
          [
            -99.23007,
            18.92415,
            0
          ],
          [
            -99.22999,
            18.9242,
            0
          ],
          [
            -99.2302,
            18.92508,
            0
          ],
          [
            -99.23034,
            18.92564,
            0
          ],
          [
            -99.23037,
            18.92577,
            0
          ],
          [
            -99.23038,
            18.92582,
            0
          ],
          [
            -99.23041,
            18.92606,
            0
          ],
          [
            -99.23043,
            18.92615,
            0
          ],
          [
            -99.23043,
            18.92621,
            0
          ],
          [
            -99.23043,
            18.92625,
            0
          ],
          [
            -99.23043,
            18.9263,
            0
          ],
          [
            -99.23039,
            18.92658,
            0
          ],
          [
            -99.23037,
            18.92677,
            0
          ],
          [
            -99.23036,
            18.92682,
            0
          ],
          [
            -99.23035,
            18.92685,
            0
          ],
          [
            -99.23034,
            18.92688,
            0
          ],
          [
            -99.23029,
            18.92692,
            0
          ],
          [
            -99.23026,
            18.92695,
            0
          ],
          [
            -99.23021,
            18.927,
            0
          ],
          [
            -99.23017,
            18.92706,
            0
          ],
          [
            -99.23014,
            18.92713,
            0
          ],
          [
            -99.23011,
            18.9272,
            0
          ],
          [
            -99.23009,
            18.92727,
            0
          ],
          [
            -99.23005,
            18.92751,
            0
          ],
          [
            -99.23004,
            18.92758,
            0
          ],
          [
            -99.23001,
            18.92769,
            0
          ],
          [
            -99.22999,
            18.92774,
            0
          ],
          [
            -99.22997,
            18.92777,
            0
          ],
          [
            -99.22995,
            18.92779,
            0
          ],
          [
            -99.22995,
            18.9278,
            0
          ],
          [
            -99.22992,
            18.92787,
            0
          ],
          [
            -99.22981,
            18.92784,
            0
          ],
          [
            -99.22983,
            18.92792,
            0
          ],
          [
            -99.23006,
            18.92848,
            0
          ],
          [
            -99.23025,
            18.92895,
            0
          ],
          [
            -99.23043,
            18.92935,
            0
          ],
          [
            -99.23047,
            18.92947,
            0
          ],
          [
            -99.23055,
            18.9297,
            0
          ],
          [
            -99.23058,
            18.92977,
            0
          ],
          [
            -99.23063,
            18.93004,
            0
          ],
          [
            -99.23069,
            18.93031,
            0
          ],
          [
            -99.23069,
            18.93038,
            0
          ],
          [
            -99.23071,
            18.93047,
            0
          ],
          [
            -99.23072,
            18.93059,
            0
          ],
          [
            -99.23073,
            18.9307,
            0
          ],
          [
            -99.23073,
            18.93072,
            0
          ],
          [
            -99.23074,
            18.93082,
            0
          ],
          [
            -99.23076,
            18.93108,
            0
          ],
          [
            -99.23077,
            18.93117,
            0
          ],
          [
            -99.23081,
            18.93151,
            0
          ],
          [
            -99.23085,
            18.93192,
            0
          ],
          [
            -99.23085,
            18.93204,
            0
          ],
          [
            -99.23086,
            18.93211,
            0
          ],
          [
            -99.23085,
            18.93214,
            0
          ],
          [
            -99.23085,
            18.93217,
            0
          ],
          [
            -99.23084,
            18.93221,
            0
          ],
          [
            -99.23084,
            18.93222,
            0
          ],
          [
            -99.23083,
            18.93225,
            0
          ],
          [
            -99.23075,
            18.93252,
            0
          ],
          [
            -99.23073,
            18.93258,
            0
          ],
          [
            -99.23068,
            18.93272,
            0
          ],
          [
            -99.23058,
            18.93299,
            0
          ],
          [
            -99.23054,
            18.93311,
            0
          ],
          [
            -99.23048,
            18.93331,
            0
          ],
          [
            -99.23039,
            18.93363,
            0
          ],
          [
            -99.2302,
            18.93417,
            0
          ],
          [
            -99.23015,
            18.93431,
            0
          ],
          [
            -99.23001,
            18.93471,
            0
          ],
          [
            -99.22988,
            18.93513,
            0
          ],
          [
            -99.22984,
            18.93523,
            0
          ],
          [
            -99.22984,
            18.93524,
            0
          ],
          [
            -99.22978,
            18.93544,
            0
          ],
          [
            -99.22969,
            18.93579,
            0
          ],
          [
            -99.22968,
            18.93583,
            0
          ],
          [
            -99.22964,
            18.93594,
            0
          ],
          [
            -99.22956,
            18.93619,
            0
          ],
          [
            -99.22949,
            18.93643,
            0
          ],
          [
            -99.22948,
            18.93645,
            0
          ],
          [
            -99.22947,
            18.93648,
            0
          ],
          [
            -99.22939,
            18.93654,
            0
          ],
          [
            -99.22946,
            18.93663,
            0
          ],
          [
            -99.22956,
            18.93678,
            0
          ],
          [
            -99.22963,
            18.93688,
            0
          ],
          [
            -99.22981,
            18.93713,
            0
          ],
          [
            -99.23001,
            18.93741,
            0
          ],
          [
            -99.23004,
            18.93747,
            0
          ],
          [
            -99.23002,
            18.93749,
            0
          ],
          [
            -99.23001,
            18.93751,
            0
          ],
          [
            -99.23001,
            18.93752,
            0
          ],
          [
            -99.22997,
            18.93764,
            0
          ],
          [
            -99.22995,
            18.9379,
            0
          ],
          [
            -99.22987,
            18.93865,
            0
          ],
          [
            -99.22979,
            18.93937,
            0
          ],
          [
            -99.22977,
            18.9399,
            0
          ],
          [
            -99.22977,
            18.94026,
            0
          ],
          [
            -99.22977,
            18.94059,
            0
          ],
          [
            -99.22974,
            18.94151,
            0
          ],
          [
            -99.22974,
            18.9417,
            0
          ],
          [
            -99.22973,
            18.942,
            0
          ],
          [
            -99.22969,
            18.94274,
            0
          ],
          [
            -99.22968,
            18.9432,
            0
          ],
          [
            -99.22968,
            18.94322,
            0
          ],
          [
            -99.22968,
            18.94331,
            0
          ],
          [
            -99.22968,
            18.94375,
            0
          ],
          [
            -99.22969,
            18.94411,
            0
          ],
          [
            -99.22969,
            18.94429,
            0
          ],
          [
            -99.22969,
            18.94456,
            0
          ],
          [
            -99.22969,
            18.9448,
            0
          ],
          [
            -99.22971,
            18.94516,
            0
          ],
          [
            -99.22971,
            18.94539,
            0
          ],
          [
            -99.22971,
            18.94553,
            0
          ],
          [
            -99.22972,
            18.94613,
            0
          ],
          [
            -99.22973,
            18.94677,
            0
          ],
          [
            -99.22977,
            18.94701,
            0
          ],
          [
            -99.22977,
            18.9472,
            0
          ],
          [
            -99.22977,
            18.94729,
            0
          ],
          [
            -99.22978,
            18.9476,
            0
          ],
          [
            -99.22978,
            18.94785,
            0
          ],
          [
            -99.22979,
            18.94815,
            0
          ],
          [
            -99.2298,
            18.94849,
            0
          ],
          [
            -99.2298,
            18.94882,
            0
          ],
          [
            -99.2298,
            18.94913,
            0
          ],
          [
            -99.2298,
            18.94926,
            0
          ],
          [
            -99.22979,
            18.94967,
            0
          ],
          [
            -99.22979,
            18.94989,
            0
          ],
          [
            -99.22978,
            18.95012,
            0
          ],
          [
            -99.22914,
            18.95012,
            0
          ],
          [
            -99.22895,
            18.95011,
            0
          ],
          [
            -99.22876,
            18.95011,
            0
          ],
          [
            -99.22819,
            18.95011,
            0
          ],
          [
            -99.22807,
            18.95047,
            0
          ],
          [
            -99.22803,
            18.95059,
            0
          ],
          [
            -99.22797,
            18.95077,
            0
          ],
          [
            -99.22794,
            18.95094,
            0
          ],
          [
            -99.22793,
            18.95101,
            0
          ],
          [
            -99.22791,
            18.95115,
            0
          ],
          [
            -99.22789,
            18.95138,
            0
          ],
          [
            -99.22787,
            18.95165,
            0
          ],
          [
            -99.22795,
            18.95204,
            0
          ],
          [
            -99.22798,
            18.95219,
            0
          ],
          [
            -99.228,
            18.95236,
            0
          ],
          [
            -99.22801,
            18.95242,
            0
          ],
          [
            -99.22801,
            18.95246,
            0
          ],
          [
            -99.228,
            18.9525,
            0
          ],
          [
            -99.22799,
            18.95256,
            0
          ],
          [
            -99.22797,
            18.9526,
            0
          ],
          [
            -99.22794,
            18.95265,
            0
          ],
          [
            -99.22779,
            18.95282,
            0
          ],
          [
            -99.22772,
            18.95279,
            0
          ],
          [
            -99.22766,
            18.95277,
            0
          ],
          [
            -99.22759,
            18.95275,
            0
          ],
          [
            -99.22696,
            18.95262,
            0
          ],
          [
            -99.22677,
            18.95259,
            0
          ],
          [
            -99.22662,
            18.95256,
            0
          ],
          [
            -99.22621,
            18.95251,
            0
          ],
          [
            -99.22605,
            18.95252,
            0
          ],
          [
            -99.22587,
            18.95253,
            0
          ],
          [
            -99.22577,
            18.95254,
            0
          ],
          [
            -99.2257,
            18.95256,
            0
          ],
          [
            -99.22544,
            18.95264,
            0
          ],
          [
            -99.22524,
            18.95272,
            0
          ],
          [
            -99.22518,
            18.95274,
            0
          ],
          [
            -99.22514,
            18.95278,
            0
          ],
          [
            -99.22511,
            18.95281,
            0
          ],
          [
            -99.22507,
            18.95284,
            0
          ],
          [
            -99.22487,
            18.95299,
            0
          ],
          [
            -99.22441,
            18.9534,
            0
          ],
          [
            -99.22375,
            18.954,
            0
          ],
          [
            -99.22353,
            18.95422,
            0
          ],
          [
            -99.22348,
            18.95426,
            0
          ],
          [
            -99.22342,
            18.95432,
            0
          ],
          [
            -99.22328,
            18.95443,
            0
          ],
          [
            -99.22317,
            18.95452,
            0
          ],
          [
            -99.22314,
            18.95455,
            0
          ],
          [
            -99.223,
            18.95468,
            0
          ],
          [
            -99.22254,
            18.9551,
            0
          ],
          [
            -99.22223,
            18.95539,
            0
          ],
          [
            -99.22208,
            18.95552,
            0
          ],
          [
            -99.22181,
            18.95572,
            0
          ],
          [
            -99.22144,
            18.95605,
            0
          ],
          [
            -99.22136,
            18.95614,
            0
          ],
          [
            -99.22082,
            18.95664,
            0
          ],
          [
            -99.22052,
            18.95689,
            0
          ],
          [
            -99.22038,
            18.95701,
            0
          ],
          [
            -99.22025,
            18.95715,
            0
          ],
          [
            -99.22015,
            18.95726,
            0
          ],
          [
            -99.22007,
            18.95737,
            0
          ],
          [
            -99.22001,
            18.95745,
            0
          ],
          [
            -99.21971,
            18.95783,
            0
          ],
          [
            -99.21962,
            18.95795,
            0
          ],
          [
            -99.21939,
            18.9582,
            0
          ],
          [
            -99.21927,
            18.95831,
            0
          ],
          [
            -99.21911,
            18.95849,
            0
          ],
          [
            -99.21897,
            18.95864,
            0
          ],
          [
            -99.21877,
            18.95885,
            0
          ],
          [
            -99.21874,
            18.9589,
            0
          ],
          [
            -99.21871,
            18.95894,
            0
          ],
          [
            -99.21869,
            18.95898,
            0
          ],
          [
            -99.21868,
            18.95902,
            0
          ],
          [
            -99.21866,
            18.95907,
            0
          ],
          [
            -99.21865,
            18.95912,
            0
          ],
          [
            -99.21865,
            18.95915,
            0
          ],
          [
            -99.21864,
            18.95924,
            0
          ],
          [
            -99.21863,
            18.95931,
            0
          ],
          [
            -99.21862,
            18.95937,
            0
          ],
          [
            -99.21861,
            18.9594,
            0
          ],
          [
            -99.2186,
            18.95942,
            0
          ],
          [
            -99.21859,
            18.95944,
            0
          ],
          [
            -99.21858,
            18.95945,
            0
          ],
          [
            -99.21857,
            18.95948,
            0
          ],
          [
            -99.21838,
            18.95974,
            0
          ],
          [
            -99.21832,
            18.95982,
            0
          ]
        ]
      },
      "properties": {
        "name": "2. NUEVA SANTA MARIA-LAGUNILLA-LOMAS DE CORTEZ-PEDREGAL",
        "description": {
          "@type": "html",
          "value": "descripción: <br>OID: 536<br>ZONA: CENTRO<br>RUTA: RUTA 5<br>ITINERARIO: 2. NUEVA SANTA MARIA-LAGUNILLA-LOMAS DE CORTEZ-PEDREGAL<br>DESCRIPCIO: NUEVA SANTA MARIA - PEDREGAL<br>AUTO-AMPL: ITINERARIO<br>DEFIN-PROV: DEFINITIVOS<br>DURACION: DEFINITIVA<br>FOLIO: SGG/DGT/SDP/000530/97"
        },
        "styleUrl": "#line-E65100-1200",
        "stroke-opacity": 1,
        "stroke": "#e65100",
        "stroke-width": 1.2,
        "descripción": "",
        "OID": "536",
        "ZONA": "CENTRO",
        "RUTA": "RUTA 5",
        "ITINERARIO": "2. NUEVA SANTA MARIA-LAGUNILLA-LOMAS DE CORTEZ-PEDREGAL",
        "DESCRIPCIO": "NUEVA SANTA MARIA - PEDREGAL",
        "AUTO-AMPL": "ITINERARIO",
        "DEFIN-PROV": "DEFINITIVOS",
        "DURACION": "DEFINITIVA",
        "FOLIO": "SGG/DGT/SDP/000530/97"
      }
    },
    {
      "type": "Feature",
      "geometry": {
        "type": "LineString",
        "coordinates": [
          [
            -99.21831,
            18.95983,
            0
          ],
          [
            -99.21838,
            18.95974,
            0
          ],
          [
            -99.21857,
            18.95948,
            0
          ],
          [
            -99.21858,
            18.95945,
            0
          ],
          [
            -99.21859,
            18.95944,
            0
          ],
          [
            -99.2186,
            18.95942,
            0
          ],
          [
            -99.21861,
            18.9594,
            0
          ],
          [
            -99.21862,
            18.95937,
            0
          ],
          [
            -99.21863,
            18.95931,
            0
          ],
          [
            -99.21864,
            18.95924,
            0
          ],
          [
            -99.21865,
            18.95915,
            0
          ],
          [
            -99.21865,
            18.95912,
            0
          ],
          [
            -99.21866,
            18.95907,
            0
          ],
          [
            -99.21868,
            18.95902,
            0
          ],
          [
            -99.21869,
            18.95898,
            0
          ],
          [
            -99.21871,
            18.95894,
            0
          ],
          [
            -99.21874,
            18.9589,
            0
          ],
          [
            -99.21877,
            18.95885,
            0
          ],
          [
            -99.21897,
            18.95864,
            0
          ],
          [
            -99.21911,
            18.95849,
            0
          ],
          [
            -99.21927,
            18.95831,
            0
          ],
          [
            -99.21909,
            18.95809,
            0
          ],
          [
            -99.21902,
            18.95801,
            0
          ],
          [
            -99.21897,
            18.95793,
            0
          ],
          [
            -99.21892,
            18.95785,
            0
          ],
          [
            -99.21884,
            18.95793,
            0
          ],
          [
            -99.2188,
            18.95798,
            0
          ],
          [
            -99.21874,
            18.95803,
            0
          ],
          [
            -99.21861,
            18.9582,
            0
          ],
          [
            -99.21859,
            18.95822,
            0
          ],
          [
            -99.21858,
            18.95823,
            0
          ],
          [
            -99.21857,
            18.95824,
            0
          ],
          [
            -99.21856,
            18.95824,
            0
          ],
          [
            -99.21855,
            18.95825,
            0
          ],
          [
            -99.21854,
            18.95825,
            0
          ],
          [
            -99.21853,
            18.95825,
            0
          ],
          [
            -99.21852,
            18.95825,
            0
          ],
          [
            -99.21851,
            18.95824,
            0
          ],
          [
            -99.2185,
            18.95824,
            0
          ],
          [
            -99.21849,
            18.95822,
            0
          ],
          [
            -99.21847,
            18.95821,
            0
          ],
          [
            -99.21845,
            18.95819,
            0
          ],
          [
            -99.21832,
            18.95805,
            0
          ],
          [
            -99.21824,
            18.95798,
            0
          ],
          [
            -99.21814,
            18.95791,
            0
          ],
          [
            -99.21806,
            18.95783,
            0
          ],
          [
            -99.21813,
            18.95777,
            0
          ],
          [
            -99.21816,
            18.95773,
            0
          ],
          [
            -99.21821,
            18.95768,
            0
          ],
          [
            -99.21825,
            18.95762,
            0
          ],
          [
            -99.21842,
            18.95729,
            0
          ],
          [
            -99.21846,
            18.95717,
            0
          ],
          [
            -99.21851,
            18.95705,
            0
          ],
          [
            -99.21856,
            18.9568,
            0
          ],
          [
            -99.21858,
            18.95664,
            0
          ],
          [
            -99.21858,
            18.95649,
            0
          ],
          [
            -99.21853,
            18.95622,
            0
          ],
          [
            -99.21852,
            18.95615,
            0
          ],
          [
            -99.21848,
            18.95605,
            0
          ],
          [
            -99.21843,
            18.95591,
            0
          ],
          [
            -99.21836,
            18.95578,
            0
          ],
          [
            -99.21832,
            18.95571,
            0
          ],
          [
            -99.21829,
            18.95566,
            0
          ],
          [
            -99.21805,
            18.9554,
            0
          ],
          [
            -99.21788,
            18.95525,
            0
          ],
          [
            -99.21782,
            18.9552,
            0
          ],
          [
            -99.21774,
            18.95515,
            0
          ],
          [
            -99.21765,
            18.9551,
            0
          ],
          [
            -99.21746,
            18.95502,
            0
          ],
          [
            -99.2173,
            18.95497,
            0
          ],
          [
            -99.21687,
            18.95484,
            0
          ],
          [
            -99.21683,
            18.95483,
            0
          ],
          [
            -99.2168,
            18.95483,
            0
          ],
          [
            -99.21679,
            18.95483,
            0
          ],
          [
            -99.21677,
            18.95483,
            0
          ],
          [
            -99.21676,
            18.95484,
            0
          ],
          [
            -99.21667,
            18.95492,
            0
          ],
          [
            -99.21624,
            18.95477,
            0
          ],
          [
            -99.21633,
            18.95457,
            0
          ],
          [
            -99.21638,
            18.95456,
            0
          ],
          [
            -99.21642,
            18.95454,
            0
          ],
          [
            -99.21649,
            18.9545,
            0
          ],
          [
            -99.21717,
            18.95391,
            0
          ],
          [
            -99.21737,
            18.95373,
            0
          ],
          [
            -99.21771,
            18.95347,
            0
          ],
          [
            -99.21777,
            18.95339,
            0
          ],
          [
            -99.21778,
            18.95337,
            0
          ],
          [
            -99.21789,
            18.95297,
            0
          ],
          [
            -99.21826,
            18.95307,
            0
          ],
          [
            -99.21876,
            18.95319,
            0
          ],
          [
            -99.21878,
            18.9532,
            0
          ],
          [
            -99.21913,
            18.95328,
            0
          ],
          [
            -99.21955,
            18.95338,
            0
          ],
          [
            -99.21973,
            18.95343,
            0
          ],
          [
            -99.22004,
            18.95353,
            0
          ],
          [
            -99.22008,
            18.95343,
            0
          ],
          [
            -99.22018,
            18.95326,
            0
          ],
          [
            -99.22028,
            18.95312,
            0
          ],
          [
            -99.22039,
            18.95298,
            0
          ],
          [
            -99.22047,
            18.95289,
            0
          ],
          [
            -99.22064,
            18.95277,
            0
          ],
          [
            -99.22066,
            18.95276,
            0
          ],
          [
            -99.22084,
            18.95266,
            0
          ],
          [
            -99.22104,
            18.9526,
            0
          ],
          [
            -99.22127,
            18.95257,
            0
          ],
          [
            -99.22137,
            18.95256,
            0
          ],
          [
            -99.2214,
            18.95256,
            0
          ],
          [
            -99.22149,
            18.95256,
            0
          ],
          [
            -99.22167,
            18.95257,
            0
          ],
          [
            -99.22183,
            18.9526,
            0
          ],
          [
            -99.2221,
            18.95264,
            0
          ],
          [
            -99.22247,
            18.95272,
            0
          ],
          [
            -99.22282,
            18.95279,
            0
          ],
          [
            -99.2231,
            18.95284,
            0
          ],
          [
            -99.22319,
            18.95285,
            0
          ],
          [
            -99.22344,
            18.95287,
            0
          ],
          [
            -99.22354,
            18.95288,
            0
          ],
          [
            -99.22362,
            18.95288,
            0
          ],
          [
            -99.22391,
            18.95288,
            0
          ],
          [
            -99.2241,
            18.95288,
            0
          ],
          [
            -99.22424,
            18.95287,
            0
          ],
          [
            -99.22454,
            18.95283,
            0
          ],
          [
            -99.22475,
            18.95281,
            0
          ],
          [
            -99.22481,
            18.9528,
            0
          ],
          [
            -99.22518,
            18.95274,
            0
          ],
          [
            -99.22524,
            18.95272,
            0
          ],
          [
            -99.22544,
            18.95264,
            0
          ],
          [
            -99.2257,
            18.95256,
            0
          ],
          [
            -99.22577,
            18.95254,
            0
          ],
          [
            -99.22587,
            18.95253,
            0
          ],
          [
            -99.22605,
            18.95252,
            0
          ],
          [
            -99.22621,
            18.95251,
            0
          ],
          [
            -99.22618,
            18.95237,
            0
          ],
          [
            -99.22613,
            18.95201,
            0
          ],
          [
            -99.22609,
            18.95179,
            0
          ],
          [
            -99.22605,
            18.95148,
            0
          ],
          [
            -99.22596,
            18.95099,
            0
          ],
          [
            -99.22588,
            18.95055,
            0
          ],
          [
            -99.22587,
            18.95046,
            0
          ],
          [
            -99.22587,
            18.95042,
            0
          ],
          [
            -99.22579,
            18.95005,
            0
          ],
          [
            -99.22573,
            18.94976,
            0
          ],
          [
            -99.22559,
            18.94893,
            0
          ],
          [
            -99.22556,
            18.94876,
            0
          ],
          [
            -99.22542,
            18.94793,
            0
          ],
          [
            -99.22533,
            18.94746,
            0
          ],
          [
            -99.2253,
            18.94732,
            0
          ],
          [
            -99.22526,
            18.94715,
            0
          ],
          [
            -99.22524,
            18.94704,
            0
          ],
          [
            -99.22525,
            18.94703,
            0
          ],
          [
            -99.22525,
            18.94702,
            0
          ],
          [
            -99.22525,
            18.94701,
            0
          ],
          [
            -99.2277,
            18.94714,
            0
          ],
          [
            -99.22828,
            18.94718,
            0
          ],
          [
            -99.22859,
            18.94719,
            0
          ],
          [
            -99.22887,
            18.94719,
            0
          ],
          [
            -99.22915,
            18.94714,
            0
          ],
          [
            -99.22955,
            18.94704,
            0
          ],
          [
            -99.22977,
            18.94701,
            0
          ],
          [
            -99.22987,
            18.947,
            0
          ],
          [
            -99.22981,
            18.94606,
            0
          ],
          [
            -99.2298,
            18.94554,
            0
          ],
          [
            -99.2298,
            18.94539,
            0
          ],
          [
            -99.2298,
            18.94517,
            0
          ],
          [
            -99.22981,
            18.9448,
            0
          ],
          [
            -99.22981,
            18.9446,
            0
          ],
          [
            -99.22981,
            18.94428,
            0
          ],
          [
            -99.22981,
            18.94416,
            0
          ],
          [
            -99.2298,
            18.94362,
            0
          ],
          [
            -99.22979,
            18.94321,
            0
          ],
          [
            -99.2298,
            18.94274,
            0
          ],
          [
            -99.22982,
            18.94228,
            0
          ],
          [
            -99.22984,
            18.94201,
            0
          ],
          [
            -99.22986,
            18.94059,
            0
          ],
          [
            -99.22987,
            18.94023,
            0
          ],
          [
            -99.22988,
            18.93984,
            0
          ],
          [
            -99.22991,
            18.93931,
            0
          ],
          [
            -99.22995,
            18.93888,
            0
          ],
          [
            -99.22997,
            18.9387,
            0
          ],
          [
            -99.23003,
            18.93815,
            0
          ],
          [
            -99.23006,
            18.93768,
            0
          ],
          [
            -99.2301,
            18.93755,
            0
          ],
          [
            -99.23014,
            18.93751,
            0
          ],
          [
            -99.2302,
            18.93747,
            0
          ],
          [
            -99.23016,
            18.93742,
            0
          ],
          [
            -99.22991,
            18.93709,
            0
          ],
          [
            -99.2297,
            18.9368,
            0
          ],
          [
            -99.22953,
            18.93656,
            0
          ],
          [
            -99.2297,
            18.93608,
            0
          ],
          [
            -99.22979,
            18.93584,
            0
          ],
          [
            -99.22995,
            18.93525,
            0
          ],
          [
            -99.22997,
            18.93517,
            0
          ],
          [
            -99.22998,
            18.93515,
            0
          ],
          [
            -99.23014,
            18.93465,
            0
          ],
          [
            -99.23029,
            18.93421,
            0
          ],
          [
            -99.2304,
            18.93387,
            0
          ],
          [
            -99.23047,
            18.93366,
            0
          ],
          [
            -99.23058,
            18.93333,
            0
          ],
          [
            -99.23068,
            18.93305,
            0
          ],
          [
            -99.23072,
            18.93293,
            0
          ],
          [
            -99.23074,
            18.93283,
            0
          ],
          [
            -99.23075,
            18.93278,
            0
          ],
          [
            -99.23078,
            18.93267,
            0
          ],
          [
            -99.2308,
            18.9326,
            0
          ],
          [
            -99.23082,
            18.93253,
            0
          ],
          [
            -99.23089,
            18.93231,
            0
          ],
          [
            -99.23092,
            18.9321,
            0
          ],
          [
            -99.23092,
            18.93209,
            0
          ],
          [
            -99.23092,
            18.93208,
            0
          ],
          [
            -99.23093,
            18.93207,
            0
          ],
          [
            -99.23092,
            18.93206,
            0
          ],
          [
            -99.23092,
            18.93203,
            0
          ],
          [
            -99.23092,
            18.93201,
            0
          ],
          [
            -99.23088,
            18.9316,
            0
          ],
          [
            -99.23085,
            18.93122,
            0
          ],
          [
            -99.23084,
            18.93117,
            0
          ],
          [
            -99.23084,
            18.93111,
            0
          ],
          [
            -99.23082,
            18.93085,
            0
          ],
          [
            -99.23081,
            18.93071,
            0
          ],
          [
            -99.23078,
            18.93047,
            0
          ],
          [
            -99.23077,
            18.93037,
            0
          ],
          [
            -99.2307,
            18.92992,
            0
          ],
          [
            -99.23069,
            18.92989,
            0
          ],
          [
            -99.23064,
            18.9297,
            0
          ],
          [
            -99.2306,
            18.9296,
            0
          ],
          [
            -99.2305,
            18.92934,
            0
          ],
          [
            -99.23031,
            18.92892,
            0
          ],
          [
            -99.2303,
            18.92889,
            0
          ],
          [
            -99.23013,
            18.92842,
            0
          ],
          [
            -99.2301,
            18.92836,
            0
          ],
          [
            -99.23013,
            18.92817,
            0
          ],
          [
            -99.23014,
            18.92813,
            0
          ],
          [
            -99.23014,
            18.92812,
            0
          ],
          [
            -99.23015,
            18.92809,
            0
          ],
          [
            -99.23017,
            18.92807,
            0
          ],
          [
            -99.23023,
            18.92795,
            0
          ],
          [
            -99.23027,
            18.92794,
            0
          ],
          [
            -99.23061,
            18.92782,
            0
          ],
          [
            -99.23079,
            18.92776,
            0
          ],
          [
            -99.23084,
            18.92775,
            0
          ],
          [
            -99.23088,
            18.92775,
            0
          ],
          [
            -99.23089,
            18.92775,
            0
          ],
          [
            -99.23093,
            18.92775,
            0
          ],
          [
            -99.23095,
            18.92775,
            0
          ],
          [
            -99.23098,
            18.92776,
            0
          ],
          [
            -99.23101,
            18.92776,
            0
          ],
          [
            -99.23108,
            18.92777,
            0
          ],
          [
            -99.23127,
            18.92781,
            0
          ],
          [
            -99.2313,
            18.92781,
            0
          ],
          [
            -99.23135,
            18.92782,
            0
          ],
          [
            -99.23139,
            18.92781,
            0
          ],
          [
            -99.23142,
            18.92781,
            0
          ],
          [
            -99.23148,
            18.9278,
            0
          ],
          [
            -99.23153,
            18.92778,
            0
          ],
          [
            -99.23156,
            18.92777,
            0
          ],
          [
            -99.23162,
            18.92775,
            0
          ],
          [
            -99.23177,
            18.92767,
            0
          ],
          [
            -99.23201,
            18.92748,
            0
          ],
          [
            -99.23222,
            18.92732,
            0
          ],
          [
            -99.23238,
            18.92722,
            0
          ],
          [
            -99.23255,
            18.92724,
            0
          ],
          [
            -99.23261,
            18.92725,
            0
          ],
          [
            -99.23279,
            18.92727,
            0
          ],
          [
            -99.23288,
            18.92728,
            0
          ],
          [
            -99.23392,
            18.92742,
            0
          ],
          [
            -99.23462,
            18.92748,
            0
          ],
          [
            -99.23467,
            18.92749,
            0
          ],
          [
            -99.23471,
            18.92749,
            0
          ],
          [
            -99.23484,
            18.92754,
            0
          ],
          [
            -99.23495,
            18.92761,
            0
          ],
          [
            -99.23499,
            18.92765,
            0
          ],
          [
            -99.23503,
            18.92768,
            0
          ],
          [
            -99.23506,
            18.92772,
            0
          ],
          [
            -99.23509,
            18.92778,
            0
          ],
          [
            -99.23519,
            18.92804,
            0
          ],
          [
            -99.23543,
            18.92854,
            0
          ],
          [
            -99.2355,
            18.92851,
            0
          ],
          [
            -99.23554,
            18.92853,
            0
          ],
          [
            -99.23555,
            18.92853,
            0
          ],
          [
            -99.23558,
            18.92855,
            0
          ],
          [
            -99.23562,
            18.92858,
            0
          ],
          [
            -99.23568,
            18.92863,
            0
          ],
          [
            -99.23574,
            18.92869,
            0
          ],
          [
            -99.23578,
            18.92874,
            0
          ],
          [
            -99.23606,
            18.92912,
            0
          ],
          [
            -99.23612,
            18.9292,
            0
          ],
          [
            -99.23626,
            18.92933,
            0
          ],
          [
            -99.23648,
            18.9295,
            0
          ],
          [
            -99.23655,
            18.92956,
            0
          ],
          [
            -99.23679,
            18.92971,
            0
          ],
          [
            -99.23711,
            18.9299,
            0
          ],
          [
            -99.23716,
            18.92991,
            0
          ],
          [
            -99.23722,
            18.92991,
            0
          ],
          [
            -99.2373,
            18.92991,
            0
          ],
          [
            -99.23737,
            18.92989,
            0
          ],
          [
            -99.23754,
            18.92997,
            0
          ],
          [
            -99.23766,
            18.92984,
            0
          ],
          [
            -99.23767,
            18.92983,
            0
          ],
          [
            -99.23768,
            18.9298,
            0
          ],
          [
            -99.23769,
            18.92977,
            0
          ],
          [
            -99.23773,
            18.92964,
            0
          ],
          [
            -99.23785,
            18.92946,
            0
          ],
          [
            -99.23784,
            18.92936,
            0
          ],
          [
            -99.23783,
            18.92932,
            0
          ],
          [
            -99.23782,
            18.92927,
            0
          ],
          [
            -99.2378,
            18.92923,
            0
          ],
          [
            -99.23777,
            18.92921,
            0
          ],
          [
            -99.23749,
            18.92898,
            0
          ],
          [
            -99.23744,
            18.92893,
            0
          ],
          [
            -99.23741,
            18.9289,
            0
          ],
          [
            -99.23739,
            18.92887,
            0
          ],
          [
            -99.23738,
            18.92881,
            0
          ],
          [
            -99.23737,
            18.9287,
            0
          ],
          [
            -99.23732,
            18.92802,
            0
          ],
          [
            -99.23729,
            18.92748,
            0
          ],
          [
            -99.23724,
            18.92698,
            0
          ],
          [
            -99.23723,
            18.92696,
            0
          ],
          [
            -99.23722,
            18.92694,
            0
          ],
          [
            -99.2372,
            18.92692,
            0
          ],
          [
            -99.23693,
            18.92667,
            0
          ],
          [
            -99.23635,
            18.92615,
            0
          ],
          [
            -99.23625,
            18.92604,
            0
          ],
          [
            -99.23606,
            18.92586,
            0
          ],
          [
            -99.236,
            18.92566,
            0
          ],
          [
            -99.23585,
            18.92511,
            0
          ],
          [
            -99.23574,
            18.92468,
            0
          ],
          [
            -99.23567,
            18.92422,
            0
          ],
          [
            -99.23566,
            18.92416,
            0
          ],
          [
            -99.23557,
            18.92384,
            0
          ],
          [
            -99.23547,
            18.92341,
            0
          ],
          [
            -99.23545,
            18.92328,
            0
          ],
          [
            -99.2354,
            18.92307,
            0
          ],
          [
            -99.23531,
            18.92274,
            0
          ],
          [
            -99.23531,
            18.92273,
            0
          ],
          [
            -99.23531,
            18.92271,
            0
          ],
          [
            -99.23531,
            18.92268,
            0
          ],
          [
            -99.23534,
            18.9226,
            0
          ],
          [
            -99.23533,
            18.92259,
            0
          ],
          [
            -99.23532,
            18.92258,
            0
          ],
          [
            -99.23526,
            18.92212,
            0
          ],
          [
            -99.23525,
            18.92203,
            0
          ],
          [
            -99.23516,
            18.92138,
            0
          ],
          [
            -99.23512,
            18.92113,
            0
          ],
          [
            -99.2351,
            18.92083,
            0
          ],
          [
            -99.23509,
            18.92033,
            0
          ],
          [
            -99.23508,
            18.91889,
            0
          ],
          [
            -99.23511,
            18.91889,
            0
          ],
          [
            -99.23601,
            18.91882,
            0
          ],
          [
            -99.2363,
            18.91881,
            0
          ],
          [
            -99.2365,
            18.91879,
            0
          ],
          [
            -99.23671,
            18.91878,
            0
          ],
          [
            -99.23727,
            18.91875,
            0
          ],
          [
            -99.23727,
            18.91886,
            0
          ],
          [
            -99.23786,
            18.91884,
            0
          ],
          [
            -99.23824,
            18.91882,
            0
          ],
          [
            -99.23855,
            18.91881,
            0
          ],
          [
            -99.23857,
            18.91868,
            0
          ],
          [
            -99.23857,
            18.9185,
            0
          ],
          [
            -99.23848,
            18.91764,
            0
          ],
          [
            -99.23843,
            18.91733,
            0
          ],
          [
            -99.23839,
            18.91712,
            0
          ],
          [
            -99.23831,
            18.91681,
            0
          ],
          [
            -99.23818,
            18.91634,
            0
          ],
          [
            -99.23807,
            18.91598,
            0
          ],
          [
            -99.23796,
            18.9156,
            0
          ],
          [
            -99.23796,
            18.91559,
            0
          ],
          [
            -99.23787,
            18.91529,
            0
          ],
          [
            -99.23779,
            18.91505,
            0
          ],
          [
            -99.23769,
            18.9148,
            0
          ],
          [
            -99.23767,
            18.91475,
            0
          ],
          [
            -99.23763,
            18.9147,
            0
          ],
          [
            -99.23754,
            18.91461,
            0
          ],
          [
            -99.23714,
            18.91435,
            0
          ],
          [
            -99.2372,
            18.91426,
            0
          ],
          [
            -99.23728,
            18.91416,
            0
          ],
          [
            -99.23749,
            18.91393,
            0
          ],
          [
            -99.2375,
            18.91393,
            0
          ],
          [
            -99.23771,
            18.91371,
            0
          ],
          [
            -99.23773,
            18.91368,
            0
          ],
          [
            -99.23774,
            18.91363,
            0
          ],
          [
            -99.23776,
            18.91351,
            0
          ],
          [
            -99.2378,
            18.91279,
            0
          ],
          [
            -99.2378,
            18.91263,
            0
          ],
          [
            -99.23779,
            18.91225,
            0
          ],
          [
            -99.2378,
            18.91208,
            0
          ],
          [
            -99.23783,
            18.91197,
            0
          ],
          [
            -99.23786,
            18.91184,
            0
          ],
          [
            -99.23787,
            18.91174,
            0
          ],
          [
            -99.23788,
            18.9117,
            0
          ],
          [
            -99.23785,
            18.91107,
            0
          ],
          [
            -99.23786,
            18.91088,
            0
          ],
          [
            -99.23788,
            18.91083,
            0
          ],
          [
            -99.23796,
            18.9107,
            0
          ],
          [
            -99.23798,
            18.91067,
            0
          ],
          [
            -99.23825,
            18.91028,
            0
          ],
          [
            -99.23834,
            18.91011,
            0
          ],
          [
            -99.23836,
            18.91004,
            0
          ],
          [
            -99.23837,
            18.90999,
            0
          ],
          [
            -99.23837,
            18.90995,
            0
          ],
          [
            -99.23837,
            18.90989,
            0
          ],
          [
            -99.23835,
            18.90981,
            0
          ],
          [
            -99.23831,
            18.90967,
            0
          ],
          [
            -99.2383,
            18.90962,
            0
          ],
          [
            -99.23827,
            18.90955,
            0
          ],
          [
            -99.23824,
            18.90948,
            0
          ],
          [
            -99.23809,
            18.90923,
            0
          ],
          [
            -99.23807,
            18.90918,
            0
          ],
          [
            -99.23799,
            18.90901,
            0
          ],
          [
            -99.23798,
            18.90895,
            0
          ],
          [
            -99.23797,
            18.90888,
            0
          ],
          [
            -99.23798,
            18.90884,
            0
          ],
          [
            -99.23798,
            18.9088,
            0
          ],
          [
            -99.238,
            18.90877,
            0
          ],
          [
            -99.23803,
            18.90874,
            0
          ],
          [
            -99.2381,
            18.90875,
            0
          ],
          [
            -99.23814,
            18.90877,
            0
          ],
          [
            -99.2382,
            18.90879,
            0
          ],
          [
            -99.23825,
            18.90884,
            0
          ],
          [
            -99.23833,
            18.90894,
            0
          ],
          [
            -99.23835,
            18.90896,
            0
          ],
          [
            -99.23843,
            18.90909,
            0
          ],
          [
            -99.23849,
            18.9092,
            0
          ],
          [
            -99.23852,
            18.90927,
            0
          ],
          [
            -99.23858,
            18.90945,
            0
          ],
          [
            -99.23859,
            18.90951,
            0
          ],
          [
            -99.2386,
            18.90956,
            0
          ],
          [
            -99.23861,
            18.9096,
            0
          ],
          [
            -99.23864,
            18.90964,
            0
          ],
          [
            -99.23866,
            18.90966,
            0
          ],
          [
            -99.23869,
            18.90968,
            0
          ],
          [
            -99.23873,
            18.9097,
            0
          ],
          [
            -99.23877,
            18.90971,
            0
          ],
          [
            -99.23881,
            18.90971,
            0
          ],
          [
            -99.23884,
            18.9097,
            0
          ],
          [
            -99.23886,
            18.9097,
            0
          ],
          [
            -99.23892,
            18.90966,
            0
          ],
          [
            -99.23894,
            18.9096,
            0
          ],
          [
            -99.23894,
            18.90958,
            0
          ],
          [
            -99.23894,
            18.90953,
            0
          ],
          [
            -99.23892,
            18.90949,
            0
          ],
          [
            -99.23887,
            18.90944,
            0
          ],
          [
            -99.23881,
            18.90938,
            0
          ],
          [
            -99.23869,
            18.9093,
            0
          ],
          [
            -99.23866,
            18.90926,
            0
          ],
          [
            -99.23864,
            18.90922,
            0
          ],
          [
            -99.23863,
            18.90919,
            0
          ],
          [
            -99.2386,
            18.90907,
            0
          ],
          [
            -99.23859,
            18.90895,
            0
          ],
          [
            -99.2386,
            18.90889,
            0
          ],
          [
            -99.23861,
            18.90886,
            0
          ],
          [
            -99.23867,
            18.90873,
            0
          ],
          [
            -99.23879,
            18.90856,
            0
          ],
          [
            -99.23878,
            18.90852,
            0
          ],
          [
            -99.23877,
            18.90846,
            0
          ],
          [
            -99.23877,
            18.90842,
            0
          ],
          [
            -99.23876,
            18.90837,
            0
          ],
          [
            -99.23878,
            18.90826,
            0
          ],
          [
            -99.23878,
            18.90821,
            0
          ],
          [
            -99.2388,
            18.90813,
            0
          ],
          [
            -99.23882,
            18.90806,
            0
          ],
          [
            -99.23886,
            18.90802,
            0
          ],
          [
            -99.23889,
            18.90799,
            0
          ],
          [
            -99.23894,
            18.90796,
            0
          ],
          [
            -99.23899,
            18.90793,
            0
          ],
          [
            -99.23904,
            18.9079,
            0
          ],
          [
            -99.23908,
            18.90789,
            0
          ],
          [
            -99.23909,
            18.90789,
            0
          ],
          [
            -99.2392,
            18.90785,
            0
          ],
          [
            -99.23946,
            18.90783,
            0
          ],
          [
            -99.23984,
            18.90786,
            0
          ],
          [
            -99.24013,
            18.90788,
            0
          ],
          [
            -99.24022,
            18.90789,
            0
          ],
          [
            -99.24031,
            18.90791,
            0
          ],
          [
            -99.24039,
            18.90795,
            0
          ],
          [
            -99.24046,
            18.908,
            0
          ],
          [
            -99.24052,
            18.90805,
            0
          ],
          [
            -99.2407,
            18.90827,
            0
          ],
          [
            -99.24075,
            18.90824,
            0
          ],
          [
            -99.24078,
            18.90823,
            0
          ],
          [
            -99.24082,
            18.90822,
            0
          ],
          [
            -99.24086,
            18.90821,
            0
          ],
          [
            -99.2409,
            18.90821,
            0
          ],
          [
            -99.24094,
            18.90818,
            0
          ],
          [
            -99.24096,
            18.90817,
            0
          ],
          [
            -99.24098,
            18.90816,
            0
          ],
          [
            -99.24099,
            18.90816,
            0
          ],
          [
            -99.241,
            18.90816,
            0
          ],
          [
            -99.24101,
            18.90816,
            0
          ],
          [
            -99.24101,
            18.90817,
            0
          ],
          [
            -99.24102,
            18.90818,
            0
          ],
          [
            -99.24103,
            18.90819,
            0
          ],
          [
            -99.24104,
            18.90821,
            0
          ],
          [
            -99.24104,
            18.90823,
            0
          ],
          [
            -99.24104,
            18.90826,
            0
          ],
          [
            -99.24102,
            18.90841,
            0
          ],
          [
            -99.24101,
            18.90847,
            0
          ],
          [
            -99.24099,
            18.90856,
            0
          ],
          [
            -99.24099,
            18.90859,
            0
          ],
          [
            -99.241,
            18.90862,
            0
          ],
          [
            -99.24101,
            18.90866,
            0
          ],
          [
            -99.24105,
            18.90871,
            0
          ],
          [
            -99.24107,
            18.90873,
            0
          ],
          [
            -99.24113,
            18.90879,
            0
          ],
          [
            -99.24117,
            18.9088,
            0
          ],
          [
            -99.2412,
            18.90881,
            0
          ],
          [
            -99.24123,
            18.90881,
            0
          ],
          [
            -99.24128,
            18.90881,
            0
          ],
          [
            -99.24136,
            18.9088,
            0
          ],
          [
            -99.24149,
            18.90875,
            0
          ],
          [
            -99.24163,
            18.90871,
            0
          ],
          [
            -99.24179,
            18.90872,
            0
          ],
          [
            -99.24191,
            18.90875,
            0
          ],
          [
            -99.24197,
            18.90879,
            0
          ],
          [
            -99.24207,
            18.90886,
            0
          ],
          [
            -99.24216,
            18.90892,
            0
          ],
          [
            -99.24225,
            18.909,
            0
          ],
          [
            -99.24228,
            18.90904,
            0
          ],
          [
            -99.24231,
            18.90911,
            0
          ],
          [
            -99.24242,
            18.90946,
            0
          ],
          [
            -99.24252,
            18.90968,
            0
          ],
          [
            -99.24256,
            18.90975,
            0
          ],
          [
            -99.24279,
            18.91012,
            0
          ],
          [
            -99.24299,
            18.91038,
            0
          ],
          [
            -99.24302,
            18.91041,
            0
          ],
          [
            -99.24307,
            18.91044,
            0
          ],
          [
            -99.24311,
            18.91047,
            0
          ],
          [
            -99.24313,
            18.91047,
            0
          ],
          [
            -99.24314,
            18.91048,
            0
          ],
          [
            -99.24316,
            18.91048,
            0
          ],
          [
            -99.24319,
            18.91047,
            0
          ],
          [
            -99.24322,
            18.91046,
            0
          ],
          [
            -99.24325,
            18.91043,
            0
          ],
          [
            -99.24327,
            18.91039,
            0
          ],
          [
            -99.24329,
            18.91035,
            0
          ],
          [
            -99.2433,
            18.9103,
            0
          ],
          [
            -99.2433,
            18.91023,
            0
          ],
          [
            -99.24304,
            18.90965,
            0
          ],
          [
            -99.24303,
            18.90964,
            0
          ],
          [
            -99.243,
            18.90949,
            0
          ],
          [
            -99.243,
            18.90939,
            0
          ],
          [
            -99.24305,
            18.90921,
            0
          ],
          [
            -99.24307,
            18.90913,
            0
          ],
          [
            -99.24316,
            18.90881,
            0
          ],
          [
            -99.24319,
            18.90867,
            0
          ],
          [
            -99.24319,
            18.90856,
            0
          ],
          [
            -99.24318,
            18.90848,
            0
          ],
          [
            -99.24316,
            18.90842,
            0
          ],
          [
            -99.24313,
            18.90836,
            0
          ],
          [
            -99.2431,
            18.90832,
            0
          ],
          [
            -99.24306,
            18.90827,
            0
          ],
          [
            -99.2429,
            18.90816,
            0
          ],
          [
            -99.24271,
            18.90798,
            0
          ],
          [
            -99.24231,
            18.90764,
            0
          ],
          [
            -99.24218,
            18.90752,
            0
          ],
          [
            -99.24216,
            18.9075,
            0
          ],
          [
            -99.24214,
            18.90746,
            0
          ],
          [
            -99.24212,
            18.90741,
            0
          ],
          [
            -99.2421,
            18.90738,
            0
          ],
          [
            -99.2421,
            18.90737,
            0
          ],
          [
            -99.24208,
            18.90731,
            0
          ],
          [
            -99.24208,
            18.90724,
            0
          ],
          [
            -99.24209,
            18.9072,
            0
          ],
          [
            -99.24209,
            18.90717,
            0
          ],
          [
            -99.2422,
            18.90684,
            0
          ],
          [
            -99.24224,
            18.90669,
            0
          ],
          [
            -99.24232,
            18.90642,
            0
          ],
          [
            -99.24239,
            18.90618,
            0
          ],
          [
            -99.24242,
            18.90606,
            0
          ],
          [
            -99.2424,
            18.90593,
            0
          ],
          [
            -99.24237,
            18.9058,
            0
          ],
          [
            -99.24233,
            18.90569,
            0
          ],
          [
            -99.24225,
            18.90552,
            0
          ],
          [
            -99.24214,
            18.90538,
            0
          ],
          [
            -99.24196,
            18.90517,
            0
          ],
          [
            -99.24182,
            18.90498,
            0
          ],
          [
            -99.24144,
            18.9045,
            0
          ],
          [
            -99.24109,
            18.90406,
            0
          ],
          [
            -99.24098,
            18.90391,
            0
          ],
          [
            -99.24043,
            18.90322,
            0
          ],
          [
            -99.2402,
            18.90293,
            0
          ],
          [
            -99.24015,
            18.90287,
            0
          ],
          [
            -99.24012,
            18.90281,
            0
          ],
          [
            -99.24012,
            18.90274,
            0
          ],
          [
            -99.2401,
            18.9027,
            0
          ],
          [
            -99.24004,
            18.90261,
            0
          ],
          [
            -99.23996,
            18.9025,
            0
          ],
          [
            -99.23979,
            18.90229,
            0
          ],
          [
            -99.23967,
            18.90214,
            0
          ],
          [
            -99.23966,
            18.90213,
            0
          ],
          [
            -99.23956,
            18.902,
            0
          ],
          [
            -99.23944,
            18.90186,
            0
          ],
          [
            -99.23933,
            18.90171,
            0
          ],
          [
            -99.23921,
            18.90157,
            0
          ],
          [
            -99.23898,
            18.90127,
            0
          ],
          [
            -99.23886,
            18.90113,
            0
          ],
          [
            -99.23875,
            18.90099,
            0
          ],
          [
            -99.23864,
            18.90084,
            0
          ],
          [
            -99.23852,
            18.9007,
            0
          ],
          [
            -99.2383,
            18.90041,
            0
          ],
          [
            -99.23804,
            18.90008,
            0
          ],
          [
            -99.23797,
            18.90007,
            0
          ],
          [
            -99.23786,
            18.90002,
            0
          ],
          [
            -99.23794,
            18.89998,
            0
          ],
          [
            -99.23804,
            18.89996,
            0
          ],
          [
            -99.23814,
            18.89993,
            0
          ],
          [
            -99.23821,
            18.89992,
            0
          ],
          [
            -99.23831,
            18.8999,
            0
          ],
          [
            -99.23838,
            18.8999,
            0
          ],
          [
            -99.23841,
            18.8999,
            0
          ],
          [
            -99.23847,
            18.8999,
            0
          ],
          [
            -99.2385,
            18.8999,
            0
          ],
          [
            -99.23851,
            18.8999,
            0
          ],
          [
            -99.23853,
            18.89989,
            0
          ],
          [
            -99.23854,
            18.89989,
            0
          ],
          [
            -99.23855,
            18.89988,
            0
          ],
          [
            -99.23856,
            18.89988,
            0
          ],
          [
            -99.23858,
            18.89984,
            0
          ],
          [
            -99.23865,
            18.89972,
            0
          ],
          [
            -99.2387,
            18.89963,
            0
          ],
          [
            -99.23872,
            18.8996,
            0
          ],
          [
            -99.23874,
            18.89957,
            0
          ],
          [
            -99.23875,
            18.89954,
            0
          ],
          [
            -99.23877,
            18.8995,
            0
          ],
          [
            -99.23878,
            18.89949,
            0
          ],
          [
            -99.23879,
            18.89947,
            0
          ],
          [
            -99.23883,
            18.89945,
            0
          ],
          [
            -99.23895,
            18.89939,
            0
          ],
          [
            -99.23883,
            18.89945,
            0
          ],
          [
            -99.23879,
            18.89947,
            0
          ],
          [
            -99.23878,
            18.89949,
            0
          ],
          [
            -99.23877,
            18.8995,
            0
          ],
          [
            -99.23875,
            18.89954,
            0
          ],
          [
            -99.23874,
            18.89957,
            0
          ],
          [
            -99.23872,
            18.8996,
            0
          ],
          [
            -99.2387,
            18.89963,
            0
          ],
          [
            -99.23865,
            18.89972,
            0
          ],
          [
            -99.23858,
            18.89984,
            0
          ],
          [
            -99.23856,
            18.89988,
            0
          ],
          [
            -99.23855,
            18.89988,
            0
          ],
          [
            -99.23854,
            18.89989,
            0
          ],
          [
            -99.23853,
            18.89989,
            0
          ],
          [
            -99.23851,
            18.8999,
            0
          ],
          [
            -99.2385,
            18.8999,
            0
          ],
          [
            -99.23847,
            18.8999,
            0
          ],
          [
            -99.23841,
            18.8999,
            0
          ],
          [
            -99.23838,
            18.8999,
            0
          ],
          [
            -99.23831,
            18.8999,
            0
          ],
          [
            -99.23821,
            18.89992,
            0
          ],
          [
            -99.23814,
            18.89993,
            0
          ],
          [
            -99.23804,
            18.89996,
            0
          ],
          [
            -99.23794,
            18.89998,
            0
          ],
          [
            -99.23786,
            18.90002,
            0
          ],
          [
            -99.23797,
            18.90007,
            0
          ],
          [
            -99.23798,
            18.90011,
            0
          ],
          [
            -99.238,
            18.90017,
            0
          ],
          [
            -99.23823,
            18.90047,
            0
          ],
          [
            -99.23846,
            18.90075,
            0
          ],
          [
            -99.23869,
            18.90104,
            0
          ],
          [
            -99.2388,
            18.90118,
            0
          ],
          [
            -99.23915,
            18.90161,
            0
          ],
          [
            -99.23939,
            18.9019,
            0
          ],
          [
            -99.2395,
            18.90204,
            0
          ],
          [
            -99.2396,
            18.90216,
            0
          ],
          [
            -99.23973,
            18.90234,
            0
          ],
          [
            -99.24006,
            18.90278,
            0
          ],
          [
            -99.24012,
            18.90281,
            0
          ],
          [
            -99.24015,
            18.90287,
            0
          ],
          [
            -99.2402,
            18.90293,
            0
          ],
          [
            -99.24043,
            18.90322,
            0
          ],
          [
            -99.24098,
            18.90391,
            0
          ],
          [
            -99.24112,
            18.90381,
            0
          ],
          [
            -99.24127,
            18.9037,
            0
          ],
          [
            -99.24173,
            18.90338,
            0
          ],
          [
            -99.24192,
            18.90362,
            0
          ],
          [
            -99.24208,
            18.90383,
            0
          ],
          [
            -99.24215,
            18.90391,
            0
          ],
          [
            -99.24232,
            18.90413,
            0
          ],
          [
            -99.24238,
            18.9042,
            0
          ],
          [
            -99.24251,
            18.90436,
            0
          ],
          [
            -99.24294,
            18.90492,
            0
          ],
          [
            -99.24326,
            18.90539,
            0
          ],
          [
            -99.24336,
            18.90553,
            0
          ],
          [
            -99.24354,
            18.90574,
            0
          ],
          [
            -99.24394,
            18.90617,
            0
          ],
          [
            -99.24428,
            18.90654,
            0
          ],
          [
            -99.24439,
            18.90667,
            0
          ],
          [
            -99.24463,
            18.90695,
            0
          ],
          [
            -99.24469,
            18.90704,
            0
          ],
          [
            -99.24485,
            18.90727,
            0
          ],
          [
            -99.24509,
            18.90767,
            0
          ],
          [
            -99.24515,
            18.90776,
            0
          ],
          [
            -99.24524,
            18.90792,
            0
          ],
          [
            -99.24568,
            18.9086,
            0
          ],
          [
            -99.24573,
            18.90869,
            0
          ],
          [
            -99.24614,
            18.90932,
            0
          ],
          [
            -99.24624,
            18.9095,
            0
          ],
          [
            -99.24635,
            18.90972,
            0
          ]
        ]
      },
      "properties": {
        "description": {
          "@type": "html",
          "value": "descripción: <br>OID: 549<br>ZONA: CENTRO<br>RUTA: RUTA 5<br>ITINERARIO: 2. NUEVA SANTA MARIA-LAGUNILLA-LOMAS DE CORTEZ-PEDREGAL<br>DESCRIPCIO: PEDREGAL-NUEVA SANTA MARIA<br>AUTO-AMPL: ITINERARIO<br>DEFIN-PROV: DEFINITIVOS<br>DURACION: DEFINITIVA<br>FOLIO: SGG/DGT/SDP/000530/97"
        },
        "styleUrl": "#line-880E4F-1200",
        "stroke-opacity": 1,
        "stroke": "#880e4f",
        "stroke-width": 1.2,
        "descripción": "",
        "OID": "549",
        "ZONA": "CENTRO",
        "RUTA": "RUTA 5",
        "ITINERARIO": "2. NUEVA SANTA MARIA-LAGUNILLA-LOMAS DE CORTEZ-PEDREGAL",
        "DESCRIPCIO": "PEDREGAL-NUEVA SANTA MARIA",
        "AUTO-AMPL": "ITINERARIO",
        "DEFIN-PROV": "DEFINITIVOS",
        "DURACION": "DEFINITIVA",
        "FOLIO": "SGG/DGT/SDP/000530/97"
      }
    }
  ]
}