{
  "type": "FeatureCollection",
  "features": [
    {
      "type": "Feature",
      "geometry": {
        "type": "LineString",
        "coordinates": [
          [
            -99.20826,
            18.8794,
            0
          ],
          [
            -99.20837,
            18.87961,
            0
          ],
          [
            -99.20847,
            18.8798,
            0
          ],
          [
            -99.20851,
            18.87987,
            0
          ],
          [
            -99.20858,
            18.88002,
            0
          ],
          [
            -99.20863,
            18.88018,
            0
          ],
          [
            -99.20872,
            18.88044,
            0
          ],
          [
            -99.20872,
            18.88045,
            0
          ],
          [
            -99.20875,
            18.88056,
            0
          ],
          [
            -99.20878,
            18.88066,
            0
          ],
          [
            -99.20882,
            18.88074,
            0
          ],
          [
            -99.20884,
            18.88078,
            0
          ],
          [
            -99.20887,
            18.88082,
            0
          ],
          [
            -99.20893,
            18.88088,
            0
          ],
          [
            -99.209,
            18.88094,
            0
          ],
          [
            -99.20908,
            18.881,
            0
          ],
          [
            -99.20912,
            18.88104,
            0
          ],
          [
            -99.20914,
            18.88107,
            0
          ],
          [
            -99.20918,
            18.88112,
            0
          ],
          [
            -99.20919,
            18.88117,
            0
          ],
          [
            -99.2092,
            18.88122,
            0
          ],
          [
            -99.20921,
            18.88132,
            0
          ],
          [
            -99.20921,
            18.88133,
            0
          ],
          [
            -99.20924,
            18.88145,
            0
          ],
          [
            -99.20935,
            18.88183,
            0
          ],
          [
            -99.2094,
            18.88204,
            0
          ],
          [
            -99.20945,
            18.88213,
            0
          ],
          [
            -99.20951,
            18.88221,
            0
          ],
          [
            -99.20959,
            18.8823,
            0
          ],
          [
            -99.20964,
            18.88236,
            0
          ],
          [
            -99.20971,
            18.88242,
            0
          ],
          [
            -99.20982,
            18.88251,
            0
          ],
          [
            -99.21003,
            18.88262,
            0
          ],
          [
            -99.21016,
            18.88267,
            0
          ],
          [
            -99.21046,
            18.88276,
            0
          ],
          [
            -99.21053,
            18.88278,
            0
          ],
          [
            -99.21061,
            18.88282,
            0
          ],
          [
            -99.21063,
            18.88284,
            0
          ],
          [
            -99.21066,
            18.88286,
            0
          ],
          [
            -99.21069,
            18.88289,
            0
          ],
          [
            -99.2107,
            18.88291,
            0
          ],
          [
            -99.2107,
            18.88293,
            0
          ],
          [
            -99.2107,
            18.88294,
            0
          ],
          [
            -99.2107,
            18.88296,
            0
          ],
          [
            -99.2107,
            18.883,
            0
          ],
          [
            -99.21069,
            18.88305,
            0
          ],
          [
            -99.21068,
            18.88308,
            0
          ],
          [
            -99.21062,
            18.8832,
            0
          ],
          [
            -99.2106,
            18.88331,
            0
          ],
          [
            -99.21059,
            18.88335,
            0
          ],
          [
            -99.21057,
            18.88355,
            0
          ],
          [
            -99.21056,
            18.88376,
            0
          ],
          [
            -99.2106,
            18.88402,
            0
          ],
          [
            -99.21061,
            18.88403,
            0
          ],
          [
            -99.21062,
            18.88414,
            0
          ],
          [
            -99.21063,
            18.88423,
            0
          ],
          [
            -99.21064,
            18.88428,
            0
          ],
          [
            -99.21064,
            18.8843,
            0
          ],
          [
            -99.21065,
            18.88432,
            0
          ],
          [
            -99.21067,
            18.88436,
            0
          ],
          [
            -99.21073,
            18.88445,
            0
          ],
          [
            -99.21081,
            18.88452,
            0
          ],
          [
            -99.21091,
            18.8846,
            0
          ],
          [
            -99.21104,
            18.88468,
            0
          ],
          [
            -99.2112,
            18.88478,
            0
          ],
          [
            -99.2113,
            18.88483,
            0
          ],
          [
            -99.21138,
            18.88485,
            0
          ],
          [
            -99.21153,
            18.88487,
            0
          ],
          [
            -99.21159,
            18.88489,
            0
          ],
          [
            -99.21161,
            18.8849,
            0
          ],
          [
            -99.21163,
            18.88492,
            0
          ],
          [
            -99.21169,
            18.88497,
            0
          ],
          [
            -99.21174,
            18.88505,
            0
          ],
          [
            -99.21175,
            18.88507,
            0
          ],
          [
            -99.21176,
            18.8851,
            0
          ],
          [
            -99.21178,
            18.88516,
            0
          ],
          [
            -99.21181,
            18.88527,
            0
          ],
          [
            -99.21182,
            18.88534,
            0
          ],
          [
            -99.21183,
            18.88537,
            0
          ],
          [
            -99.21184,
            18.88542,
            0
          ],
          [
            -99.21187,
            18.88556,
            0
          ],
          [
            -99.21188,
            18.88561,
            0
          ],
          [
            -99.21189,
            18.88566,
            0
          ],
          [
            -99.21189,
            18.88574,
            0
          ],
          [
            -99.2119,
            18.88579,
            0
          ],
          [
            -99.2119,
            18.88588,
            0
          ],
          [
            -99.21189,
            18.88591,
            0
          ],
          [
            -99.21189,
            18.88593,
            0
          ],
          [
            -99.21187,
            18.88601,
            0
          ],
          [
            -99.21185,
            18.88608,
            0
          ],
          [
            -99.2117,
            18.88655,
            0
          ],
          [
            -99.21163,
            18.88676,
            0
          ],
          [
            -99.21152,
            18.88706,
            0
          ],
          [
            -99.21148,
            18.88715,
            0
          ],
          [
            -99.21145,
            18.88721,
            0
          ],
          [
            -99.21137,
            18.88739,
            0
          ],
          [
            -99.21131,
            18.88754,
            0
          ],
          [
            -99.21124,
            18.88769,
            0
          ],
          [
            -99.21108,
            18.88797,
            0
          ],
          [
            -99.21096,
            18.88817,
            0
          ],
          [
            -99.21088,
            18.88831,
            0
          ],
          [
            -99.21081,
            18.88843,
            0
          ],
          [
            -99.21067,
            18.88864,
            0
          ],
          [
            -99.21058,
            18.8888,
            0
          ],
          [
            -99.21055,
            18.88885,
            0
          ],
          [
            -99.21052,
            18.88891,
            0
          ],
          [
            -99.21039,
            18.88915,
            0
          ],
          [
            -99.21022,
            18.88959,
            0
          ],
          [
            -99.21018,
            18.88968,
            0
          ],
          [
            -99.21011,
            18.88985,
            0
          ],
          [
            -99.21008,
            18.88993,
            0
          ],
          [
            -99.21004,
            18.89002,
            0
          ],
          [
            -99.20995,
            18.89025,
            0
          ],
          [
            -99.2096,
            18.89111,
            0
          ],
          [
            -99.20948,
            18.89141,
            0
          ],
          [
            -99.20934,
            18.89173,
            0
          ],
          [
            -99.20912,
            18.89226,
            0
          ],
          [
            -99.20896,
            18.89262,
            0
          ],
          [
            -99.20893,
            18.89269,
            0
          ],
          [
            -99.20893,
            18.89274,
            0
          ],
          [
            -99.20893,
            18.89276,
            0
          ],
          [
            -99.20893,
            18.89279,
            0
          ],
          [
            -99.20894,
            18.8928,
            0
          ],
          [
            -99.20895,
            18.89281,
            0
          ],
          [
            -99.20896,
            18.89282,
            0
          ],
          [
            -99.20898,
            18.89283,
            0
          ],
          [
            -99.20903,
            18.89285,
            0
          ],
          [
            -99.20968,
            18.893,
            0
          ],
          [
            -99.21003,
            18.89309,
            0
          ],
          [
            -99.21005,
            18.89309,
            0
          ],
          [
            -99.21007,
            18.8931,
            0
          ],
          [
            -99.21008,
            18.8931,
            0
          ],
          [
            -99.21009,
            18.89312,
            0
          ],
          [
            -99.2101,
            18.89314,
            0
          ],
          [
            -99.21012,
            18.89316,
            0
          ],
          [
            -99.21013,
            18.89319,
            0
          ],
          [
            -99.21015,
            18.89324,
            0
          ],
          [
            -99.21017,
            18.89331,
            0
          ],
          [
            -99.21018,
            18.89336,
            0
          ],
          [
            -99.2102,
            18.89339,
            0
          ],
          [
            -99.21021,
            18.8934,
            0
          ],
          [
            -99.21024,
            18.89341,
            0
          ],
          [
            -99.21026,
            18.89343,
            0
          ],
          [
            -99.21028,
            18.89344,
            0
          ],
          [
            -99.21034,
            18.89346,
            0
          ],
          [
            -99.21072,
            18.89347,
            0
          ],
          [
            -99.21084,
            18.89347,
            0
          ],
          [
            -99.21088,
            18.89348,
            0
          ],
          [
            -99.21091,
            18.89349,
            0
          ],
          [
            -99.21093,
            18.89349,
            0
          ],
          [
            -99.21094,
            18.8935,
            0
          ],
          [
            -99.21095,
            18.89351,
            0
          ],
          [
            -99.21097,
            18.89353,
            0
          ],
          [
            -99.21101,
            18.89362,
            0
          ],
          [
            -99.21114,
            18.89396,
            0
          ],
          [
            -99.21117,
            18.89405,
            0
          ],
          [
            -99.21128,
            18.89428,
            0
          ],
          [
            -99.21135,
            18.89443,
            0
          ],
          [
            -99.21137,
            18.89446,
            0
          ],
          [
            -99.21142,
            18.89457,
            0
          ],
          [
            -99.21144,
            18.89458,
            0
          ],
          [
            -99.21147,
            18.89461,
            0
          ],
          [
            -99.21153,
            18.89464,
            0
          ],
          [
            -99.21167,
            18.89466,
            0
          ],
          [
            -99.21192,
            18.89475,
            0
          ],
          [
            -99.21197,
            18.89477,
            0
          ],
          [
            -99.21203,
            18.89481,
            0
          ],
          [
            -99.21204,
            18.89484,
            0
          ],
          [
            -99.21206,
            18.89498,
            0
          ],
          [
            -99.21208,
            18.89509,
            0
          ],
          [
            -99.21211,
            18.89523,
            0
          ],
          [
            -99.21213,
            18.89532,
            0
          ],
          [
            -99.21218,
            18.89547,
            0
          ],
          [
            -99.21222,
            18.89561,
            0
          ],
          [
            -99.21222,
            18.89562,
            0
          ],
          [
            -99.21221,
            18.89568,
            0
          ],
          [
            -99.21221,
            18.89577,
            0
          ],
          [
            -99.21219,
            18.89591,
            0
          ],
          [
            -99.21219,
            18.89606,
            0
          ],
          [
            -99.21219,
            18.89616,
            0
          ],
          [
            -99.21219,
            18.89621,
            0
          ],
          [
            -99.21219,
            18.89626,
            0
          ],
          [
            -99.2122,
            18.8963,
            0
          ],
          [
            -99.21222,
            18.89635,
            0
          ],
          [
            -99.21226,
            18.89643,
            0
          ],
          [
            -99.21239,
            18.89665,
            0
          ],
          [
            -99.21246,
            18.89673,
            0
          ],
          [
            -99.21251,
            18.89678,
            0
          ],
          [
            -99.21256,
            18.89681,
            0
          ],
          [
            -99.21262,
            18.89683,
            0
          ],
          [
            -99.2127,
            18.89686,
            0
          ],
          [
            -99.21275,
            18.89688,
            0
          ],
          [
            -99.21292,
            18.89693,
            0
          ],
          [
            -99.21302,
            18.89696,
            0
          ],
          [
            -99.21309,
            18.89699,
            0
          ],
          [
            -99.21314,
            18.89702,
            0
          ],
          [
            -99.21316,
            18.89704,
            0
          ],
          [
            -99.21318,
            18.89705,
            0
          ],
          [
            -99.21318,
            18.89707,
            0
          ],
          [
            -99.21319,
            18.8971,
            0
          ],
          [
            -99.21319,
            18.89716,
            0
          ],
          [
            -99.2132,
            18.89743,
            0
          ],
          [
            -99.21321,
            18.89774,
            0
          ],
          [
            -99.21322,
            18.89796,
            0
          ],
          [
            -99.21322,
            18.89808,
            0
          ],
          [
            -99.21322,
            18.89813,
            0
          ],
          [
            -99.21324,
            18.89817,
            0
          ],
          [
            -99.21325,
            18.8982,
            0
          ],
          [
            -99.21329,
            18.89825,
            0
          ],
          [
            -99.21332,
            18.89828,
            0
          ],
          [
            -99.21335,
            18.89831,
            0
          ],
          [
            -99.21338,
            18.89835,
            0
          ],
          [
            -99.2134,
            18.89839,
            0
          ],
          [
            -99.21342,
            18.89844,
            0
          ],
          [
            -99.21343,
            18.89849,
            0
          ],
          [
            -99.21346,
            18.89864,
            0
          ],
          [
            -99.21352,
            18.89886,
            0
          ],
          [
            -99.21355,
            18.89898,
            0
          ],
          [
            -99.21357,
            18.89905,
            0
          ],
          [
            -99.2136,
            18.89912,
            0
          ],
          [
            -99.21363,
            18.89919,
            0
          ],
          [
            -99.21365,
            18.89924,
            0
          ],
          [
            -99.21369,
            18.89929,
            0
          ],
          [
            -99.21373,
            18.89934,
            0
          ],
          [
            -99.21399,
            18.89974,
            0
          ],
          [
            -99.21412,
            18.89994,
            0
          ],
          [
            -99.21416,
            18.9,
            0
          ],
          [
            -99.21419,
            18.90003,
            0
          ],
          [
            -99.21425,
            18.90007,
            0
          ],
          [
            -99.21428,
            18.90008,
            0
          ],
          [
            -99.21431,
            18.90009,
            0
          ],
          [
            -99.21437,
            18.90011,
            0
          ],
          [
            -99.21445,
            18.90011,
            0
          ],
          [
            -99.21464,
            18.9001,
            0
          ],
          [
            -99.21481,
            18.90012,
            0
          ],
          [
            -99.21482,
            18.90012,
            0
          ],
          [
            -99.21496,
            18.90019,
            0
          ],
          [
            -99.21498,
            18.90021,
            0
          ],
          [
            -99.21502,
            18.90025,
            0
          ],
          [
            -99.21503,
            18.90026,
            0
          ],
          [
            -99.21528,
            18.90045,
            0
          ],
          [
            -99.21538,
            18.90057,
            0
          ],
          [
            -99.2154,
            18.90061,
            0
          ],
          [
            -99.21542,
            18.90065,
            0
          ],
          [
            -99.21546,
            18.9008,
            0
          ],
          [
            -99.21545,
            18.90087,
            0
          ],
          [
            -99.2154,
            18.90114,
            0
          ],
          [
            -99.2154,
            18.90119,
            0
          ],
          [
            -99.2154,
            18.90123,
            0
          ],
          [
            -99.21541,
            18.90128,
            0
          ],
          [
            -99.21543,
            18.90134,
            0
          ],
          [
            -99.21547,
            18.90146,
            0
          ],
          [
            -99.21554,
            18.90162,
            0
          ],
          [
            -99.21557,
            18.90169,
            0
          ],
          [
            -99.21559,
            18.9018,
            0
          ],
          [
            -99.2156,
            18.90191,
            0
          ],
          [
            -99.21559,
            18.90209,
            0
          ],
          [
            -99.21556,
            18.90222,
            0
          ],
          [
            -99.2155,
            18.90251,
            0
          ],
          [
            -99.2155,
            18.90253,
            0
          ],
          [
            -99.2155,
            18.90255,
            0
          ],
          [
            -99.2155,
            18.90258,
            0
          ],
          [
            -99.21554,
            18.90262,
            0
          ],
          [
            -99.21557,
            18.90264,
            0
          ],
          [
            -99.21559,
            18.90266,
            0
          ],
          [
            -99.21565,
            18.90268,
            0
          ],
          [
            -99.21573,
            18.90272,
            0
          ],
          [
            -99.21575,
            18.90273,
            0
          ],
          [
            -99.21584,
            18.90277,
            0
          ],
          [
            -99.21608,
            18.90287,
            0
          ],
          [
            -99.21611,
            18.90288,
            0
          ],
          [
            -99.21613,
            18.90288,
            0
          ],
          [
            -99.21616,
            18.90288,
            0
          ],
          [
            -99.21618,
            18.90287,
            0
          ],
          [
            -99.21621,
            18.90285,
            0
          ],
          [
            -99.21647,
            18.90261,
            0
          ],
          [
            -99.2166,
            18.90248,
            0
          ],
          [
            -99.21674,
            18.90235,
            0
          ],
          [
            -99.21688,
            18.90223,
            0
          ],
          [
            -99.21694,
            18.90219,
            0
          ],
          [
            -99.217,
            18.90216,
            0
          ],
          [
            -99.21703,
            18.90214,
            0
          ],
          [
            -99.21705,
            18.90214,
            0
          ],
          [
            -99.21707,
            18.90214,
            0
          ],
          [
            -99.21712,
            18.90214,
            0
          ],
          [
            -99.21714,
            18.90214,
            0
          ],
          [
            -99.2172,
            18.90213,
            0
          ],
          [
            -99.21723,
            18.90211,
            0
          ],
          [
            -99.21726,
            18.90211,
            0
          ],
          [
            -99.21727,
            18.90211,
            0
          ],
          [
            -99.21729,
            18.9021,
            0
          ],
          [
            -99.21731,
            18.90209,
            0
          ],
          [
            -99.21738,
            18.90206,
            0
          ],
          [
            -99.21786,
            18.90182,
            0
          ],
          [
            -99.21795,
            18.90178,
            0
          ],
          [
            -99.21835,
            18.90163,
            0
          ],
          [
            -99.21862,
            18.90152,
            0
          ],
          [
            -99.21932,
            18.90122,
            0
          ],
          [
            -99.21939,
            18.90139,
            0
          ],
          [
            -99.21939,
            18.9014,
            0
          ],
          [
            -99.21942,
            18.90147,
            0
          ],
          [
            -99.21942,
            18.90148,
            0
          ],
          [
            -99.21953,
            18.90172,
            0
          ],
          [
            -99.21964,
            18.90192,
            0
          ],
          [
            -99.21964,
            18.90193,
            0
          ],
          [
            -99.21967,
            18.90198,
            0
          ],
          [
            -99.21969,
            18.90202,
            0
          ],
          [
            -99.2197,
            18.90204,
            0
          ],
          [
            -99.2197,
            18.90205,
            0
          ],
          [
            -99.21968,
            18.90213,
            0
          ],
          [
            -99.21962,
            18.90246,
            0
          ],
          [
            -99.21961,
            18.90262,
            0
          ],
          [
            -99.21956,
            18.90296,
            0
          ],
          [
            -99.21955,
            18.90305,
            0
          ],
          [
            -99.21949,
            18.9035,
            0
          ],
          [
            -99.21944,
            18.90379,
            0
          ],
          [
            -99.21956,
            18.90381,
            0
          ],
          [
            -99.22066,
            18.90395,
            0
          ],
          [
            -99.22104,
            18.90399,
            0
          ],
          [
            -99.2211,
            18.90399,
            0
          ],
          [
            -99.22125,
            18.90401,
            0
          ],
          [
            -99.22138,
            18.90402,
            0
          ],
          [
            -99.22145,
            18.90402,
            0
          ],
          [
            -99.22169,
            18.90403,
            0
          ],
          [
            -99.22194,
            18.90404,
            0
          ],
          [
            -99.22212,
            18.90405,
            0
          ],
          [
            -99.2225,
            18.90409,
            0
          ],
          [
            -99.22255,
            18.90411,
            0
          ],
          [
            -99.22256,
            18.90411,
            0
          ],
          [
            -99.22257,
            18.90412,
            0
          ],
          [
            -99.22258,
            18.90414,
            0
          ],
          [
            -99.22258,
            18.90415,
            0
          ],
          [
            -99.22258,
            18.90416,
            0
          ],
          [
            -99.22258,
            18.90418,
            0
          ],
          [
            -99.22258,
            18.90421,
            0
          ],
          [
            -99.22257,
            18.9043,
            0
          ],
          [
            -99.22257,
            18.90467,
            0
          ],
          [
            -99.2226,
            18.90503,
            0
          ],
          [
            -99.22261,
            18.90535,
            0
          ],
          [
            -99.22261,
            18.90568,
            0
          ],
          [
            -99.22261,
            18.90585,
            0
          ],
          [
            -99.22262,
            18.90592,
            0
          ],
          [
            -99.22262,
            18.90596,
            0
          ],
          [
            -99.22263,
            18.90617,
            0
          ],
          [
            -99.22263,
            18.90626,
            0
          ],
          [
            -99.22263,
            18.90636,
            0
          ],
          [
            -99.22263,
            18.90658,
            0
          ],
          [
            -99.22263,
            18.90674,
            0
          ],
          [
            -99.22264,
            18.90679,
            0
          ],
          [
            -99.22266,
            18.90695,
            0
          ],
          [
            -99.22269,
            18.9072,
            0
          ],
          [
            -99.22231,
            18.90717,
            0
          ],
          [
            -99.22212,
            18.90716,
            0
          ],
          [
            -99.22188,
            18.90714,
            0
          ],
          [
            -99.22187,
            18.90714,
            0
          ],
          [
            -99.22186,
            18.90713,
            0
          ],
          [
            -99.22185,
            18.90713,
            0
          ],
          [
            -99.22185,
            18.90712,
            0
          ],
          [
            -99.22184,
            18.90711,
            0
          ],
          [
            -99.22184,
            18.9071,
            0
          ],
          [
            -99.22184,
            18.90709,
            0
          ],
          [
            -99.22183,
            18.90696,
            0
          ],
          [
            -99.22182,
            18.90695,
            0
          ],
          [
            -99.22181,
            18.90694,
            0
          ],
          [
            -99.2218,
            18.90694,
            0
          ],
          [
            -99.22173,
            18.90693,
            0
          ],
          [
            -99.22172,
            18.90693,
            0
          ],
          [
            -99.22064,
            18.90675,
            0
          ],
          [
            -99.22055,
            18.90674,
            0
          ],
          [
            -99.22053,
            18.9069,
            0
          ],
          [
            -99.22052,
            18.9073,
            0
          ],
          [
            -99.22053,
            18.90745,
            0
          ],
          [
            -99.2206,
            18.90795,
            0
          ],
          [
            -99.22063,
            18.90807,
            0
          ],
          [
            -99.22084,
            18.90913,
            0
          ],
          [
            -99.22087,
            18.90928,
            0
          ],
          [
            -99.22091,
            18.90947,
            0
          ],
          [
            -99.22094,
            18.90964,
            0
          ],
          [
            -99.22098,
            18.90985,
            0
          ],
          [
            -99.22106,
            18.91026,
            0
          ],
          [
            -99.22112,
            18.91051,
            0
          ],
          [
            -99.2212,
            18.9105,
            0
          ],
          [
            -99.22153,
            18.91048,
            0
          ],
          [
            -99.22221,
            18.91045,
            0
          ],
          [
            -99.22247,
            18.91043,
            0
          ],
          [
            -99.22323,
            18.91037,
            0
          ],
          [
            -99.22378,
            18.9104,
            0
          ],
          [
            -99.22439,
            18.91041,
            0
          ],
          [
            -99.22452,
            18.91041,
            0
          ],
          [
            -99.22458,
            18.91041,
            0
          ],
          [
            -99.22496,
            18.91042,
            0
          ],
          [
            -99.225,
            18.91101,
            0
          ],
          [
            -99.22504,
            18.9119,
            0
          ],
          [
            -99.22507,
            18.91244,
            0
          ],
          [
            -99.22508,
            18.91262,
            0
          ],
          [
            -99.22509,
            18.91287,
            0
          ],
          [
            -99.22516,
            18.91363,
            0
          ],
          [
            -99.22516,
            18.91371,
            0
          ],
          [
            -99.2252,
            18.91426,
            0
          ],
          [
            -99.2252,
            18.91435,
            0
          ],
          [
            -99.22524,
            18.91498,
            0
          ],
          [
            -99.22525,
            18.91517,
            0
          ],
          [
            -99.22526,
            18.91553,
            0
          ],
          [
            -99.2253,
            18.91617,
            0
          ],
          [
            -99.22535,
            18.91689,
            0
          ],
          [
            -99.22538,
            18.91734,
            0
          ],
          [
            -99.22538,
            18.91736,
            0
          ],
          [
            -99.22538,
            18.91738,
            0
          ],
          [
            -99.22537,
            18.91739,
            0
          ],
          [
            -99.22537,
            18.91741,
            0
          ],
          [
            -99.22536,
            18.91742,
            0
          ],
          [
            -99.22519,
            18.91774,
            0
          ],
          [
            -99.22537,
            18.91782,
            0
          ],
          [
            -99.22581,
            18.918,
            0
          ],
          [
            -99.2264,
            18.91822,
            0
          ],
          [
            -99.2267,
            18.91834,
            0
          ],
          [
            -99.22759,
            18.91879,
            0
          ],
          [
            -99.22772,
            18.91886,
            0
          ],
          [
            -99.22782,
            18.91891,
            0
          ],
          [
            -99.2278,
            18.919,
            0
          ],
          [
            -99.2278,
            18.91904,
            0
          ],
          [
            -99.22781,
            18.91908,
            0
          ],
          [
            -99.22782,
            18.91917,
            0
          ],
          [
            -99.22785,
            18.91929,
            0
          ],
          [
            -99.22791,
            18.91958,
            0
          ],
          [
            -99.22792,
            18.91962,
            0
          ],
          [
            -99.22795,
            18.91975,
            0
          ],
          [
            -99.22796,
            18.91988,
            0
          ],
          [
            -99.22797,
            18.92002,
            0
          ],
          [
            -99.22797,
            18.92051,
            0
          ],
          [
            -99.22797,
            18.92063,
            0
          ],
          [
            -99.22797,
            18.92066,
            0
          ],
          [
            -99.22797,
            18.92069,
            0
          ],
          [
            -99.22798,
            18.92071,
            0
          ],
          [
            -99.228,
            18.92075,
            0
          ],
          [
            -99.22813,
            18.92097,
            0
          ],
          [
            -99.22842,
            18.92152,
            0
          ],
          [
            -99.22858,
            18.92182,
            0
          ],
          [
            -99.22908,
            18.92196,
            0
          ],
          [
            -99.22947,
            18.92204,
            0
          ],
          [
            -99.22956,
            18.92205,
            0
          ],
          [
            -99.2296,
            18.92206,
            0
          ],
          [
            -99.22965,
            18.92206,
            0
          ],
          [
            -99.22973,
            18.92204,
            0
          ],
          [
            -99.22988,
            18.92198,
            0
          ],
          [
            -99.22997,
            18.92196,
            0
          ],
          [
            -99.23004,
            18.92195,
            0
          ],
          [
            -99.23011,
            18.92195,
            0
          ],
          [
            -99.23023,
            18.92195,
            0
          ],
          [
            -99.23059,
            18.92196,
            0
          ],
          [
            -99.23082,
            18.92196,
            0
          ],
          [
            -99.23097,
            18.92195,
            0
          ],
          [
            -99.231,
            18.92195,
            0
          ],
          [
            -99.23102,
            18.92195,
            0
          ],
          [
            -99.23105,
            18.92196,
            0
          ],
          [
            -99.23108,
            18.92197,
            0
          ],
          [
            -99.2311,
            18.92198,
            0
          ],
          [
            -99.23111,
            18.92199,
            0
          ],
          [
            -99.23118,
            18.92208,
            0
          ],
          [
            -99.2312,
            18.92214,
            0
          ],
          [
            -99.2312,
            18.92216,
            0
          ],
          [
            -99.23121,
            18.92217,
            0
          ],
          [
            -99.23121,
            18.92219,
            0
          ],
          [
            -99.23122,
            18.92262,
            0
          ],
          [
            -99.23123,
            18.9227,
            0
          ],
          [
            -99.23122,
            18.92278,
            0
          ],
          [
            -99.23121,
            18.92281,
            0
          ],
          [
            -99.23119,
            18.92286,
            0
          ],
          [
            -99.23113,
            18.92299,
            0
          ],
          [
            -99.23105,
            18.92307,
            0
          ],
          [
            -99.23101,
            18.92312,
            0
          ],
          [
            -99.23101,
            18.92313,
            0
          ],
          [
            -99.231,
            18.92314,
            0
          ],
          [
            -99.231,
            18.92316,
            0
          ],
          [
            -99.231,
            18.92319,
            0
          ],
          [
            -99.23101,
            18.92322,
            0
          ],
          [
            -99.23102,
            18.92325,
            0
          ],
          [
            -99.23104,
            18.92333,
            0
          ],
          [
            -99.23121,
            18.9238,
            0
          ],
          [
            -99.23137,
            18.92416,
            0
          ],
          [
            -99.23146,
            18.92435,
            0
          ],
          [
            -99.23153,
            18.92454,
            0
          ],
          [
            -99.23158,
            18.92467,
            0
          ],
          [
            -99.23159,
            18.92471,
            0
          ],
          [
            -99.23166,
            18.92498,
            0
          ],
          [
            -99.23177,
            18.92518,
            0
          ],
          [
            -99.23193,
            18.9255,
            0
          ],
          [
            -99.23201,
            18.92566,
            0
          ],
          [
            -99.23206,
            18.92575,
            0
          ],
          [
            -99.23213,
            18.92589,
            0
          ],
          [
            -99.23217,
            18.92599,
            0
          ],
          [
            -99.23228,
            18.9263,
            0
          ],
          [
            -99.23232,
            18.92645,
            0
          ],
          [
            -99.23232,
            18.92647,
            0
          ],
          [
            -99.23232,
            18.92649,
            0
          ],
          [
            -99.23232,
            18.92651,
            0
          ],
          [
            -99.23231,
            18.92655,
            0
          ],
          [
            -99.23231,
            18.92657,
            0
          ],
          [
            -99.23217,
            18.92694,
            0
          ],
          [
            -99.23238,
            18.92722,
            0
          ],
          [
            -99.23255,
            18.92724,
            0
          ],
          [
            -99.23261,
            18.92725,
            0
          ],
          [
            -99.23279,
            18.92727,
            0
          ],
          [
            -99.23288,
            18.92728,
            0
          ],
          [
            -99.23392,
            18.92742,
            0
          ],
          [
            -99.23462,
            18.92748,
            0
          ],
          [
            -99.23467,
            18.92749,
            0
          ],
          [
            -99.23471,
            18.92749,
            0
          ],
          [
            -99.23484,
            18.92754,
            0
          ],
          [
            -99.23495,
            18.92761,
            0
          ],
          [
            -99.23499,
            18.92765,
            0
          ],
          [
            -99.23503,
            18.92768,
            0
          ],
          [
            -99.23506,
            18.92772,
            0
          ],
          [
            -99.23509,
            18.92778,
            0
          ],
          [
            -99.23519,
            18.92804,
            0
          ],
          [
            -99.23496,
            18.92818,
            0
          ],
          [
            -99.23471,
            18.92832,
            0
          ],
          [
            -99.23464,
            18.92838,
            0
          ],
          [
            -99.23459,
            18.92843,
            0
          ],
          [
            -99.23456,
            18.92847,
            0
          ],
          [
            -99.23454,
            18.92851,
            0
          ],
          [
            -99.23453,
            18.92854,
            0
          ],
          [
            -99.23435,
            18.9291,
            0
          ],
          [
            -99.2343,
            18.92933,
            0
          ],
          [
            -99.23428,
            18.92945,
            0
          ],
          [
            -99.23425,
            18.92991,
            0
          ],
          [
            -99.23422,
            18.93006,
            0
          ],
          [
            -99.23421,
            18.9301,
            0
          ],
          [
            -99.2342,
            18.93014,
            0
          ],
          [
            -99.23416,
            18.9302,
            0
          ],
          [
            -99.23412,
            18.93027,
            0
          ],
          [
            -99.23416,
            18.93028,
            0
          ],
          [
            -99.23418,
            18.93029,
            0
          ],
          [
            -99.23428,
            18.93032,
            0
          ],
          [
            -99.23429,
            18.93032,
            0
          ],
          [
            -99.23465,
            18.9304,
            0
          ],
          [
            -99.23502,
            18.93048,
            0
          ],
          [
            -99.23504,
            18.93027,
            0
          ],
          [
            -99.23508,
            18.93007,
            0
          ],
          [
            -99.23512,
            18.92986,
            0
          ],
          [
            -99.23513,
            18.92976,
            0
          ],
          [
            -99.23513,
            18.92972,
            0
          ],
          [
            -99.23513,
            18.92968,
            0
          ],
          [
            -99.23513,
            18.92958,
            0
          ],
          [
            -99.23512,
            18.92949,
            0
          ],
          [
            -99.23506,
            18.9291,
            0
          ],
          [
            -99.23504,
            18.92901,
            0
          ],
          [
            -99.23504,
            18.92891,
            0
          ],
          [
            -99.23505,
            18.92884,
            0
          ],
          [
            -99.23506,
            18.92879,
            0
          ],
          [
            -99.23508,
            18.92874,
            0
          ],
          [
            -99.23513,
            18.92866,
            0
          ],
          [
            -99.23515,
            18.92864,
            0
          ],
          [
            -99.23521,
            18.92859,
            0
          ],
          [
            -99.2353,
            18.92856,
            0
          ],
          [
            -99.23537,
            18.92854,
            0
          ],
          [
            -99.23543,
            18.92854,
            0
          ],
          [
            -99.2355,
            18.92851,
            0
          ],
          [
            -99.23554,
            18.92853,
            0
          ],
          [
            -99.23555,
            18.92853,
            0
          ],
          [
            -99.23558,
            18.92855,
            0
          ],
          [
            -99.23562,
            18.92858,
            0
          ],
          [
            -99.23568,
            18.92863,
            0
          ],
          [
            -99.23574,
            18.92869,
            0
          ],
          [
            -99.23578,
            18.92874,
            0
          ],
          [
            -99.23606,
            18.92912,
            0
          ],
          [
            -99.23612,
            18.9292,
            0
          ],
          [
            -99.23626,
            18.92933,
            0
          ],
          [
            -99.23648,
            18.9295,
            0
          ],
          [
            -99.23655,
            18.92956,
            0
          ],
          [
            -99.23679,
            18.92971,
            0
          ],
          [
            -99.23711,
            18.9299,
            0
          ],
          [
            -99.23716,
            18.92991,
            0
          ],
          [
            -99.23722,
            18.92991,
            0
          ],
          [
            -99.2373,
            18.92991,
            0
          ],
          [
            -99.23737,
            18.92989,
            0
          ],
          [
            -99.23754,
            18.92997,
            0
          ],
          [
            -99.23766,
            18.92984,
            0
          ],
          [
            -99.23767,
            18.92983,
            0
          ],
          [
            -99.23768,
            18.9298,
            0
          ],
          [
            -99.23769,
            18.92977,
            0
          ],
          [
            -99.23773,
            18.92964,
            0
          ],
          [
            -99.23785,
            18.92946,
            0
          ],
          [
            -99.23784,
            18.92936,
            0
          ],
          [
            -99.23783,
            18.92932,
            0
          ],
          [
            -99.23782,
            18.92927,
            0
          ],
          [
            -99.2378,
            18.92923,
            0
          ],
          [
            -99.23777,
            18.92921,
            0
          ],
          [
            -99.23749,
            18.92898,
            0
          ],
          [
            -99.23744,
            18.92893,
            0
          ],
          [
            -99.23741,
            18.9289,
            0
          ],
          [
            -99.23739,
            18.92887,
            0
          ],
          [
            -99.23738,
            18.92881,
            0
          ],
          [
            -99.23737,
            18.9287,
            0
          ],
          [
            -99.23732,
            18.92802,
            0
          ],
          [
            -99.23729,
            18.92748,
            0
          ],
          [
            -99.23733,
            18.92726,
            0
          ],
          [
            -99.23734,
            18.92722,
            0
          ],
          [
            -99.23735,
            18.92718,
            0
          ],
          [
            -99.23744,
            18.92697,
            0
          ],
          [
            -99.23806,
            18.92689,
            0
          ],
          [
            -99.23835,
            18.92685,
            0
          ],
          [
            -99.23836,
            18.92719,
            0
          ],
          [
            -99.23839,
            18.92748,
            0
          ],
          [
            -99.23858,
            18.92875,
            0
          ],
          [
            -99.23865,
            18.92912,
            0
          ],
          [
            -99.23865,
            18.92914,
            0
          ],
          [
            -99.2387,
            18.92932,
            0
          ],
          [
            -99.23899,
            18.93029,
            0
          ],
          [
            -99.23907,
            18.93071,
            0
          ],
          [
            -99.23926,
            18.93152,
            0
          ],
          [
            -99.23941,
            18.93205,
            0
          ],
          [
            -99.23946,
            18.93235,
            0
          ],
          [
            -99.23963,
            18.93308,
            0
          ],
          [
            -99.24004,
            18.93305,
            0
          ],
          [
            -99.24023,
            18.93304,
            0
          ],
          [
            -99.24042,
            18.93302,
            0
          ],
          [
            -99.24061,
            18.93301,
            0
          ],
          [
            -99.24087,
            18.93298,
            0
          ],
          [
            -99.24107,
            18.933,
            0
          ],
          [
            -99.24107,
            18.93301,
            0
          ],
          [
            -99.24107,
            18.93302,
            0
          ],
          [
            -99.24107,
            18.93303,
            0
          ],
          [
            -99.24107,
            18.93304,
            0
          ],
          [
            -99.24108,
            18.93304,
            0
          ],
          [
            -99.24108,
            18.93305,
            0
          ],
          [
            -99.24109,
            18.93305,
            0
          ],
          [
            -99.24109,
            18.93306,
            0
          ],
          [
            -99.2411,
            18.93306,
            0
          ],
          [
            -99.24111,
            18.93306,
            0
          ],
          [
            -99.24112,
            18.93306,
            0
          ],
          [
            -99.24113,
            18.93306,
            0
          ],
          [
            -99.24114,
            18.93305,
            0
          ],
          [
            -99.24115,
            18.93305,
            0
          ],
          [
            -99.24115,
            18.93304,
            0
          ],
          [
            -99.24116,
            18.93304,
            0
          ],
          [
            -99.24116,
            18.93303,
            0
          ],
          [
            -99.24116,
            18.93302,
            0
          ],
          [
            -99.24116,
            18.93301,
            0
          ],
          [
            -99.24116,
            18.933,
            0
          ],
          [
            -99.24115,
            18.933,
            0
          ],
          [
            -99.24115,
            18.93299,
            0
          ],
          [
            -99.24115,
            18.93298,
            0
          ],
          [
            -99.24114,
            18.93298,
            0
          ],
          [
            -99.24114,
            18.93282,
            0
          ],
          [
            -99.24109,
            18.93276,
            0
          ],
          [
            -99.24108,
            18.93271,
            0
          ],
          [
            -99.24107,
            18.93258,
            0
          ],
          [
            -99.24105,
            18.93238,
            0
          ],
          [
            -99.24109,
            18.93208,
            0
          ],
          [
            -99.24115,
            18.93176,
            0
          ],
          [
            -99.24116,
            18.93173,
            0
          ],
          [
            -99.24119,
            18.93162,
            0
          ],
          [
            -99.24123,
            18.93155,
            0
          ],
          [
            -99.24144,
            18.93127,
            0
          ],
          [
            -99.24154,
            18.93113,
            0
          ],
          [
            -99.24163,
            18.93103,
            0
          ],
          [
            -99.24171,
            18.93093,
            0
          ],
          [
            -99.24174,
            18.93089,
            0
          ],
          [
            -99.24176,
            18.93086,
            0
          ],
          [
            -99.24177,
            18.93081,
            0
          ],
          [
            -99.24181,
            18.93068,
            0
          ],
          [
            -99.24183,
            18.93062,
            0
          ],
          [
            -99.24208,
            18.92979,
            0
          ],
          [
            -99.2421,
            18.92971,
            0
          ],
          [
            -99.24213,
            18.92967,
            0
          ],
          [
            -99.24216,
            18.92963,
            0
          ],
          [
            -99.24219,
            18.92959,
            0
          ],
          [
            -99.24223,
            18.92957,
            0
          ],
          [
            -99.24226,
            18.92955,
            0
          ],
          [
            -99.24231,
            18.92954,
            0
          ],
          [
            -99.24236,
            18.92954,
            0
          ],
          [
            -99.24241,
            18.92954,
            0
          ],
          [
            -99.24246,
            18.92956,
            0
          ],
          [
            -99.24249,
            18.92958,
            0
          ],
          [
            -99.24252,
            18.9296,
            0
          ],
          [
            -99.24256,
            18.92965,
            0
          ],
          [
            -99.24259,
            18.92969,
            0
          ],
          [
            -99.24261,
            18.92973,
            0
          ],
          [
            -99.24262,
            18.9298,
            0
          ],
          [
            -99.24265,
            18.93009,
            0
          ],
          [
            -99.24268,
            18.93039,
            0
          ],
          [
            -99.24269,
            18.93041,
            0
          ],
          [
            -99.2427,
            18.93044,
            0
          ],
          [
            -99.24272,
            18.93047,
            0
          ],
          [
            -99.24273,
            18.93049,
            0
          ],
          [
            -99.24275,
            18.93052,
            0
          ],
          [
            -99.24278,
            18.93055,
            0
          ],
          [
            -99.24282,
            18.93059,
            0
          ],
          [
            -99.24287,
            18.93062,
            0
          ],
          [
            -99.2429,
            18.93063,
            0
          ],
          [
            -99.24302,
            18.93065,
            0
          ],
          [
            -99.24311,
            18.93066,
            0
          ],
          [
            -99.24322,
            18.93065,
            0
          ],
          [
            -99.24332,
            18.93065,
            0
          ],
          [
            -99.24341,
            18.93063,
            0
          ],
          [
            -99.24347,
            18.93061,
            0
          ],
          [
            -99.2435,
            18.93059,
            0
          ],
          [
            -99.24353,
            18.93057,
            0
          ],
          [
            -99.24356,
            18.93055,
            0
          ],
          [
            -99.24358,
            18.9305,
            0
          ],
          [
            -99.24359,
            18.93036,
            0
          ],
          [
            -99.24359,
            18.93025,
            0
          ],
          [
            -99.24358,
            18.93006,
            0
          ],
          [
            -99.24358,
            18.92984,
            0
          ],
          [
            -99.24358,
            18.92968,
            0
          ],
          [
            -99.24366,
            18.92968,
            0
          ],
          [
            -99.24369,
            18.92968,
            0
          ],
          [
            -99.24373,
            18.92969,
            0
          ],
          [
            -99.24376,
            18.9297,
            0
          ],
          [
            -99.24391,
            18.92979,
            0
          ],
          [
            -99.24396,
            18.92982,
            0
          ],
          [
            -99.24402,
            18.92985,
            0
          ],
          [
            -99.24405,
            18.92986,
            0
          ],
          [
            -99.24411,
            18.92989,
            0
          ],
          [
            -99.24421,
            18.93,
            0
          ],
          [
            -99.2444,
            18.92987,
            0
          ],
          [
            -99.24477,
            18.92946,
            0
          ],
          [
            -99.24483,
            18.92941,
            0
          ],
          [
            -99.24491,
            18.92939,
            0
          ],
          [
            -99.24503,
            18.92938,
            0
          ],
          [
            -99.24517,
            18.92937,
            0
          ],
          [
            -99.24524,
            18.92937,
            0
          ],
          [
            -99.24552,
            18.9293,
            0
          ],
          [
            -99.24561,
            18.92927,
            0
          ],
          [
            -99.24584,
            18.92918,
            0
          ],
          [
            -99.24603,
            18.92899,
            0
          ],
          [
            -99.2461,
            18.92892,
            0
          ],
          [
            -99.24613,
            18.92888,
            0
          ],
          [
            -99.24615,
            18.92885,
            0
          ],
          [
            -99.24617,
            18.92881,
            0
          ],
          [
            -99.24618,
            18.92877,
            0
          ],
          [
            -99.24618,
            18.92858,
            0
          ],
          [
            -99.24617,
            18.92823,
            0
          ],
          [
            -99.24617,
            18.92821,
            0
          ],
          [
            -99.24622,
            18.92791,
            0
          ],
          [
            -99.24638,
            18.92753,
            0
          ],
          [
            -99.24643,
            18.92743,
            0
          ],
          [
            -99.24652,
            18.92732,
            0
          ],
          [
            -99.24689,
            18.92753,
            0
          ],
          [
            -99.2473,
            18.92784,
            0
          ],
          [
            -99.24731,
            18.92786,
            0
          ],
          [
            -99.24732,
            18.92788,
            0
          ],
          [
            -99.24733,
            18.9279,
            0
          ],
          [
            -99.24734,
            18.92794,
            0
          ],
          [
            -99.2474,
            18.92824,
            0
          ],
          [
            -99.24758,
            18.92796,
            0
          ],
          [
            -99.2476,
            18.92794,
            0
          ],
          [
            -99.24766,
            18.92789,
            0
          ],
          [
            -99.24771,
            18.92783,
            0
          ],
          [
            -99.24782,
            18.92777,
            0
          ],
          [
            -99.24789,
            18.92774,
            0
          ],
          [
            -99.24791,
            18.92774,
            0
          ],
          [
            -99.24804,
            18.9277,
            0
          ],
          [
            -99.24831,
            18.92778,
            0
          ],
          [
            -99.24838,
            18.92781,
            0
          ],
          [
            -99.24844,
            18.92785,
            0
          ],
          [
            -99.24853,
            18.92793,
            0
          ],
          [
            -99.24875,
            18.92822,
            0
          ],
          [
            -99.24887,
            18.92837,
            0
          ],
          [
            -99.24891,
            18.92842,
            0
          ],
          [
            -99.24925,
            18.92886,
            0
          ],
          [
            -99.24933,
            18.92896,
            0
          ],
          [
            -99.24945,
            18.9291,
            0
          ],
          [
            -99.24954,
            18.92924,
            0
          ],
          [
            -99.24956,
            18.92929,
            0
          ],
          [
            -99.2496,
            18.92936,
            0
          ],
          [
            -99.24966,
            18.92948,
            0
          ],
          [
            -99.24969,
            18.92958,
            0
          ],
          [
            -99.24974,
            18.92977,
            0
          ],
          [
            -99.24976,
            18.92987,
            0
          ],
          [
            -99.24982,
            18.93018,
            0
          ],
          [
            -99.24983,
            18.93023,
            0
          ],
          [
            -99.24991,
            18.93061,
            0
          ],
          [
            -99.24998,
            18.93096,
            0
          ],
          [
            -99.25001,
            18.93105,
            0
          ],
          [
            -99.25008,
            18.93146,
            0
          ],
          [
            -99.25015,
            18.9317,
            0
          ],
          [
            -99.25022,
            18.93192,
            0
          ],
          [
            -99.25022,
            18.93194,
            0
          ],
          [
            -99.25038,
            18.93242,
            0
          ],
          [
            -99.25049,
            18.93277,
            0
          ],
          [
            -99.25051,
            18.93281,
            0
          ],
          [
            -99.25054,
            18.93285,
            0
          ],
          [
            -99.25114,
            18.93335,
            0
          ],
          [
            -99.25145,
            18.93358,
            0
          ],
          [
            -99.25156,
            18.93366,
            0
          ],
          [
            -99.25187,
            18.93386,
            0
          ],
          [
            -99.25239,
            18.9342,
            0
          ],
          [
            -99.25253,
            18.93429,
            0
          ],
          [
            -99.25275,
            18.93443,
            0
          ],
          [
            -99.25309,
            18.93463,
            0
          ],
          [
            -99.2534,
            18.93486,
            0
          ],
          [
            -99.25347,
            18.93493,
            0
          ],
          [
            -99.25352,
            18.93499,
            0
          ],
          [
            -99.25371,
            18.93529,
            0
          ],
          [
            -99.25387,
            18.93553,
            0
          ],
          [
            -99.25409,
            18.93584,
            0
          ],
          [
            -99.25433,
            18.93616,
            0
          ],
          [
            -99.25467,
            18.9366,
            0
          ],
          [
            -99.25485,
            18.93683,
            0
          ],
          [
            -99.25498,
            18.937,
            0
          ],
          [
            -99.25533,
            18.93735,
            0
          ],
          [
            -99.25575,
            18.93774,
            0
          ],
          [
            -99.25638,
            18.93822,
            0
          ],
          [
            -99.25661,
            18.93842,
            0
          ],
          [
            -99.25661,
            18.93843,
            0
          ],
          [
            -99.25661,
            18.93844,
            0
          ],
          [
            -99.2566,
            18.93844,
            0
          ],
          [
            -99.2566,
            18.93845,
            0
          ],
          [
            -99.2566,
            18.93846,
            0
          ],
          [
            -99.2566,
            18.93847,
            0
          ],
          [
            -99.2566,
            18.93848,
            0
          ],
          [
            -99.2566,
            18.93849,
            0
          ],
          [
            -99.2566,
            18.9385,
            0
          ],
          [
            -99.2566,
            18.93851,
            0
          ],
          [
            -99.2566,
            18.93852,
            0
          ],
          [
            -99.25661,
            18.93852,
            0
          ],
          [
            -99.25661,
            18.93853,
            0
          ],
          [
            -99.25662,
            18.93854,
            0
          ],
          [
            -99.25662,
            18.93855,
            0
          ],
          [
            -99.25663,
            18.93855,
            0
          ],
          [
            -99.25663,
            18.93856,
            0
          ],
          [
            -99.25664,
            18.93856,
            0
          ],
          [
            -99.25665,
            18.93856,
            0
          ],
          [
            -99.25665,
            18.93857,
            0
          ],
          [
            -99.25666,
            18.93857,
            0
          ],
          [
            -99.25667,
            18.93857,
            0
          ],
          [
            -99.25668,
            18.93858,
            0
          ],
          [
            -99.25669,
            18.93858,
            0
          ],
          [
            -99.2567,
            18.93858,
            0
          ],
          [
            -99.25671,
            18.93858,
            0
          ],
          [
            -99.25672,
            18.93858,
            0
          ],
          [
            -99.25672,
            18.93857,
            0
          ],
          [
            -99.25673,
            18.93857,
            0
          ],
          [
            -99.25674,
            18.93857,
            0
          ],
          [
            -99.25675,
            18.93856,
            0
          ],
          [
            -99.25676,
            18.93856,
            0
          ],
          [
            -99.25676,
            18.93855,
            0
          ],
          [
            -99.25677,
            18.93855,
            0
          ],
          [
            -99.25677,
            18.93854,
            0
          ],
          [
            -99.25678,
            18.93854,
            0
          ],
          [
            -99.25678,
            18.93853,
            0
          ],
          [
            -99.25679,
            18.93853,
            0
          ],
          [
            -99.25679,
            18.93852,
            0
          ],
          [
            -99.25685,
            18.93854,
            0
          ],
          [
            -99.25693,
            18.93859,
            0
          ],
          [
            -99.25714,
            18.9387,
            0
          ],
          [
            -99.25725,
            18.93875,
            0
          ],
          [
            -99.25748,
            18.93888,
            0
          ],
          [
            -99.25796,
            18.93914,
            0
          ],
          [
            -99.2582,
            18.93927,
            0
          ],
          [
            -99.25913,
            18.93978,
            0
          ],
          [
            -99.25924,
            18.93993,
            0
          ],
          [
            -99.25995,
            18.94085,
            0
          ],
          [
            -99.26012,
            18.94109,
            0
          ],
          [
            -99.26016,
            18.94114,
            0
          ],
          [
            -99.26024,
            18.94124,
            0
          ],
          [
            -99.26036,
            18.94134,
            0
          ],
          [
            -99.26045,
            18.94142,
            0
          ],
          [
            -99.26058,
            18.94149,
            0
          ],
          [
            -99.26072,
            18.94155,
            0
          ],
          [
            -99.2609,
            18.94161,
            0
          ],
          [
            -99.26165,
            18.94184,
            0
          ],
          [
            -99.26175,
            18.94189,
            0
          ],
          [
            -99.2618,
            18.94193,
            0
          ],
          [
            -99.26186,
            18.94198,
            0
          ],
          [
            -99.2619,
            18.94201,
            0
          ],
          [
            -99.26214,
            18.94224,
            0
          ],
          [
            -99.26264,
            18.94272,
            0
          ],
          [
            -99.26275,
            18.94282,
            0
          ],
          [
            -99.2631,
            18.94313,
            0
          ],
          [
            -99.26313,
            18.94316,
            0
          ],
          [
            -99.26338,
            18.94341,
            0
          ],
          [
            -99.26379,
            18.94379,
            0
          ],
          [
            -99.26434,
            18.94429,
            0
          ],
          [
            -99.26463,
            18.94455,
            0
          ],
          [
            -99.26484,
            18.94475,
            0
          ],
          [
            -99.26491,
            18.94482,
            0
          ],
          [
            -99.26508,
            18.94497,
            0
          ],
          [
            -99.26575,
            18.94554,
            0
          ],
          [
            -99.26613,
            18.94588,
            0
          ],
          [
            -99.26626,
            18.94601,
            0
          ],
          [
            -99.26634,
            18.9461,
            0
          ],
          [
            -99.2664,
            18.94618,
            0
          ],
          [
            -99.26646,
            18.94627,
            0
          ],
          [
            -99.26656,
            18.94646,
            0
          ],
          [
            -99.26661,
            18.94656,
            0
          ],
          [
            -99.26703,
            18.9474,
            0
          ],
          [
            -99.26811,
            18.94961,
            0
          ],
          [
            -99.26829,
            18.94997,
            0
          ],
          [
            -99.26835,
            18.95008,
            0
          ],
          [
            -99.2684,
            18.95014,
            0
          ],
          [
            -99.26847,
            18.9502,
            0
          ],
          [
            -99.26855,
            18.95024,
            0
          ],
          [
            -99.26859,
            18.95027,
            0
          ],
          [
            -99.26864,
            18.95029,
            0
          ],
          [
            -99.26874,
            18.9503,
            0
          ],
          [
            -99.26887,
            18.95032,
            0
          ],
          [
            -99.26949,
            18.95031,
            0
          ],
          [
            -99.26976,
            18.9503,
            0
          ],
          [
            -99.26982,
            18.9503,
            0
          ],
          [
            -99.26994,
            18.9503,
            0
          ],
          [
            -99.2703,
            18.9503,
            0
          ],
          [
            -99.27073,
            18.95038,
            0
          ],
          [
            -99.27089,
            18.95044,
            0
          ],
          [
            -99.27101,
            18.95048,
            0
          ],
          [
            -99.27112,
            18.95055,
            0
          ],
          [
            -99.27124,
            18.95061,
            0
          ],
          [
            -99.27131,
            18.95066,
            0
          ],
          [
            -99.27138,
            18.9507,
            0
          ],
          [
            -99.27152,
            18.95081,
            0
          ],
          [
            -99.2717,
            18.95097,
            0
          ],
          [
            -99.27179,
            18.95106,
            0
          ],
          [
            -99.27189,
            18.95117,
            0
          ],
          [
            -99.27271,
            18.95207,
            0
          ],
          [
            -99.27286,
            18.95223,
            0
          ],
          [
            -99.2732,
            18.9526,
            0
          ],
          [
            -99.27351,
            18.95294,
            0
          ],
          [
            -99.27413,
            18.9536,
            0
          ],
          [
            -99.27438,
            18.95388,
            0
          ],
          [
            -99.27445,
            18.95395,
            0
          ],
          [
            -99.27463,
            18.95415,
            0
          ],
          [
            -99.27475,
            18.95427,
            0
          ],
          [
            -99.2749,
            18.95445,
            0
          ],
          [
            -99.27501,
            18.95458,
            0
          ],
          [
            -99.27518,
            18.95477,
            0
          ],
          [
            -99.27528,
            18.95491,
            0
          ],
          [
            -99.27534,
            18.95501,
            0
          ],
          [
            -99.27539,
            18.95512,
            0
          ],
          [
            -99.27543,
            18.95522,
            0
          ],
          [
            -99.27544,
            18.95524,
            0
          ],
          [
            -99.27557,
            18.95556,
            0
          ],
          [
            -99.2757,
            18.95581,
            0
          ],
          [
            -99.27591,
            18.95611,
            0
          ],
          [
            -99.27625,
            18.95657,
            0
          ],
          [
            -99.27646,
            18.95684,
            0
          ],
          [
            -99.27674,
            18.95725,
            0
          ],
          [
            -99.27685,
            18.95736,
            0
          ],
          [
            -99.27692,
            18.95743,
            0
          ],
          [
            -99.27693,
            18.95744,
            0
          ],
          [
            -99.27704,
            18.95754,
            0
          ],
          [
            -99.27706,
            18.95756,
            0
          ],
          [
            -99.27725,
            18.95774,
            0
          ],
          [
            -99.2776,
            18.95805,
            0
          ],
          [
            -99.27768,
            18.95815,
            0
          ],
          [
            -99.27776,
            18.95823,
            0
          ],
          [
            -99.27779,
            18.95825,
            0
          ],
          [
            -99.27781,
            18.95828,
            0
          ],
          [
            -99.27798,
            18.95848,
            0
          ],
          [
            -99.27822,
            18.95879,
            0
          ],
          [
            -99.27837,
            18.95898,
            0
          ],
          [
            -99.27891,
            18.95966,
            0
          ],
          [
            -99.27899,
            18.95976,
            0
          ],
          [
            -99.27917,
            18.95998,
            0
          ],
          [
            -99.27928,
            18.96013,
            0
          ],
          [
            -99.2793,
            18.96015,
            0
          ]
        ]
      },
      "properties": {
        "name": "3. ACAPANTZINGO-CENTRO-COMERCIAL-VICTORIA-CAROLINA-COL. DEL BOSQUE",
        "description": {
          "@type": "html",
          "value": "descripción: <br>OID: 620<br>ZONA: CENTRO<br>RUTA: RUTA 6<br>ITINERARIO: 3. ACAPANTZINGO-CENTRO-COMERCIAL-VICTORIA-CAROLINA-COL. DEL BOSQUE<br>DESCRIPCIO: ACAPANTZINGO-COL. DEL BOSQUE<br>AUTO-AMPL: ITINERARIO<br>DEFIN-PROV: DEFINITIVOS<br>DURACION: DEFINITIVA<br>FOLIO: SGG/DGT/SDP/000531/97"
        },
        "styleUrl": "#line-F57C00-1200",
        "stroke-opacity": 1,
        "stroke": "#f57c00",
        "stroke-width": 1.2,
        "descripción": "",
        "OID": "620",
        "ZONA": "CENTRO",
        "RUTA": "RUTA 6",
        "ITINERARIO": "3. ACAPANTZINGO-CENTRO-COMERCIAL-VICTORIA-CAROLINA-COL. DEL BOSQUE",
        "DESCRIPCIO": "ACAPANTZINGO-COL. DEL BOSQUE",
        "AUTO-AMPL": "ITINERARIO",
        "DEFIN-PROV": "DEFINITIVOS",
        "DURACION": "DEFINITIVA",
        "FOLIO": "SGG/DGT/SDP/000531/97"
      }
    },
    {
      "type": "Feature",
      "geometry": {
        "type": "LineString",
        "coordinates": [
          [
            -99.27906,
            18.95984,
            0
          ],
          [
            -99.27899,
            18.95976,
            0
          ],
          [
            -99.27891,
            18.95966,
            0
          ],
          [
            -99.27837,
            18.95898,
            0
          ],
          [
            -99.27822,
            18.95879,
            0
          ],
          [
            -99.27798,
            18.95848,
            0
          ],
          [
            -99.27781,
            18.95828,
            0
          ],
          [
            -99.27779,
            18.95825,
            0
          ],
          [
            -99.27776,
            18.95823,
            0
          ],
          [
            -99.27768,
            18.95815,
            0
          ],
          [
            -99.2776,
            18.95805,
            0
          ],
          [
            -99.27725,
            18.95774,
            0
          ],
          [
            -99.27706,
            18.95756,
            0
          ],
          [
            -99.27704,
            18.95754,
            0
          ],
          [
            -99.27693,
            18.95744,
            0
          ],
          [
            -99.27692,
            18.95743,
            0
          ],
          [
            -99.27685,
            18.95736,
            0
          ],
          [
            -99.27674,
            18.95725,
            0
          ],
          [
            -99.27646,
            18.95684,
            0
          ],
          [
            -99.27625,
            18.95657,
            0
          ],
          [
            -99.27591,
            18.95611,
            0
          ],
          [
            -99.2757,
            18.95581,
            0
          ],
          [
            -99.27557,
            18.95556,
            0
          ],
          [
            -99.27544,
            18.95524,
            0
          ],
          [
            -99.27543,
            18.95522,
            0
          ],
          [
            -99.27539,
            18.95512,
            0
          ],
          [
            -99.27534,
            18.95501,
            0
          ],
          [
            -99.27528,
            18.95491,
            0
          ],
          [
            -99.27518,
            18.95477,
            0
          ],
          [
            -99.27501,
            18.95458,
            0
          ],
          [
            -99.2749,
            18.95445,
            0
          ],
          [
            -99.27475,
            18.95427,
            0
          ],
          [
            -99.27463,
            18.95415,
            0
          ],
          [
            -99.27445,
            18.95395,
            0
          ],
          [
            -99.27438,
            18.95388,
            0
          ],
          [
            -99.27413,
            18.9536,
            0
          ],
          [
            -99.27351,
            18.95294,
            0
          ],
          [
            -99.2732,
            18.9526,
            0
          ],
          [
            -99.27286,
            18.95223,
            0
          ],
          [
            -99.27271,
            18.95207,
            0
          ],
          [
            -99.27189,
            18.95117,
            0
          ],
          [
            -99.27179,
            18.95106,
            0
          ],
          [
            -99.2717,
            18.95097,
            0
          ],
          [
            -99.27152,
            18.95081,
            0
          ],
          [
            -99.27138,
            18.9507,
            0
          ],
          [
            -99.27131,
            18.95066,
            0
          ],
          [
            -99.27124,
            18.95061,
            0
          ],
          [
            -99.27112,
            18.95055,
            0
          ],
          [
            -99.27101,
            18.95048,
            0
          ],
          [
            -99.27089,
            18.95044,
            0
          ],
          [
            -99.27073,
            18.95038,
            0
          ],
          [
            -99.2703,
            18.9503,
            0
          ],
          [
            -99.26994,
            18.9503,
            0
          ],
          [
            -99.26982,
            18.9503,
            0
          ],
          [
            -99.26976,
            18.9503,
            0
          ],
          [
            -99.26949,
            18.95031,
            0
          ],
          [
            -99.26887,
            18.95032,
            0
          ],
          [
            -99.26874,
            18.9503,
            0
          ],
          [
            -99.26864,
            18.95029,
            0
          ],
          [
            -99.26859,
            18.95027,
            0
          ],
          [
            -99.26855,
            18.95024,
            0
          ],
          [
            -99.26847,
            18.9502,
            0
          ],
          [
            -99.2684,
            18.95014,
            0
          ],
          [
            -99.26835,
            18.95008,
            0
          ],
          [
            -99.26829,
            18.94997,
            0
          ],
          [
            -99.26811,
            18.94961,
            0
          ],
          [
            -99.26703,
            18.9474,
            0
          ],
          [
            -99.26661,
            18.94656,
            0
          ],
          [
            -99.26656,
            18.94646,
            0
          ],
          [
            -99.26646,
            18.94627,
            0
          ],
          [
            -99.2664,
            18.94618,
            0
          ],
          [
            -99.26634,
            18.9461,
            0
          ],
          [
            -99.26626,
            18.94601,
            0
          ],
          [
            -99.26613,
            18.94588,
            0
          ],
          [
            -99.26575,
            18.94554,
            0
          ],
          [
            -99.26508,
            18.94497,
            0
          ],
          [
            -99.26491,
            18.94482,
            0
          ],
          [
            -99.26484,
            18.94475,
            0
          ],
          [
            -99.26463,
            18.94455,
            0
          ],
          [
            -99.26434,
            18.94429,
            0
          ],
          [
            -99.26379,
            18.94379,
            0
          ],
          [
            -99.26338,
            18.94341,
            0
          ],
          [
            -99.26313,
            18.94316,
            0
          ],
          [
            -99.2631,
            18.94313,
            0
          ],
          [
            -99.26275,
            18.94282,
            0
          ],
          [
            -99.26264,
            18.94272,
            0
          ],
          [
            -99.26214,
            18.94224,
            0
          ],
          [
            -99.2619,
            18.94201,
            0
          ],
          [
            -99.26186,
            18.94198,
            0
          ],
          [
            -99.2618,
            18.94193,
            0
          ],
          [
            -99.26175,
            18.94189,
            0
          ],
          [
            -99.26165,
            18.94184,
            0
          ],
          [
            -99.2609,
            18.94161,
            0
          ],
          [
            -99.26072,
            18.94155,
            0
          ],
          [
            -99.26058,
            18.94149,
            0
          ],
          [
            -99.26045,
            18.94142,
            0
          ],
          [
            -99.26036,
            18.94134,
            0
          ],
          [
            -99.26024,
            18.94124,
            0
          ],
          [
            -99.26016,
            18.94114,
            0
          ],
          [
            -99.26012,
            18.94109,
            0
          ],
          [
            -99.25995,
            18.94085,
            0
          ],
          [
            -99.25924,
            18.93993,
            0
          ],
          [
            -99.25913,
            18.93978,
            0
          ],
          [
            -99.2582,
            18.93927,
            0
          ],
          [
            -99.25796,
            18.93914,
            0
          ],
          [
            -99.25748,
            18.93888,
            0
          ],
          [
            -99.25725,
            18.93875,
            0
          ],
          [
            -99.25714,
            18.9387,
            0
          ],
          [
            -99.25693,
            18.93859,
            0
          ],
          [
            -99.25685,
            18.93854,
            0
          ],
          [
            -99.25679,
            18.93852,
            0
          ],
          [
            -99.25679,
            18.93851,
            0
          ],
          [
            -99.25679,
            18.9385,
            0
          ],
          [
            -99.2568,
            18.9385,
            0
          ],
          [
            -99.2568,
            18.93849,
            0
          ],
          [
            -99.2568,
            18.93848,
            0
          ],
          [
            -99.2568,
            18.93847,
            0
          ],
          [
            -99.25679,
            18.93846,
            0
          ],
          [
            -99.25679,
            18.93845,
            0
          ],
          [
            -99.25679,
            18.93844,
            0
          ],
          [
            -99.25678,
            18.93844,
            0
          ],
          [
            -99.25678,
            18.93843,
            0
          ],
          [
            -99.25677,
            18.93842,
            0
          ],
          [
            -99.25677,
            18.93841,
            0
          ],
          [
            -99.25676,
            18.93841,
            0
          ],
          [
            -99.25675,
            18.9384,
            0
          ],
          [
            -99.25674,
            18.9384,
            0
          ],
          [
            -99.25674,
            18.93839,
            0
          ],
          [
            -99.25673,
            18.93839,
            0
          ],
          [
            -99.25672,
            18.93839,
            0
          ],
          [
            -99.25672,
            18.93838,
            0
          ],
          [
            -99.25671,
            18.93838,
            0
          ],
          [
            -99.2567,
            18.93838,
            0
          ],
          [
            -99.25669,
            18.93838,
            0
          ],
          [
            -99.25668,
            18.93838,
            0
          ],
          [
            -99.25667,
            18.93838,
            0
          ],
          [
            -99.25667,
            18.93839,
            0
          ],
          [
            -99.25666,
            18.93839,
            0
          ],
          [
            -99.25665,
            18.93839,
            0
          ],
          [
            -99.25664,
            18.9384,
            0
          ],
          [
            -99.25663,
            18.9384,
            0
          ],
          [
            -99.25663,
            18.93841,
            0
          ],
          [
            -99.25662,
            18.93841,
            0
          ],
          [
            -99.25662,
            18.93842,
            0
          ],
          [
            -99.25661,
            18.93842,
            0
          ],
          [
            -99.25661,
            18.93843,
            0
          ],
          [
            -99.25661,
            18.93844,
            0
          ],
          [
            -99.2566,
            18.93844,
            0
          ],
          [
            -99.2566,
            18.93845,
            0
          ],
          [
            -99.2566,
            18.93846,
            0
          ],
          [
            -99.2566,
            18.93847,
            0
          ],
          [
            -99.2566,
            18.93848,
            0
          ],
          [
            -99.2566,
            18.93849,
            0
          ],
          [
            -99.25643,
            18.93841,
            0
          ],
          [
            -99.25597,
            18.93828,
            0
          ],
          [
            -99.25579,
            18.93821,
            0
          ],
          [
            -99.2557,
            18.93817,
            0
          ],
          [
            -99.2556,
            18.93811,
            0
          ],
          [
            -99.25553,
            18.93805,
            0
          ],
          [
            -99.25551,
            18.93803,
            0
          ],
          [
            -99.25538,
            18.93792,
            0
          ],
          [
            -99.25523,
            18.93776,
            0
          ],
          [
            -99.25514,
            18.93768,
            0
          ],
          [
            -99.25506,
            18.93759,
            0
          ],
          [
            -99.25493,
            18.93746,
            0
          ],
          [
            -99.25478,
            18.93732,
            0
          ],
          [
            -99.2544,
            18.93693,
            0
          ],
          [
            -99.25439,
            18.93691,
            0
          ],
          [
            -99.25403,
            18.93656,
            0
          ],
          [
            -99.25397,
            18.93649,
            0
          ],
          [
            -99.25393,
            18.93645,
            0
          ],
          [
            -99.25383,
            18.93633,
            0
          ],
          [
            -99.25377,
            18.93623,
            0
          ],
          [
            -99.2537,
            18.93614,
            0
          ],
          [
            -99.25346,
            18.9356,
            0
          ],
          [
            -99.25336,
            18.93544,
            0
          ],
          [
            -99.25331,
            18.93537,
            0
          ],
          [
            -99.25323,
            18.93531,
            0
          ],
          [
            -99.25313,
            18.93525,
            0
          ],
          [
            -99.25294,
            18.93514,
            0
          ],
          [
            -99.25275,
            18.93507,
            0
          ],
          [
            -99.25251,
            18.93499,
            0
          ],
          [
            -99.25131,
            18.93475,
            0
          ],
          [
            -99.25115,
            18.93471,
            0
          ],
          [
            -99.25084,
            18.93464,
            0
          ],
          [
            -99.25065,
            18.93459,
            0
          ],
          [
            -99.25031,
            18.9345,
            0
          ],
          [
            -99.25022,
            18.93448,
            0
          ],
          [
            -99.25011,
            18.93444,
            0
          ],
          [
            -99.24997,
            18.93437,
            0
          ],
          [
            -99.24991,
            18.93434,
            0
          ],
          [
            -99.24986,
            18.93431,
            0
          ],
          [
            -99.24982,
            18.93427,
            0
          ],
          [
            -99.2498,
            18.93425,
            0
          ],
          [
            -99.24969,
            18.93415,
            0
          ],
          [
            -99.24956,
            18.93402,
            0
          ],
          [
            -99.24942,
            18.93388,
            0
          ],
          [
            -99.24935,
            18.93384,
            0
          ],
          [
            -99.24929,
            18.9338,
            0
          ],
          [
            -99.24923,
            18.93378,
            0
          ],
          [
            -99.24919,
            18.93377,
            0
          ],
          [
            -99.24915,
            18.93376,
            0
          ],
          [
            -99.24913,
            18.93376,
            0
          ],
          [
            -99.24909,
            18.93375,
            0
          ],
          [
            -99.24899,
            18.93377,
            0
          ],
          [
            -99.24896,
            18.93377,
            0
          ],
          [
            -99.24893,
            18.93378,
            0
          ],
          [
            -99.24884,
            18.93381,
            0
          ],
          [
            -99.24882,
            18.93382,
            0
          ],
          [
            -99.24877,
            18.93384,
            0
          ],
          [
            -99.24866,
            18.93382,
            0
          ],
          [
            -99.24864,
            18.93381,
            0
          ],
          [
            -99.24863,
            18.9338,
            0
          ],
          [
            -99.24861,
            18.93379,
            0
          ],
          [
            -99.2486,
            18.93378,
            0
          ],
          [
            -99.24859,
            18.93377,
            0
          ],
          [
            -99.24851,
            18.93371,
            0
          ],
          [
            -99.24845,
            18.93366,
            0
          ],
          [
            -99.24841,
            18.93361,
            0
          ],
          [
            -99.24839,
            18.93358,
            0
          ],
          [
            -99.24836,
            18.93354,
            0
          ],
          [
            -99.24833,
            18.93352,
            0
          ],
          [
            -99.24829,
            18.93348,
            0
          ],
          [
            -99.24816,
            18.93341,
            0
          ],
          [
            -99.24769,
            18.93317,
            0
          ],
          [
            -99.24768,
            18.93316,
            0
          ],
          [
            -99.24766,
            18.93315,
            0
          ],
          [
            -99.24757,
            18.93313,
            0
          ],
          [
            -99.24728,
            18.93305,
            0
          ],
          [
            -99.24713,
            18.93301,
            0
          ],
          [
            -99.24698,
            18.93297,
            0
          ],
          [
            -99.24688,
            18.93293,
            0
          ],
          [
            -99.24655,
            18.9328,
            0
          ],
          [
            -99.24644,
            18.93275,
            0
          ],
          [
            -99.24631,
            18.93268,
            0
          ],
          [
            -99.24626,
            18.93264,
            0
          ],
          [
            -99.24619,
            18.93258,
            0
          ],
          [
            -99.24603,
            18.93242,
            0
          ],
          [
            -99.24575,
            18.93215,
            0
          ],
          [
            -99.24562,
            18.93203,
            0
          ],
          [
            -99.24547,
            18.93185,
            0
          ],
          [
            -99.24534,
            18.9317,
            0
          ],
          [
            -99.24499,
            18.93117,
            0
          ],
          [
            -99.24493,
            18.93108,
            0
          ],
          [
            -99.2443,
            18.93013,
            0
          ],
          [
            -99.24421,
            18.93,
            0
          ],
          [
            -99.2444,
            18.92987,
            0
          ],
          [
            -99.24477,
            18.92946,
            0
          ],
          [
            -99.24483,
            18.92941,
            0
          ],
          [
            -99.24491,
            18.92939,
            0
          ],
          [
            -99.24503,
            18.92938,
            0
          ],
          [
            -99.24517,
            18.92937,
            0
          ],
          [
            -99.24524,
            18.92937,
            0
          ],
          [
            -99.24552,
            18.9293,
            0
          ],
          [
            -99.24561,
            18.92927,
            0
          ],
          [
            -99.24584,
            18.92918,
            0
          ],
          [
            -99.24603,
            18.92899,
            0
          ],
          [
            -99.2461,
            18.92892,
            0
          ],
          [
            -99.24613,
            18.92888,
            0
          ],
          [
            -99.24615,
            18.92885,
            0
          ],
          [
            -99.24617,
            18.92881,
            0
          ],
          [
            -99.24618,
            18.92877,
            0
          ],
          [
            -99.24618,
            18.92858,
            0
          ],
          [
            -99.24617,
            18.92823,
            0
          ],
          [
            -99.24617,
            18.92821,
            0
          ],
          [
            -99.24622,
            18.92791,
            0
          ],
          [
            -99.24638,
            18.92753,
            0
          ],
          [
            -99.24643,
            18.92743,
            0
          ],
          [
            -99.24652,
            18.92732,
            0
          ],
          [
            -99.24689,
            18.92753,
            0
          ],
          [
            -99.2473,
            18.92784,
            0
          ],
          [
            -99.24731,
            18.92786,
            0
          ],
          [
            -99.24732,
            18.92788,
            0
          ],
          [
            -99.24733,
            18.9279,
            0
          ],
          [
            -99.24734,
            18.92794,
            0
          ],
          [
            -99.2474,
            18.92824,
            0
          ],
          [
            -99.24758,
            18.92796,
            0
          ],
          [
            -99.2476,
            18.92794,
            0
          ],
          [
            -99.24766,
            18.92789,
            0
          ],
          [
            -99.24771,
            18.92783,
            0
          ],
          [
            -99.24782,
            18.92777,
            0
          ],
          [
            -99.24789,
            18.92774,
            0
          ],
          [
            -99.24791,
            18.92774,
            0
          ],
          [
            -99.24804,
            18.9277,
            0
          ],
          [
            -99.2477,
            18.92721,
            0
          ],
          [
            -99.24754,
            18.92697,
            0
          ],
          [
            -99.24732,
            18.92665,
            0
          ],
          [
            -99.24707,
            18.92684,
            0
          ],
          [
            -99.24693,
            18.92696,
            0
          ],
          [
            -99.24675,
            18.92709,
            0
          ],
          [
            -99.24652,
            18.92732,
            0
          ],
          [
            -99.24643,
            18.92743,
            0
          ],
          [
            -99.24638,
            18.92753,
            0
          ],
          [
            -99.24622,
            18.92791,
            0
          ],
          [
            -99.24617,
            18.92821,
            0
          ],
          [
            -99.24617,
            18.92823,
            0
          ],
          [
            -99.24618,
            18.92858,
            0
          ],
          [
            -99.24618,
            18.92877,
            0
          ],
          [
            -99.24617,
            18.92881,
            0
          ],
          [
            -99.24615,
            18.92885,
            0
          ],
          [
            -99.24613,
            18.92888,
            0
          ],
          [
            -99.2461,
            18.92892,
            0
          ],
          [
            -99.24603,
            18.92899,
            0
          ],
          [
            -99.24584,
            18.92918,
            0
          ],
          [
            -99.24561,
            18.92927,
            0
          ],
          [
            -99.24552,
            18.9293,
            0
          ],
          [
            -99.24524,
            18.92937,
            0
          ],
          [
            -99.24517,
            18.92937,
            0
          ],
          [
            -99.24503,
            18.92938,
            0
          ],
          [
            -99.24491,
            18.92939,
            0
          ],
          [
            -99.24483,
            18.92941,
            0
          ],
          [
            -99.24477,
            18.92946,
            0
          ],
          [
            -99.2444,
            18.92987,
            0
          ],
          [
            -99.24421,
            18.93,
            0
          ],
          [
            -99.24411,
            18.92989,
            0
          ],
          [
            -99.24363,
            18.92913,
            0
          ],
          [
            -99.2436,
            18.9291,
            0
          ],
          [
            -99.24354,
            18.92902,
            0
          ],
          [
            -99.24358,
            18.92968,
            0
          ],
          [
            -99.24358,
            18.92984,
            0
          ],
          [
            -99.24358,
            18.93006,
            0
          ],
          [
            -99.24359,
            18.93025,
            0
          ],
          [
            -99.24359,
            18.93036,
            0
          ],
          [
            -99.24358,
            18.9305,
            0
          ],
          [
            -99.24356,
            18.93055,
            0
          ],
          [
            -99.24353,
            18.93057,
            0
          ],
          [
            -99.2435,
            18.93059,
            0
          ],
          [
            -99.24347,
            18.93061,
            0
          ],
          [
            -99.24341,
            18.93063,
            0
          ],
          [
            -99.24332,
            18.93065,
            0
          ],
          [
            -99.24322,
            18.93065,
            0
          ],
          [
            -99.24311,
            18.93066,
            0
          ],
          [
            -99.24302,
            18.93065,
            0
          ],
          [
            -99.2429,
            18.93063,
            0
          ],
          [
            -99.24288,
            18.93099,
            0
          ],
          [
            -99.24279,
            18.93134,
            0
          ],
          [
            -99.24272,
            18.9315,
            0
          ],
          [
            -99.24261,
            18.93176,
            0
          ],
          [
            -99.24259,
            18.93183,
            0
          ],
          [
            -99.24258,
            18.93194,
            0
          ],
          [
            -99.24257,
            18.93205,
            0
          ],
          [
            -99.24256,
            18.9323,
            0
          ],
          [
            -99.24257,
            18.9325,
            0
          ],
          [
            -99.24257,
            18.93259,
            0
          ],
          [
            -99.24232,
            18.93255,
            0
          ],
          [
            -99.24186,
            18.93244,
            0
          ],
          [
            -99.24135,
            18.93232,
            0
          ],
          [
            -99.24114,
            18.93282,
            0
          ],
          [
            -99.24114,
            18.93298,
            0
          ],
          [
            -99.24113,
            18.93298,
            0
          ],
          [
            -99.24113,
            18.93297,
            0
          ],
          [
            -99.24112,
            18.93297,
            0
          ],
          [
            -99.24111,
            18.93297,
            0
          ],
          [
            -99.2411,
            18.93297,
            0
          ],
          [
            -99.2411,
            18.93298,
            0
          ],
          [
            -99.24109,
            18.93298,
            0
          ],
          [
            -99.24108,
            18.93298,
            0
          ],
          [
            -99.24108,
            18.93299,
            0
          ],
          [
            -99.24107,
            18.93299,
            0
          ],
          [
            -99.24107,
            18.933,
            0
          ],
          [
            -99.24087,
            18.93298,
            0
          ],
          [
            -99.24082,
            18.93293,
            0
          ],
          [
            -99.2407,
            18.93285,
            0
          ],
          [
            -99.24058,
            18.93275,
            0
          ],
          [
            -99.24046,
            18.93265,
            0
          ],
          [
            -99.24027,
            18.93228,
            0
          ],
          [
            -99.24013,
            18.93199,
            0
          ],
          [
            -99.24008,
            18.93187,
            0
          ],
          [
            -99.24006,
            18.93179,
            0
          ],
          [
            -99.24005,
            18.93169,
            0
          ],
          [
            -99.24006,
            18.93156,
            0
          ],
          [
            -99.24013,
            18.93126,
            0
          ],
          [
            -99.24021,
            18.93068,
            0
          ],
          [
            -99.24021,
            18.93067,
            0
          ],
          [
            -99.24023,
            18.93036,
            0
          ],
          [
            -99.24025,
            18.92971,
            0
          ],
          [
            -99.24027,
            18.92956,
            0
          ],
          [
            -99.24029,
            18.92947,
            0
          ],
          [
            -99.24036,
            18.92929,
            0
          ],
          [
            -99.2404,
            18.92911,
            0
          ],
          [
            -99.24043,
            18.92811,
            0
          ],
          [
            -99.24047,
            18.92754,
            0
          ],
          [
            -99.24023,
            18.92754,
            0
          ],
          [
            -99.24016,
            18.92754,
            0
          ],
          [
            -99.24004,
            18.92753,
            0
          ],
          [
            -99.24016,
            18.92754,
            0
          ],
          [
            -99.24023,
            18.92754,
            0
          ],
          [
            -99.24047,
            18.92754,
            0
          ],
          [
            -99.24045,
            18.92677,
            0
          ],
          [
            -99.24043,
            18.92665,
            0
          ],
          [
            -99.24042,
            18.9266,
            0
          ],
          [
            -99.24028,
            18.92631,
            0
          ],
          [
            -99.23988,
            18.92569,
            0
          ],
          [
            -99.23986,
            18.92562,
            0
          ],
          [
            -99.23983,
            18.92547,
            0
          ],
          [
            -99.23976,
            18.92472,
            0
          ],
          [
            -99.23973,
            18.92447,
            0
          ],
          [
            -99.23972,
            18.92438,
            0
          ],
          [
            -99.23965,
            18.92439,
            0
          ],
          [
            -99.23869,
            18.92443,
            0
          ],
          [
            -99.23831,
            18.92446,
            0
          ],
          [
            -99.2383,
            18.92446,
            0
          ],
          [
            -99.23815,
            18.92446,
            0
          ],
          [
            -99.23809,
            18.92446,
            0
          ],
          [
            -99.23801,
            18.92446,
            0
          ],
          [
            -99.23794,
            18.92444,
            0
          ],
          [
            -99.23789,
            18.92443,
            0
          ],
          [
            -99.23782,
            18.92443,
            0
          ],
          [
            -99.2376,
            18.92446,
            0
          ],
          [
            -99.23733,
            18.92447,
            0
          ],
          [
            -99.23696,
            18.9245,
            0
          ],
          [
            -99.23661,
            18.92454,
            0
          ],
          [
            -99.23624,
            18.9246,
            0
          ],
          [
            -99.23574,
            18.92468,
            0
          ],
          [
            -99.23528,
            18.92472,
            0
          ],
          [
            -99.2352,
            18.92472,
            0
          ],
          [
            -99.23517,
            18.92472,
            0
          ],
          [
            -99.23484,
            18.92475,
            0
          ],
          [
            -99.23432,
            18.9248,
            0
          ],
          [
            -99.23429,
            18.9248,
            0
          ],
          [
            -99.23425,
            18.92482,
            0
          ],
          [
            -99.23421,
            18.92483,
            0
          ],
          [
            -99.23408,
            18.9249,
            0
          ],
          [
            -99.23399,
            18.92497,
            0
          ],
          [
            -99.23397,
            18.92499,
            0
          ],
          [
            -99.23396,
            18.925,
            0
          ],
          [
            -99.23394,
            18.92502,
            0
          ],
          [
            -99.23392,
            18.92504,
            0
          ],
          [
            -99.23391,
            18.92505,
            0
          ],
          [
            -99.23389,
            18.92507,
            0
          ],
          [
            -99.23381,
            18.9252,
            0
          ],
          [
            -99.23379,
            18.92523,
            0
          ],
          [
            -99.23378,
            18.92524,
            0
          ],
          [
            -99.23378,
            18.92525,
            0
          ],
          [
            -99.23376,
            18.92526,
            0
          ],
          [
            -99.23374,
            18.92527,
            0
          ],
          [
            -99.23372,
            18.92528,
            0
          ],
          [
            -99.23371,
            18.92528,
            0
          ],
          [
            -99.23365,
            18.92529,
            0
          ],
          [
            -99.23355,
            18.92529,
            0
          ],
          [
            -99.2333,
            18.92504,
            0
          ],
          [
            -99.23323,
            18.92497,
            0
          ],
          [
            -99.23321,
            18.92495,
            0
          ],
          [
            -99.23313,
            18.92488,
            0
          ],
          [
            -99.23301,
            18.92481,
            0
          ],
          [
            -99.23247,
            18.92452,
            0
          ],
          [
            -99.23235,
            18.92443,
            0
          ],
          [
            -99.23229,
            18.92438,
            0
          ],
          [
            -99.23222,
            18.92431,
            0
          ],
          [
            -99.23214,
            18.92421,
            0
          ],
          [
            -99.23213,
            18.9242,
            0
          ],
          [
            -99.2321,
            18.92417,
            0
          ],
          [
            -99.2319,
            18.92392,
            0
          ],
          [
            -99.23169,
            18.92368,
            0
          ],
          [
            -99.23163,
            18.92361,
            0
          ],
          [
            -99.2315,
            18.92348,
            0
          ],
          [
            -99.23132,
            18.92331,
            0
          ],
          [
            -99.23131,
            18.9233,
            0
          ],
          [
            -99.2313,
            18.92329,
            0
          ],
          [
            -99.23129,
            18.92327,
            0
          ],
          [
            -99.23127,
            18.92325,
            0
          ],
          [
            -99.23126,
            18.92323,
            0
          ],
          [
            -99.23124,
            18.92321,
            0
          ],
          [
            -99.23123,
            18.92319,
            0
          ],
          [
            -99.23122,
            18.92317,
            0
          ],
          [
            -99.23122,
            18.92315,
            0
          ],
          [
            -99.23121,
            18.92313,
            0
          ],
          [
            -99.23121,
            18.92311,
            0
          ],
          [
            -99.23121,
            18.92309,
            0
          ],
          [
            -99.2312,
            18.92308,
            0
          ],
          [
            -99.2312,
            18.92307,
            0
          ],
          [
            -99.23121,
            18.92306,
            0
          ],
          [
            -99.23121,
            18.92305,
            0
          ],
          [
            -99.23127,
            18.9229,
            0
          ],
          [
            -99.23129,
            18.92287,
            0
          ],
          [
            -99.2313,
            18.9228,
            0
          ],
          [
            -99.2313,
            18.92278,
            0
          ],
          [
            -99.23131,
            18.92266,
            0
          ],
          [
            -99.2313,
            18.92227,
            0
          ],
          [
            -99.23127,
            18.92206,
            0
          ],
          [
            -99.23125,
            18.92202,
            0
          ],
          [
            -99.23122,
            18.92199,
            0
          ],
          [
            -99.23119,
            18.92196,
            0
          ],
          [
            -99.2311,
            18.92189,
            0
          ],
          [
            -99.23097,
            18.92177,
            0
          ],
          [
            -99.23092,
            18.92172,
            0
          ],
          [
            -99.23089,
            18.92171,
            0
          ],
          [
            -99.23085,
            18.92168,
            0
          ],
          [
            -99.2307,
            18.92159,
            0
          ],
          [
            -99.23042,
            18.92142,
            0
          ],
          [
            -99.23036,
            18.92137,
            0
          ],
          [
            -99.23019,
            18.92119,
            0
          ],
          [
            -99.23012,
            18.92113,
            0
          ],
          [
            -99.22999,
            18.92101,
            0
          ],
          [
            -99.22996,
            18.92098,
            0
          ],
          [
            -99.22993,
            18.92096,
            0
          ],
          [
            -99.22991,
            18.92094,
            0
          ],
          [
            -99.22989,
            18.92091,
            0
          ],
          [
            -99.22986,
            18.92088,
            0
          ],
          [
            -99.22984,
            18.92084,
            0
          ],
          [
            -99.22982,
            18.92082,
            0
          ],
          [
            -99.2298,
            18.92078,
            0
          ],
          [
            -99.22976,
            18.92072,
            0
          ],
          [
            -99.22957,
            18.92042,
            0
          ],
          [
            -99.22955,
            18.9204,
            0
          ],
          [
            -99.22952,
            18.92035,
            0
          ],
          [
            -99.22947,
            18.92029,
            0
          ],
          [
            -99.22932,
            18.92013,
            0
          ],
          [
            -99.22927,
            18.92007,
            0
          ],
          [
            -99.22911,
            18.91988,
            0
          ],
          [
            -99.22897,
            18.91972,
            0
          ],
          [
            -99.22887,
            18.91962,
            0
          ],
          [
            -99.22883,
            18.91959,
            0
          ],
          [
            -99.22877,
            18.91954,
            0
          ],
          [
            -99.22868,
            18.91946,
            0
          ],
          [
            -99.22837,
            18.91926,
            0
          ],
          [
            -99.22836,
            18.91926,
            0
          ],
          [
            -99.228,
            18.91903,
            0
          ],
          [
            -99.22782,
            18.91891,
            0
          ],
          [
            -99.22772,
            18.91886,
            0
          ],
          [
            -99.22759,
            18.91879,
            0
          ],
          [
            -99.2267,
            18.91834,
            0
          ],
          [
            -99.2264,
            18.91822,
            0
          ],
          [
            -99.22581,
            18.918,
            0
          ],
          [
            -99.22537,
            18.91782,
            0
          ],
          [
            -99.22519,
            18.91774,
            0
          ],
          [
            -99.22536,
            18.91742,
            0
          ],
          [
            -99.22537,
            18.91741,
            0
          ],
          [
            -99.22537,
            18.91739,
            0
          ],
          [
            -99.22538,
            18.91738,
            0
          ],
          [
            -99.22538,
            18.91736,
            0
          ],
          [
            -99.22538,
            18.91734,
            0
          ],
          [
            -99.22535,
            18.91689,
            0
          ],
          [
            -99.2253,
            18.91617,
            0
          ],
          [
            -99.22526,
            18.91553,
            0
          ],
          [
            -99.22525,
            18.91517,
            0
          ],
          [
            -99.22524,
            18.91498,
            0
          ],
          [
            -99.2252,
            18.91435,
            0
          ],
          [
            -99.2252,
            18.91426,
            0
          ],
          [
            -99.22516,
            18.91371,
            0
          ],
          [
            -99.22516,
            18.91363,
            0
          ],
          [
            -99.22509,
            18.91287,
            0
          ],
          [
            -99.22508,
            18.91262,
            0
          ],
          [
            -99.22507,
            18.91244,
            0
          ],
          [
            -99.22504,
            18.9119,
            0
          ],
          [
            -99.225,
            18.91101,
            0
          ],
          [
            -99.22496,
            18.91042,
            0
          ],
          [
            -99.22458,
            18.91041,
            0
          ],
          [
            -99.22452,
            18.91041,
            0
          ],
          [
            -99.22439,
            18.91041,
            0
          ],
          [
            -99.22378,
            18.9104,
            0
          ],
          [
            -99.22323,
            18.91037,
            0
          ],
          [
            -99.22316,
            18.90995,
            0
          ],
          [
            -99.22299,
            18.90906,
            0
          ],
          [
            -99.22296,
            18.90895,
            0
          ],
          [
            -99.22295,
            18.90877,
            0
          ],
          [
            -99.22293,
            18.90863,
            0
          ],
          [
            -99.22284,
            18.90812,
            0
          ],
          [
            -99.22271,
            18.90731,
            0
          ],
          [
            -99.22269,
            18.9072,
            0
          ],
          [
            -99.22266,
            18.90695,
            0
          ],
          [
            -99.22264,
            18.90679,
            0
          ],
          [
            -99.22263,
            18.90674,
            0
          ],
          [
            -99.22263,
            18.90658,
            0
          ],
          [
            -99.22263,
            18.90636,
            0
          ],
          [
            -99.22263,
            18.90626,
            0
          ],
          [
            -99.22263,
            18.90617,
            0
          ],
          [
            -99.22262,
            18.90596,
            0
          ],
          [
            -99.22262,
            18.90592,
            0
          ],
          [
            -99.22261,
            18.90585,
            0
          ],
          [
            -99.22261,
            18.90568,
            0
          ],
          [
            -99.22261,
            18.90535,
            0
          ],
          [
            -99.2226,
            18.90503,
            0
          ],
          [
            -99.22257,
            18.90467,
            0
          ],
          [
            -99.22257,
            18.9043,
            0
          ],
          [
            -99.22258,
            18.90421,
            0
          ],
          [
            -99.22258,
            18.90418,
            0
          ],
          [
            -99.22258,
            18.90416,
            0
          ],
          [
            -99.22258,
            18.90415,
            0
          ],
          [
            -99.22258,
            18.90414,
            0
          ],
          [
            -99.22257,
            18.90412,
            0
          ],
          [
            -99.22256,
            18.90411,
            0
          ],
          [
            -99.22255,
            18.90411,
            0
          ],
          [
            -99.2225,
            18.90409,
            0
          ],
          [
            -99.22212,
            18.90405,
            0
          ],
          [
            -99.22194,
            18.90404,
            0
          ],
          [
            -99.22169,
            18.90403,
            0
          ],
          [
            -99.22156,
            18.90416,
            0
          ],
          [
            -99.22155,
            18.90417,
            0
          ],
          [
            -99.22144,
            18.90428,
            0
          ],
          [
            -99.22139,
            18.90435,
            0
          ],
          [
            -99.22125,
            18.90456,
            0
          ],
          [
            -99.22123,
            18.9046,
            0
          ],
          [
            -99.2211,
            18.9049,
            0
          ],
          [
            -99.22095,
            18.9053,
            0
          ],
          [
            -99.22073,
            18.90602,
            0
          ],
          [
            -99.22053,
            18.906,
            0
          ],
          [
            -99.22049,
            18.90599,
            0
          ],
          [
            -99.22039,
            18.90597,
            0
          ],
          [
            -99.22015,
            18.90594,
            0
          ],
          [
            -99.21999,
            18.90592,
            0
          ],
          [
            -99.21982,
            18.90589,
            0
          ],
          [
            -99.21959,
            18.90586,
            0
          ],
          [
            -99.21927,
            18.90582,
            0
          ],
          [
            -99.21931,
            18.90558,
            0
          ],
          [
            -99.21934,
            18.9054,
            0
          ],
          [
            -99.21937,
            18.90515,
            0
          ],
          [
            -99.21941,
            18.90493,
            0
          ],
          [
            -99.21943,
            18.9048,
            0
          ],
          [
            -99.21943,
            18.90476,
            0
          ],
          [
            -99.21945,
            18.90466,
            0
          ],
          [
            -99.21946,
            18.90459,
            0
          ],
          [
            -99.21947,
            18.90444,
            0
          ],
          [
            -99.21956,
            18.90381,
            0
          ],
          [
            -99.2196,
            18.90351,
            0
          ],
          [
            -99.21962,
            18.90334,
            0
          ],
          [
            -99.21966,
            18.90306,
            0
          ],
          [
            -99.21968,
            18.90294,
            0
          ],
          [
            -99.21973,
            18.90261,
            0
          ],
          [
            -99.21975,
            18.90249,
            0
          ],
          [
            -99.21977,
            18.90229,
            0
          ],
          [
            -99.21978,
            18.90218,
            0
          ],
          [
            -99.21979,
            18.90214,
            0
          ],
          [
            -99.2198,
            18.90206,
            0
          ],
          [
            -99.21975,
            18.9019,
            0
          ],
          [
            -99.21962,
            18.90168,
            0
          ],
          [
            -99.21951,
            18.90144,
            0
          ],
          [
            -99.21951,
            18.90143,
            0
          ],
          [
            -99.21947,
            18.90136,
            0
          ],
          [
            -99.2194,
            18.90119,
            0
          ],
          [
            -99.21936,
            18.9011,
            0
          ],
          [
            -99.21928,
            18.90114,
            0
          ],
          [
            -99.2185,
            18.90147,
            0
          ],
          [
            -99.21841,
            18.9015,
            0
          ],
          [
            -99.21833,
            18.90153,
            0
          ],
          [
            -99.2179,
            18.90173,
            0
          ],
          [
            -99.21781,
            18.90177,
            0
          ],
          [
            -99.21733,
            18.90202,
            0
          ],
          [
            -99.21727,
            18.90206,
            0
          ],
          [
            -99.21726,
            18.90207,
            0
          ],
          [
            -99.21725,
            18.90207,
            0
          ],
          [
            -99.21724,
            18.90209,
            0
          ],
          [
            -99.21723,
            18.90211,
            0
          ],
          [
            -99.2172,
            18.90213,
            0
          ],
          [
            -99.21714,
            18.90214,
            0
          ],
          [
            -99.21712,
            18.90214,
            0
          ],
          [
            -99.21707,
            18.90214,
            0
          ],
          [
            -99.21705,
            18.90214,
            0
          ],
          [
            -99.21703,
            18.90214,
            0
          ],
          [
            -99.217,
            18.90216,
            0
          ],
          [
            -99.21694,
            18.90219,
            0
          ],
          [
            -99.21688,
            18.90223,
            0
          ],
          [
            -99.21674,
            18.90235,
            0
          ],
          [
            -99.2166,
            18.90248,
            0
          ],
          [
            -99.21647,
            18.90261,
            0
          ],
          [
            -99.21621,
            18.90285,
            0
          ],
          [
            -99.21618,
            18.90287,
            0
          ],
          [
            -99.21616,
            18.90288,
            0
          ],
          [
            -99.21613,
            18.90288,
            0
          ],
          [
            -99.21611,
            18.90288,
            0
          ],
          [
            -99.21608,
            18.90287,
            0
          ],
          [
            -99.21584,
            18.90277,
            0
          ],
          [
            -99.21575,
            18.90273,
            0
          ],
          [
            -99.21573,
            18.90272,
            0
          ],
          [
            -99.21565,
            18.90268,
            0
          ],
          [
            -99.21559,
            18.90266,
            0
          ],
          [
            -99.21557,
            18.90264,
            0
          ],
          [
            -99.21554,
            18.90262,
            0
          ],
          [
            -99.2155,
            18.90258,
            0
          ],
          [
            -99.2155,
            18.90255,
            0
          ],
          [
            -99.2155,
            18.90253,
            0
          ],
          [
            -99.2155,
            18.90251,
            0
          ],
          [
            -99.21556,
            18.90222,
            0
          ],
          [
            -99.21559,
            18.90209,
            0
          ],
          [
            -99.2156,
            18.90191,
            0
          ],
          [
            -99.21559,
            18.9018,
            0
          ],
          [
            -99.21557,
            18.90169,
            0
          ],
          [
            -99.21554,
            18.90162,
            0
          ],
          [
            -99.21547,
            18.90146,
            0
          ],
          [
            -99.21543,
            18.90134,
            0
          ],
          [
            -99.21541,
            18.90128,
            0
          ],
          [
            -99.2154,
            18.90123,
            0
          ],
          [
            -99.2154,
            18.90119,
            0
          ],
          [
            -99.2154,
            18.90114,
            0
          ],
          [
            -99.21545,
            18.90087,
            0
          ],
          [
            -99.21546,
            18.9008,
            0
          ],
          [
            -99.21542,
            18.90065,
            0
          ],
          [
            -99.2154,
            18.90061,
            0
          ],
          [
            -99.21538,
            18.90057,
            0
          ],
          [
            -99.21528,
            18.90045,
            0
          ],
          [
            -99.21503,
            18.90026,
            0
          ],
          [
            -99.21502,
            18.90025,
            0
          ],
          [
            -99.21498,
            18.90021,
            0
          ],
          [
            -99.21496,
            18.90019,
            0
          ],
          [
            -99.21482,
            18.90012,
            0
          ],
          [
            -99.21481,
            18.90012,
            0
          ],
          [
            -99.21464,
            18.9001,
            0
          ],
          [
            -99.21445,
            18.90011,
            0
          ],
          [
            -99.21437,
            18.90011,
            0
          ],
          [
            -99.21431,
            18.90009,
            0
          ],
          [
            -99.21428,
            18.90008,
            0
          ],
          [
            -99.21425,
            18.90007,
            0
          ],
          [
            -99.21419,
            18.90003,
            0
          ],
          [
            -99.21416,
            18.9,
            0
          ],
          [
            -99.21412,
            18.89994,
            0
          ],
          [
            -99.21399,
            18.89974,
            0
          ],
          [
            -99.21373,
            18.89934,
            0
          ],
          [
            -99.21369,
            18.89929,
            0
          ],
          [
            -99.21365,
            18.89924,
            0
          ],
          [
            -99.21363,
            18.89919,
            0
          ],
          [
            -99.2136,
            18.89912,
            0
          ],
          [
            -99.21357,
            18.89905,
            0
          ],
          [
            -99.21355,
            18.89898,
            0
          ],
          [
            -99.21352,
            18.89886,
            0
          ],
          [
            -99.21346,
            18.89864,
            0
          ],
          [
            -99.21343,
            18.89849,
            0
          ],
          [
            -99.21342,
            18.89844,
            0
          ],
          [
            -99.2134,
            18.89839,
            0
          ],
          [
            -99.21338,
            18.89835,
            0
          ],
          [
            -99.21335,
            18.89831,
            0
          ],
          [
            -99.21332,
            18.89828,
            0
          ],
          [
            -99.21329,
            18.89825,
            0
          ],
          [
            -99.21325,
            18.8982,
            0
          ],
          [
            -99.21324,
            18.89817,
            0
          ],
          [
            -99.21322,
            18.89813,
            0
          ],
          [
            -99.21322,
            18.89808,
            0
          ],
          [
            -99.21322,
            18.89796,
            0
          ],
          [
            -99.21321,
            18.89774,
            0
          ],
          [
            -99.2132,
            18.89743,
            0
          ],
          [
            -99.21319,
            18.89716,
            0
          ],
          [
            -99.21319,
            18.8971,
            0
          ],
          [
            -99.21318,
            18.89707,
            0
          ],
          [
            -99.21318,
            18.89705,
            0
          ],
          [
            -99.21316,
            18.89704,
            0
          ],
          [
            -99.21314,
            18.89702,
            0
          ],
          [
            -99.21309,
            18.89699,
            0
          ],
          [
            -99.21302,
            18.89696,
            0
          ],
          [
            -99.21292,
            18.89693,
            0
          ],
          [
            -99.21275,
            18.89688,
            0
          ],
          [
            -99.2127,
            18.89686,
            0
          ],
          [
            -99.21262,
            18.89683,
            0
          ],
          [
            -99.21256,
            18.89681,
            0
          ],
          [
            -99.21251,
            18.89678,
            0
          ],
          [
            -99.21246,
            18.89673,
            0
          ],
          [
            -99.21239,
            18.89665,
            0
          ],
          [
            -99.21226,
            18.89643,
            0
          ],
          [
            -99.21222,
            18.89635,
            0
          ],
          [
            -99.2122,
            18.8963,
            0
          ],
          [
            -99.21219,
            18.89626,
            0
          ],
          [
            -99.21219,
            18.89621,
            0
          ],
          [
            -99.21219,
            18.89616,
            0
          ],
          [
            -99.21219,
            18.89606,
            0
          ],
          [
            -99.21219,
            18.89591,
            0
          ],
          [
            -99.21221,
            18.89577,
            0
          ],
          [
            -99.21221,
            18.89568,
            0
          ],
          [
            -99.21222,
            18.89562,
            0
          ],
          [
            -99.21222,
            18.89561,
            0
          ],
          [
            -99.21218,
            18.89547,
            0
          ],
          [
            -99.21213,
            18.89532,
            0
          ],
          [
            -99.21211,
            18.89523,
            0
          ],
          [
            -99.21208,
            18.89509,
            0
          ],
          [
            -99.21206,
            18.89498,
            0
          ],
          [
            -99.21204,
            18.89484,
            0
          ],
          [
            -99.21203,
            18.89481,
            0
          ],
          [
            -99.21197,
            18.89477,
            0
          ],
          [
            -99.21192,
            18.89475,
            0
          ],
          [
            -99.21167,
            18.89466,
            0
          ],
          [
            -99.21153,
            18.89464,
            0
          ],
          [
            -99.21147,
            18.89461,
            0
          ],
          [
            -99.21144,
            18.89458,
            0
          ],
          [
            -99.21142,
            18.89457,
            0
          ],
          [
            -99.21137,
            18.89446,
            0
          ],
          [
            -99.21135,
            18.89443,
            0
          ],
          [
            -99.21128,
            18.89428,
            0
          ],
          [
            -99.21117,
            18.89405,
            0
          ],
          [
            -99.21114,
            18.89396,
            0
          ],
          [
            -99.21101,
            18.89362,
            0
          ],
          [
            -99.21097,
            18.89353,
            0
          ],
          [
            -99.21095,
            18.89351,
            0
          ],
          [
            -99.21094,
            18.8935,
            0
          ],
          [
            -99.21093,
            18.89349,
            0
          ],
          [
            -99.21091,
            18.89349,
            0
          ],
          [
            -99.21088,
            18.89348,
            0
          ],
          [
            -99.21084,
            18.89347,
            0
          ],
          [
            -99.21072,
            18.89347,
            0
          ],
          [
            -99.21034,
            18.89346,
            0
          ],
          [
            -99.21028,
            18.89344,
            0
          ],
          [
            -99.21026,
            18.89343,
            0
          ],
          [
            -99.21024,
            18.89341,
            0
          ],
          [
            -99.21021,
            18.8934,
            0
          ],
          [
            -99.2102,
            18.89339,
            0
          ],
          [
            -99.21018,
            18.89336,
            0
          ],
          [
            -99.21017,
            18.89331,
            0
          ],
          [
            -99.21015,
            18.89324,
            0
          ],
          [
            -99.21013,
            18.89319,
            0
          ],
          [
            -99.21012,
            18.89316,
            0
          ],
          [
            -99.2101,
            18.89314,
            0
          ],
          [
            -99.21009,
            18.89312,
            0
          ],
          [
            -99.21008,
            18.8931,
            0
          ],
          [
            -99.21007,
            18.8931,
            0
          ],
          [
            -99.21005,
            18.89309,
            0
          ],
          [
            -99.21003,
            18.89309,
            0
          ],
          [
            -99.20968,
            18.893,
            0
          ],
          [
            -99.20903,
            18.89285,
            0
          ],
          [
            -99.20898,
            18.89283,
            0
          ],
          [
            -99.20896,
            18.89282,
            0
          ],
          [
            -99.20895,
            18.89281,
            0
          ],
          [
            -99.20894,
            18.8928,
            0
          ],
          [
            -99.20893,
            18.89279,
            0
          ],
          [
            -99.20893,
            18.89276,
            0
          ],
          [
            -99.20893,
            18.89274,
            0
          ],
          [
            -99.20893,
            18.89269,
            0
          ],
          [
            -99.20896,
            18.89262,
            0
          ],
          [
            -99.20912,
            18.89226,
            0
          ],
          [
            -99.20934,
            18.89173,
            0
          ],
          [
            -99.20948,
            18.89141,
            0
          ],
          [
            -99.2096,
            18.89111,
            0
          ],
          [
            -99.20995,
            18.89025,
            0
          ],
          [
            -99.21004,
            18.89002,
            0
          ],
          [
            -99.21008,
            18.88993,
            0
          ],
          [
            -99.21011,
            18.88985,
            0
          ],
          [
            -99.21018,
            18.88968,
            0
          ],
          [
            -99.21022,
            18.88959,
            0
          ],
          [
            -99.21039,
            18.88915,
            0
          ],
          [
            -99.21052,
            18.88891,
            0
          ],
          [
            -99.21055,
            18.88885,
            0
          ],
          [
            -99.21058,
            18.8888,
            0
          ],
          [
            -99.21067,
            18.88864,
            0
          ],
          [
            -99.21081,
            18.88843,
            0
          ],
          [
            -99.21088,
            18.88831,
            0
          ],
          [
            -99.21096,
            18.88817,
            0
          ],
          [
            -99.21108,
            18.88797,
            0
          ],
          [
            -99.21124,
            18.88769,
            0
          ],
          [
            -99.21131,
            18.88754,
            0
          ],
          [
            -99.21137,
            18.88739,
            0
          ],
          [
            -99.21145,
            18.88721,
            0
          ],
          [
            -99.21148,
            18.88715,
            0
          ],
          [
            -99.21152,
            18.88706,
            0
          ],
          [
            -99.21163,
            18.88676,
            0
          ],
          [
            -99.2117,
            18.88655,
            0
          ],
          [
            -99.21185,
            18.88608,
            0
          ],
          [
            -99.21187,
            18.88601,
            0
          ],
          [
            -99.21189,
            18.88593,
            0
          ],
          [
            -99.21189,
            18.88591,
            0
          ],
          [
            -99.2119,
            18.88588,
            0
          ],
          [
            -99.2119,
            18.88579,
            0
          ],
          [
            -99.21189,
            18.88574,
            0
          ],
          [
            -99.21189,
            18.88566,
            0
          ],
          [
            -99.21188,
            18.88561,
            0
          ],
          [
            -99.21187,
            18.88556,
            0
          ],
          [
            -99.21184,
            18.88542,
            0
          ],
          [
            -99.21183,
            18.88537,
            0
          ],
          [
            -99.21182,
            18.88534,
            0
          ],
          [
            -99.21181,
            18.88527,
            0
          ],
          [
            -99.21178,
            18.88516,
            0
          ],
          [
            -99.21176,
            18.8851,
            0
          ],
          [
            -99.21175,
            18.88507,
            0
          ],
          [
            -99.21174,
            18.88505,
            0
          ],
          [
            -99.21169,
            18.88497,
            0
          ],
          [
            -99.21163,
            18.88492,
            0
          ],
          [
            -99.21161,
            18.8849,
            0
          ],
          [
            -99.21159,
            18.88489,
            0
          ],
          [
            -99.21153,
            18.88487,
            0
          ],
          [
            -99.21138,
            18.88485,
            0
          ],
          [
            -99.2113,
            18.88483,
            0
          ],
          [
            -99.2112,
            18.88478,
            0
          ],
          [
            -99.21104,
            18.88468,
            0
          ],
          [
            -99.21091,
            18.8846,
            0
          ],
          [
            -99.21081,
            18.88452,
            0
          ],
          [
            -99.21073,
            18.88445,
            0
          ],
          [
            -99.21067,
            18.88436,
            0
          ],
          [
            -99.21065,
            18.88432,
            0
          ],
          [
            -99.21064,
            18.8843,
            0
          ],
          [
            -99.21064,
            18.88428,
            0
          ],
          [
            -99.21063,
            18.88423,
            0
          ],
          [
            -99.21062,
            18.88414,
            0
          ],
          [
            -99.21061,
            18.88403,
            0
          ],
          [
            -99.2106,
            18.88402,
            0
          ],
          [
            -99.21056,
            18.88376,
            0
          ],
          [
            -99.21057,
            18.88355,
            0
          ],
          [
            -99.21059,
            18.88335,
            0
          ],
          [
            -99.2106,
            18.88331,
            0
          ],
          [
            -99.21062,
            18.8832,
            0
          ],
          [
            -99.21068,
            18.88308,
            0
          ],
          [
            -99.21069,
            18.88305,
            0
          ],
          [
            -99.2107,
            18.883,
            0
          ],
          [
            -99.2107,
            18.88296,
            0
          ],
          [
            -99.2107,
            18.88294,
            0
          ],
          [
            -99.2107,
            18.88293,
            0
          ],
          [
            -99.2107,
            18.88291,
            0
          ],
          [
            -99.21069,
            18.88289,
            0
          ],
          [
            -99.21066,
            18.88286,
            0
          ],
          [
            -99.21063,
            18.88284,
            0
          ],
          [
            -99.21061,
            18.88282,
            0
          ],
          [
            -99.21053,
            18.88278,
            0
          ],
          [
            -99.21046,
            18.88276,
            0
          ],
          [
            -99.21016,
            18.88267,
            0
          ],
          [
            -99.21003,
            18.88262,
            0
          ],
          [
            -99.20982,
            18.88251,
            0
          ],
          [
            -99.20971,
            18.88242,
            0
          ],
          [
            -99.20964,
            18.88236,
            0
          ],
          [
            -99.20959,
            18.8823,
            0
          ],
          [
            -99.20951,
            18.88221,
            0
          ],
          [
            -99.20945,
            18.88213,
            0
          ],
          [
            -99.2094,
            18.88204,
            0
          ],
          [
            -99.20935,
            18.88183,
            0
          ],
          [
            -99.20924,
            18.88145,
            0
          ],
          [
            -99.20921,
            18.88133,
            0
          ],
          [
            -99.20921,
            18.88132,
            0
          ],
          [
            -99.2092,
            18.88122,
            0
          ],
          [
            -99.20919,
            18.88117,
            0
          ],
          [
            -99.20918,
            18.88112,
            0
          ],
          [
            -99.20914,
            18.88107,
            0
          ],
          [
            -99.20912,
            18.88104,
            0
          ],
          [
            -99.20908,
            18.881,
            0
          ],
          [
            -99.209,
            18.88094,
            0
          ],
          [
            -99.20893,
            18.88088,
            0
          ],
          [
            -99.20887,
            18.88082,
            0
          ],
          [
            -99.20884,
            18.88078,
            0
          ],
          [
            -99.20882,
            18.88074,
            0
          ],
          [
            -99.20878,
            18.88066,
            0
          ],
          [
            -99.20875,
            18.88056,
            0
          ],
          [
            -99.20872,
            18.88045,
            0
          ],
          [
            -99.20872,
            18.88044,
            0
          ],
          [
            -99.20863,
            18.88018,
            0
          ],
          [
            -99.20858,
            18.88002,
            0
          ],
          [
            -99.20851,
            18.87987,
            0
          ],
          [
            -99.20847,
            18.8798,
            0
          ],
          [
            -99.20837,
            18.87961,
            0
          ],
          [
            -99.20827,
            18.87942,
            0
          ]
        ]
      },
      "properties": {
        "description": {
          "@type": "html",
          "value": "descripción: <br>OID: 662<br>ZONA: CENTRO<br>RUTA: RUTA 6<br>ITINERARIO: 3. ACAPANTZINGO-CENTRO-COMERCIAL-VICTORIA-CAROLINA-COL. DEL BOSQUE<br>DESCRIPCIO: COL. DEL BOSQUE-ACAPANTZINGO<br>AUTO-AMPL: ITINERARIO<br>DEFIN-PROV: DEFINITIVOS<br>DURACION: DEFINITIVA<br>FOLIO: SGG/DGT/SDP/000531/97"
        },
        "styleUrl": "#line-558B2F-1200",
        "stroke-opacity": 1,
        "stroke": "#558b2f",
        "stroke-width": 1.2,
        "descripción": "",
        "OID": "662",
        "ZONA": "CENTRO",
        "RUTA": "RUTA 6",
        "ITINERARIO": "3. ACAPANTZINGO-CENTRO-COMERCIAL-VICTORIA-CAROLINA-COL. DEL BOSQUE",
        "DESCRIPCIO": "COL. DEL BOSQUE-ACAPANTZINGO",
        "AUTO-AMPL": "ITINERARIO",
        "DEFIN-PROV": "DEFINITIVOS",
        "DURACION": "DEFINITIVA",
        "FOLIO": "SGG/DGT/SDP/000531/97"
      }
    }
  ]
}