{
  "type": "FeatureCollection",
  "features": [
    {
      "type": "Feature",
      "geometry": {
        "type": "LineString",
        "coordinates": [
          [
            -99.2085,
            18.95806,
            0
          ],
          [
            -99.20853,
            18.9586,
            0
          ],
          [
            -99.20714,
            18.95833,
            0
          ],
          [
            -99.20713,
            18.95832,
            0
          ],
          [
            -99.20677,
            18.95824,
            0
          ],
          [
            -99.20608,
            18.95804,
            0
          ],
          [
            -99.20541,
            18.95779,
            0
          ],
          [
            -99.20476,
            18.9575,
            0
          ],
          [
            -99.2043,
            18.95726,
            0
          ],
          [
            -99.20312,
            18.95673,
            0
          ],
          [
            -99.20312,
            18.95519,
            0
          ],
          [
            -99.20357,
            18.95518,
            0
          ],
          [
            -99.2036,
            18.95421,
            0
          ],
          [
            -99.20313,
            18.95421,
            0
          ],
          [
            -99.20312,
            18.95519,
            0
          ],
          [
            -99.20224,
            18.9552,
            0
          ],
          [
            -99.20223,
            18.95526,
            0
          ],
          [
            -99.20135,
            18.95527,
            0
          ],
          [
            -99.20135,
            18.95431,
            0
          ],
          [
            -99.20132,
            18.95416,
            0
          ],
          [
            -99.2004,
            18.95478,
            0
          ],
          [
            -99.19995,
            18.95368,
            0
          ],
          [
            -99.19994,
            18.95367,
            0
          ],
          [
            -99.19969,
            18.9525,
            0
          ],
          [
            -99.19921,
            18.95253,
            0
          ],
          [
            -99.19907,
            18.95255,
            0
          ],
          [
            -99.19886,
            18.9526,
            0
          ],
          [
            -99.19852,
            18.95276,
            0
          ],
          [
            -99.19795,
            18.95318,
            0
          ],
          [
            -99.19708,
            18.95337,
            0
          ],
          [
            -99.1968,
            18.95287,
            0
          ],
          [
            -99.19642,
            18.95227,
            0
          ],
          [
            -99.19611,
            18.95186,
            0
          ],
          [
            -99.19508,
            18.9522,
            0
          ],
          [
            -99.19426,
            18.95095,
            0
          ],
          [
            -99.19429,
            18.95093,
            0
          ],
          [
            -99.1943,
            18.95091,
            0
          ],
          [
            -99.19432,
            18.9509,
            0
          ],
          [
            -99.19433,
            18.95088,
            0
          ],
          [
            -99.19434,
            18.95087,
            0
          ],
          [
            -99.19435,
            18.95085,
            0
          ],
          [
            -99.19435,
            18.95083,
            0
          ],
          [
            -99.19436,
            18.95081,
            0
          ],
          [
            -99.19436,
            18.95074,
            0
          ],
          [
            -99.19433,
            18.95067,
            0
          ],
          [
            -99.19432,
            18.95066,
            0
          ],
          [
            -99.19431,
            18.95064,
            0
          ],
          [
            -99.1943,
            18.95063,
            0
          ],
          [
            -99.19426,
            18.95061,
            0
          ],
          [
            -99.19425,
            18.95059,
            0
          ],
          [
            -99.19422,
            18.95058,
            0
          ],
          [
            -99.1942,
            18.95058,
            0
          ],
          [
            -99.19418,
            18.95057,
            0
          ],
          [
            -99.19412,
            18.95057,
            0
          ],
          [
            -99.1941,
            18.95058,
            0
          ],
          [
            -99.19408,
            18.95058,
            0
          ],
          [
            -99.19406,
            18.95059,
            0
          ],
          [
            -99.19404,
            18.95059,
            0
          ],
          [
            -99.19403,
            18.9506,
            0
          ],
          [
            -99.19401,
            18.95061,
            0
          ],
          [
            -99.19398,
            18.95064,
            0
          ],
          [
            -99.19397,
            18.95066,
            0
          ],
          [
            -99.19396,
            18.95067,
            0
          ],
          [
            -99.19394,
            18.95071,
            0
          ],
          [
            -99.1931,
            18.95041,
            0
          ],
          [
            -99.19406,
            18.94874,
            0
          ],
          [
            -99.19455,
            18.94807,
            0
          ],
          [
            -99.19543,
            18.947,
            0
          ],
          [
            -99.19547,
            18.94703,
            0
          ],
          [
            -99.19549,
            18.94703,
            0
          ],
          [
            -99.19551,
            18.94704,
            0
          ],
          [
            -99.1956,
            18.94704,
            0
          ],
          [
            -99.19562,
            18.94703,
            0
          ],
          [
            -99.19564,
            18.94703,
            0
          ],
          [
            -99.19566,
            18.94702,
            0
          ],
          [
            -99.19567,
            18.94701,
            0
          ],
          [
            -99.19569,
            18.947,
            0
          ],
          [
            -99.1957,
            18.94699,
            0
          ],
          [
            -99.19572,
            18.94698,
            0
          ],
          [
            -99.19573,
            18.94696,
            0
          ],
          [
            -99.19575,
            18.94694,
            0
          ],
          [
            -99.19575,
            18.94692,
            0
          ],
          [
            -99.19576,
            18.9469,
            0
          ],
          [
            -99.19576,
            18.94689,
            0
          ],
          [
            -99.19577,
            18.94687,
            0
          ],
          [
            -99.19577,
            18.94682,
            0
          ],
          [
            -99.19576,
            18.9468,
            0
          ],
          [
            -99.19576,
            18.94678,
            0
          ],
          [
            -99.19784,
            18.94641,
            0
          ],
          [
            -99.19785,
            18.94644,
            0
          ],
          [
            -99.19785,
            18.94645,
            0
          ],
          [
            -99.19786,
            18.94647,
            0
          ],
          [
            -99.19788,
            18.94649,
            0
          ],
          [
            -99.19789,
            18.94651,
            0
          ],
          [
            -99.19791,
            18.94653,
            0
          ],
          [
            -99.19793,
            18.94654,
            0
          ],
          [
            -99.19795,
            18.94656,
            0
          ],
          [
            -99.19797,
            18.94656,
            0
          ],
          [
            -99.19799,
            18.94657,
            0
          ],
          [
            -99.198,
            18.94657,
            0
          ],
          [
            -99.19802,
            18.94658,
            0
          ],
          [
            -99.19807,
            18.94658,
            0
          ],
          [
            -99.19809,
            18.94657,
            0
          ],
          [
            -99.1981,
            18.94657,
            0
          ],
          [
            -99.19812,
            18.94656,
            0
          ],
          [
            -99.19814,
            18.94656,
            0
          ],
          [
            -99.19815,
            18.94655,
            0
          ],
          [
            -99.19817,
            18.94654,
            0
          ],
          [
            -99.1982,
            18.94651,
            0
          ],
          [
            -99.19821,
            18.94649,
            0
          ],
          [
            -99.19822,
            18.94648,
            0
          ],
          [
            -99.19823,
            18.94646,
            0
          ],
          [
            -99.19824,
            18.94645,
            0
          ],
          [
            -99.19824,
            18.94642,
            0
          ],
          [
            -99.19825,
            18.9464,
            0
          ],
          [
            -99.19825,
            18.94637,
            0
          ],
          [
            -99.19824,
            18.94635,
            0
          ],
          [
            -99.19824,
            18.94634,
            0
          ],
          [
            -99.19823,
            18.94632,
            0
          ],
          [
            -99.19823,
            18.94631,
            0
          ],
          [
            -99.19822,
            18.94629,
            0
          ],
          [
            -99.1982,
            18.94627,
            0
          ],
          [
            -99.19819,
            18.94625,
            0
          ],
          [
            -99.19818,
            18.94624,
            0
          ],
          [
            -99.19816,
            18.94623,
            0
          ],
          [
            -99.19815,
            18.94622,
            0
          ],
          [
            -99.19931,
            18.94433,
            0
          ],
          [
            -99.19933,
            18.94434,
            0
          ],
          [
            -99.19936,
            18.94434,
            0
          ],
          [
            -99.19937,
            18.94435,
            0
          ],
          [
            -99.19943,
            18.94435,
            0
          ],
          [
            -99.19945,
            18.94434,
            0
          ],
          [
            -99.19946,
            18.94434,
            0
          ],
          [
            -99.19948,
            18.94433,
            0
          ],
          [
            -99.19949,
            18.94433,
            0
          ],
          [
            -99.19951,
            18.94432,
            0
          ],
          [
            -99.19955,
            18.94428,
            0
          ],
          [
            -99.19956,
            18.94426,
            0
          ],
          [
            -99.19958,
            18.94424,
            0
          ],
          [
            -99.19958,
            18.94422,
            0
          ],
          [
            -99.19959,
            18.94421,
            0
          ],
          [
            -99.19959,
            18.94415,
            0
          ],
          [
            -99.2001,
            18.94406,
            0
          ],
          [
            -99.20149,
            18.94422,
            0
          ],
          [
            -99.20223,
            18.9442,
            0
          ],
          [
            -99.20426,
            18.9438,
            0
          ],
          [
            -99.20331,
            18.94147,
            0
          ],
          [
            -99.20305,
            18.94023,
            0
          ],
          [
            -99.20293,
            18.93942,
            0
          ],
          [
            -99.20318,
            18.93779,
            0
          ],
          [
            -99.20319,
            18.93776,
            0
          ],
          [
            -99.20329,
            18.93704,
            0
          ],
          [
            -99.20331,
            18.93662,
            0
          ],
          [
            -99.2033,
            18.93582,
            0
          ],
          [
            -99.20329,
            18.93578,
            0
          ],
          [
            -99.20329,
            18.93563,
            0
          ],
          [
            -99.20327,
            18.93554,
            0
          ],
          [
            -99.20335,
            18.93542,
            0
          ],
          [
            -99.20345,
            18.93531,
            0
          ],
          [
            -99.20383,
            18.93501,
            0
          ],
          [
            -99.20409,
            18.93487,
            0
          ],
          [
            -99.20421,
            18.93479,
            0
          ],
          [
            -99.20446,
            18.93471,
            0
          ],
          [
            -99.20533,
            18.93461,
            0
          ],
          [
            -99.2186,
            18.93381,
            0
          ],
          [
            -99.21919,
            18.9338,
            0
          ],
          [
            -99.22117,
            18.93365,
            0
          ],
          [
            -99.22319,
            18.93357,
            0
          ],
          [
            -99.2242,
            18.93348,
            0
          ],
          [
            -99.22435,
            18.93344,
            0
          ],
          [
            -99.22436,
            18.93343,
            0
          ],
          [
            -99.2245,
            18.93336,
            0
          ],
          [
            -99.22454,
            18.93333,
            0
          ],
          [
            -99.22458,
            18.93331,
            0
          ],
          [
            -99.22473,
            18.93319,
            0
          ],
          [
            -99.22481,
            18.93311,
            0
          ],
          [
            -99.22483,
            18.9331,
            0
          ],
          [
            -99.2249,
            18.93303,
            0
          ],
          [
            -99.22493,
            18.93302,
            0
          ],
          [
            -99.22499,
            18.93298,
            0
          ],
          [
            -99.22518,
            18.93289,
            0
          ],
          [
            -99.22543,
            18.9328,
            0
          ],
          [
            -99.22553,
            18.93287,
            0
          ],
          [
            -99.22552,
            18.93275,
            0
          ],
          [
            -99.22553,
            18.93272,
            0
          ],
          [
            -99.2256,
            18.93209,
            0
          ],
          [
            -99.22561,
            18.93205,
            0
          ],
          [
            -99.2257,
            18.93196,
            0
          ],
          [
            -99.22576,
            18.93193,
            0
          ],
          [
            -99.2258,
            18.9319,
            0
          ],
          [
            -99.22683,
            18.93167,
            0
          ],
          [
            -99.22753,
            18.93143,
            0
          ],
          [
            -99.22764,
            18.93142,
            0
          ],
          [
            -99.2278,
            18.93146,
            0
          ],
          [
            -99.22934,
            18.93226,
            0
          ],
          [
            -99.22966,
            18.93207,
            0
          ],
          [
            -99.22979,
            18.93205,
            0
          ],
          [
            -99.22985,
            18.93207,
            0
          ],
          [
            -99.23089,
            18.93208,
            0
          ],
          [
            -99.23173,
            18.93213,
            0
          ],
          [
            -99.23175,
            18.93212,
            0
          ],
          [
            -99.23177,
            18.93212,
            0
          ],
          [
            -99.23182,
            18.9321,
            0
          ],
          [
            -99.23196,
            18.9321,
            0
          ],
          [
            -99.23228,
            18.93204,
            0
          ],
          [
            -99.23255,
            18.93205,
            0
          ],
          [
            -99.23267,
            18.9319,
            0
          ],
          [
            -99.23273,
            18.93185,
            0
          ],
          [
            -99.2328,
            18.93181,
            0
          ],
          [
            -99.23316,
            18.93154,
            0
          ],
          [
            -99.23328,
            18.93149,
            0
          ],
          [
            -99.2335,
            18.93144,
            0
          ],
          [
            -99.23357,
            18.93144,
            0
          ],
          [
            -99.23365,
            18.93146,
            0
          ],
          [
            -99.23375,
            18.9315,
            0
          ],
          [
            -99.23385,
            18.93158,
            0
          ],
          [
            -99.23394,
            18.93168,
            0
          ],
          [
            -99.23396,
            18.93173,
            0
          ],
          [
            -99.23417,
            18.9321,
            0
          ],
          [
            -99.2342,
            18.93213,
            0
          ],
          [
            -99.23432,
            18.9322,
            0
          ],
          [
            -99.23445,
            18.93223,
            0
          ],
          [
            -99.23456,
            18.93224,
            0
          ],
          [
            -99.23471,
            18.93221,
            0
          ],
          [
            -99.23484,
            18.93216,
            0
          ],
          [
            -99.23496,
            18.93209,
            0
          ],
          [
            -99.23501,
            18.93204,
            0
          ],
          [
            -99.23507,
            18.93196,
            0
          ],
          [
            -99.2351,
            18.93189,
            0
          ],
          [
            -99.23501,
            18.93064,
            0
          ],
          [
            -99.23504,
            18.93027,
            0
          ],
          [
            -99.23512,
            18.92986,
            0
          ],
          [
            -99.23513,
            18.92958,
            0
          ],
          [
            -99.23504,
            18.92901,
            0
          ],
          [
            -99.23504,
            18.92891,
            0
          ],
          [
            -99.23506,
            18.92879,
            0
          ],
          [
            -99.23508,
            18.92874,
            0
          ],
          [
            -99.23513,
            18.92866,
            0
          ],
          [
            -99.23521,
            18.92859,
            0
          ],
          [
            -99.23537,
            18.92854,
            0
          ],
          [
            -99.23543,
            18.92854,
            0
          ],
          [
            -99.2355,
            18.92851,
            0
          ],
          [
            -99.23554,
            18.92853,
            0
          ],
          [
            -99.23555,
            18.92853,
            0
          ],
          [
            -99.23568,
            18.92863,
            0
          ],
          [
            -99.23574,
            18.92869,
            0
          ],
          [
            -99.23612,
            18.9292,
            0
          ],
          [
            -99.23626,
            18.92933,
            0
          ],
          [
            -99.23655,
            18.92956,
            0
          ],
          [
            -99.23711,
            18.9299,
            0
          ],
          [
            -99.23716,
            18.92991,
            0
          ],
          [
            -99.2373,
            18.92991,
            0
          ],
          [
            -99.23737,
            18.92989,
            0
          ],
          [
            -99.23754,
            18.92997,
            0
          ],
          [
            -99.23767,
            18.92983,
            0
          ],
          [
            -99.23773,
            18.92964,
            0
          ],
          [
            -99.23785,
            18.92946,
            0
          ],
          [
            -99.23782,
            18.92927,
            0
          ],
          [
            -99.2378,
            18.92923,
            0
          ],
          [
            -99.23749,
            18.92898,
            0
          ],
          [
            -99.23741,
            18.9289,
            0
          ],
          [
            -99.23739,
            18.92887,
            0
          ],
          [
            -99.23724,
            18.92698,
            0
          ],
          [
            -99.23722,
            18.92694,
            0
          ],
          [
            -99.23635,
            18.92615,
            0
          ],
          [
            -99.23606,
            18.92586,
            0
          ],
          [
            -99.23574,
            18.92468,
            0
          ],
          [
            -99.23566,
            18.92416,
            0
          ],
          [
            -99.23547,
            18.92341,
            0
          ],
          [
            -99.23545,
            18.92328,
            0
          ],
          [
            -99.23531,
            18.92274,
            0
          ],
          [
            -99.23531,
            18.92268,
            0
          ],
          [
            -99.23534,
            18.9226,
            0
          ],
          [
            -99.23532,
            18.92258,
            0
          ],
          [
            -99.23512,
            18.92113,
            0
          ],
          [
            -99.2351,
            18.92083,
            0
          ],
          [
            -99.23508,
            18.91889,
            0
          ],
          [
            -99.23511,
            18.91889,
            0
          ],
          [
            -99.23508,
            18.91732,
            0
          ],
          [
            -99.23383,
            18.91734,
            0
          ],
          [
            -99.23383,
            18.91731,
            0
          ],
          [
            -99.23382,
            18.91731,
            0
          ],
          [
            -99.23382,
            18.9173,
            0
          ],
          [
            -99.23381,
            18.91729,
            0
          ],
          [
            -99.23381,
            18.91728,
            0
          ],
          [
            -99.2338,
            18.91728,
            0
          ],
          [
            -99.23378,
            18.91726,
            0
          ],
          [
            -99.23376,
            18.91725,
            0
          ],
          [
            -99.23373,
            18.91725,
            0
          ],
          [
            -99.23373,
            18.91724,
            0
          ],
          [
            -99.2337,
            18.91724,
            0
          ],
          [
            -99.23369,
            18.91725,
            0
          ],
          [
            -99.23367,
            18.91725,
            0
          ],
          [
            -99.23363,
            18.91729,
            0
          ],
          [
            -99.23363,
            18.9173,
            0
          ],
          [
            -99.23362,
            18.91731,
            0
          ],
          [
            -99.23362,
            18.91732,
            0
          ],
          [
            -99.23361,
            18.91733,
            0
          ],
          [
            -99.23361,
            18.9174,
            0
          ],
          [
            -99.23362,
            18.91741,
            0
          ],
          [
            -99.23362,
            18.91743,
            0
          ],
          [
            -99.23363,
            18.91743,
            0
          ],
          [
            -99.23363,
            18.91744,
            0
          ],
          [
            -99.23364,
            18.91744,
            0
          ],
          [
            -99.23364,
            18.91745,
            0
          ],
          [
            -99.23366,
            18.91747,
            0
          ],
          [
            -99.23367,
            18.91747,
            0
          ],
          [
            -99.23375,
            18.91889,
            0
          ],
          [
            -99.23367,
            18.92045,
            0
          ],
          [
            -99.23121,
            18.92033,
            0
          ],
          [
            -99.23131,
            18.92117,
            0
          ],
          [
            -99.23133,
            18.92124,
            0
          ],
          [
            -99.23143,
            18.92138,
            0
          ],
          [
            -99.23146,
            18.92141,
            0
          ],
          [
            -99.2315,
            18.92148,
            0
          ],
          [
            -99.23161,
            18.92163,
            0
          ],
          [
            -99.23165,
            18.92179,
            0
          ],
          [
            -99.23165,
            18.92186,
            0
          ],
          [
            -99.23163,
            18.9219,
            0
          ],
          [
            -99.23163,
            18.92191,
            0
          ],
          [
            -99.23162,
            18.92192,
            0
          ],
          [
            -99.23162,
            18.92193,
            0
          ],
          [
            -99.23161,
            18.92195,
            0
          ],
          [
            -99.23158,
            18.92198,
            0
          ],
          [
            -99.23156,
            18.92198,
            0
          ],
          [
            -99.23152,
            18.922,
            0
          ],
          [
            -99.23137,
            18.92204,
            0
          ],
          [
            -99.23135,
            18.92204,
            0
          ],
          [
            -99.23118,
            18.92208,
            0
          ],
          [
            -99.2312,
            18.92214,
            0
          ],
          [
            -99.2312,
            18.92216,
            0
          ],
          [
            -99.23121,
            18.92217,
            0
          ],
          [
            -99.23122,
            18.92262,
            0
          ],
          [
            -99.23123,
            18.9227,
            0
          ],
          [
            -99.23122,
            18.92278,
            0
          ],
          [
            -99.23113,
            18.92299,
            0
          ],
          [
            -99.23101,
            18.92312,
            0
          ],
          [
            -99.23101,
            18.92313,
            0
          ],
          [
            -99.231,
            18.92314,
            0
          ],
          [
            -99.231,
            18.92319,
            0
          ],
          [
            -99.23121,
            18.9238,
            0
          ],
          [
            -99.23136,
            18.92384,
            0
          ],
          [
            -99.23149,
            18.92384,
            0
          ],
          [
            -99.23158,
            18.9238,
            0
          ],
          [
            -99.23161,
            18.92377,
            0
          ],
          [
            -99.23163,
            18.92376,
            0
          ],
          [
            -99.23169,
            18.92368,
            0
          ],
          [
            -99.2313,
            18.92329,
            0
          ],
          [
            -99.23129,
            18.92327,
            0
          ],
          [
            -99.23127,
            18.92325,
            0
          ],
          [
            -99.23126,
            18.92323,
            0
          ],
          [
            -99.23124,
            18.92321,
            0
          ],
          [
            -99.23122,
            18.92317,
            0
          ],
          [
            -99.23122,
            18.92315,
            0
          ],
          [
            -99.23121,
            18.92313,
            0
          ],
          [
            -99.23121,
            18.92309,
            0
          ],
          [
            -99.2312,
            18.92308,
            0
          ],
          [
            -99.2312,
            18.92307,
            0
          ],
          [
            -99.23121,
            18.92306,
            0
          ],
          [
            -99.23121,
            18.92305,
            0
          ],
          [
            -99.23127,
            18.9229,
            0
          ],
          [
            -99.23129,
            18.92287,
            0
          ],
          [
            -99.23131,
            18.92266,
            0
          ],
          [
            -99.2313,
            18.92227,
            0
          ],
          [
            -99.23127,
            18.92206,
            0
          ],
          [
            -99.23125,
            18.92202,
            0
          ],
          [
            -99.23119,
            18.92196,
            0
          ],
          [
            -99.2311,
            18.92189,
            0
          ],
          [
            -99.23092,
            18.92172,
            0
          ],
          [
            -99.23089,
            18.92171,
            0
          ],
          [
            -99.23042,
            18.92142,
            0
          ],
          [
            -99.23036,
            18.92137,
            0
          ],
          [
            -99.23019,
            18.92119,
            0
          ],
          [
            -99.22991,
            18.92094,
            0
          ],
          [
            -99.22989,
            18.92091,
            0
          ],
          [
            -99.22986,
            18.92088,
            0
          ],
          [
            -99.22984,
            18.92084,
            0
          ],
          [
            -99.22982,
            18.92082,
            0
          ],
          [
            -99.22957,
            18.92042,
            0
          ],
          [
            -99.22955,
            18.9204,
            0
          ],
          [
            -99.22952,
            18.92035,
            0
          ],
          [
            -99.22887,
            18.91962,
            0
          ],
          [
            -99.22868,
            18.91946,
            0
          ],
          [
            -99.22837,
            18.91926,
            0
          ],
          [
            -99.22836,
            18.91926,
            0
          ],
          [
            -99.22782,
            18.91891,
            0
          ],
          [
            -99.2267,
            18.91834,
            0
          ],
          [
            -99.22459,
            18.9175,
            0
          ],
          [
            -99.22181,
            18.91616,
            0
          ],
          [
            -99.22136,
            18.9159,
            0
          ],
          [
            -99.22094,
            18.9156,
            0
          ],
          [
            -99.22052,
            18.91514,
            0
          ],
          [
            -99.21989,
            18.91497,
            0
          ],
          [
            -99.21907,
            18.91454,
            0
          ],
          [
            -99.21878,
            18.91444,
            0
          ],
          [
            -99.21868,
            18.91442,
            0
          ],
          [
            -99.21849,
            18.91442,
            0
          ],
          [
            -99.21813,
            18.91454,
            0
          ],
          [
            -99.21804,
            18.91454,
            0
          ],
          [
            -99.21802,
            18.91453,
            0
          ],
          [
            -99.218,
            18.91453,
            0
          ],
          [
            -99.21791,
            18.91449,
            0
          ],
          [
            -99.21725,
            18.91406,
            0
          ],
          [
            -99.2165,
            18.91349,
            0
          ],
          [
            -99.21608,
            18.91329,
            0
          ],
          [
            -99.21597,
            18.91322,
            0
          ],
          [
            -99.21576,
            18.913,
            0
          ],
          [
            -99.21566,
            18.91286,
            0
          ],
          [
            -99.21546,
            18.91267,
            0
          ],
          [
            -99.21542,
            18.9126,
            0
          ],
          [
            -99.2154,
            18.91253,
            0
          ],
          [
            -99.21532,
            18.91193,
            0
          ],
          [
            -99.21526,
            18.91176,
            0
          ],
          [
            -99.21514,
            18.91158,
            0
          ],
          [
            -99.21492,
            18.91136,
            0
          ],
          [
            -99.21441,
            18.91096,
            0
          ],
          [
            -99.21453,
            18.91011,
            0
          ],
          [
            -99.21466,
            18.90878,
            0
          ],
          [
            -99.21466,
            18.90857,
            0
          ],
          [
            -99.21469,
            18.9085,
            0
          ],
          [
            -99.21469,
            18.90841,
            0
          ],
          [
            -99.21467,
            18.90828,
            0
          ],
          [
            -99.21412,
            18.90699,
            0
          ],
          [
            -99.21408,
            18.90692,
            0
          ],
          [
            -99.21194,
            18.90776,
            0
          ],
          [
            -99.21214,
            18.90822,
            0
          ],
          [
            -99.21217,
            18.90839,
            0
          ],
          [
            -99.21199,
            18.90823,
            0
          ],
          [
            -99.21179,
            18.90841,
            0
          ],
          [
            -99.21177,
            18.90844,
            0
          ],
          [
            -99.21175,
            18.90852,
            0
          ],
          [
            -99.21172,
            18.90859,
            0
          ],
          [
            -99.21158,
            18.90918,
            0
          ],
          [
            -99.21158,
            18.9092,
            0
          ],
          [
            -99.21157,
            18.90924,
            0
          ],
          [
            -99.21157,
            18.9104,
            0
          ],
          [
            -99.21158,
            18.91048,
            0
          ],
          [
            -99.21157,
            18.91049,
            0
          ],
          [
            -99.21157,
            18.91052,
            0
          ],
          [
            -99.21153,
            18.91056,
            0
          ],
          [
            -99.21149,
            18.91057,
            0
          ],
          [
            -99.21082,
            18.91058,
            0
          ],
          [
            -99.21078,
            18.91061,
            0
          ],
          [
            -99.21077,
            18.91061,
            0
          ],
          [
            -99.21075,
            18.91063,
            0
          ],
          [
            -99.21074,
            18.91063,
            0
          ],
          [
            -99.21058,
            18.9108,
            0
          ],
          [
            -99.21053,
            18.91083,
            0
          ],
          [
            -99.21041,
            18.91087,
            0
          ],
          [
            -99.2104,
            18.91089,
            0
          ],
          [
            -99.21039,
            18.9109,
            0
          ],
          [
            -99.21039,
            18.91094,
            0
          ],
          [
            -99.21026,
            18.91177,
            0
          ],
          [
            -99.21028,
            18.91199,
            0
          ],
          [
            -99.21035,
            18.91239,
            0
          ],
          [
            -99.21071,
            18.91356,
            0
          ],
          [
            -99.2108,
            18.91377,
            0
          ],
          [
            -99.21082,
            18.91385,
            0
          ],
          [
            -99.21084,
            18.91401,
            0
          ],
          [
            -99.21077,
            18.91607,
            0
          ],
          [
            -99.21083,
            18.91692,
            0
          ],
          [
            -99.21088,
            18.91724,
            0
          ],
          [
            -99.2109,
            18.91729,
            0
          ],
          [
            -99.21125,
            18.91784,
            0
          ],
          [
            -99.21131,
            18.91801,
            0
          ],
          [
            -99.2113,
            18.91814,
            0
          ],
          [
            -99.21087,
            18.92032,
            0
          ],
          [
            -99.2109,
            18.92032,
            0
          ],
          [
            -99.21172,
            18.92046,
            0
          ],
          [
            -99.2118,
            18.92054,
            0
          ],
          [
            -99.21177,
            18.92056,
            0
          ],
          [
            -99.21168,
            18.92068,
            0
          ],
          [
            -99.21165,
            18.92076,
            0
          ],
          [
            -99.21146,
            18.92187,
            0
          ],
          [
            -99.21126,
            18.92231,
            0
          ],
          [
            -99.21118,
            18.92245,
            0
          ],
          [
            -99.21094,
            18.92271,
            0
          ],
          [
            -99.21072,
            18.92287,
            0
          ],
          [
            -99.21046,
            18.92299,
            0
          ],
          [
            -99.21037,
            18.923,
            0
          ],
          [
            -99.21031,
            18.92299,
            0
          ],
          [
            -99.21026,
            18.92299,
            0
          ],
          [
            -99.21012,
            18.92297,
            0
          ],
          [
            -99.21009,
            18.92292,
            0
          ],
          [
            -99.21005,
            18.92288,
            0
          ],
          [
            -99.21003,
            18.92287,
            0
          ],
          [
            -99.21001,
            18.92285,
            0
          ],
          [
            -99.20999,
            18.92284,
            0
          ],
          [
            -99.20997,
            18.92282,
            0
          ],
          [
            -99.20993,
            18.92281,
            0
          ],
          [
            -99.2099,
            18.92279,
            0
          ],
          [
            -99.20986,
            18.92278,
            0
          ],
          [
            -99.20983,
            18.92278,
            0
          ],
          [
            -99.20979,
            18.92277,
            0
          ],
          [
            -99.20976,
            18.92277,
            0
          ],
          [
            -99.20972,
            18.92278,
            0
          ],
          [
            -99.20969,
            18.92278,
            0
          ],
          [
            -99.20964,
            18.92279,
            0
          ],
          [
            -99.20953,
            18.92285,
            0
          ],
          [
            -99.20944,
            18.92294,
            0
          ],
          [
            -99.20941,
            18.92299,
            0
          ],
          [
            -99.20912,
            18.92291,
            0
          ],
          [
            -99.20868,
            18.92263,
            0
          ],
          [
            -99.20828,
            18.92228,
            0
          ],
          [
            -99.20781,
            18.92194,
            0
          ],
          [
            -99.2075,
            18.92177,
            0
          ],
          [
            -99.20732,
            18.9217,
            0
          ],
          [
            -99.20723,
            18.92168,
            0
          ],
          [
            -99.20721,
            18.92168,
            0
          ],
          [
            -99.20691,
            18.92162,
            0
          ],
          [
            -99.20582,
            18.92148,
            0
          ],
          [
            -99.20528,
            18.92134,
            0
          ],
          [
            -99.20481,
            18.92126,
            0
          ],
          [
            -99.20454,
            18.92125,
            0
          ],
          [
            -99.20409,
            18.92118,
            0
          ],
          [
            -99.20366,
            18.92106,
            0
          ],
          [
            -99.20332,
            18.92099,
            0
          ],
          [
            -99.2026,
            18.9209,
            0
          ],
          [
            -99.20239,
            18.92089,
            0
          ],
          [
            -99.20215,
            18.9209,
            0
          ],
          [
            -99.20186,
            18.92087,
            0
          ],
          [
            -99.20125,
            18.92093,
            0
          ],
          [
            -99.20121,
            18.92094,
            0
          ],
          [
            -99.20055,
            18.92094,
            0
          ],
          [
            -99.20051,
            18.92093,
            0
          ],
          [
            -99.20022,
            18.92091,
            0
          ],
          [
            -99.1999,
            18.92085,
            0
          ],
          [
            -99.19951,
            18.92073,
            0
          ],
          [
            -99.19873,
            18.9204,
            0
          ],
          [
            -99.19869,
            18.92039,
            0
          ],
          [
            -99.19796,
            18.92008,
            0
          ],
          [
            -99.1975,
            18.91994,
            0
          ],
          [
            -99.19591,
            18.91964,
            0
          ],
          [
            -99.19564,
            18.91964,
            0
          ],
          [
            -99.19537,
            18.91966,
            0
          ],
          [
            -99.19445,
            18.91988,
            0
          ],
          [
            -99.19427,
            18.9199,
            0
          ],
          [
            -99.19389,
            18.91988,
            0
          ],
          [
            -99.19366,
            18.91983,
            0
          ],
          [
            -99.1912,
            18.91906,
            0
          ],
          [
            -99.19113,
            18.91903,
            0
          ],
          [
            -99.18882,
            18.91833,
            0
          ],
          [
            -99.18844,
            18.91815,
            0
          ],
          [
            -99.18828,
            18.91804,
            0
          ],
          [
            -99.18486,
            18.915,
            0
          ],
          [
            -99.18472,
            18.91512,
            0
          ],
          [
            -99.18479,
            18.91518,
            0
          ]
        ]
      },
      "properties": {
        "name": "1. COL. ANTONIO BARONA-CENTRO-AGUILAS-CCALM-ANTONIO BARONA",
        "description": {
          "@type": "html",
          "value": "descripción: <br>OID: 73<br>ZONA: CENTRO<br>RUTA: RUTA 10<br>ITINERARIO: 1. COL. ANTONIO BARONA-CENTRO-AGUILAS-CCALM-ANTONIO BARONA<br>DESCRIPCIO: ANTONIO BARONA-TIZOC<br>AUTO-AMPL: ITINERARIO<br>DEFIN-PROV: DEFINITIVOS<br>DURACION: DEFINITIVA<br>FOLIO: SGG/DGT/SDP/001959/97"
        },
        "styleUrl": "#line-9C27B0-1200",
        "stroke-opacity": 1,
        "stroke": "#9c27b0",
        "stroke-width": 1.2,
        "descripción": "",
        "OID": "73",
        "ZONA": "CENTRO",
        "RUTA": "RUTA 10",
        "ITINERARIO": "1. COL. ANTONIO BARONA-CENTRO-AGUILAS-CCALM-ANTONIO BARONA",
        "DESCRIPCIO": "ANTONIO BARONA-TIZOC",
        "AUTO-AMPL": "ITINERARIO",
        "DEFIN-PROV": "DEFINITIVOS",
        "DURACION": "DEFINITIVA",
        "FOLIO": "SGG/DGT/SDP/001959/97"
      }
    },
    {
      "type": "Feature",
      "geometry": {
        "type": "LineString",
        "coordinates": [
          [
            -99.1846,
            18.91524,
            0
          ],
          [
            -99.18472,
            18.91512,
            0
          ],
          [
            -99.18496,
            18.91533,
            0
          ],
          [
            -99.18512,
            18.91547,
            0
          ],
          [
            -99.18571,
            18.916,
            0
          ],
          [
            -99.18593,
            18.91621,
            0
          ],
          [
            -99.18617,
            18.91643,
            0
          ],
          [
            -99.18637,
            18.91662,
            0
          ],
          [
            -99.18649,
            18.91672,
            0
          ],
          [
            -99.18657,
            18.91679,
            0
          ],
          [
            -99.18657,
            18.9168,
            0
          ],
          [
            -99.18675,
            18.91696,
            0
          ],
          [
            -99.18704,
            18.91721,
            0
          ],
          [
            -99.1873,
            18.91746,
            0
          ],
          [
            -99.18757,
            18.9177,
            0
          ],
          [
            -99.18805,
            18.91811,
            0
          ],
          [
            -99.18821,
            18.91823,
            0
          ],
          [
            -99.18838,
            18.91834,
            0
          ],
          [
            -99.18854,
            18.91841,
            0
          ],
          [
            -99.18896,
            18.91858,
            0
          ],
          [
            -99.19093,
            18.91918,
            0
          ],
          [
            -99.19185,
            18.91946,
            0
          ],
          [
            -99.19257,
            18.91968,
            0
          ],
          [
            -99.19346,
            18.91995,
            0
          ],
          [
            -99.19363,
            18.92,
            0
          ],
          [
            -99.19386,
            18.92004,
            0
          ],
          [
            -99.19397,
            18.92005,
            0
          ],
          [
            -99.19408,
            18.92005,
            0
          ],
          [
            -99.19422,
            18.92005,
            0
          ],
          [
            -99.19437,
            18.92002,
            0
          ],
          [
            -99.19451,
            18.91999,
            0
          ],
          [
            -99.19459,
            18.91997,
            0
          ],
          [
            -99.19477,
            18.91991,
            0
          ],
          [
            -99.1951,
            18.9198,
            0
          ],
          [
            -99.19532,
            18.91977,
            0
          ],
          [
            -99.19543,
            18.91976,
            0
          ],
          [
            -99.19558,
            18.91974,
            0
          ],
          [
            -99.19574,
            18.91973,
            0
          ],
          [
            -99.19586,
            18.91973,
            0
          ],
          [
            -99.19597,
            18.91974,
            0
          ],
          [
            -99.1961,
            18.91975,
            0
          ],
          [
            -99.19622,
            18.91977,
            0
          ],
          [
            -99.19636,
            18.91979,
            0
          ],
          [
            -99.19649,
            18.91981,
            0
          ],
          [
            -99.19689,
            18.91989,
            0
          ],
          [
            -99.19723,
            18.91996,
            0
          ],
          [
            -99.19725,
            18.91996,
            0
          ],
          [
            -99.19749,
            18.92001,
            0
          ],
          [
            -99.19771,
            18.92007,
            0
          ],
          [
            -99.19777,
            18.92009,
            0
          ],
          [
            -99.19778,
            18.9201,
            0
          ],
          [
            -99.19786,
            18.92012,
            0
          ],
          [
            -99.19787,
            18.92012,
            0
          ],
          [
            -99.19794,
            18.92015,
            0
          ],
          [
            -99.19809,
            18.92021,
            0
          ],
          [
            -99.19826,
            18.92029,
            0
          ],
          [
            -99.19866,
            18.92046,
            0
          ],
          [
            -99.19869,
            18.92047,
            0
          ],
          [
            -99.19873,
            18.92049,
            0
          ],
          [
            -99.19924,
            18.9207,
            0
          ],
          [
            -99.1994,
            18.92076,
            0
          ],
          [
            -99.19943,
            18.92077,
            0
          ],
          [
            -99.19948,
            18.92079,
            0
          ],
          [
            -99.19952,
            18.9208,
            0
          ],
          [
            -99.19955,
            18.92081,
            0
          ],
          [
            -99.19956,
            18.92082,
            0
          ],
          [
            -99.1998,
            18.92089,
            0
          ],
          [
            -99.19988,
            18.92092,
            0
          ],
          [
            -99.20009,
            18.92096,
            0
          ],
          [
            -99.20018,
            18.92098,
            0
          ],
          [
            -99.20037,
            18.921,
            0
          ],
          [
            -99.20045,
            18.921,
            0
          ],
          [
            -99.20051,
            18.92101,
            0
          ],
          [
            -99.2006,
            18.92102,
            0
          ],
          [
            -99.20086,
            18.92103,
            0
          ],
          [
            -99.20125,
            18.92103,
            0
          ],
          [
            -99.20141,
            18.92103,
            0
          ],
          [
            -99.20144,
            18.92103,
            0
          ],
          [
            -99.20159,
            18.92102,
            0
          ],
          [
            -99.20198,
            18.921,
            0
          ],
          [
            -99.20221,
            18.92099,
            0
          ],
          [
            -99.20241,
            18.92099,
            0
          ],
          [
            -99.20263,
            18.921,
            0
          ],
          [
            -99.20277,
            18.92101,
            0
          ],
          [
            -99.20293,
            18.92103,
            0
          ],
          [
            -99.20317,
            18.92109,
            0
          ],
          [
            -99.20336,
            18.92113,
            0
          ],
          [
            -99.20369,
            18.92122,
            0
          ],
          [
            -99.20387,
            18.92126,
            0
          ],
          [
            -99.20411,
            18.92134,
            0
          ],
          [
            -99.2044,
            18.92148,
            0
          ],
          [
            -99.20445,
            18.92152,
            0
          ],
          [
            -99.2047,
            18.92162,
            0
          ],
          [
            -99.20476,
            18.92165,
            0
          ],
          [
            -99.20483,
            18.92167,
            0
          ],
          [
            -99.20491,
            18.92169,
            0
          ],
          [
            -99.205,
            18.92171,
            0
          ],
          [
            -99.2051,
            18.92171,
            0
          ],
          [
            -99.20522,
            18.9217,
            0
          ],
          [
            -99.20529,
            18.92169,
            0
          ],
          [
            -99.20569,
            18.92168,
            0
          ],
          [
            -99.20612,
            18.92166,
            0
          ],
          [
            -99.20625,
            18.92166,
            0
          ],
          [
            -99.20636,
            18.92167,
            0
          ],
          [
            -99.20655,
            18.92169,
            0
          ],
          [
            -99.2069,
            18.92174,
            0
          ],
          [
            -99.20705,
            18.92176,
            0
          ],
          [
            -99.20714,
            18.92178,
            0
          ],
          [
            -99.20724,
            18.92181,
            0
          ],
          [
            -99.20739,
            18.92186,
            0
          ],
          [
            -99.20762,
            18.92196,
            0
          ],
          [
            -99.20774,
            18.92203,
            0
          ],
          [
            -99.20785,
            18.9221,
            0
          ],
          [
            -99.20798,
            18.92221,
            0
          ],
          [
            -99.20814,
            18.92234,
            0
          ],
          [
            -99.20836,
            18.92252,
            0
          ],
          [
            -99.20861,
            18.92273,
            0
          ],
          [
            -99.20873,
            18.92282,
            0
          ],
          [
            -99.20887,
            18.9229,
            0
          ],
          [
            -99.20899,
            18.92296,
            0
          ],
          [
            -99.20912,
            18.92302,
            0
          ],
          [
            -99.20925,
            18.92307,
            0
          ],
          [
            -99.20938,
            18.92312,
            0
          ],
          [
            -99.20938,
            18.92316,
            0
          ],
          [
            -99.20938,
            18.92321,
            0
          ],
          [
            -99.20939,
            18.92325,
            0
          ],
          [
            -99.20941,
            18.9233,
            0
          ],
          [
            -99.20943,
            18.92334,
            0
          ],
          [
            -99.20946,
            18.92337,
            0
          ],
          [
            -99.20949,
            18.92341,
            0
          ],
          [
            -99.20953,
            18.92344,
            0
          ],
          [
            -99.20955,
            18.92346,
            0
          ],
          [
            -99.20958,
            18.92347,
            0
          ],
          [
            -99.20961,
            18.92349,
            0
          ],
          [
            -99.20964,
            18.9235,
            0
          ],
          [
            -99.20967,
            18.92351,
            0
          ],
          [
            -99.20971,
            18.92352,
            0
          ],
          [
            -99.20974,
            18.92352,
            0
          ],
          [
            -99.20977,
            18.92352,
            0
          ],
          [
            -99.20983,
            18.92352,
            0
          ],
          [
            -99.20988,
            18.92351,
            0
          ],
          [
            -99.20993,
            18.92349,
            0
          ],
          [
            -99.20998,
            18.92346,
            0
          ],
          [
            -99.21003,
            18.92343,
            0
          ],
          [
            -99.21007,
            18.9234,
            0
          ],
          [
            -99.2101,
            18.92336,
            0
          ],
          [
            -99.21013,
            18.92331,
            0
          ],
          [
            -99.21014,
            18.92329,
            0
          ],
          [
            -99.21014,
            18.92328,
            0
          ],
          [
            -99.21015,
            18.92326,
            0
          ],
          [
            -99.21015,
            18.92325,
            0
          ],
          [
            -99.21016,
            18.92323,
            0
          ],
          [
            -99.21016,
            18.92322,
            0
          ],
          [
            -99.21016,
            18.9232,
            0
          ],
          [
            -99.21016,
            18.92318,
            0
          ],
          [
            -99.21037,
            18.92306,
            0
          ],
          [
            -99.21046,
            18.92299,
            0
          ],
          [
            -99.2106,
            18.92293,
            0
          ],
          [
            -99.21066,
            18.9229,
            0
          ],
          [
            -99.21072,
            18.92287,
            0
          ],
          [
            -99.21088,
            18.92275,
            0
          ],
          [
            -99.21094,
            18.92271,
            0
          ],
          [
            -99.21106,
            18.92259,
            0
          ],
          [
            -99.21118,
            18.92245,
            0
          ],
          [
            -99.21126,
            18.92231,
            0
          ],
          [
            -99.21135,
            18.92212,
            0
          ],
          [
            -99.21146,
            18.92187,
            0
          ],
          [
            -99.21152,
            18.92147,
            0
          ],
          [
            -99.2116,
            18.921,
            0
          ],
          [
            -99.21165,
            18.92076,
            0
          ],
          [
            -99.21168,
            18.92068,
            0
          ],
          [
            -99.21172,
            18.92062,
            0
          ],
          [
            -99.21177,
            18.92056,
            0
          ],
          [
            -99.2118,
            18.92054,
            0
          ],
          [
            -99.21185,
            18.92051,
            0
          ],
          [
            -99.21189,
            18.9205,
            0
          ],
          [
            -99.21195,
            18.92049,
            0
          ],
          [
            -99.21201,
            18.92049,
            0
          ],
          [
            -99.21209,
            18.9205,
            0
          ],
          [
            -99.21249,
            18.92056,
            0
          ],
          [
            -99.21329,
            18.92068,
            0
          ],
          [
            -99.21342,
            18.91996,
            0
          ],
          [
            -99.21346,
            18.91967,
            0
          ],
          [
            -99.21353,
            18.91918,
            0
          ],
          [
            -99.21358,
            18.91889,
            0
          ],
          [
            -99.21363,
            18.91862,
            0
          ],
          [
            -99.21368,
            18.91837,
            0
          ],
          [
            -99.21373,
            18.91815,
            0
          ],
          [
            -99.21385,
            18.91772,
            0
          ],
          [
            -99.21387,
            18.91764,
            0
          ],
          [
            -99.21388,
            18.91759,
            0
          ],
          [
            -99.2139,
            18.91738,
            0
          ],
          [
            -99.21392,
            18.9172,
            0
          ],
          [
            -99.21395,
            18.91699,
            0
          ],
          [
            -99.21396,
            18.91686,
            0
          ],
          [
            -99.21398,
            18.91656,
            0
          ],
          [
            -99.214,
            18.91617,
            0
          ],
          [
            -99.21404,
            18.91573,
            0
          ],
          [
            -99.2141,
            18.9149,
            0
          ],
          [
            -99.21416,
            18.91401,
            0
          ],
          [
            -99.21425,
            18.9129,
            0
          ],
          [
            -99.21429,
            18.91242,
            0
          ],
          [
            -99.2143,
            18.91221,
            0
          ],
          [
            -99.21431,
            18.91211,
            0
          ],
          [
            -99.21437,
            18.91144,
            0
          ],
          [
            -99.21441,
            18.91096,
            0
          ],
          [
            -99.2147,
            18.91119,
            0
          ],
          [
            -99.21485,
            18.91131,
            0
          ],
          [
            -99.21492,
            18.91136,
            0
          ],
          [
            -99.21502,
            18.91146,
            0
          ],
          [
            -99.21514,
            18.91158,
            0
          ],
          [
            -99.21522,
            18.9117,
            0
          ],
          [
            -99.21523,
            18.91171,
            0
          ],
          [
            -99.21526,
            18.91176,
            0
          ],
          [
            -99.21529,
            18.91183,
            0
          ],
          [
            -99.21532,
            18.91193,
            0
          ],
          [
            -99.21534,
            18.91203,
            0
          ],
          [
            -99.21539,
            18.9124,
            0
          ],
          [
            -99.2154,
            18.91253,
            0
          ],
          [
            -99.21542,
            18.9126,
            0
          ],
          [
            -99.21544,
            18.91264,
            0
          ],
          [
            -99.21546,
            18.91267,
            0
          ],
          [
            -99.2155,
            18.91271,
            0
          ],
          [
            -99.21566,
            18.91286,
            0
          ],
          [
            -99.21576,
            18.913,
            0
          ],
          [
            -99.21592,
            18.91317,
            0
          ],
          [
            -99.21593,
            18.91318,
            0
          ],
          [
            -99.21597,
            18.91322,
            0
          ],
          [
            -99.21602,
            18.91325,
            0
          ],
          [
            -99.21608,
            18.91329,
            0
          ],
          [
            -99.21643,
            18.91346,
            0
          ],
          [
            -99.2165,
            18.91349,
            0
          ],
          [
            -99.21651,
            18.9135,
            0
          ],
          [
            -99.21658,
            18.91355,
            0
          ],
          [
            -99.21666,
            18.9136,
            0
          ],
          [
            -99.21681,
            18.91372,
            0
          ],
          [
            -99.21682,
            18.91373,
            0
          ],
          [
            -99.21725,
            18.91406,
            0
          ],
          [
            -99.21728,
            18.91408,
            0
          ],
          [
            -99.21759,
            18.91428,
            0
          ],
          [
            -99.21785,
            18.91445,
            0
          ],
          [
            -99.21791,
            18.91449,
            0
          ],
          [
            -99.21796,
            18.91451,
            0
          ],
          [
            -99.218,
            18.91453,
            0
          ],
          [
            -99.21802,
            18.91453,
            0
          ],
          [
            -99.21804,
            18.91454,
            0
          ],
          [
            -99.21808,
            18.91454,
            0
          ],
          [
            -99.21813,
            18.91454,
            0
          ],
          [
            -99.21819,
            18.91452,
            0
          ],
          [
            -99.21838,
            18.91445,
            0
          ],
          [
            -99.21849,
            18.91442,
            0
          ],
          [
            -99.21858,
            18.91442,
            0
          ],
          [
            -99.21868,
            18.91442,
            0
          ],
          [
            -99.21878,
            18.91444,
            0
          ],
          [
            -99.21887,
            18.91447,
            0
          ],
          [
            -99.21894,
            18.91449,
            0
          ],
          [
            -99.21907,
            18.91454,
            0
          ],
          [
            -99.21939,
            18.9147,
            0
          ],
          [
            -99.21989,
            18.91497,
            0
          ],
          [
            -99.22012,
            18.91504,
            0
          ],
          [
            -99.22026,
            18.91507,
            0
          ],
          [
            -99.22045,
            18.91512,
            0
          ],
          [
            -99.22052,
            18.91514,
            0
          ],
          [
            -99.22068,
            18.91532,
            0
          ],
          [
            -99.22084,
            18.91549,
            0
          ],
          [
            -99.22094,
            18.9156,
            0
          ],
          [
            -99.22104,
            18.91567,
            0
          ],
          [
            -99.22118,
            18.91577,
            0
          ],
          [
            -99.22136,
            18.9159,
            0
          ],
          [
            -99.22154,
            18.91601,
            0
          ],
          [
            -99.22169,
            18.91609,
            0
          ],
          [
            -99.22181,
            18.91616,
            0
          ],
          [
            -99.22201,
            18.91625,
            0
          ],
          [
            -99.22305,
            18.91678,
            0
          ],
          [
            -99.22381,
            18.91714,
            0
          ],
          [
            -99.22391,
            18.91718,
            0
          ],
          [
            -99.2242,
            18.91732,
            0
          ],
          [
            -99.22459,
            18.9175,
            0
          ],
          [
            -99.22519,
            18.91774,
            0
          ],
          [
            -99.22537,
            18.91782,
            0
          ],
          [
            -99.22581,
            18.918,
            0
          ],
          [
            -99.2264,
            18.91822,
            0
          ],
          [
            -99.2267,
            18.91834,
            0
          ],
          [
            -99.22759,
            18.91879,
            0
          ],
          [
            -99.22772,
            18.91886,
            0
          ],
          [
            -99.22782,
            18.91891,
            0
          ],
          [
            -99.2278,
            18.919,
            0
          ],
          [
            -99.2278,
            18.91904,
            0
          ],
          [
            -99.22781,
            18.91908,
            0
          ],
          [
            -99.22782,
            18.91917,
            0
          ],
          [
            -99.22785,
            18.91929,
            0
          ],
          [
            -99.22791,
            18.91958,
            0
          ],
          [
            -99.22792,
            18.91962,
            0
          ],
          [
            -99.22795,
            18.91975,
            0
          ],
          [
            -99.22796,
            18.91988,
            0
          ],
          [
            -99.22797,
            18.92002,
            0
          ],
          [
            -99.22797,
            18.92051,
            0
          ],
          [
            -99.22797,
            18.92063,
            0
          ],
          [
            -99.22797,
            18.92066,
            0
          ],
          [
            -99.22797,
            18.92069,
            0
          ],
          [
            -99.22798,
            18.92071,
            0
          ],
          [
            -99.228,
            18.92075,
            0
          ],
          [
            -99.22813,
            18.92097,
            0
          ],
          [
            -99.22842,
            18.92152,
            0
          ],
          [
            -99.22858,
            18.92182,
            0
          ],
          [
            -99.22908,
            18.92197,
            0
          ],
          [
            -99.22947,
            18.92204,
            0
          ],
          [
            -99.22956,
            18.92206,
            0
          ],
          [
            -99.2296,
            18.92206,
            0
          ],
          [
            -99.22965,
            18.92206,
            0
          ],
          [
            -99.22974,
            18.92203,
            0
          ],
          [
            -99.22989,
            18.92198,
            0
          ],
          [
            -99.22998,
            18.92195,
            0
          ],
          [
            -99.23005,
            18.92195,
            0
          ],
          [
            -99.23012,
            18.92194,
            0
          ],
          [
            -99.23024,
            18.92195,
            0
          ],
          [
            -99.23059,
            18.92196,
            0
          ],
          [
            -99.23082,
            18.92196,
            0
          ],
          [
            -99.23097,
            18.92195,
            0
          ],
          [
            -99.231,
            18.92195,
            0
          ],
          [
            -99.23102,
            18.92195,
            0
          ],
          [
            -99.23105,
            18.92196,
            0
          ],
          [
            -99.23108,
            18.92197,
            0
          ],
          [
            -99.2311,
            18.92198,
            0
          ],
          [
            -99.23111,
            18.92199,
            0
          ],
          [
            -99.23118,
            18.92208,
            0
          ],
          [
            -99.2312,
            18.92214,
            0
          ],
          [
            -99.2312,
            18.92216,
            0
          ],
          [
            -99.23121,
            18.92217,
            0
          ],
          [
            -99.23121,
            18.92219,
            0
          ],
          [
            -99.23122,
            18.92262,
            0
          ],
          [
            -99.23123,
            18.9227,
            0
          ],
          [
            -99.23122,
            18.92278,
            0
          ],
          [
            -99.23121,
            18.92281,
            0
          ],
          [
            -99.23119,
            18.92286,
            0
          ],
          [
            -99.23113,
            18.92299,
            0
          ],
          [
            -99.23105,
            18.92307,
            0
          ],
          [
            -99.23101,
            18.92312,
            0
          ],
          [
            -99.23101,
            18.92313,
            0
          ],
          [
            -99.231,
            18.92314,
            0
          ],
          [
            -99.231,
            18.92316,
            0
          ],
          [
            -99.231,
            18.92319,
            0
          ],
          [
            -99.23101,
            18.92322,
            0
          ],
          [
            -99.23102,
            18.92325,
            0
          ],
          [
            -99.23104,
            18.92333,
            0
          ],
          [
            -99.23121,
            18.9238,
            0
          ],
          [
            -99.23137,
            18.92416,
            0
          ],
          [
            -99.23146,
            18.92435,
            0
          ],
          [
            -99.23153,
            18.92454,
            0
          ],
          [
            -99.23158,
            18.92467,
            0
          ],
          [
            -99.23159,
            18.92471,
            0
          ],
          [
            -99.23166,
            18.92498,
            0
          ],
          [
            -99.23177,
            18.92518,
            0
          ],
          [
            -99.23193,
            18.9255,
            0
          ],
          [
            -99.23201,
            18.92566,
            0
          ],
          [
            -99.23213,
            18.92589,
            0
          ],
          [
            -99.23217,
            18.92599,
            0
          ],
          [
            -99.23228,
            18.9263,
            0
          ],
          [
            -99.23232,
            18.92645,
            0
          ],
          [
            -99.23232,
            18.92647,
            0
          ],
          [
            -99.23232,
            18.92649,
            0
          ],
          [
            -99.23232,
            18.92651,
            0
          ],
          [
            -99.23231,
            18.92655,
            0
          ],
          [
            -99.23231,
            18.92657,
            0
          ],
          [
            -99.23217,
            18.92694,
            0
          ],
          [
            -99.23238,
            18.92722,
            0
          ],
          [
            -99.23255,
            18.92724,
            0
          ],
          [
            -99.23261,
            18.92725,
            0
          ],
          [
            -99.23279,
            18.92727,
            0
          ],
          [
            -99.23288,
            18.92728,
            0
          ],
          [
            -99.23392,
            18.92742,
            0
          ],
          [
            -99.23462,
            18.92748,
            0
          ],
          [
            -99.23496,
            18.92818,
            0
          ],
          [
            -99.23471,
            18.92832,
            0
          ],
          [
            -99.23493,
            18.92882,
            0
          ],
          [
            -99.23494,
            18.92883,
            0
          ],
          [
            -99.23495,
            18.92884,
            0
          ],
          [
            -99.23497,
            18.92885,
            0
          ],
          [
            -99.23504,
            18.92891,
            0
          ],
          [
            -99.23505,
            18.92884,
            0
          ],
          [
            -99.23506,
            18.92879,
            0
          ],
          [
            -99.23508,
            18.92874,
            0
          ],
          [
            -99.23513,
            18.92866,
            0
          ],
          [
            -99.23515,
            18.92864,
            0
          ],
          [
            -99.23521,
            18.92859,
            0
          ],
          [
            -99.2353,
            18.92856,
            0
          ],
          [
            -99.23537,
            18.92854,
            0
          ],
          [
            -99.23543,
            18.92854,
            0
          ],
          [
            -99.2355,
            18.92851,
            0
          ],
          [
            -99.23554,
            18.92853,
            0
          ],
          [
            -99.23555,
            18.92853,
            0
          ],
          [
            -99.23558,
            18.92855,
            0
          ],
          [
            -99.23562,
            18.92858,
            0
          ],
          [
            -99.23568,
            18.92863,
            0
          ],
          [
            -99.23574,
            18.92869,
            0
          ],
          [
            -99.23578,
            18.92874,
            0
          ],
          [
            -99.23606,
            18.92912,
            0
          ],
          [
            -99.23612,
            18.9292,
            0
          ],
          [
            -99.23626,
            18.92933,
            0
          ],
          [
            -99.23648,
            18.9295,
            0
          ],
          [
            -99.23655,
            18.92956,
            0
          ],
          [
            -99.23679,
            18.92971,
            0
          ],
          [
            -99.23711,
            18.9299,
            0
          ],
          [
            -99.23716,
            18.92991,
            0
          ],
          [
            -99.23722,
            18.92991,
            0
          ],
          [
            -99.2373,
            18.92991,
            0
          ],
          [
            -99.23737,
            18.92989,
            0
          ],
          [
            -99.23754,
            18.92997,
            0
          ],
          [
            -99.23766,
            18.92984,
            0
          ],
          [
            -99.23767,
            18.92983,
            0
          ],
          [
            -99.23768,
            18.9298,
            0
          ],
          [
            -99.23769,
            18.92977,
            0
          ],
          [
            -99.23773,
            18.92964,
            0
          ],
          [
            -99.23785,
            18.92946,
            0
          ],
          [
            -99.23784,
            18.92936,
            0
          ],
          [
            -99.23783,
            18.92932,
            0
          ],
          [
            -99.23782,
            18.92927,
            0
          ],
          [
            -99.2378,
            18.92923,
            0
          ],
          [
            -99.23777,
            18.92921,
            0
          ],
          [
            -99.23749,
            18.92898,
            0
          ],
          [
            -99.23744,
            18.92893,
            0
          ],
          [
            -99.23741,
            18.9289,
            0
          ],
          [
            -99.23739,
            18.92887,
            0
          ],
          [
            -99.23738,
            18.92881,
            0
          ],
          [
            -99.23737,
            18.9287,
            0
          ],
          [
            -99.23732,
            18.92802,
            0
          ],
          [
            -99.23729,
            18.92748,
            0
          ],
          [
            -99.23724,
            18.92698,
            0
          ],
          [
            -99.23723,
            18.92696,
            0
          ],
          [
            -99.23722,
            18.92694,
            0
          ],
          [
            -99.2372,
            18.92692,
            0
          ],
          [
            -99.23635,
            18.92615,
            0
          ],
          [
            -99.23625,
            18.92604,
            0
          ],
          [
            -99.23606,
            18.92586,
            0
          ],
          [
            -99.236,
            18.92566,
            0
          ],
          [
            -99.23585,
            18.92511,
            0
          ],
          [
            -99.23574,
            18.92468,
            0
          ],
          [
            -99.23528,
            18.92472,
            0
          ],
          [
            -99.2352,
            18.92472,
            0
          ],
          [
            -99.23517,
            18.92472,
            0
          ],
          [
            -99.23484,
            18.92475,
            0
          ],
          [
            -99.23432,
            18.9248,
            0
          ],
          [
            -99.23429,
            18.9248,
            0
          ],
          [
            -99.23425,
            18.92482,
            0
          ],
          [
            -99.23421,
            18.92483,
            0
          ],
          [
            -99.23408,
            18.9249,
            0
          ],
          [
            -99.23399,
            18.92497,
            0
          ],
          [
            -99.23397,
            18.92499,
            0
          ],
          [
            -99.23396,
            18.925,
            0
          ],
          [
            -99.23394,
            18.92502,
            0
          ],
          [
            -99.23392,
            18.92504,
            0
          ],
          [
            -99.23391,
            18.92505,
            0
          ],
          [
            -99.23389,
            18.92507,
            0
          ],
          [
            -99.23381,
            18.9252,
            0
          ],
          [
            -99.23379,
            18.92523,
            0
          ],
          [
            -99.23378,
            18.92524,
            0
          ],
          [
            -99.23378,
            18.92525,
            0
          ],
          [
            -99.23376,
            18.92526,
            0
          ],
          [
            -99.23374,
            18.92527,
            0
          ],
          [
            -99.23372,
            18.92528,
            0
          ],
          [
            -99.23371,
            18.92528,
            0
          ],
          [
            -99.23365,
            18.92529,
            0
          ],
          [
            -99.23355,
            18.92529,
            0
          ],
          [
            -99.2333,
            18.92504,
            0
          ],
          [
            -99.23323,
            18.92497,
            0
          ],
          [
            -99.23313,
            18.92488,
            0
          ],
          [
            -99.23221,
            18.92552,
            0
          ],
          [
            -99.23214,
            18.92558,
            0
          ],
          [
            -99.23206,
            18.92563,
            0
          ],
          [
            -99.23201,
            18.92566,
            0
          ],
          [
            -99.23213,
            18.92589,
            0
          ],
          [
            -99.23217,
            18.92599,
            0
          ],
          [
            -99.23228,
            18.9263,
            0
          ],
          [
            -99.23232,
            18.92645,
            0
          ],
          [
            -99.23232,
            18.92647,
            0
          ],
          [
            -99.23232,
            18.92649,
            0
          ],
          [
            -99.23232,
            18.92651,
            0
          ],
          [
            -99.23231,
            18.92655,
            0
          ],
          [
            -99.23231,
            18.92657,
            0
          ],
          [
            -99.23217,
            18.92694,
            0
          ],
          [
            -99.23204,
            18.92721,
            0
          ],
          [
            -99.23189,
            18.92744,
            0
          ],
          [
            -99.23185,
            18.92749,
            0
          ],
          [
            -99.23182,
            18.92752,
            0
          ],
          [
            -99.23177,
            18.92756,
            0
          ],
          [
            -99.2316,
            18.92765,
            0
          ],
          [
            -99.23156,
            18.92767,
            0
          ],
          [
            -99.23155,
            18.92767,
            0
          ],
          [
            -99.23153,
            18.92768,
            0
          ],
          [
            -99.23151,
            18.92769,
            0
          ],
          [
            -99.23149,
            18.92769,
            0
          ],
          [
            -99.23147,
            18.9277,
            0
          ],
          [
            -99.23144,
            18.9277,
            0
          ],
          [
            -99.23143,
            18.9277,
            0
          ],
          [
            -99.23141,
            18.92771,
            0
          ],
          [
            -99.23139,
            18.92771,
            0
          ],
          [
            -99.23136,
            18.92771,
            0
          ],
          [
            -99.23135,
            18.92771,
            0
          ],
          [
            -99.23093,
            18.92768,
            0
          ],
          [
            -99.23091,
            18.92767,
            0
          ],
          [
            -99.23089,
            18.92767,
            0
          ],
          [
            -99.23087,
            18.92767,
            0
          ],
          [
            -99.23083,
            18.92767,
            0
          ],
          [
            -99.2308,
            18.92767,
            0
          ],
          [
            -99.23078,
            18.92767,
            0
          ],
          [
            -99.23074,
            18.92768,
            0
          ],
          [
            -99.23072,
            18.92768,
            0
          ],
          [
            -99.23068,
            18.92769,
            0
          ],
          [
            -99.23057,
            18.92773,
            0
          ],
          [
            -99.23055,
            18.92773,
            0
          ],
          [
            -99.23019,
            18.92785,
            0
          ],
          [
            -99.23008,
            18.92788,
            0
          ],
          [
            -99.23,
            18.92789,
            0
          ],
          [
            -99.22992,
            18.92787,
            0
          ],
          [
            -99.22981,
            18.92784,
            0
          ],
          [
            -99.22983,
            18.92792,
            0
          ],
          [
            -99.23006,
            18.92848,
            0
          ],
          [
            -99.23025,
            18.92895,
            0
          ],
          [
            -99.23043,
            18.92935,
            0
          ],
          [
            -99.23047,
            18.92947,
            0
          ],
          [
            -99.23055,
            18.9297,
            0
          ],
          [
            -99.23058,
            18.92977,
            0
          ],
          [
            -99.23063,
            18.93004,
            0
          ],
          [
            -99.23069,
            18.93031,
            0
          ],
          [
            -99.23069,
            18.93038,
            0
          ],
          [
            -99.23071,
            18.93047,
            0
          ],
          [
            -99.23072,
            18.93059,
            0
          ],
          [
            -99.23073,
            18.9307,
            0
          ],
          [
            -99.23066,
            18.93071,
            0
          ],
          [
            -99.23064,
            18.93071,
            0
          ],
          [
            -99.23058,
            18.93073,
            0
          ],
          [
            -99.23053,
            18.93075,
            0
          ],
          [
            -99.23041,
            18.93081,
            0
          ],
          [
            -99.23034,
            18.93085,
            0
          ],
          [
            -99.22971,
            18.93121,
            0
          ],
          [
            -99.22967,
            18.93123,
            0
          ],
          [
            -99.22962,
            18.93124,
            0
          ],
          [
            -99.22959,
            18.93126,
            0
          ],
          [
            -99.22949,
            18.93127,
            0
          ],
          [
            -99.22934,
            18.9313,
            0
          ],
          [
            -99.22916,
            18.93132,
            0
          ],
          [
            -99.22906,
            18.93134,
            0
          ],
          [
            -99.22902,
            18.93136,
            0
          ],
          [
            -99.22899,
            18.93139,
            0
          ],
          [
            -99.22893,
            18.9315,
            0
          ],
          [
            -99.22885,
            18.93171,
            0
          ],
          [
            -99.22866,
            18.93162,
            0
          ],
          [
            -99.22798,
            18.93131,
            0
          ],
          [
            -99.22794,
            18.93131,
            0
          ],
          [
            -99.22792,
            18.93131,
            0
          ],
          [
            -99.22786,
            18.93132,
            0
          ],
          [
            -99.22776,
            18.93134,
            0
          ],
          [
            -99.22763,
            18.93136,
            0
          ],
          [
            -99.22748,
            18.9314,
            0
          ],
          [
            -99.22719,
            18.93147,
            0
          ],
          [
            -99.22687,
            18.93156,
            0
          ],
          [
            -99.22681,
            18.93157,
            0
          ],
          [
            -99.22665,
            18.93162,
            0
          ],
          [
            -99.22601,
            18.93177,
            0
          ],
          [
            -99.22585,
            18.93181,
            0
          ],
          [
            -99.2257,
            18.93185,
            0
          ],
          [
            -99.22566,
            18.93187,
            0
          ],
          [
            -99.22563,
            18.93191,
            0
          ],
          [
            -99.22561,
            18.93194,
            0
          ],
          [
            -99.22561,
            18.93198,
            0
          ],
          [
            -99.22561,
            18.93205,
            0
          ],
          [
            -99.2256,
            18.93209,
            0
          ],
          [
            -99.22559,
            18.93218,
            0
          ],
          [
            -99.22554,
            18.93266,
            0
          ],
          [
            -99.22553,
            18.93272,
            0
          ],
          [
            -99.22552,
            18.93275,
            0
          ],
          [
            -99.22543,
            18.9328,
            0
          ],
          [
            -99.22518,
            18.93289,
            0
          ],
          [
            -99.22499,
            18.93298,
            0
          ],
          [
            -99.22493,
            18.93302,
            0
          ],
          [
            -99.2249,
            18.93303,
            0
          ],
          [
            -99.22483,
            18.9331,
            0
          ],
          [
            -99.22481,
            18.93311,
            0
          ],
          [
            -99.22473,
            18.93319,
            0
          ],
          [
            -99.22467,
            18.93324,
            0
          ],
          [
            -99.22466,
            18.93325,
            0
          ],
          [
            -99.22458,
            18.93331,
            0
          ],
          [
            -99.22454,
            18.93333,
            0
          ],
          [
            -99.2245,
            18.93336,
            0
          ],
          [
            -99.22442,
            18.9334,
            0
          ],
          [
            -99.22436,
            18.93343,
            0
          ],
          [
            -99.22435,
            18.93344,
            0
          ],
          [
            -99.22428,
            18.93346,
            0
          ],
          [
            -99.2242,
            18.93348,
            0
          ],
          [
            -99.22418,
            18.93348,
            0
          ],
          [
            -99.22411,
            18.93349,
            0
          ],
          [
            -99.22401,
            18.9335,
            0
          ],
          [
            -99.22357,
            18.93354,
            0
          ],
          [
            -99.22319,
            18.93357,
            0
          ],
          [
            -99.22198,
            18.93361,
            0
          ],
          [
            -99.22192,
            18.93361,
            0
          ],
          [
            -99.22142,
            18.93364,
            0
          ],
          [
            -99.22117,
            18.93365,
            0
          ],
          [
            -99.22027,
            18.93372,
            0
          ],
          [
            -99.21919,
            18.9338,
            0
          ],
          [
            -99.2186,
            18.93381,
            0
          ],
          [
            -99.21826,
            18.93384,
            0
          ],
          [
            -99.21806,
            18.93385,
            0
          ],
          [
            -99.2173,
            18.9339,
            0
          ],
          [
            -99.21698,
            18.93392,
            0
          ],
          [
            -99.2167,
            18.93393,
            0
          ],
          [
            -99.21609,
            18.93397,
            0
          ],
          [
            -99.21558,
            18.934,
            0
          ],
          [
            -99.21443,
            18.93408,
            0
          ],
          [
            -99.21424,
            18.93408,
            0
          ],
          [
            -99.21397,
            18.9341,
            0
          ],
          [
            -99.2131,
            18.93414,
            0
          ],
          [
            -99.2126,
            18.93418,
            0
          ],
          [
            -99.21145,
            18.93423,
            0
          ],
          [
            -99.21134,
            18.93424,
            0
          ],
          [
            -99.20954,
            18.93436,
            0
          ],
          [
            -99.20924,
            18.93438,
            0
          ],
          [
            -99.20856,
            18.93442,
            0
          ],
          [
            -99.20807,
            18.93445,
            0
          ],
          [
            -99.20794,
            18.93446,
            0
          ],
          [
            -99.20786,
            18.93447,
            0
          ],
          [
            -99.20767,
            18.93448,
            0
          ],
          [
            -99.20728,
            18.9345,
            0
          ],
          [
            -99.20702,
            18.93452,
            0
          ],
          [
            -99.20585,
            18.93458,
            0
          ],
          [
            -99.20533,
            18.93461,
            0
          ],
          [
            -99.20501,
            18.93465,
            0
          ],
          [
            -99.20446,
            18.93471,
            0
          ],
          [
            -99.20442,
            18.93472,
            0
          ],
          [
            -99.20435,
            18.93472,
            0
          ],
          [
            -99.20426,
            18.93472,
            0
          ],
          [
            -99.20417,
            18.93473,
            0
          ],
          [
            -99.20409,
            18.93474,
            0
          ],
          [
            -99.20402,
            18.93477,
            0
          ],
          [
            -99.20397,
            18.9348,
            0
          ],
          [
            -99.20392,
            18.93484,
            0
          ],
          [
            -99.20389,
            18.93487,
            0
          ],
          [
            -99.20386,
            18.93493,
            0
          ],
          [
            -99.20383,
            18.93501,
            0
          ],
          [
            -99.20384,
            18.93514,
            0
          ],
          [
            -99.20385,
            18.93536,
            0
          ],
          [
            -99.20386,
            18.93572,
            0
          ],
          [
            -99.20387,
            18.93581,
            0
          ],
          [
            -99.20389,
            18.93592,
            0
          ],
          [
            -99.20394,
            18.93601,
            0
          ],
          [
            -99.20401,
            18.93614,
            0
          ],
          [
            -99.20416,
            18.9363,
            0
          ],
          [
            -99.20437,
            18.93649,
            0
          ],
          [
            -99.20441,
            18.93653,
            0
          ],
          [
            -99.20446,
            18.93659,
            0
          ],
          [
            -99.20449,
            18.93666,
            0
          ],
          [
            -99.20452,
            18.93673,
            0
          ],
          [
            -99.20453,
            18.93678,
            0
          ],
          [
            -99.20453,
            18.93683,
            0
          ],
          [
            -99.20453,
            18.93689,
            0
          ],
          [
            -99.20452,
            18.93704,
            0
          ],
          [
            -99.20426,
            18.93868,
            0
          ],
          [
            -99.20417,
            18.93922,
            0
          ],
          [
            -99.20405,
            18.94005,
            0
          ],
          [
            -99.20402,
            18.94028,
            0
          ],
          [
            -99.20401,
            18.9404,
            0
          ],
          [
            -99.20401,
            18.94047,
            0
          ],
          [
            -99.20402,
            18.94049,
            0
          ],
          [
            -99.20402,
            18.94054,
            0
          ],
          [
            -99.20405,
            18.94061,
            0
          ],
          [
            -99.20407,
            18.94068,
            0
          ],
          [
            -99.20425,
            18.94109,
            0
          ],
          [
            -99.20443,
            18.94155,
            0
          ],
          [
            -99.20471,
            18.94222,
            0
          ],
          [
            -99.20485,
            18.94255,
            0
          ],
          [
            -99.20506,
            18.94306,
            0
          ],
          [
            -99.20513,
            18.94322,
            0
          ],
          [
            -99.20519,
            18.94339,
            0
          ],
          [
            -99.20528,
            18.94358,
            0
          ],
          [
            -99.20509,
            18.94362,
            0
          ],
          [
            -99.20491,
            18.94366,
            0
          ],
          [
            -99.20484,
            18.94368,
            0
          ],
          [
            -99.20426,
            18.9438,
            0
          ],
          [
            -99.20373,
            18.94391,
            0
          ],
          [
            -99.20325,
            18.94401,
            0
          ],
          [
            -99.2028,
            18.9441,
            0
          ],
          [
            -99.20223,
            18.9442,
            0
          ],
          [
            -99.20181,
            18.94421,
            0
          ],
          [
            -99.20149,
            18.94422,
            0
          ],
          [
            -99.20125,
            18.94419,
            0
          ],
          [
            -99.20119,
            18.94418,
            0
          ],
          [
            -99.20068,
            18.94412,
            0
          ],
          [
            -99.20038,
            18.94409,
            0
          ],
          [
            -99.20014,
            18.94406,
            0
          ],
          [
            -99.2001,
            18.94406,
            0
          ],
          [
            -99.20003,
            18.94407,
            0
          ],
          [
            -99.19971,
            18.94413,
            0
          ],
          [
            -99.19959,
            18.94415,
            0
          ],
          [
            -99.19959,
            18.94414,
            0
          ],
          [
            -99.19959,
            18.94412,
            0
          ],
          [
            -99.19958,
            18.94411,
            0
          ],
          [
            -99.19958,
            18.94409,
            0
          ],
          [
            -99.19957,
            18.94408,
            0
          ],
          [
            -99.19956,
            18.94407,
            0
          ],
          [
            -99.19956,
            18.94406,
            0
          ],
          [
            -99.19955,
            18.94405,
            0
          ],
          [
            -99.19954,
            18.94404,
            0
          ],
          [
            -99.19953,
            18.94403,
            0
          ],
          [
            -99.19952,
            18.94402,
            0
          ],
          [
            -99.19951,
            18.94401,
            0
          ],
          [
            -99.19949,
            18.94401,
            0
          ],
          [
            -99.19948,
            18.944,
            0
          ],
          [
            -99.19946,
            18.94399,
            0
          ],
          [
            -99.19943,
            18.94399,
            0
          ],
          [
            -99.19942,
            18.94398,
            0
          ],
          [
            -99.1994,
            18.94398,
            0
          ],
          [
            -99.19939,
            18.94398,
            0
          ],
          [
            -99.19937,
            18.94398,
            0
          ],
          [
            -99.19936,
            18.94399,
            0
          ],
          [
            -99.19934,
            18.94399,
            0
          ],
          [
            -99.19933,
            18.944,
            0
          ],
          [
            -99.19931,
            18.944,
            0
          ],
          [
            -99.1993,
            18.94401,
            0
          ],
          [
            -99.19929,
            18.94402,
            0
          ],
          [
            -99.19927,
            18.94403,
            0
          ],
          [
            -99.19925,
            18.94405,
            0
          ],
          [
            -99.19924,
            18.94406,
            0
          ],
          [
            -99.19923,
            18.94408,
            0
          ],
          [
            -99.19922,
            18.94409,
            0
          ],
          [
            -99.19922,
            18.9441,
            0
          ],
          [
            -99.19921,
            18.94412,
            0
          ],
          [
            -99.19921,
            18.94413,
            0
          ],
          [
            -99.19921,
            18.94415,
            0
          ],
          [
            -99.1992,
            18.94416,
            0
          ],
          [
            -99.19921,
            18.94418,
            0
          ],
          [
            -99.19921,
            18.94419,
            0
          ],
          [
            -99.19921,
            18.94421,
            0
          ],
          [
            -99.19921,
            18.94422,
            0
          ],
          [
            -99.19922,
            18.94423,
            0
          ],
          [
            -99.19923,
            18.94425,
            0
          ],
          [
            -99.19923,
            18.94426,
            0
          ],
          [
            -99.19924,
            18.94427,
            0
          ],
          [
            -99.19925,
            18.94428,
            0
          ],
          [
            -99.19926,
            18.9443,
            0
          ],
          [
            -99.19927,
            18.94431,
            0
          ],
          [
            -99.19929,
            18.94432,
            0
          ],
          [
            -99.19931,
            18.94433,
            0
          ],
          [
            -99.19902,
            18.9448,
            0
          ],
          [
            -99.19868,
            18.94535,
            0
          ],
          [
            -99.19851,
            18.94564,
            0
          ],
          [
            -99.19841,
            18.9458,
            0
          ],
          [
            -99.19827,
            18.94602,
            0
          ],
          [
            -99.19815,
            18.94622,
            0
          ],
          [
            -99.19812,
            18.94621,
            0
          ],
          [
            -99.19811,
            18.9462,
            0
          ],
          [
            -99.19809,
            18.9462,
            0
          ],
          [
            -99.19807,
            18.9462,
            0
          ],
          [
            -99.19806,
            18.9462,
            0
          ],
          [
            -99.19804,
            18.9462,
            0
          ],
          [
            -99.19802,
            18.9462,
            0
          ],
          [
            -99.19801,
            18.9462,
            0
          ],
          [
            -99.19799,
            18.9462,
            0
          ],
          [
            -99.19797,
            18.94621,
            0
          ],
          [
            -99.19796,
            18.94621,
            0
          ],
          [
            -99.19794,
            18.94622,
            0
          ],
          [
            -99.19793,
            18.94623,
            0
          ],
          [
            -99.19791,
            18.94624,
            0
          ],
          [
            -99.1979,
            18.94625,
            0
          ],
          [
            -99.19789,
            18.94626,
            0
          ],
          [
            -99.19788,
            18.94628,
            0
          ],
          [
            -99.19787,
            18.94629,
            0
          ],
          [
            -99.19786,
            18.9463,
            0
          ],
          [
            -99.19786,
            18.94632,
            0
          ],
          [
            -99.19785,
            18.94633,
            0
          ],
          [
            -99.19785,
            18.94635,
            0
          ],
          [
            -99.19784,
            18.94637,
            0
          ],
          [
            -99.19784,
            18.94638,
            0
          ],
          [
            -99.19784,
            18.9464,
            0
          ],
          [
            -99.19784,
            18.94641,
            0
          ],
          [
            -99.19707,
            18.94655,
            0
          ],
          [
            -99.19663,
            18.94664,
            0
          ],
          [
            -99.19613,
            18.94672,
            0
          ],
          [
            -99.19576,
            18.94678,
            0
          ],
          [
            -99.19574,
            18.94676,
            0
          ],
          [
            -99.19573,
            18.94674,
            0
          ],
          [
            -99.19572,
            18.94673,
            0
          ],
          [
            -99.19571,
            18.94671,
            0
          ],
          [
            -99.1957,
            18.9467,
            0
          ],
          [
            -99.19569,
            18.94669,
            0
          ],
          [
            -99.19567,
            18.94668,
            0
          ],
          [
            -99.19566,
            18.94667,
            0
          ],
          [
            -99.19564,
            18.94666,
            0
          ],
          [
            -99.19562,
            18.94666,
            0
          ],
          [
            -99.19561,
            18.94665,
            0
          ],
          [
            -99.19559,
            18.94665,
            0
          ],
          [
            -99.19557,
            18.94664,
            0
          ],
          [
            -99.19555,
            18.94664,
            0
          ],
          [
            -99.19554,
            18.94664,
            0
          ],
          [
            -99.19552,
            18.94665,
            0
          ],
          [
            -99.1955,
            18.94665,
            0
          ],
          [
            -99.19548,
            18.94665,
            0
          ],
          [
            -99.19547,
            18.94666,
            0
          ],
          [
            -99.19545,
            18.94667,
            0
          ],
          [
            -99.19544,
            18.94668,
            0
          ],
          [
            -99.19542,
            18.94669,
            0
          ],
          [
            -99.19541,
            18.9467,
            0
          ],
          [
            -99.1954,
            18.94671,
            0
          ],
          [
            -99.19538,
            18.94672,
            0
          ],
          [
            -99.19538,
            18.94674,
            0
          ],
          [
            -99.19537,
            18.94675,
            0
          ],
          [
            -99.19536,
            18.94677,
            0
          ],
          [
            -99.19535,
            18.9468,
            0
          ],
          [
            -99.19508,
            18.94674,
            0
          ],
          [
            -99.19448,
            18.94662,
            0
          ],
          [
            -99.19437,
            18.94661,
            0
          ],
          [
            -99.19422,
            18.9468,
            0
          ],
          [
            -99.19402,
            18.94703,
            0
          ],
          [
            -99.1939,
            18.94717,
            0
          ],
          [
            -99.19373,
            18.94739,
            0
          ],
          [
            -99.19357,
            18.94759,
            0
          ],
          [
            -99.19343,
            18.94778,
            0
          ],
          [
            -99.19319,
            18.9481,
            0
          ],
          [
            -99.19317,
            18.94814,
            0
          ],
          [
            -99.19297,
            18.94846,
            0
          ],
          [
            -99.19282,
            18.94871,
            0
          ],
          [
            -99.19264,
            18.94903,
            0
          ],
          [
            -99.19259,
            18.94912,
            0
          ],
          [
            -99.19233,
            18.94957,
            0
          ],
          [
            -99.19215,
            18.94987,
            0
          ],
          [
            -99.19213,
            18.94986,
            0
          ],
          [
            -99.19211,
            18.94985,
            0
          ],
          [
            -99.19209,
            18.94985,
            0
          ],
          [
            -99.19207,
            18.94985,
            0
          ],
          [
            -99.19205,
            18.94984,
            0
          ],
          [
            -99.19203,
            18.94985,
            0
          ],
          [
            -99.19201,
            18.94985,
            0
          ],
          [
            -99.19198,
            18.94985,
            0
          ],
          [
            -99.19195,
            18.94987,
            0
          ],
          [
            -99.19193,
            18.94988,
            0
          ],
          [
            -99.19191,
            18.94989,
            0
          ],
          [
            -99.19189,
            18.9499,
            0
          ],
          [
            -99.19188,
            18.94991,
            0
          ],
          [
            -99.19187,
            18.94993,
            0
          ],
          [
            -99.19186,
            18.94994,
            0
          ],
          [
            -99.19185,
            18.94996,
            0
          ],
          [
            -99.19184,
            18.94998,
            0
          ],
          [
            -99.19183,
            18.95,
            0
          ],
          [
            -99.19183,
            18.95002,
            0
          ],
          [
            -99.19182,
            18.95003,
            0
          ],
          [
            -99.19182,
            18.95005,
            0
          ],
          [
            -99.19182,
            18.95007,
            0
          ],
          [
            -99.19183,
            18.95009,
            0
          ],
          [
            -99.19183,
            18.95011,
            0
          ],
          [
            -99.19184,
            18.95013,
            0
          ],
          [
            -99.19184,
            18.95015,
            0
          ],
          [
            -99.19185,
            18.95016,
            0
          ],
          [
            -99.19187,
            18.95018,
            0
          ],
          [
            -99.19188,
            18.95019,
            0
          ],
          [
            -99.19189,
            18.95021,
            0
          ],
          [
            -99.19191,
            18.95022,
            0
          ],
          [
            -99.19193,
            18.95023,
            0
          ],
          [
            -99.19195,
            18.95024,
            0
          ],
          [
            -99.19196,
            18.95025,
            0
          ],
          [
            -99.19198,
            18.95026,
            0
          ],
          [
            -99.192,
            18.95026,
            0
          ],
          [
            -99.19202,
            18.95026,
            0
          ],
          [
            -99.19204,
            18.95026,
            0
          ],
          [
            -99.19206,
            18.95026,
            0
          ],
          [
            -99.19208,
            18.95026,
            0
          ],
          [
            -99.19213,
            18.95025,
            0
          ],
          [
            -99.19214,
            18.95024,
            0
          ],
          [
            -99.19216,
            18.95023,
            0
          ],
          [
            -99.19218,
            18.95022,
            0
          ],
          [
            -99.19219,
            18.95021,
            0
          ],
          [
            -99.19221,
            18.95019,
            0
          ],
          [
            -99.19222,
            18.95018,
            0
          ],
          [
            -99.19223,
            18.95016,
            0
          ],
          [
            -99.19226,
            18.95013,
            0
          ],
          [
            -99.19287,
            18.95033,
            0
          ],
          [
            -99.1931,
            18.95041,
            0
          ],
          [
            -99.19325,
            18.95046,
            0
          ],
          [
            -99.19357,
            18.95059,
            0
          ],
          [
            -99.1937,
            18.95063,
            0
          ],
          [
            -99.19394,
            18.95071,
            0
          ],
          [
            -99.19393,
            18.95073,
            0
          ],
          [
            -99.19393,
            18.95075,
            0
          ],
          [
            -99.19393,
            18.95077,
            0
          ],
          [
            -99.19393,
            18.95079,
            0
          ],
          [
            -99.19393,
            18.95081,
            0
          ],
          [
            -99.19393,
            18.95082,
            0
          ],
          [
            -99.19394,
            18.95084,
            0
          ],
          [
            -99.19394,
            18.95086,
            0
          ],
          [
            -99.19395,
            18.95088,
            0
          ],
          [
            -99.19396,
            18.95089,
            0
          ],
          [
            -99.19398,
            18.95091,
            0
          ],
          [
            -99.19399,
            18.95092,
            0
          ],
          [
            -99.194,
            18.95093,
            0
          ],
          [
            -99.19402,
            18.95095,
            0
          ],
          [
            -99.19404,
            18.95095,
            0
          ],
          [
            -99.19405,
            18.95096,
            0
          ],
          [
            -99.19407,
            18.95097,
            0
          ],
          [
            -99.19409,
            18.95098,
            0
          ],
          [
            -99.19411,
            18.95098,
            0
          ],
          [
            -99.19413,
            18.95098,
            0
          ],
          [
            -99.19415,
            18.95098,
            0
          ],
          [
            -99.19417,
            18.95098,
            0
          ],
          [
            -99.19419,
            18.95098,
            0
          ],
          [
            -99.19421,
            18.95097,
            0
          ],
          [
            -99.19423,
            18.95097,
            0
          ],
          [
            -99.19426,
            18.95095,
            0
          ],
          [
            -99.19452,
            18.95136,
            0
          ],
          [
            -99.19459,
            18.95147,
            0
          ],
          [
            -99.19508,
            18.9522,
            0
          ],
          [
            -99.19539,
            18.9521,
            0
          ],
          [
            -99.1955,
            18.95206,
            0
          ],
          [
            -99.19575,
            18.95198,
            0
          ],
          [
            -99.19579,
            18.95197,
            0
          ],
          [
            -99.19611,
            18.95186,
            0
          ],
          [
            -99.19632,
            18.95213,
            0
          ],
          [
            -99.19642,
            18.95227,
            0
          ],
          [
            -99.19662,
            18.95258,
            0
          ],
          [
            -99.1968,
            18.95287,
            0
          ],
          [
            -99.19708,
            18.95337,
            0
          ],
          [
            -99.19727,
            18.95333,
            0
          ],
          [
            -99.19746,
            18.95329,
            0
          ],
          [
            -99.1977,
            18.95324,
            0
          ],
          [
            -99.19795,
            18.95318,
            0
          ],
          [
            -99.19808,
            18.95308,
            0
          ],
          [
            -99.19824,
            18.95296,
            0
          ],
          [
            -99.1984,
            18.95284,
            0
          ],
          [
            -99.19852,
            18.95276,
            0
          ],
          [
            -99.19886,
            18.9526,
            0
          ],
          [
            -99.19907,
            18.95255,
            0
          ],
          [
            -99.19914,
            18.95254,
            0
          ],
          [
            -99.19921,
            18.95253,
            0
          ],
          [
            -99.19929,
            18.95253,
            0
          ],
          [
            -99.19969,
            18.9525,
            0
          ],
          [
            -99.19973,
            18.95271,
            0
          ],
          [
            -99.19981,
            18.95308,
            0
          ],
          [
            -99.19986,
            18.95335,
            0
          ],
          [
            -99.19994,
            18.95367,
            0
          ],
          [
            -99.19995,
            18.95368,
            0
          ],
          [
            -99.20016,
            18.95417,
            0
          ],
          [
            -99.20032,
            18.95459,
            0
          ],
          [
            -99.2004,
            18.95478,
            0
          ],
          [
            -99.20087,
            18.95446,
            0
          ],
          [
            -99.20102,
            18.95435,
            0
          ],
          [
            -99.2012,
            18.95423,
            0
          ],
          [
            -99.20132,
            18.95416,
            0
          ],
          [
            -99.20133,
            18.95419,
            0
          ],
          [
            -99.20135,
            18.95431,
            0
          ],
          [
            -99.20134,
            18.95464,
            0
          ],
          [
            -99.20135,
            18.95527,
            0
          ],
          [
            -99.2017,
            18.95526,
            0
          ],
          [
            -99.20223,
            18.95526,
            0
          ],
          [
            -99.20224,
            18.9552,
            0
          ],
          [
            -99.20312,
            18.95519,
            0
          ],
          [
            -99.20312,
            18.95597,
            0
          ],
          [
            -99.20312,
            18.95651,
            0
          ],
          [
            -99.20312,
            18.95673,
            0
          ],
          [
            -99.20338,
            18.95685,
            0
          ],
          [
            -99.20344,
            18.95688,
            0
          ],
          [
            -99.2043,
            18.95726,
            0
          ],
          [
            -99.20476,
            18.9575,
            0
          ],
          [
            -99.20496,
            18.95759,
            0
          ],
          [
            -99.20514,
            18.95766,
            0
          ],
          [
            -99.20531,
            18.95774,
            0
          ],
          [
            -99.20541,
            18.95779,
            0
          ],
          [
            -99.20566,
            18.95788,
            0
          ],
          [
            -99.20601,
            18.95801,
            0
          ],
          [
            -99.20608,
            18.95804,
            0
          ],
          [
            -99.20623,
            18.95808,
            0
          ],
          [
            -99.20674,
            18.95823,
            0
          ],
          [
            -99.20677,
            18.95824,
            0
          ],
          [
            -99.20713,
            18.95832,
            0
          ],
          [
            -99.20714,
            18.95833,
            0
          ],
          [
            -99.2076,
            18.95842,
            0
          ],
          [
            -99.20789,
            18.95847,
            0
          ],
          [
            -99.20807,
            18.9585,
            0
          ],
          [
            -99.20853,
            18.9586,
            0
          ],
          [
            -99.2085,
            18.95806,
            0
          ]
        ]
      },
      "properties": {
        "name": "1. COL. ANTONIO BARONA-CENTRO-AGUILAS-CCALM-ANTONIO BARONA",
        "description": {
          "@type": "html",
          "value": "descripción: <br>OID: 278<br>ZONA: CENTRO<br>RUTA: RUTA 10<br>ITINERARIO: 1. COL. ANTONIO BARONA-CENTRO-AGUILAS-CCALM-ANTONIO BARONA<br>DESCRIPCIO: TIZOC-ANTONIO BARONA<br>AUTO-AMPL: ITINERARIO<br>DEFIN-PROV: DEFINITIVOS<br>DURACION: DEFINITIVA<br>FOLIO: SGG/DGT/SDP/001959/97"
        },
        "styleUrl": "#line-4E342E-1200",
        "stroke-opacity": 1,
        "stroke": "#4e342e",
        "stroke-width": 1.2,
        "descripción": "",
        "OID": "278",
        "ZONA": "CENTRO",
        "RUTA": "RUTA 10",
        "ITINERARIO": "1. COL. ANTONIO BARONA-CENTRO-AGUILAS-CCALM-ANTONIO BARONA",
        "DESCRIPCIO": "TIZOC-ANTONIO BARONA",
        "AUTO-AMPL": "ITINERARIO",
        "DEFIN-PROV": "DEFINITIVOS",
        "DURACION": "DEFINITIVA",
        "FOLIO": "SGG/DGT/SDP/001959/97"
      }
    },
    {
      "type": "Feature",
      "geometry": {
        "type": "LineString",
        "coordinates": [
          [
            -99.19215,
            18.95031,
            0
          ],
          [
            -99.19244,
            18.95108,
            0
          ],
          [
            -99.1926,
            18.95154,
            0
          ],
          [
            -99.19242,
            18.95196,
            0
          ],
          [
            -99.19235,
            18.95206,
            0
          ],
          [
            -99.19231,
            18.95229,
            0
          ],
          [
            -99.19233,
            18.95246,
            0
          ],
          [
            -99.19232,
            18.95257,
            0
          ],
          [
            -99.19231,
            18.95268,
            0
          ],
          [
            -99.19229,
            18.95277,
            0
          ],
          [
            -99.19226,
            18.95286,
            0
          ],
          [
            -99.19219,
            18.95297,
            0
          ],
          [
            -99.19218,
            18.95298,
            0
          ],
          [
            -99.19211,
            18.95306,
            0
          ],
          [
            -99.19202,
            18.95321,
            0
          ],
          [
            -99.19201,
            18.95321,
            0
          ],
          [
            -99.19196,
            18.95328,
            0
          ],
          [
            -99.1919,
            18.95335,
            0
          ],
          [
            -99.19189,
            18.95336,
            0
          ],
          [
            -99.19185,
            18.9534,
            0
          ],
          [
            -99.19175,
            18.95346,
            0
          ],
          [
            -99.19167,
            18.95352,
            0
          ],
          [
            -99.19084,
            18.95417,
            0
          ],
          [
            -99.19035,
            18.95458,
            0
          ],
          [
            -99.19008,
            18.9548,
            0
          ],
          [
            -99.18938,
            18.95539,
            0
          ],
          [
            -99.18937,
            18.95539,
            0
          ],
          [
            -99.18934,
            18.95542,
            0
          ],
          [
            -99.18899,
            18.9557,
            0
          ],
          [
            -99.18862,
            18.95607,
            0
          ],
          [
            -99.18856,
            18.95612,
            0
          ],
          [
            -99.18837,
            18.95633,
            0
          ],
          [
            -99.18827,
            18.95645,
            0
          ],
          [
            -99.18813,
            18.95664,
            0
          ],
          [
            -99.18802,
            18.95679,
            0
          ],
          [
            -99.18796,
            18.95685,
            0
          ],
          [
            -99.18795,
            18.95687,
            0
          ],
          [
            -99.18765,
            18.95722,
            0
          ],
          [
            -99.18757,
            18.95732,
            0
          ],
          [
            -99.18755,
            18.95734,
            0
          ],
          [
            -99.18753,
            18.95736,
            0
          ],
          [
            -99.1875,
            18.95738,
            0
          ],
          [
            -99.18748,
            18.95741,
            0
          ],
          [
            -99.18745,
            18.95743,
            0
          ],
          [
            -99.18743,
            18.95745,
            0
          ],
          [
            -99.1874,
            18.95747,
            0
          ],
          [
            -99.18737,
            18.95749,
            0
          ],
          [
            -99.18735,
            18.95751,
            0
          ],
          [
            -99.18732,
            18.95752,
            0
          ],
          [
            -99.18729,
            18.95754,
            0
          ],
          [
            -99.18726,
            18.95756,
            0
          ],
          [
            -99.18723,
            18.95758,
            0
          ],
          [
            -99.1872,
            18.9576,
            0
          ],
          [
            -99.18717,
            18.95761,
            0
          ],
          [
            -99.18691,
            18.95779,
            0
          ],
          [
            -99.18682,
            18.95786,
            0
          ],
          [
            -99.1868,
            18.95788,
            0
          ],
          [
            -99.18679,
            18.95789,
            0
          ],
          [
            -99.18677,
            18.95791,
            0
          ],
          [
            -99.18675,
            18.95792,
            0
          ],
          [
            -99.18673,
            18.95794,
            0
          ],
          [
            -99.18672,
            18.95795,
            0
          ],
          [
            -99.1867,
            18.95797,
            0
          ],
          [
            -99.18668,
            18.95799,
            0
          ],
          [
            -99.18666,
            18.95801,
            0
          ],
          [
            -99.18665,
            18.95803,
            0
          ],
          [
            -99.1866,
            18.95815,
            0
          ],
          [
            -99.18658,
            18.95825,
            0
          ],
          [
            -99.18657,
            18.95834,
            0
          ],
          [
            -99.18654,
            18.95856,
            0
          ],
          [
            -99.18647,
            18.9588,
            0
          ],
          [
            -99.18645,
            18.95883,
            0
          ],
          [
            -99.18644,
            18.95886,
            0
          ],
          [
            -99.18633,
            18.959,
            0
          ],
          [
            -99.18628,
            18.95907,
            0
          ],
          [
            -99.18623,
            18.95913,
            0
          ],
          [
            -99.1862,
            18.95915,
            0
          ],
          [
            -99.18618,
            18.95918,
            0
          ],
          [
            -99.18616,
            18.9592,
            0
          ],
          [
            -99.18614,
            18.95922,
            0
          ],
          [
            -99.18612,
            18.95923,
            0
          ],
          [
            -99.18607,
            18.95929,
            0
          ],
          [
            -99.18603,
            18.95934,
            0
          ],
          [
            -99.18602,
            18.95935,
            0
          ],
          [
            -99.18601,
            18.95937,
            0
          ],
          [
            -99.18599,
            18.95939,
            0
          ],
          [
            -99.18596,
            18.95942,
            0
          ],
          [
            -99.18573,
            18.95967,
            0
          ],
          [
            -99.18569,
            18.95971,
            0
          ],
          [
            -99.18563,
            18.95979,
            0
          ],
          [
            -99.18561,
            18.95984,
            0
          ],
          [
            -99.18559,
            18.95988,
            0
          ],
          [
            -99.18558,
            18.95994,
            0
          ],
          [
            -99.18555,
            18.96003,
            0
          ],
          [
            -99.18554,
            18.96005,
            0
          ],
          [
            -99.18554,
            18.96007,
            0
          ],
          [
            -99.18554,
            18.96009,
            0
          ],
          [
            -99.18554,
            18.96011,
            0
          ],
          [
            -99.18554,
            18.96013,
            0
          ],
          [
            -99.18553,
            18.96015,
            0
          ],
          [
            -99.18553,
            18.96016,
            0
          ],
          [
            -99.18553,
            18.96018,
            0
          ],
          [
            -99.18552,
            18.9602,
            0
          ],
          [
            -99.18552,
            18.96022,
            0
          ],
          [
            -99.18552,
            18.96024,
            0
          ],
          [
            -99.18545,
            18.96051,
            0
          ],
          [
            -99.18541,
            18.9607,
            0
          ],
          [
            -99.18528,
            18.96115,
            0
          ],
          [
            -99.18538,
            18.96127,
            0
          ],
          [
            -99.18544,
            18.96134,
            0
          ],
          [
            -99.18571,
            18.96161,
            0
          ],
          [
            -99.18617,
            18.9621,
            0
          ],
          [
            -99.18641,
            18.96238,
            0
          ],
          [
            -99.18647,
            18.96244,
            0
          ],
          [
            -99.18654,
            18.96251,
            0
          ],
          [
            -99.1868,
            18.96277,
            0
          ],
          [
            -99.18683,
            18.9628,
            0
          ],
          [
            -99.18691,
            18.9629,
            0
          ],
          [
            -99.18692,
            18.96291,
            0
          ],
          [
            -99.18694,
            18.96295,
            0
          ],
          [
            -99.18697,
            18.96301,
            0
          ],
          [
            -99.18699,
            18.96308,
            0
          ],
          [
            -99.187,
            18.96311,
            0
          ],
          [
            -99.18705,
            18.96324,
            0
          ],
          [
            -99.18705,
            18.96325,
            0
          ],
          [
            -99.18709,
            18.96332,
            0
          ],
          [
            -99.18711,
            18.96335,
            0
          ],
          [
            -99.18716,
            18.9634,
            0
          ],
          [
            -99.18745,
            18.96369,
            0
          ],
          [
            -99.18816,
            18.96443,
            0
          ],
          [
            -99.18849,
            18.96412,
            0
          ],
          [
            -99.18872,
            18.96397,
            0
          ],
          [
            -99.18874,
            18.96398,
            0
          ],
          [
            -99.18876,
            18.96399,
            0
          ],
          [
            -99.18877,
            18.96399,
            0
          ],
          [
            -99.18878,
            18.964,
            0
          ],
          [
            -99.1888,
            18.964,
            0
          ],
          [
            -99.18881,
            18.96401,
            0
          ],
          [
            -99.18883,
            18.96401,
            0
          ],
          [
            -99.18885,
            18.96401,
            0
          ],
          [
            -99.18886,
            18.96401,
            0
          ],
          [
            -99.18888,
            18.96401,
            0
          ],
          [
            -99.18889,
            18.96401,
            0
          ],
          [
            -99.18891,
            18.964,
            0
          ],
          [
            -99.18892,
            18.964,
            0
          ],
          [
            -99.18894,
            18.96399,
            0
          ],
          [
            -99.18895,
            18.96399,
            0
          ],
          [
            -99.18897,
            18.96398,
            0
          ],
          [
            -99.18898,
            18.96397,
            0
          ],
          [
            -99.18899,
            18.96396,
            0
          ],
          [
            -99.18988,
            18.96491,
            0
          ],
          [
            -99.18997,
            18.965,
            0
          ],
          [
            -99.19002,
            18.96506,
            0
          ],
          [
            -99.19004,
            18.9651,
            0
          ],
          [
            -99.19006,
            18.96511,
            0
          ],
          [
            -99.19007,
            18.96514,
            0
          ],
          [
            -99.19018,
            18.96543,
            0
          ],
          [
            -99.19037,
            18.96601,
            0
          ],
          [
            -99.19044,
            18.96623,
            0
          ],
          [
            -99.19061,
            18.96673,
            0
          ],
          [
            -99.19073,
            18.9671,
            0
          ],
          [
            -99.19077,
            18.96723,
            0
          ],
          [
            -99.1908,
            18.96751,
            0
          ],
          [
            -99.19085,
            18.96798,
            0
          ],
          [
            -99.19089,
            18.96843,
            0
          ],
          [
            -99.19093,
            18.96885,
            0
          ],
          [
            -99.19095,
            18.96927,
            0
          ],
          [
            -99.19096,
            18.96937,
            0
          ],
          [
            -99.191,
            18.96971,
            0
          ],
          [
            -99.19101,
            18.9699,
            0
          ],
          [
            -99.19103,
            18.97015,
            0
          ],
          [
            -99.19108,
            18.97061,
            0
          ],
          [
            -99.1906,
            18.97064,
            0
          ],
          [
            -99.19012,
            18.97067,
            0
          ],
          [
            -99.18973,
            18.9707,
            0
          ],
          [
            -99.18946,
            18.97071,
            0
          ]
        ]
      },
      "properties": {
        "name": "COL UNIVERSO",
        "description": {
          "@type": "html",
          "value": "descripción: <br>OID: 289<br>ZONA: CENTRO<br>RUTA: RUTA 10<br>ITINERARIO: 1. COL. ANTONIO BARONA-CENTRO-AGUILAS-CCALM-ANTONIO BARONA<br>DESCRIPCIO: UNIVERSO<br>AUTO-AMPL: AMPLIACION<br>DEFIN-PROV: DEFINITIVOS<br>DURACION: DEFINITIVA<br>FOLIO: SG/DGT/SDP/641/2002"
        },
        "styleUrl": "#line-006064-1200",
        "stroke-opacity": 1,
        "stroke": "#006064",
        "stroke-width": 1.2,
        "descripción": "",
        "OID": "289",
        "ZONA": "CENTRO",
        "RUTA": "RUTA 10",
        "ITINERARIO": "1. COL. ANTONIO BARONA-CENTRO-AGUILAS-CCALM-ANTONIO BARONA",
        "DESCRIPCIO": "UNIVERSO",
        "AUTO-AMPL": "AMPLIACION",
        "DEFIN-PROV": "DEFINITIVOS",
        "DURACION": "DEFINITIVA",
        "FOLIO": "SG/DGT/SDP/641/2002"
      }
    },
    {
      "type": "Feature",
      "geometry": {
        "type": "LineString",
        "coordinates": [
          [
            -99.19143,
            18.94471,
            0
          ],
          [
            -99.19144,
            18.94482,
            0
          ],
          [
            -99.19145,
            18.9449,
            0
          ],
          [
            -99.19145,
            18.94496,
            0
          ],
          [
            -99.19144,
            18.94502,
            0
          ],
          [
            -99.19142,
            18.94522,
            0
          ],
          [
            -99.19138,
            18.94552,
            0
          ],
          [
            -99.19138,
            18.94574,
            0
          ],
          [
            -99.19138,
            18.94578,
            0
          ],
          [
            -99.19138,
            18.94582,
            0
          ],
          [
            -99.19139,
            18.94587,
            0
          ],
          [
            -99.19141,
            18.94592,
            0
          ],
          [
            -99.19157,
            18.94634,
            0
          ],
          [
            -99.1916,
            18.94646,
            0
          ],
          [
            -99.19163,
            18.94656,
            0
          ],
          [
            -99.19164,
            18.94664,
            0
          ],
          [
            -99.19165,
            18.94682,
            0
          ],
          [
            -99.19168,
            18.9473,
            0
          ],
          [
            -99.19169,
            18.94744,
            0
          ],
          [
            -99.1917,
            18.94752,
            0
          ],
          [
            -99.1917,
            18.94754,
            0
          ],
          [
            -99.19171,
            18.94758,
            0
          ],
          [
            -99.19172,
            18.94763,
            0
          ],
          [
            -99.19173,
            18.94765,
            0
          ],
          [
            -99.19178,
            18.94779,
            0
          ],
          [
            -99.19183,
            18.94787,
            0
          ],
          [
            -99.19186,
            18.94796,
            0
          ],
          [
            -99.19187,
            18.94801,
            0
          ],
          [
            -99.19188,
            18.94806,
            0
          ],
          [
            -99.19188,
            18.9481,
            0
          ],
          [
            -99.19188,
            18.94813,
            0
          ],
          [
            -99.19188,
            18.94814,
            0
          ],
          [
            -99.19188,
            18.94818,
            0
          ],
          [
            -99.19187,
            18.94831,
            0
          ],
          [
            -99.19186,
            18.94843,
            0
          ],
          [
            -99.19182,
            18.94889,
            0
          ],
          [
            -99.1918,
            18.94907,
            0
          ],
          [
            -99.1918,
            18.94926,
            0
          ],
          [
            -99.19191,
            18.94959,
            0
          ],
          [
            -99.19198,
            18.94985,
            0
          ],
          [
            -99.19195,
            18.94987,
            0
          ],
          [
            -99.19193,
            18.94988,
            0
          ],
          [
            -99.19191,
            18.94989,
            0
          ],
          [
            -99.19189,
            18.9499,
            0
          ],
          [
            -99.19188,
            18.94991,
            0
          ],
          [
            -99.19187,
            18.94993,
            0
          ],
          [
            -99.19186,
            18.94994,
            0
          ],
          [
            -99.19185,
            18.94996,
            0
          ],
          [
            -99.19184,
            18.94998,
            0
          ],
          [
            -99.19183,
            18.95,
            0
          ],
          [
            -99.19183,
            18.95002,
            0
          ],
          [
            -99.19182,
            18.95003,
            0
          ],
          [
            -99.19182,
            18.95005,
            0
          ],
          [
            -99.19182,
            18.95007,
            0
          ],
          [
            -99.19183,
            18.95009,
            0
          ],
          [
            -99.19183,
            18.95011,
            0
          ],
          [
            -99.19184,
            18.95013,
            0
          ],
          [
            -99.19184,
            18.95015,
            0
          ],
          [
            -99.19185,
            18.95016,
            0
          ],
          [
            -99.19187,
            18.95018,
            0
          ],
          [
            -99.19188,
            18.95019,
            0
          ],
          [
            -99.19189,
            18.95021,
            0
          ],
          [
            -99.19191,
            18.95022,
            0
          ],
          [
            -99.19193,
            18.95023,
            0
          ],
          [
            -99.19195,
            18.95024,
            0
          ],
          [
            -99.19196,
            18.95025,
            0
          ],
          [
            -99.19198,
            18.95026,
            0
          ],
          [
            -99.192,
            18.95026,
            0
          ],
          [
            -99.19202,
            18.95026,
            0
          ],
          [
            -99.19204,
            18.95026,
            0
          ],
          [
            -99.19206,
            18.95026,
            0
          ],
          [
            -99.19208,
            18.95026,
            0
          ],
          [
            -99.19213,
            18.95025,
            0
          ],
          [
            -99.19244,
            18.95108,
            0
          ],
          [
            -99.1926,
            18.95154,
            0
          ],
          [
            -99.19242,
            18.95196,
            0
          ],
          [
            -99.19235,
            18.95206,
            0
          ],
          [
            -99.19231,
            18.95229,
            0
          ],
          [
            -99.19233,
            18.95246,
            0
          ],
          [
            -99.19232,
            18.95257,
            0
          ],
          [
            -99.19231,
            18.95268,
            0
          ],
          [
            -99.19229,
            18.95277,
            0
          ],
          [
            -99.19226,
            18.95286,
            0
          ],
          [
            -99.19219,
            18.95297,
            0
          ],
          [
            -99.19218,
            18.95298,
            0
          ],
          [
            -99.19211,
            18.95306,
            0
          ],
          [
            -99.19202,
            18.95321,
            0
          ],
          [
            -99.19201,
            18.95321,
            0
          ],
          [
            -99.19196,
            18.95328,
            0
          ],
          [
            -99.1919,
            18.95335,
            0
          ],
          [
            -99.19189,
            18.95336,
            0
          ],
          [
            -99.19185,
            18.9534,
            0
          ],
          [
            -99.19175,
            18.95346,
            0
          ],
          [
            -99.19107,
            18.9528,
            0
          ],
          [
            -99.19067,
            18.95242,
            0
          ],
          [
            -99.19039,
            18.9521,
            0
          ],
          [
            -99.18992,
            18.95155,
            0
          ],
          [
            -99.18945,
            18.95099,
            0
          ],
          [
            -99.18905,
            18.95052,
            0
          ],
          [
            -99.18903,
            18.95051,
            0
          ],
          [
            -99.18865,
            18.95078,
            0
          ],
          [
            -99.1882,
            18.95109,
            0
          ],
          [
            -99.18818,
            18.9511,
            0
          ],
          [
            -99.18816,
            18.95111,
            0
          ],
          [
            -99.18815,
            18.95112,
            0
          ],
          [
            -99.18813,
            18.95113,
            0
          ],
          [
            -99.18811,
            18.95114,
            0
          ],
          [
            -99.18809,
            18.95115,
            0
          ],
          [
            -99.18808,
            18.95115,
            0
          ],
          [
            -99.18806,
            18.95116,
            0
          ],
          [
            -99.18804,
            18.95117,
            0
          ],
          [
            -99.18802,
            18.95117,
            0
          ],
          [
            -99.188,
            18.95117,
            0
          ],
          [
            -99.18798,
            18.95118,
            0
          ],
          [
            -99.18796,
            18.95118,
            0
          ],
          [
            -99.18794,
            18.95119,
            0
          ],
          [
            -99.18792,
            18.95119,
            0
          ],
          [
            -99.1879,
            18.95119,
            0
          ],
          [
            -99.18788,
            18.95119,
            0
          ],
          [
            -99.18761,
            18.95123,
            0
          ],
          [
            -99.18737,
            18.95127,
            0
          ],
          [
            -99.18602,
            18.95149,
            0
          ],
          [
            -99.18573,
            18.95154,
            0
          ],
          [
            -99.18548,
            18.95158,
            0
          ],
          [
            -99.18539,
            18.95098,
            0
          ],
          [
            -99.18532,
            18.95042,
            0
          ],
          [
            -99.18532,
            18.95039,
            0
          ],
          [
            -99.18531,
            18.95038,
            0
          ],
          [
            -99.1853,
            18.95037,
            0
          ],
          [
            -99.18529,
            18.95036,
            0
          ],
          [
            -99.18528,
            18.95036,
            0
          ],
          [
            -99.18527,
            18.95036,
            0
          ],
          [
            -99.18526,
            18.95036,
            0
          ],
          [
            -99.18502,
            18.95041,
            0
          ],
          [
            -99.18485,
            18.95044,
            0
          ],
          [
            -99.18459,
            18.95049,
            0
          ],
          [
            -99.18435,
            18.95055,
            0
          ],
          [
            -99.18431,
            18.95057,
            0
          ],
          [
            -99.18426,
            18.95059,
            0
          ],
          [
            -99.18422,
            18.9506,
            0
          ],
          [
            -99.18419,
            18.95061,
            0
          ],
          [
            -99.18415,
            18.95062,
            0
          ],
          [
            -99.18413,
            18.95062,
            0
          ],
          [
            -99.1841,
            18.95063,
            0
          ],
          [
            -99.18412,
            18.95079,
            0
          ],
          [
            -99.18412,
            18.9508,
            0
          ],
          [
            -99.18413,
            18.95082,
            0
          ],
          [
            -99.18413,
            18.95083,
            0
          ],
          [
            -99.18413,
            18.95084,
            0
          ],
          [
            -99.18413,
            18.95085,
            0
          ],
          [
            -99.18413,
            18.95086,
            0
          ],
          [
            -99.18413,
            18.95087,
            0
          ],
          [
            -99.18412,
            18.95088,
            0
          ],
          [
            -99.18412,
            18.95089,
            0
          ],
          [
            -99.18412,
            18.9509,
            0
          ],
          [
            -99.18412,
            18.95091,
            0
          ],
          [
            -99.18412,
            18.95093,
            0
          ],
          [
            -99.18411,
            18.95095,
            0
          ],
          [
            -99.1841,
            18.95096,
            0
          ],
          [
            -99.18409,
            18.95098,
            0
          ],
          [
            -99.18408,
            18.95099,
            0
          ],
          [
            -99.18403,
            18.95107,
            0
          ],
          [
            -99.18376,
            18.95137,
            0
          ],
          [
            -99.18377,
            18.95163,
            0
          ],
          [
            -99.1838,
            18.95205,
            0
          ],
          [
            -99.18381,
            18.95228,
            0
          ],
          [
            -99.18383,
            18.95249,
            0
          ],
          [
            -99.1838,
            18.95292,
            0
          ],
          [
            -99.18375,
            18.95336,
            0
          ],
          [
            -99.18373,
            18.95376,
            0
          ],
          [
            -99.18502,
            18.95365,
            0
          ],
          [
            -99.18505,
            18.95365,
            0
          ],
          [
            -99.18506,
            18.95365,
            0
          ],
          [
            -99.18508,
            18.95366,
            0
          ],
          [
            -99.18509,
            18.95366,
            0
          ],
          [
            -99.1851,
            18.95366,
            0
          ],
          [
            -99.1851,
            18.95367,
            0
          ],
          [
            -99.18511,
            18.95368,
            0
          ],
          [
            -99.18512,
            18.95371,
            0
          ],
          [
            -99.18513,
            18.95377,
            0
          ],
          [
            -99.18515,
            18.95401,
            0
          ],
          [
            -99.1855,
            18.954,
            0
          ],
          [
            -99.18554,
            18.9537,
            0
          ],
          [
            -99.18556,
            18.95348,
            0
          ],
          [
            -99.18558,
            18.95343,
            0
          ],
          [
            -99.1856,
            18.95341,
            0
          ],
          [
            -99.18562,
            18.9534,
            0
          ],
          [
            -99.18564,
            18.95339,
            0
          ],
          [
            -99.18572,
            18.95339,
            0
          ],
          [
            -99.18579,
            18.95339,
            0
          ],
          [
            -99.1859,
            18.9534,
            0
          ],
          [
            -99.18604,
            18.9534,
            0
          ],
          [
            -99.18601,
            18.95361,
            0
          ],
          [
            -99.186,
            18.95384,
            0
          ],
          [
            -99.18597,
            18.95425,
            0
          ],
          [
            -99.18596,
            18.95432,
            0
          ],
          [
            -99.18592,
            18.95478,
            0
          ],
          [
            -99.18583,
            18.95498,
            0
          ],
          [
            -99.18578,
            18.95512,
            0
          ],
          [
            -99.18577,
            18.9552,
            0
          ],
          [
            -99.18625,
            18.95514,
            0
          ],
          [
            -99.1863,
            18.95567,
            0
          ],
          [
            -99.18634,
            18.95602,
            0
          ],
          [
            -99.18636,
            18.95613,
            0
          ],
          [
            -99.18642,
            18.95655,
            0
          ],
          [
            -99.18648,
            18.95702,
            0
          ],
          [
            -99.18652,
            18.95735,
            0
          ],
          [
            -99.18654,
            18.95747,
            0
          ],
          [
            -99.18655,
            18.95749,
            0
          ],
          [
            -99.18658,
            18.9577,
            0
          ],
          [
            -99.18659,
            18.95771,
            0
          ],
          [
            -99.18662,
            18.95803,
            0
          ],
          [
            -99.18665,
            18.95803,
            0
          ],
          [
            -99.1866,
            18.95815,
            0
          ],
          [
            -99.18658,
            18.95825,
            0
          ],
          [
            -99.18657,
            18.95834,
            0
          ],
          [
            -99.18654,
            18.95856,
            0
          ],
          [
            -99.18647,
            18.9588,
            0
          ],
          [
            -99.18645,
            18.95883,
            0
          ],
          [
            -99.18644,
            18.95886,
            0
          ],
          [
            -99.18633,
            18.959,
            0
          ],
          [
            -99.18628,
            18.95907,
            0
          ],
          [
            -99.18623,
            18.95913,
            0
          ],
          [
            -99.1862,
            18.95915,
            0
          ],
          [
            -99.18618,
            18.95918,
            0
          ],
          [
            -99.18616,
            18.9592,
            0
          ],
          [
            -99.18614,
            18.95922,
            0
          ],
          [
            -99.18612,
            18.95923,
            0
          ],
          [
            -99.18607,
            18.95929,
            0
          ],
          [
            -99.18603,
            18.95934,
            0
          ],
          [
            -99.18602,
            18.95935,
            0
          ],
          [
            -99.18601,
            18.95937,
            0
          ],
          [
            -99.18599,
            18.95939,
            0
          ],
          [
            -99.18596,
            18.95942,
            0
          ],
          [
            -99.18573,
            18.95967,
            0
          ],
          [
            -99.18569,
            18.95971,
            0
          ],
          [
            -99.18563,
            18.95979,
            0
          ],
          [
            -99.18561,
            18.95984,
            0
          ],
          [
            -99.18559,
            18.95988,
            0
          ],
          [
            -99.18558,
            18.95994,
            0
          ],
          [
            -99.18555,
            18.96003,
            0
          ],
          [
            -99.18554,
            18.96005,
            0
          ],
          [
            -99.18554,
            18.96007,
            0
          ],
          [
            -99.18554,
            18.96009,
            0
          ],
          [
            -99.18554,
            18.96011,
            0
          ],
          [
            -99.18554,
            18.96013,
            0
          ],
          [
            -99.18553,
            18.96015,
            0
          ],
          [
            -99.18553,
            18.96016,
            0
          ],
          [
            -99.18553,
            18.96018,
            0
          ],
          [
            -99.18552,
            18.9602,
            0
          ],
          [
            -99.18552,
            18.96022,
            0
          ],
          [
            -99.18552,
            18.96024,
            0
          ],
          [
            -99.18545,
            18.96051,
            0
          ],
          [
            -99.18541,
            18.9607,
            0
          ],
          [
            -99.18528,
            18.96115,
            0
          ],
          [
            -99.18538,
            18.96127,
            0
          ],
          [
            -99.18544,
            18.96134,
            0
          ],
          [
            -99.18571,
            18.96161,
            0
          ],
          [
            -99.18617,
            18.9621,
            0
          ],
          [
            -99.18641,
            18.96238,
            0
          ],
          [
            -99.18647,
            18.96244,
            0
          ],
          [
            -99.18654,
            18.96251,
            0
          ],
          [
            -99.1868,
            18.96277,
            0
          ],
          [
            -99.18683,
            18.9628,
            0
          ],
          [
            -99.18691,
            18.9629,
            0
          ],
          [
            -99.18692,
            18.96291,
            0
          ],
          [
            -99.18694,
            18.96295,
            0
          ],
          [
            -99.18697,
            18.96301,
            0
          ],
          [
            -99.18699,
            18.96308,
            0
          ],
          [
            -99.187,
            18.96311,
            0
          ],
          [
            -99.18705,
            18.96324,
            0
          ],
          [
            -99.18705,
            18.96325,
            0
          ],
          [
            -99.18709,
            18.96332,
            0
          ],
          [
            -99.18711,
            18.96335,
            0
          ],
          [
            -99.18716,
            18.9634,
            0
          ],
          [
            -99.18745,
            18.96369,
            0
          ],
          [
            -99.18816,
            18.96443,
            0
          ],
          [
            -99.18849,
            18.96412,
            0
          ],
          [
            -99.18872,
            18.96397,
            0
          ],
          [
            -99.18874,
            18.96398,
            0
          ],
          [
            -99.18876,
            18.96399,
            0
          ],
          [
            -99.18877,
            18.96399,
            0
          ],
          [
            -99.18878,
            18.964,
            0
          ],
          [
            -99.1888,
            18.964,
            0
          ],
          [
            -99.18881,
            18.96401,
            0
          ],
          [
            -99.18883,
            18.96401,
            0
          ],
          [
            -99.18885,
            18.96401,
            0
          ],
          [
            -99.18886,
            18.96401,
            0
          ],
          [
            -99.18888,
            18.96401,
            0
          ],
          [
            -99.18889,
            18.96401,
            0
          ],
          [
            -99.18891,
            18.964,
            0
          ],
          [
            -99.18892,
            18.964,
            0
          ],
          [
            -99.18894,
            18.96399,
            0
          ],
          [
            -99.18895,
            18.96399,
            0
          ],
          [
            -99.18897,
            18.96398,
            0
          ],
          [
            -99.18898,
            18.96397,
            0
          ],
          [
            -99.18899,
            18.96396,
            0
          ],
          [
            -99.18988,
            18.96491,
            0
          ],
          [
            -99.18997,
            18.965,
            0
          ],
          [
            -99.19002,
            18.96506,
            0
          ],
          [
            -99.19004,
            18.9651,
            0
          ],
          [
            -99.19006,
            18.96511,
            0
          ],
          [
            -99.19007,
            18.96514,
            0
          ],
          [
            -99.19018,
            18.96543,
            0
          ],
          [
            -99.19037,
            18.96601,
            0
          ],
          [
            -99.19044,
            18.96623,
            0
          ],
          [
            -99.19061,
            18.96673,
            0
          ],
          [
            -99.19073,
            18.9671,
            0
          ],
          [
            -99.19077,
            18.96723,
            0
          ],
          [
            -99.1908,
            18.96751,
            0
          ],
          [
            -99.19085,
            18.96798,
            0
          ],
          [
            -99.19089,
            18.96843,
            0
          ],
          [
            -99.19093,
            18.96885,
            0
          ],
          [
            -99.19095,
            18.96927,
            0
          ],
          [
            -99.19096,
            18.96937,
            0
          ],
          [
            -99.191,
            18.96971,
            0
          ],
          [
            -99.19101,
            18.9699,
            0
          ],
          [
            -99.19103,
            18.97015,
            0
          ],
          [
            -99.19108,
            18.97061,
            0
          ],
          [
            -99.1906,
            18.97064,
            0
          ],
          [
            -99.19012,
            18.97067,
            0
          ],
          [
            -99.19012,
            18.97071,
            0
          ]
        ]
      },
      "properties": {
        "name": "COL UNIDAD DEPORTIVA",
        "description": {
          "@type": "html",
          "value": "descripción: <br>OID: 1195<br>ZONA: CENTRO<br>RUTA: RUTA 10<br>ITINERARIO: AMPL. COL UNIDAD DEPORTIVA<br>DESCRIPCIO: AMPL UNIDAD DEPORTIVA<br>AUTO-AMPL: AMPLIACION<br>DEFIN-PROV: DEFINITIVOS<br>DURACION: DEFINITIVA<br>FOLIO: SG/DGT/SDP/0579/II/2011<br>SG/DGT/SDP/0723/2001<br>SG/DGT/SDP/3038/VIII/2011"
        },
        "styleUrl": "#line-E65100-1200",
        "stroke-opacity": 1,
        "stroke": "#e65100",
        "stroke-width": 1.2,
        "descripción": "",
        "OID": "1195",
        "ZONA": "CENTRO",
        "RUTA": "RUTA 10",
        "ITINERARIO": "AMPL. COL UNIDAD DEPORTIVA",
        "DESCRIPCIO": "AMPL UNIDAD DEPORTIVA",
        "AUTO-AMPL": "AMPLIACION",
        "DEFIN-PROV": "DEFINITIVOS",
        "DURACION": "DEFINITIVA",
        "FOLIO": "SG/DGT/SDP/0579/II/2011\nSG/DGT/SDP/0723/2001\nSG/DGT/SDP/3038/VIII/2011"
      }
    }
  ]
}