{
  "type": "FeatureCollection",
  "features": [
    {
      "type": "Feature",
      "geometry": {
        "type": "LineString",
        "coordinates": [
          [
            -99.23571,
            18.97761,
            0
          ],
          [
            -99.23557,
            18.97761,
            0
          ],
          [
            -99.23537,
            18.97761,
            0
          ],
          [
            -99.23539,
            18.97768,
            0
          ],
          [
            -99.23542,
            18.97775,
            0
          ],
          [
            -99.23563,
            18.97802,
            0
          ],
          [
            -99.23596,
            18.97846,
            0
          ],
          [
            -99.23606,
            18.97859,
            0
          ],
          [
            -99.23628,
            18.97886,
            0
          ],
          [
            -99.23635,
            18.97895,
            0
          ],
          [
            -99.23646,
            18.97912,
            0
          ],
          [
            -99.23654,
            18.9792,
            0
          ],
          [
            -99.23686,
            18.97958,
            0
          ],
          [
            -99.23696,
            18.97968,
            0
          ],
          [
            -99.23697,
            18.97969,
            0
          ],
          [
            -99.23726,
            18.97995,
            0
          ],
          [
            -99.23739,
            18.98006,
            0
          ],
          [
            -99.23752,
            18.98017,
            0
          ],
          [
            -99.23779,
            18.98035,
            0
          ],
          [
            -99.23786,
            18.9804,
            0
          ],
          [
            -99.238,
            18.98052,
            0
          ],
          [
            -99.23892,
            18.98116,
            0
          ],
          [
            -99.23938,
            18.98148,
            0
          ],
          [
            -99.23946,
            18.98152,
            0
          ],
          [
            -99.23956,
            18.98159,
            0
          ],
          [
            -99.23983,
            18.98172,
            0
          ],
          [
            -99.23993,
            18.98177,
            0
          ],
          [
            -99.24004,
            18.98181,
            0
          ],
          [
            -99.24018,
            18.98186,
            0
          ],
          [
            -99.24042,
            18.98193,
            0
          ],
          [
            -99.24041,
            18.98195,
            0
          ],
          [
            -99.24041,
            18.98196,
            0
          ],
          [
            -99.24041,
            18.98198,
            0
          ],
          [
            -99.24041,
            18.98199,
            0
          ],
          [
            -99.24041,
            18.98201,
            0
          ],
          [
            -99.24042,
            18.98202,
            0
          ],
          [
            -99.24042,
            18.98203,
            0
          ],
          [
            -99.24043,
            18.98204,
            0
          ],
          [
            -99.24044,
            18.98206,
            0
          ],
          [
            -99.24045,
            18.98207,
            0
          ],
          [
            -99.24046,
            18.98208,
            0
          ],
          [
            -99.24048,
            18.98208,
            0
          ],
          [
            -99.24049,
            18.98209,
            0
          ],
          [
            -99.24051,
            18.9821,
            0
          ],
          [
            -99.24053,
            18.9821,
            0
          ],
          [
            -99.24054,
            18.9821,
            0
          ],
          [
            -99.24056,
            18.9821,
            0
          ],
          [
            -99.24057,
            18.9821,
            0
          ],
          [
            -99.24059,
            18.98209,
            0
          ],
          [
            -99.2406,
            18.98209,
            0
          ],
          [
            -99.24061,
            18.98208,
            0
          ],
          [
            -99.24063,
            18.98207,
            0
          ],
          [
            -99.24064,
            18.98206,
            0
          ],
          [
            -99.24065,
            18.98205,
            0
          ],
          [
            -99.24066,
            18.98204,
            0
          ],
          [
            -99.24066,
            18.98203,
            0
          ],
          [
            -99.24067,
            18.98202,
            0
          ],
          [
            -99.24077,
            18.98203,
            0
          ],
          [
            -99.24088,
            18.98204,
            0
          ],
          [
            -99.24097,
            18.98207,
            0
          ],
          [
            -99.24114,
            18.98208,
            0
          ],
          [
            -99.24126,
            18.98208,
            0
          ],
          [
            -99.2416,
            18.98208,
            0
          ],
          [
            -99.24189,
            18.98207,
            0
          ],
          [
            -99.24197,
            18.98206,
            0
          ],
          [
            -99.2421,
            18.98204,
            0
          ],
          [
            -99.24239,
            18.98199,
            0
          ],
          [
            -99.24288,
            18.98192,
            0
          ],
          [
            -99.24292,
            18.98191,
            0
          ],
          [
            -99.24311,
            18.98188,
            0
          ],
          [
            -99.2432,
            18.98187,
            0
          ],
          [
            -99.24367,
            18.98178,
            0
          ],
          [
            -99.2438,
            18.98176,
            0
          ],
          [
            -99.24411,
            18.98172,
            0
          ],
          [
            -99.24428,
            18.98169,
            0
          ],
          [
            -99.24435,
            18.98166,
            0
          ],
          [
            -99.24448,
            18.98161,
            0
          ],
          [
            -99.24455,
            18.98157,
            0
          ],
          [
            -99.24457,
            18.98156,
            0
          ],
          [
            -99.2446,
            18.98153,
            0
          ],
          [
            -99.2448,
            18.98135,
            0
          ],
          [
            -99.24486,
            18.98124,
            0
          ],
          [
            -99.24491,
            18.98115,
            0
          ],
          [
            -99.24495,
            18.98105,
            0
          ],
          [
            -99.245,
            18.98088,
            0
          ],
          [
            -99.24506,
            18.98048,
            0
          ],
          [
            -99.2451,
            18.98007,
            0
          ],
          [
            -99.24517,
            18.9796,
            0
          ],
          [
            -99.24531,
            18.97836,
            0
          ],
          [
            -99.24533,
            18.97821,
            0
          ],
          [
            -99.24535,
            18.97811,
            0
          ],
          [
            -99.24538,
            18.97789,
            0
          ],
          [
            -99.24546,
            18.97741,
            0
          ],
          [
            -99.24551,
            18.97718,
            0
          ],
          [
            -99.24552,
            18.97712,
            0
          ],
          [
            -99.2458,
            18.97605,
            0
          ],
          [
            -99.24583,
            18.97596,
            0
          ],
          [
            -99.24585,
            18.97588,
            0
          ],
          [
            -99.24588,
            18.97577,
            0
          ],
          [
            -99.24602,
            18.97519,
            0
          ],
          [
            -99.24604,
            18.97503,
            0
          ],
          [
            -99.24605,
            18.97497,
            0
          ],
          [
            -99.24609,
            18.97477,
            0
          ],
          [
            -99.24619,
            18.97414,
            0
          ],
          [
            -99.24627,
            18.97352,
            0
          ],
          [
            -99.24633,
            18.97294,
            0
          ],
          [
            -99.24641,
            18.97233,
            0
          ],
          [
            -99.24639,
            18.9722,
            0
          ],
          [
            -99.24633,
            18.97207,
            0
          ],
          [
            -99.24625,
            18.97197,
            0
          ],
          [
            -99.24619,
            18.97193,
            0
          ],
          [
            -99.24611,
            18.97189,
            0
          ],
          [
            -99.24585,
            18.97176,
            0
          ],
          [
            -99.24556,
            18.9716,
            0
          ],
          [
            -99.24534,
            18.97148,
            0
          ],
          [
            -99.24523,
            18.97139,
            0
          ],
          [
            -99.24516,
            18.97129,
            0
          ],
          [
            -99.24514,
            18.97126,
            0
          ],
          [
            -99.24511,
            18.97118,
            0
          ],
          [
            -99.24509,
            18.97107,
            0
          ],
          [
            -99.24509,
            18.97104,
            0
          ],
          [
            -99.24516,
            18.97057,
            0
          ],
          [
            -99.24516,
            18.97055,
            0
          ],
          [
            -99.24526,
            18.96995,
            0
          ],
          [
            -99.2453,
            18.96971,
            0
          ],
          [
            -99.2453,
            18.96965,
            0
          ],
          [
            -99.24529,
            18.9696,
            0
          ],
          [
            -99.24528,
            18.96953,
            0
          ],
          [
            -99.24522,
            18.96941,
            0
          ],
          [
            -99.2452,
            18.96939,
            0
          ],
          [
            -99.24507,
            18.96928,
            0
          ],
          [
            -99.24491,
            18.96918,
            0
          ],
          [
            -99.24483,
            18.96911,
            0
          ],
          [
            -99.24469,
            18.96904,
            0
          ],
          [
            -99.24459,
            18.96896,
            0
          ],
          [
            -99.24455,
            18.96891,
            0
          ],
          [
            -99.24442,
            18.96873,
            0
          ],
          [
            -99.24435,
            18.96859,
            0
          ],
          [
            -99.24413,
            18.96811,
            0
          ],
          [
            -99.2439,
            18.96764,
            0
          ],
          [
            -99.24379,
            18.9674,
            0
          ],
          [
            -99.24376,
            18.96736,
            0
          ],
          [
            -99.24368,
            18.9672,
            0
          ],
          [
            -99.24381,
            18.96696,
            0
          ],
          [
            -99.24386,
            18.9669,
            0
          ],
          [
            -99.24393,
            18.96684,
            0
          ],
          [
            -99.24418,
            18.96671,
            0
          ],
          [
            -99.24443,
            18.96661,
            0
          ],
          [
            -99.24454,
            18.96657,
            0
          ],
          [
            -99.24474,
            18.96653,
            0
          ],
          [
            -99.24494,
            18.96653,
            0
          ],
          [
            -99.24541,
            18.96671,
            0
          ],
          [
            -99.24551,
            18.96675,
            0
          ],
          [
            -99.24565,
            18.96676,
            0
          ],
          [
            -99.24573,
            18.96676,
            0
          ],
          [
            -99.24579,
            18.96676,
            0
          ],
          [
            -99.24585,
            18.96674,
            0
          ],
          [
            -99.24593,
            18.96671,
            0
          ],
          [
            -99.24598,
            18.96668,
            0
          ],
          [
            -99.24603,
            18.96666,
            0
          ],
          [
            -99.24612,
            18.9666,
            0
          ],
          [
            -99.24614,
            18.96658,
            0
          ],
          [
            -99.24624,
            18.96651,
            0
          ],
          [
            -99.24628,
            18.96647,
            0
          ],
          [
            -99.24634,
            18.96642,
            0
          ],
          [
            -99.24655,
            18.96621,
            0
          ],
          [
            -99.24671,
            18.96624,
            0
          ],
          [
            -99.24707,
            18.96634,
            0
          ],
          [
            -99.24723,
            18.96629,
            0
          ],
          [
            -99.24714,
            18.96595,
            0
          ],
          [
            -99.24705,
            18.96569,
            0
          ],
          [
            -99.24704,
            18.96565,
            0
          ],
          [
            -99.24702,
            18.96556,
            0
          ],
          [
            -99.247,
            18.96549,
            0
          ],
          [
            -99.24695,
            18.96535,
            0
          ],
          [
            -99.24696,
            18.96534,
            0
          ],
          [
            -99.24697,
            18.96533,
            0
          ],
          [
            -99.24698,
            18.96532,
            0
          ],
          [
            -99.24698,
            18.96531,
            0
          ],
          [
            -99.24698,
            18.96529,
            0
          ],
          [
            -99.24699,
            18.96528,
            0
          ],
          [
            -99.24699,
            18.96527,
            0
          ],
          [
            -99.24699,
            18.96526,
            0
          ],
          [
            -99.24699,
            18.96525,
            0
          ],
          [
            -99.24699,
            18.96524,
            0
          ],
          [
            -99.24699,
            18.96523,
            0
          ],
          [
            -99.24699,
            18.96522,
            0
          ],
          [
            -99.24699,
            18.96521,
            0
          ],
          [
            -99.24698,
            18.9652,
            0
          ],
          [
            -99.24698,
            18.96519,
            0
          ],
          [
            -99.24697,
            18.96518,
            0
          ],
          [
            -99.24697,
            18.96517,
            0
          ],
          [
            -99.24697,
            18.96516,
            0
          ],
          [
            -99.24696,
            18.96515,
            0
          ],
          [
            -99.24695,
            18.96515,
            0
          ],
          [
            -99.24695,
            18.96514,
            0
          ],
          [
            -99.24694,
            18.96513,
            0
          ],
          [
            -99.24693,
            18.96512,
            0
          ],
          [
            -99.24692,
            18.96512,
            0
          ],
          [
            -99.24691,
            18.96511,
            0
          ],
          [
            -99.2469,
            18.9651,
            0
          ],
          [
            -99.24689,
            18.9651,
            0
          ],
          [
            -99.24688,
            18.96509,
            0
          ],
          [
            -99.24687,
            18.96509,
            0
          ],
          [
            -99.24685,
            18.96508,
            0
          ],
          [
            -99.24684,
            18.96508,
            0
          ],
          [
            -99.24682,
            18.96508,
            0
          ],
          [
            -99.24681,
            18.96507,
            0
          ],
          [
            -99.24679,
            18.96507,
            0
          ],
          [
            -99.24678,
            18.96508,
            0
          ],
          [
            -99.24676,
            18.96508,
            0
          ],
          [
            -99.24675,
            18.96508,
            0
          ],
          [
            -99.24674,
            18.96509,
            0
          ],
          [
            -99.24672,
            18.96509,
            0
          ],
          [
            -99.24671,
            18.9651,
            0
          ],
          [
            -99.24669,
            18.96511,
            0
          ],
          [
            -99.24668,
            18.96512,
            0
          ],
          [
            -99.24667,
            18.96513,
            0
          ],
          [
            -99.24666,
            18.96514,
            0
          ],
          [
            -99.24665,
            18.96515,
            0
          ],
          [
            -99.24664,
            18.96516,
            0
          ],
          [
            -99.24664,
            18.96517,
            0
          ],
          [
            -99.24663,
            18.96518,
            0
          ],
          [
            -99.24663,
            18.9652,
            0
          ],
          [
            -99.24662,
            18.96521,
            0
          ],
          [
            -99.24662,
            18.96522,
            0
          ],
          [
            -99.24662,
            18.96524,
            0
          ],
          [
            -99.24662,
            18.96525,
            0
          ],
          [
            -99.24653,
            18.96529,
            0
          ],
          [
            -99.24592,
            18.96557,
            0
          ],
          [
            -99.24568,
            18.96568,
            0
          ],
          [
            -99.24512,
            18.96592,
            0
          ],
          [
            -99.24482,
            18.96607,
            0
          ],
          [
            -99.24479,
            18.96608,
            0
          ],
          [
            -99.24466,
            18.96615,
            0
          ],
          [
            -99.24456,
            18.9662,
            0
          ],
          [
            -99.24439,
            18.96628,
            0
          ],
          [
            -99.24432,
            18.96631,
            0
          ],
          [
            -99.24415,
            18.96639,
            0
          ],
          [
            -99.2438,
            18.96654,
            0
          ],
          [
            -99.24219,
            18.96725,
            0
          ],
          [
            -99.24138,
            18.96764,
            0
          ],
          [
            -99.24127,
            18.96769,
            0
          ],
          [
            -99.24117,
            18.96773,
            0
          ],
          [
            -99.24112,
            18.96775,
            0
          ],
          [
            -99.24104,
            18.96779,
            0
          ],
          [
            -99.24095,
            18.96782,
            0
          ],
          [
            -99.24089,
            18.96784,
            0
          ],
          [
            -99.24086,
            18.96785,
            0
          ],
          [
            -99.24084,
            18.96786,
            0
          ],
          [
            -99.24079,
            18.96787,
            0
          ],
          [
            -99.24074,
            18.96787,
            0
          ],
          [
            -99.24067,
            18.96788,
            0
          ],
          [
            -99.24065,
            18.96788,
            0
          ],
          [
            -99.24048,
            18.9679,
            0
          ],
          [
            -99.24048,
            18.96789,
            0
          ],
          [
            -99.24047,
            18.96789,
            0
          ],
          [
            -99.24046,
            18.96788,
            0
          ],
          [
            -99.24046,
            18.96787,
            0
          ],
          [
            -99.24045,
            18.96787,
            0
          ],
          [
            -99.24044,
            18.96786,
            0
          ],
          [
            -99.24043,
            18.96786,
            0
          ],
          [
            -99.24043,
            18.96785,
            0
          ],
          [
            -99.24037,
            18.9676,
            0
          ],
          [
            -99.2403,
            18.96739,
            0
          ],
          [
            -99.24027,
            18.96732,
            0
          ],
          [
            -99.24024,
            18.96714,
            0
          ],
          [
            -99.23998,
            18.96628,
            0
          ],
          [
            -99.23993,
            18.9661,
            0
          ],
          [
            -99.23966,
            18.9652,
            0
          ],
          [
            -99.23964,
            18.96515,
            0
          ],
          [
            -99.23951,
            18.96472,
            0
          ],
          [
            -99.23935,
            18.96419,
            0
          ],
          [
            -99.23924,
            18.96382,
            0
          ],
          [
            -99.23922,
            18.96373,
            0
          ],
          [
            -99.23917,
            18.96357,
            0
          ],
          [
            -99.23899,
            18.96293,
            0
          ],
          [
            -99.23885,
            18.96246,
            0
          ],
          [
            -99.23863,
            18.96171,
            0
          ],
          [
            -99.23858,
            18.96154,
            0
          ],
          [
            -99.23841,
            18.96092,
            0
          ],
          [
            -99.23839,
            18.96084,
            0
          ],
          [
            -99.23835,
            18.96074,
            0
          ],
          [
            -99.23826,
            18.96038,
            0
          ],
          [
            -99.23815,
            18.95995,
            0
          ],
          [
            -99.23806,
            18.95963,
            0
          ],
          [
            -99.23791,
            18.95918,
            0
          ],
          [
            -99.23776,
            18.9587,
            0
          ],
          [
            -99.23767,
            18.95846,
            0
          ],
          [
            -99.23751,
            18.95779,
            0
          ],
          [
            -99.23748,
            18.95766,
            0
          ],
          [
            -99.23742,
            18.95742,
            0
          ],
          [
            -99.23735,
            18.95719,
            0
          ],
          [
            -99.23731,
            18.95711,
            0
          ],
          [
            -99.23729,
            18.95704,
            0
          ],
          [
            -99.23718,
            18.95666,
            0
          ],
          [
            -99.23704,
            18.95619,
            0
          ],
          [
            -99.23702,
            18.95608,
            0
          ],
          [
            -99.23697,
            18.95595,
            0
          ],
          [
            -99.23693,
            18.95584,
            0
          ],
          [
            -99.23673,
            18.95515,
            0
          ],
          [
            -99.23657,
            18.95458,
            0
          ],
          [
            -99.23649,
            18.95433,
            0
          ],
          [
            -99.23635,
            18.95386,
            0
          ],
          [
            -99.23622,
            18.95342,
            0
          ],
          [
            -99.23616,
            18.95322,
            0
          ],
          [
            -99.23611,
            18.95301,
            0
          ],
          [
            -99.23608,
            18.95292,
            0
          ],
          [
            -99.23607,
            18.95288,
            0
          ],
          [
            -99.23599,
            18.95257,
            0
          ],
          [
            -99.23593,
            18.95236,
            0
          ],
          [
            -99.2358,
            18.95192,
            0
          ],
          [
            -99.23565,
            18.95145,
            0
          ],
          [
            -99.23557,
            18.95112,
            0
          ],
          [
            -99.23541,
            18.95063,
            0
          ],
          [
            -99.23528,
            18.95021,
            0
          ],
          [
            -99.23503,
            18.94953,
            0
          ],
          [
            -99.23496,
            18.94935,
            0
          ],
          [
            -99.23464,
            18.9484,
            0
          ],
          [
            -99.23445,
            18.94778,
            0
          ],
          [
            -99.2344,
            18.94762,
            0
          ],
          [
            -99.23438,
            18.94755,
            0
          ],
          [
            -99.23428,
            18.94722,
            0
          ],
          [
            -99.2341,
            18.94657,
            0
          ],
          [
            -99.23404,
            18.94639,
            0
          ],
          [
            -99.234,
            18.94624,
            0
          ],
          [
            -99.23374,
            18.94534,
            0
          ],
          [
            -99.23359,
            18.94482,
            0
          ],
          [
            -99.23351,
            18.94455,
            0
          ],
          [
            -99.23344,
            18.9443,
            0
          ],
          [
            -99.23343,
            18.94427,
            0
          ],
          [
            -99.23333,
            18.94392,
            0
          ],
          [
            -99.23325,
            18.94366,
            0
          ],
          [
            -99.23314,
            18.94329,
            0
          ],
          [
            -99.233,
            18.94281,
            0
          ],
          [
            -99.23287,
            18.94238,
            0
          ],
          [
            -99.23285,
            18.94231,
            0
          ],
          [
            -99.23282,
            18.94216,
            0
          ],
          [
            -99.23278,
            18.94203,
            0
          ],
          [
            -99.23265,
            18.9416,
            0
          ],
          [
            -99.23244,
            18.94089,
            0
          ],
          [
            -99.23234,
            18.94054,
            0
          ],
          [
            -99.23225,
            18.94032,
            0
          ],
          [
            -99.23218,
            18.94018,
            0
          ],
          [
            -99.23192,
            18.9398,
            0
          ],
          [
            -99.23185,
            18.93969,
            0
          ],
          [
            -99.23176,
            18.93958,
            0
          ],
          [
            -99.23151,
            18.93927,
            0
          ],
          [
            -99.23127,
            18.93894,
            0
          ],
          [
            -99.23082,
            18.93827,
            0
          ],
          [
            -99.23055,
            18.93794,
            0
          ],
          [
            -99.23046,
            18.9378,
            0
          ],
          [
            -99.2302,
            18.93747,
            0
          ],
          [
            -99.23016,
            18.93742,
            0
          ],
          [
            -99.22991,
            18.93709,
            0
          ],
          [
            -99.2297,
            18.9368,
            0
          ],
          [
            -99.22953,
            18.93656,
            0
          ],
          [
            -99.2297,
            18.93608,
            0
          ],
          [
            -99.22979,
            18.93584,
            0
          ],
          [
            -99.22995,
            18.93525,
            0
          ],
          [
            -99.22997,
            18.93517,
            0
          ],
          [
            -99.22998,
            18.93515,
            0
          ],
          [
            -99.23014,
            18.93465,
            0
          ],
          [
            -99.23029,
            18.93421,
            0
          ],
          [
            -99.2304,
            18.93387,
            0
          ],
          [
            -99.23047,
            18.93366,
            0
          ],
          [
            -99.23058,
            18.93333,
            0
          ],
          [
            -99.23068,
            18.93305,
            0
          ],
          [
            -99.23072,
            18.93293,
            0
          ],
          [
            -99.23074,
            18.93283,
            0
          ],
          [
            -99.23075,
            18.93278,
            0
          ],
          [
            -99.23078,
            18.93267,
            0
          ],
          [
            -99.2308,
            18.9326,
            0
          ],
          [
            -99.23082,
            18.93253,
            0
          ],
          [
            -99.23089,
            18.93231,
            0
          ],
          [
            -99.23092,
            18.9321,
            0
          ],
          [
            -99.23092,
            18.93209,
            0
          ],
          [
            -99.23092,
            18.93208,
            0
          ],
          [
            -99.23093,
            18.93207,
            0
          ],
          [
            -99.23092,
            18.93206,
            0
          ],
          [
            -99.23092,
            18.93203,
            0
          ],
          [
            -99.23092,
            18.93201,
            0
          ],
          [
            -99.23088,
            18.9316,
            0
          ],
          [
            -99.23085,
            18.93122,
            0
          ],
          [
            -99.23084,
            18.93117,
            0
          ],
          [
            -99.23084,
            18.93111,
            0
          ],
          [
            -99.23082,
            18.93085,
            0
          ],
          [
            -99.23081,
            18.93071,
            0
          ],
          [
            -99.23078,
            18.93047,
            0
          ],
          [
            -99.23077,
            18.93037,
            0
          ],
          [
            -99.2307,
            18.92992,
            0
          ],
          [
            -99.23069,
            18.92989,
            0
          ],
          [
            -99.23064,
            18.9297,
            0
          ],
          [
            -99.2306,
            18.9296,
            0
          ],
          [
            -99.2305,
            18.92934,
            0
          ],
          [
            -99.23031,
            18.92892,
            0
          ],
          [
            -99.2303,
            18.92889,
            0
          ],
          [
            -99.23013,
            18.92842,
            0
          ],
          [
            -99.2301,
            18.92836,
            0
          ],
          [
            -99.22995,
            18.92795,
            0
          ],
          [
            -99.22992,
            18.92787,
            0
          ],
          [
            -99.22988,
            18.92781,
            0
          ],
          [
            -99.22982,
            18.92768,
            0
          ],
          [
            -99.22952,
            18.92698,
            0
          ],
          [
            -99.22948,
            18.92691,
            0
          ],
          [
            -99.22939,
            18.92675,
            0
          ],
          [
            -99.22935,
            18.92669,
            0
          ],
          [
            -99.22913,
            18.92642,
            0
          ],
          [
            -99.22898,
            18.92627,
            0
          ],
          [
            -99.22888,
            18.92618,
            0
          ],
          [
            -99.22882,
            18.92613,
            0
          ],
          [
            -99.2287,
            18.92603,
            0
          ],
          [
            -99.22851,
            18.92591,
            0
          ],
          [
            -99.22839,
            18.92583,
            0
          ],
          [
            -99.22829,
            18.92578,
            0
          ],
          [
            -99.22804,
            18.92567,
            0
          ],
          [
            -99.22794,
            18.92562,
            0
          ],
          [
            -99.22776,
            18.92559,
            0
          ],
          [
            -99.22684,
            18.92537,
            0
          ],
          [
            -99.22563,
            18.92509,
            0
          ],
          [
            -99.22546,
            18.92506,
            0
          ],
          [
            -99.22496,
            18.92494,
            0
          ],
          [
            -99.22418,
            18.92476,
            0
          ],
          [
            -99.22336,
            18.92456,
            0
          ],
          [
            -99.22327,
            18.92455,
            0
          ],
          [
            -99.22218,
            18.92432,
            0
          ],
          [
            -99.2216,
            18.92418,
            0
          ],
          [
            -99.2215,
            18.92416,
            0
          ],
          [
            -99.22106,
            18.92405,
            0
          ],
          [
            -99.22078,
            18.92402,
            0
          ],
          [
            -99.22041,
            18.924,
            0
          ],
          [
            -99.22015,
            18.924,
            0
          ],
          [
            -99.21989,
            18.924,
            0
          ],
          [
            -99.21894,
            18.92402,
            0
          ],
          [
            -99.21868,
            18.92403,
            0
          ],
          [
            -99.21865,
            18.92403,
            0
          ],
          [
            -99.21852,
            18.92403,
            0
          ],
          [
            -99.21798,
            18.92402,
            0
          ],
          [
            -99.21765,
            18.92402,
            0
          ],
          [
            -99.21693,
            18.92404,
            0
          ],
          [
            -99.2167,
            18.92404,
            0
          ],
          [
            -99.21655,
            18.92404,
            0
          ],
          [
            -99.21592,
            18.92403,
            0
          ],
          [
            -99.21591,
            18.92403,
            0
          ],
          [
            -99.21519,
            18.92403,
            0
          ],
          [
            -99.21462,
            18.92403,
            0
          ],
          [
            -99.21399,
            18.92402,
            0
          ],
          [
            -99.21366,
            18.92402,
            0
          ],
          [
            -99.21306,
            18.92391,
            0
          ],
          [
            -99.21273,
            18.92382,
            0
          ],
          [
            -99.21212,
            18.92368,
            0
          ],
          [
            -99.21183,
            18.9236,
            0
          ],
          [
            -99.21156,
            18.92354,
            0
          ],
          [
            -99.21133,
            18.92349,
            0
          ],
          [
            -99.2108,
            18.92335,
            0
          ],
          [
            -99.21042,
            18.92326,
            0
          ],
          [
            -99.21026,
            18.92322,
            0
          ],
          [
            -99.21016,
            18.92318,
            0
          ],
          [
            -99.20993,
            18.92312,
            0
          ],
          [
            -99.20983,
            18.92309,
            0
          ],
          [
            -99.20941,
            18.92299,
            0
          ],
          [
            -99.20922,
            18.92294,
            0
          ],
          [
            -99.20912,
            18.92291,
            0
          ],
          [
            -99.20903,
            18.92286,
            0
          ],
          [
            -99.2089,
            18.92278,
            0
          ],
          [
            -99.20868,
            18.92263,
            0
          ],
          [
            -99.20828,
            18.92228,
            0
          ],
          [
            -99.20826,
            18.92227,
            0
          ],
          [
            -99.20801,
            18.92208,
            0
          ],
          [
            -99.20799,
            18.92207,
            0
          ],
          [
            -99.20791,
            18.92201,
            0
          ],
          [
            -99.20781,
            18.92194,
            0
          ],
          [
            -99.20775,
            18.92191,
            0
          ],
          [
            -99.20767,
            18.92187,
            0
          ],
          [
            -99.2075,
            18.92177,
            0
          ],
          [
            -99.20742,
            18.92174,
            0
          ],
          [
            -99.20732,
            18.9217,
            0
          ],
          [
            -99.20723,
            18.92168,
            0
          ],
          [
            -99.20721,
            18.92168,
            0
          ],
          [
            -99.20708,
            18.92165,
            0
          ],
          [
            -99.20691,
            18.92162,
            0
          ],
          [
            -99.20652,
            18.92157,
            0
          ],
          [
            -99.2062,
            18.92153,
            0
          ],
          [
            -99.20599,
            18.92151,
            0
          ],
          [
            -99.20582,
            18.92148,
            0
          ],
          [
            -99.20566,
            18.92144,
            0
          ],
          [
            -99.20528,
            18.92134,
            0
          ],
          [
            -99.20481,
            18.92126,
            0
          ],
          [
            -99.20469,
            18.92125,
            0
          ],
          [
            -99.20465,
            18.92125,
            0
          ],
          [
            -99.20454,
            18.92125,
            0
          ],
          [
            -99.20409,
            18.92118,
            0
          ],
          [
            -99.20396,
            18.92113,
            0
          ],
          [
            -99.20386,
            18.9211,
            0
          ],
          [
            -99.2038,
            18.92109,
            0
          ],
          [
            -99.20353,
            18.92103,
            0
          ],
          [
            -99.20304,
            18.92096,
            0
          ],
          [
            -99.20263,
            18.92091,
            0
          ],
          [
            -99.20248,
            18.9209,
            0
          ],
          [
            -99.20239,
            18.92089,
            0
          ],
          [
            -99.20215,
            18.9209,
            0
          ],
          [
            -99.20198,
            18.92088,
            0
          ],
          [
            -99.20189,
            18.92078,
            0
          ],
          [
            -99.20186,
            18.92077,
            0
          ],
          [
            -99.20184,
            18.92076,
            0
          ],
          [
            -99.20179,
            18.92074,
            0
          ],
          [
            -99.20168,
            18.92071,
            0
          ],
          [
            -99.20159,
            18.92069,
            0
          ],
          [
            -99.20123,
            18.92076,
            0
          ],
          [
            -99.20107,
            18.92078,
            0
          ],
          [
            -99.20079,
            18.92083,
            0
          ],
          [
            -99.20072,
            18.92083,
            0
          ],
          [
            -99.20071,
            18.92083,
            0
          ],
          [
            -99.20064,
            18.92083,
            0
          ],
          [
            -99.20059,
            18.92083,
            0
          ],
          [
            -99.20054,
            18.92083,
            0
          ],
          [
            -99.20033,
            18.92082,
            0
          ],
          [
            -99.20023,
            18.92081,
            0
          ],
          [
            -99.20015,
            18.9208,
            0
          ],
          [
            -99.19997,
            18.92076,
            0
          ],
          [
            -99.1999,
            18.92074,
            0
          ],
          [
            -99.19968,
            18.92068,
            0
          ],
          [
            -99.19859,
            18.92024,
            0
          ],
          [
            -99.19849,
            18.9202,
            0
          ],
          [
            -99.19788,
            18.91995,
            0
          ],
          [
            -99.19724,
            18.9198,
            0
          ],
          [
            -99.19627,
            18.91962,
            0
          ],
          [
            -99.19611,
            18.91959,
            0
          ],
          [
            -99.19595,
            18.91957,
            0
          ],
          [
            -99.1959,
            18.91957,
            0
          ],
          [
            -99.19576,
            18.91956,
            0
          ],
          [
            -99.1957,
            18.91956,
            0
          ],
          [
            -99.19565,
            18.91957,
            0
          ],
          [
            -99.19553,
            18.91957,
            0
          ],
          [
            -99.19544,
            18.91958,
            0
          ],
          [
            -99.19534,
            18.9196,
            0
          ],
          [
            -99.19533,
            18.9196,
            0
          ],
          [
            -99.19523,
            18.91962,
            0
          ],
          [
            -99.19522,
            18.91962,
            0
          ],
          [
            -99.19521,
            18.91963,
            0
          ],
          [
            -99.19512,
            18.91971,
            0
          ],
          [
            -99.19475,
            18.9198,
            0
          ],
          [
            -99.19445,
            18.91988,
            0
          ],
          [
            -99.19433,
            18.91989,
            0
          ],
          [
            -99.19427,
            18.9199,
            0
          ],
          [
            -99.19414,
            18.9199,
            0
          ],
          [
            -99.194,
            18.91989,
            0
          ],
          [
            -99.19389,
            18.91988,
            0
          ],
          [
            -99.19377,
            18.91985,
            0
          ],
          [
            -99.19366,
            18.91983,
            0
          ],
          [
            -99.19351,
            18.91978,
            0
          ],
          [
            -99.19307,
            18.91964,
            0
          ],
          [
            -99.19261,
            18.91949,
            0
          ],
          [
            -99.1912,
            18.91906,
            0
          ],
          [
            -99.19113,
            18.91903,
            0
          ],
          [
            -99.19021,
            18.91875,
            0
          ],
          [
            -99.18947,
            18.91853,
            0
          ],
          [
            -99.18924,
            18.91846,
            0
          ],
          [
            -99.18916,
            18.91844,
            0
          ],
          [
            -99.18904,
            18.9184,
            0
          ],
          [
            -99.18882,
            18.91833,
            0
          ],
          [
            -99.18871,
            18.91828,
            0
          ],
          [
            -99.18867,
            18.91826,
            0
          ],
          [
            -99.18862,
            18.91824,
            0
          ],
          [
            -99.18853,
            18.9182,
            0
          ],
          [
            -99.18844,
            18.91815,
            0
          ],
          [
            -99.18835,
            18.91809,
            0
          ],
          [
            -99.18828,
            18.91804,
            0
          ],
          [
            -99.1882,
            18.91798,
            0
          ],
          [
            -99.18802,
            18.91782,
            0
          ],
          [
            -99.18771,
            18.91754,
            0
          ],
          [
            -99.18703,
            18.91695,
            0
          ],
          [
            -99.18694,
            18.91687,
            0
          ],
          [
            -99.18671,
            18.91666,
            0
          ],
          [
            -99.18663,
            18.91659,
            0
          ],
          [
            -99.18651,
            18.91648,
            0
          ],
          [
            -99.18634,
            18.91632,
            0
          ],
          [
            -99.18585,
            18.9159,
            0
          ],
          [
            -99.18551,
            18.91559,
            0
          ],
          [
            -99.1853,
            18.91539,
            0
          ],
          [
            -99.18479,
            18.91494,
            0
          ],
          [
            -99.18468,
            18.91482,
            0
          ],
          [
            -99.18451,
            18.91465,
            0
          ],
          [
            -99.18434,
            18.91447,
            0
          ],
          [
            -99.18422,
            18.91434,
            0
          ],
          [
            -99.18397,
            18.91408,
            0
          ],
          [
            -99.18359,
            18.91367,
            0
          ],
          [
            -99.18325,
            18.91331,
            0
          ],
          [
            -99.18286,
            18.9129,
            0
          ],
          [
            -99.18259,
            18.9126,
            0
          ],
          [
            -99.18239,
            18.91239,
            0
          ],
          [
            -99.18227,
            18.91227,
            0
          ],
          [
            -99.18209,
            18.91207,
            0
          ],
          [
            -99.18176,
            18.91172,
            0
          ],
          [
            -99.18165,
            18.91159,
            0
          ],
          [
            -99.18144,
            18.91132,
            0
          ],
          [
            -99.18134,
            18.91114,
            0
          ],
          [
            -99.18131,
            18.91109,
            0
          ],
          [
            -99.18126,
            18.91098,
            0
          ],
          [
            -99.18119,
            18.91079,
            0
          ],
          [
            -99.18113,
            18.91062,
            0
          ],
          [
            -99.18086,
            18.9099,
            0
          ],
          [
            -99.18081,
            18.90978,
            0
          ],
          [
            -99.18071,
            18.9095,
            0
          ],
          [
            -99.18054,
            18.90906,
            0
          ],
          [
            -99.18038,
            18.90867,
            0
          ],
          [
            -99.1803,
            18.90851,
            0
          ],
          [
            -99.18018,
            18.90833,
            0
          ],
          [
            -99.18009,
            18.90821,
            0
          ],
          [
            -99.17999,
            18.90809,
            0
          ],
          [
            -99.17973,
            18.90782,
            0
          ],
          [
            -99.17972,
            18.90781,
            0
          ],
          [
            -99.17967,
            18.90775,
            0
          ],
          [
            -99.17958,
            18.90766,
            0
          ],
          [
            -99.17932,
            18.90741,
            0
          ],
          [
            -99.17925,
            18.90734,
            0
          ],
          [
            -99.17895,
            18.90704,
            0
          ],
          [
            -99.1785,
            18.90659,
            0
          ],
          [
            -99.17814,
            18.90623,
            0
          ],
          [
            -99.17811,
            18.9062,
            0
          ],
          [
            -99.17766,
            18.90575,
            0
          ],
          [
            -99.17715,
            18.90523,
            0
          ],
          [
            -99.17705,
            18.90513,
            0
          ],
          [
            -99.17702,
            18.90511,
            0
          ],
          [
            -99.17698,
            18.90507,
            0
          ],
          [
            -99.17697,
            18.90505,
            0
          ],
          [
            -99.17682,
            18.90491,
            0
          ],
          [
            -99.1768,
            18.90489,
            0
          ],
          [
            -99.17678,
            18.90487,
            0
          ],
          [
            -99.17611,
            18.90421,
            0
          ],
          [
            -99.17538,
            18.90352,
            0
          ],
          [
            -99.17533,
            18.90347,
            0
          ],
          [
            -99.17505,
            18.90318,
            0
          ],
          [
            -99.17485,
            18.90298,
            0
          ],
          [
            -99.17442,
            18.90255,
            0
          ],
          [
            -99.1743,
            18.90243,
            0
          ],
          [
            -99.17424,
            18.90237,
            0
          ],
          [
            -99.17389,
            18.902,
            0
          ],
          [
            -99.17379,
            18.90191,
            0
          ],
          [
            -99.17365,
            18.90177,
            0
          ],
          [
            -99.17322,
            18.90136,
            0
          ],
          [
            -99.1728,
            18.90092,
            0
          ],
          [
            -99.17275,
            18.90087,
            0
          ],
          [
            -99.17271,
            18.90082,
            0
          ],
          [
            -99.17265,
            18.90077,
            0
          ],
          [
            -99.17238,
            18.90051,
            0
          ],
          [
            -99.17227,
            18.9004,
            0
          ],
          [
            -99.17194,
            18.90009,
            0
          ],
          [
            -99.17178,
            18.89994,
            0
          ],
          [
            -99.17148,
            18.89965,
            0
          ],
          [
            -99.17137,
            18.89955,
            0
          ],
          [
            -99.17136,
            18.8995,
            0
          ],
          [
            -99.17136,
            18.89949,
            0
          ],
          [
            -99.17135,
            18.89947,
            0
          ],
          [
            -99.17134,
            18.89945,
            0
          ],
          [
            -99.17096,
            18.89906,
            0
          ],
          [
            -99.17041,
            18.89852,
            0
          ],
          [
            -99.16991,
            18.89804,
            0
          ],
          [
            -99.16974,
            18.89787,
            0
          ],
          [
            -99.1695,
            18.89763,
            0
          ],
          [
            -99.16923,
            18.89736,
            0
          ],
          [
            -99.16925,
            18.89731,
            0
          ],
          [
            -99.16942,
            18.89699,
            0
          ],
          [
            -99.16952,
            18.89681,
            0
          ],
          [
            -99.16966,
            18.89654,
            0
          ],
          [
            -99.16972,
            18.89641,
            0
          ],
          [
            -99.16981,
            18.89624,
            0
          ],
          [
            -99.1704,
            18.89513,
            0
          ],
          [
            -99.17071,
            18.89459,
            0
          ],
          [
            -99.17086,
            18.89431,
            0
          ],
          [
            -99.17092,
            18.89419,
            0
          ],
          [
            -99.17099,
            18.89405,
            0
          ],
          [
            -99.17115,
            18.89375,
            0
          ],
          [
            -99.17162,
            18.89288,
            0
          ],
          [
            -99.17183,
            18.89247,
            0
          ],
          [
            -99.17241,
            18.89138,
            0
          ],
          [
            -99.17292,
            18.89042,
            0
          ],
          [
            -99.17299,
            18.89032,
            0
          ],
          [
            -99.17289,
            18.89028,
            0
          ],
          [
            -99.17284,
            18.89028,
            0
          ],
          [
            -99.17279,
            18.89028,
            0
          ],
          [
            -99.17273,
            18.89028,
            0
          ],
          [
            -99.17256,
            18.89029,
            0
          ],
          [
            -99.17112,
            18.89037,
            0
          ],
          [
            -99.17094,
            18.89038,
            0
          ],
          [
            -99.17022,
            18.89044,
            0
          ],
          [
            -99.16992,
            18.89045,
            0
          ],
          [
            -99.1686,
            18.89053,
            0
          ],
          [
            -99.16813,
            18.89058,
            0
          ],
          [
            -99.16796,
            18.89059,
            0
          ],
          [
            -99.16757,
            18.89058,
            0
          ],
          [
            -99.16731,
            18.89058,
            0
          ],
          [
            -99.16729,
            18.89058,
            0
          ],
          [
            -99.16713,
            18.89056,
            0
          ],
          [
            -99.16702,
            18.89051,
            0
          ],
          [
            -99.16681,
            18.89041,
            0
          ],
          [
            -99.16658,
            18.89028,
            0
          ],
          [
            -99.16643,
            18.89016,
            0
          ],
          [
            -99.16628,
            18.89001,
            0
          ],
          [
            -99.16616,
            18.88981,
            0
          ],
          [
            -99.16601,
            18.88946,
            0
          ],
          [
            -99.16588,
            18.88883,
            0
          ],
          [
            -99.1658,
            18.88855,
            0
          ],
          [
            -99.16577,
            18.88827,
            0
          ]
        ]
      },
      "properties": {
        "name": "3. JERUSALEN - LOMAS DE CHAMILPA - UNIVERSIDAD - POCHOTAL",
        "description": {
          "@type": "html",
          "value": "descripción: <br>OID: 708<br>ZONA: CENTRO<br>RUTA: RUTA 13<br>ITINERARIO: 3. JERUSALEN - LOMAS DE CHAMILPA - UNIVERSIDAD - POCHOTAL (JIUTEPEC)<br>DESCRIPCIO: UNIVERSIDAD-JIUTEPEC<br>AUTO-AMPL: ITINERARIO<br>DEFIN-PROV: DEFINITIVOS<br>DURACION: DEFINITIVA<br>FOLIO: SGG/DGT/SDP/000537/97"
        },
        "styleUrl": "#line-817717-1200",
        "stroke-opacity": 1,
        "stroke": "#817717",
        "stroke-width": 1.2,
        "descripción": "",
        "OID": "708",
        "ZONA": "CENTRO",
        "RUTA": "RUTA 13",
        "ITINERARIO": "3. JERUSALEN - LOMAS DE CHAMILPA - UNIVERSIDAD - POCHOTAL (JIUTEPEC)",
        "DESCRIPCIO": "UNIVERSIDAD-JIUTEPEC",
        "AUTO-AMPL": "ITINERARIO",
        "DEFIN-PROV": "DEFINITIVOS",
        "DURACION": "DEFINITIVA",
        "FOLIO": "SGG/DGT/SDP/000537/97"
      }
    },
    {
      "type": "Feature",
      "geometry": {
        "type": "LineString",
        "coordinates": [
          [
            -99.16554,
            18.88833,
            0
          ],
          [
            -99.16561,
            18.88861,
            0
          ],
          [
            -99.16569,
            18.88881,
            0
          ],
          [
            -99.16578,
            18.88904,
            0
          ],
          [
            -99.16582,
            18.88922,
            0
          ],
          [
            -99.16585,
            18.88937,
            0
          ],
          [
            -99.16588,
            18.8895,
            0
          ],
          [
            -99.16592,
            18.88959,
            0
          ],
          [
            -99.16594,
            18.88964,
            0
          ],
          [
            -99.16598,
            18.88976,
            0
          ],
          [
            -99.16604,
            18.88987,
            0
          ],
          [
            -99.16611,
            18.88998,
            0
          ],
          [
            -99.16621,
            18.89011,
            0
          ],
          [
            -99.16635,
            18.89024,
            0
          ],
          [
            -99.16646,
            18.89033,
            0
          ],
          [
            -99.16662,
            18.89044,
            0
          ],
          [
            -99.16684,
            18.89056,
            0
          ],
          [
            -99.16708,
            18.89065,
            0
          ],
          [
            -99.16728,
            18.89069,
            0
          ],
          [
            -99.16734,
            18.8907,
            0
          ],
          [
            -99.16763,
            18.8907,
            0
          ],
          [
            -99.16869,
            18.89064,
            0
          ],
          [
            -99.17038,
            18.89054,
            0
          ],
          [
            -99.17158,
            18.89046,
            0
          ],
          [
            -99.17244,
            18.8904,
            0
          ],
          [
            -99.17255,
            18.8904,
            0
          ],
          [
            -99.17264,
            18.8904,
            0
          ],
          [
            -99.17272,
            18.89039,
            0
          ],
          [
            -99.1728,
            18.8904,
            0
          ],
          [
            -99.17292,
            18.89042,
            0
          ],
          [
            -99.17241,
            18.89138,
            0
          ],
          [
            -99.17183,
            18.89247,
            0
          ],
          [
            -99.17162,
            18.89288,
            0
          ],
          [
            -99.17115,
            18.89375,
            0
          ],
          [
            -99.17099,
            18.89405,
            0
          ],
          [
            -99.17092,
            18.89419,
            0
          ],
          [
            -99.17086,
            18.89431,
            0
          ],
          [
            -99.17071,
            18.89459,
            0
          ],
          [
            -99.1704,
            18.89513,
            0
          ],
          [
            -99.16981,
            18.89624,
            0
          ],
          [
            -99.16972,
            18.89641,
            0
          ],
          [
            -99.16966,
            18.89654,
            0
          ],
          [
            -99.16917,
            18.89605,
            0
          ],
          [
            -99.16912,
            18.89598,
            0
          ],
          [
            -99.1686,
            18.89551,
            0
          ],
          [
            -99.16814,
            18.89506,
            0
          ],
          [
            -99.1681,
            18.89502,
            0
          ],
          [
            -99.16806,
            18.89507,
            0
          ],
          [
            -99.16772,
            18.8957,
            0
          ],
          [
            -99.16771,
            18.89572,
            0
          ],
          [
            -99.16765,
            18.89578,
            0
          ],
          [
            -99.16749,
            18.89594,
            0
          ],
          [
            -99.16758,
            18.89603,
            0
          ],
          [
            -99.16776,
            18.89623,
            0
          ],
          [
            -99.16817,
            18.89667,
            0
          ],
          [
            -99.16859,
            18.89708,
            0
          ],
          [
            -99.16867,
            18.89717,
            0
          ],
          [
            -99.16883,
            18.89732,
            0
          ],
          [
            -99.16896,
            18.89745,
            0
          ],
          [
            -99.16899,
            18.89748,
            0
          ],
          [
            -99.16901,
            18.89751,
            0
          ],
          [
            -99.16911,
            18.89762,
            0
          ],
          [
            -99.16928,
            18.89781,
            0
          ],
          [
            -99.16982,
            18.8983,
            0
          ],
          [
            -99.17032,
            18.8988,
            0
          ],
          [
            -99.17074,
            18.89923,
            0
          ],
          [
            -99.17079,
            18.89927,
            0
          ],
          [
            -99.17102,
            18.8995,
            0
          ],
          [
            -99.17108,
            18.89955,
            0
          ],
          [
            -99.17112,
            18.89958,
            0
          ],
          [
            -99.17116,
            18.8996,
            0
          ],
          [
            -99.17122,
            18.89964,
            0
          ],
          [
            -99.17135,
            18.89978,
            0
          ],
          [
            -99.17162,
            18.90004,
            0
          ],
          [
            -99.17206,
            18.90045,
            0
          ],
          [
            -99.17243,
            18.90084,
            0
          ],
          [
            -99.17252,
            18.90092,
            0
          ],
          [
            -99.17256,
            18.90096,
            0
          ],
          [
            -99.17352,
            18.90193,
            0
          ],
          [
            -99.17367,
            18.90208,
            0
          ],
          [
            -99.17398,
            18.90238,
            0
          ],
          [
            -99.17416,
            18.90258,
            0
          ],
          [
            -99.17427,
            18.90269,
            0
          ],
          [
            -99.1745,
            18.9029,
            0
          ],
          [
            -99.17519,
            18.90358,
            0
          ],
          [
            -99.17526,
            18.90364,
            0
          ],
          [
            -99.1753,
            18.90368,
            0
          ],
          [
            -99.17631,
            18.90468,
            0
          ],
          [
            -99.17636,
            18.90473,
            0
          ],
          [
            -99.17654,
            18.90491,
            0
          ],
          [
            -99.17661,
            18.90498,
            0
          ],
          [
            -99.17663,
            18.905,
            0
          ],
          [
            -99.17684,
            18.90521,
            0
          ],
          [
            -99.17689,
            18.90527,
            0
          ],
          [
            -99.17752,
            18.90591,
            0
          ],
          [
            -99.1776,
            18.90598,
            0
          ],
          [
            -99.17796,
            18.90634,
            0
          ],
          [
            -99.17799,
            18.90637,
            0
          ],
          [
            -99.17856,
            18.90693,
            0
          ],
          [
            -99.17906,
            18.90743,
            0
          ],
          [
            -99.17922,
            18.90758,
            0
          ],
          [
            -99.1793,
            18.90766,
            0
          ],
          [
            -99.1794,
            18.90777,
            0
          ],
          [
            -99.17946,
            18.90784,
            0
          ],
          [
            -99.17978,
            18.90816,
            0
          ],
          [
            -99.17988,
            18.90829,
            0
          ],
          [
            -99.17997,
            18.90841,
            0
          ],
          [
            -99.18009,
            18.9086,
            0
          ],
          [
            -99.18016,
            18.90873,
            0
          ],
          [
            -99.18017,
            18.90875,
            0
          ],
          [
            -99.1803,
            18.90905,
            0
          ],
          [
            -99.18034,
            18.90915,
            0
          ],
          [
            -99.18036,
            18.90921,
            0
          ],
          [
            -99.18056,
            18.90974,
            0
          ],
          [
            -99.18061,
            18.90986,
            0
          ],
          [
            -99.18062,
            18.90989,
            0
          ],
          [
            -99.18081,
            18.91039,
            0
          ],
          [
            -99.1809,
            18.91063,
            0
          ],
          [
            -99.18092,
            18.91069,
            0
          ],
          [
            -99.18097,
            18.9108,
            0
          ],
          [
            -99.18098,
            18.91083,
            0
          ],
          [
            -99.18111,
            18.91111,
            0
          ],
          [
            -99.18115,
            18.91118,
            0
          ],
          [
            -99.18129,
            18.91141,
            0
          ],
          [
            -99.18135,
            18.91151,
            0
          ],
          [
            -99.18158,
            18.9118,
            0
          ],
          [
            -99.18164,
            18.91187,
            0
          ],
          [
            -99.18198,
            18.91224,
            0
          ],
          [
            -99.18244,
            18.91273,
            0
          ],
          [
            -99.18273,
            18.91304,
            0
          ],
          [
            -99.1831,
            18.91342,
            0
          ],
          [
            -99.18344,
            18.91379,
            0
          ],
          [
            -99.1839,
            18.91429,
            0
          ],
          [
            -99.18423,
            18.91463,
            0
          ],
          [
            -99.18437,
            18.91476,
            0
          ],
          [
            -99.18452,
            18.91492,
            0
          ],
          [
            -99.18472,
            18.91512,
            0
          ],
          [
            -99.18496,
            18.91533,
            0
          ],
          [
            -99.18512,
            18.91547,
            0
          ],
          [
            -99.18571,
            18.916,
            0
          ],
          [
            -99.18593,
            18.91621,
            0
          ],
          [
            -99.18617,
            18.91643,
            0
          ],
          [
            -99.18637,
            18.91662,
            0
          ],
          [
            -99.18649,
            18.91672,
            0
          ],
          [
            -99.18657,
            18.91679,
            0
          ],
          [
            -99.18657,
            18.9168,
            0
          ],
          [
            -99.18675,
            18.91696,
            0
          ],
          [
            -99.18704,
            18.91721,
            0
          ],
          [
            -99.1873,
            18.91746,
            0
          ],
          [
            -99.18757,
            18.9177,
            0
          ],
          [
            -99.18805,
            18.91811,
            0
          ],
          [
            -99.18821,
            18.91823,
            0
          ],
          [
            -99.18831,
            18.9183,
            0
          ],
          [
            -99.18838,
            18.91834,
            0
          ],
          [
            -99.18854,
            18.91841,
            0
          ],
          [
            -99.1886,
            18.91844,
            0
          ],
          [
            -99.18872,
            18.91849,
            0
          ],
          [
            -99.18896,
            18.91858,
            0
          ],
          [
            -99.18946,
            18.91874,
            0
          ],
          [
            -99.19093,
            18.91918,
            0
          ],
          [
            -99.19185,
            18.91946,
            0
          ],
          [
            -99.19257,
            18.91968,
            0
          ],
          [
            -99.19346,
            18.91995,
            0
          ],
          [
            -99.19363,
            18.92,
            0
          ],
          [
            -99.19386,
            18.92004,
            0
          ],
          [
            -99.19397,
            18.92005,
            0
          ],
          [
            -99.19408,
            18.92005,
            0
          ],
          [
            -99.19422,
            18.92005,
            0
          ],
          [
            -99.19437,
            18.92002,
            0
          ],
          [
            -99.19451,
            18.91999,
            0
          ],
          [
            -99.19459,
            18.91997,
            0
          ],
          [
            -99.19477,
            18.91991,
            0
          ],
          [
            -99.1951,
            18.9198,
            0
          ],
          [
            -99.19519,
            18.91983,
            0
          ],
          [
            -99.19523,
            18.91983,
            0
          ],
          [
            -99.19528,
            18.91983,
            0
          ],
          [
            -99.19534,
            18.91982,
            0
          ],
          [
            -99.19569,
            18.9198,
            0
          ],
          [
            -99.1958,
            18.9198,
            0
          ],
          [
            -99.19594,
            18.9198,
            0
          ],
          [
            -99.19608,
            18.91982,
            0
          ],
          [
            -99.19609,
            18.91982,
            0
          ],
          [
            -99.19623,
            18.91984,
            0
          ],
          [
            -99.19712,
            18.92001,
            0
          ],
          [
            -99.19725,
            18.92004,
            0
          ],
          [
            -99.19734,
            18.92012,
            0
          ],
          [
            -99.19739,
            18.92015,
            0
          ],
          [
            -99.19764,
            18.92024,
            0
          ],
          [
            -99.19777,
            18.9203,
            0
          ],
          [
            -99.19786,
            18.92032,
            0
          ],
          [
            -99.19829,
            18.92047,
            0
          ],
          [
            -99.19855,
            18.92055,
            0
          ],
          [
            -99.19891,
            18.92072,
            0
          ],
          [
            -99.19903,
            18.92078,
            0
          ],
          [
            -99.19909,
            18.92081,
            0
          ],
          [
            -99.19914,
            18.92086,
            0
          ],
          [
            -99.19918,
            18.9209,
            0
          ],
          [
            -99.19922,
            18.92094,
            0
          ],
          [
            -99.19927,
            18.92103,
            0
          ],
          [
            -99.19931,
            18.92112,
            0
          ],
          [
            -99.19937,
            18.92118,
            0
          ],
          [
            -99.19945,
            18.92122,
            0
          ],
          [
            -99.19963,
            18.92116,
            0
          ],
          [
            -99.19977,
            18.92112,
            0
          ],
          [
            -99.19984,
            18.92111,
            0
          ],
          [
            -99.20002,
            18.92109,
            0
          ],
          [
            -99.20013,
            18.92107,
            0
          ],
          [
            -99.20024,
            18.92105,
            0
          ],
          [
            -99.20045,
            18.92108,
            0
          ],
          [
            -99.20058,
            18.9211,
            0
          ],
          [
            -99.20064,
            18.92113,
            0
          ],
          [
            -99.20069,
            18.92114,
            0
          ],
          [
            -99.2008,
            18.92114,
            0
          ],
          [
            -99.20084,
            18.92115,
            0
          ],
          [
            -99.20086,
            18.92115,
            0
          ],
          [
            -99.2009,
            18.92116,
            0
          ],
          [
            -99.20104,
            18.9212,
            0
          ],
          [
            -99.20118,
            18.92123,
            0
          ],
          [
            -99.20131,
            18.92125,
            0
          ],
          [
            -99.20142,
            18.92125,
            0
          ],
          [
            -99.20155,
            18.92124,
            0
          ],
          [
            -99.20182,
            18.92116,
            0
          ],
          [
            -99.202,
            18.92111,
            0
          ],
          [
            -99.20206,
            18.9211,
            0
          ],
          [
            -99.20219,
            18.92107,
            0
          ],
          [
            -99.2023,
            18.92106,
            0
          ],
          [
            -99.20242,
            18.92106,
            0
          ],
          [
            -99.2026,
            18.92106,
            0
          ],
          [
            -99.20277,
            18.92106,
            0
          ],
          [
            -99.2028,
            18.92106,
            0
          ],
          [
            -99.20284,
            18.92105,
            0
          ],
          [
            -99.20293,
            18.92103,
            0
          ],
          [
            -99.20317,
            18.92109,
            0
          ],
          [
            -99.20336,
            18.92113,
            0
          ],
          [
            -99.20369,
            18.92122,
            0
          ],
          [
            -99.20387,
            18.92126,
            0
          ],
          [
            -99.20411,
            18.92134,
            0
          ],
          [
            -99.2044,
            18.92148,
            0
          ],
          [
            -99.20445,
            18.92152,
            0
          ],
          [
            -99.2047,
            18.92162,
            0
          ],
          [
            -99.20476,
            18.92165,
            0
          ],
          [
            -99.20483,
            18.92167,
            0
          ],
          [
            -99.20491,
            18.92169,
            0
          ],
          [
            -99.205,
            18.92171,
            0
          ],
          [
            -99.2051,
            18.92171,
            0
          ],
          [
            -99.20522,
            18.9217,
            0
          ],
          [
            -99.20529,
            18.92169,
            0
          ],
          [
            -99.20569,
            18.92168,
            0
          ],
          [
            -99.20612,
            18.92166,
            0
          ],
          [
            -99.20625,
            18.92166,
            0
          ],
          [
            -99.20636,
            18.92167,
            0
          ],
          [
            -99.20655,
            18.92169,
            0
          ],
          [
            -99.2069,
            18.92174,
            0
          ],
          [
            -99.20705,
            18.92176,
            0
          ],
          [
            -99.20714,
            18.92178,
            0
          ],
          [
            -99.20724,
            18.92181,
            0
          ],
          [
            -99.20739,
            18.92186,
            0
          ],
          [
            -99.20762,
            18.92196,
            0
          ],
          [
            -99.20774,
            18.92203,
            0
          ],
          [
            -99.20785,
            18.9221,
            0
          ],
          [
            -99.20798,
            18.92221,
            0
          ],
          [
            -99.20814,
            18.92234,
            0
          ],
          [
            -99.20836,
            18.92252,
            0
          ],
          [
            -99.20861,
            18.92273,
            0
          ],
          [
            -99.20873,
            18.92282,
            0
          ],
          [
            -99.20887,
            18.9229,
            0
          ],
          [
            -99.20899,
            18.92296,
            0
          ],
          [
            -99.20912,
            18.92302,
            0
          ],
          [
            -99.20925,
            18.92307,
            0
          ],
          [
            -99.20938,
            18.92312,
            0
          ],
          [
            -99.20972,
            18.92321,
            0
          ],
          [
            -99.20978,
            18.92323,
            0
          ],
          [
            -99.21013,
            18.92331,
            0
          ],
          [
            -99.21041,
            18.92334,
            0
          ],
          [
            -99.2108,
            18.92343,
            0
          ],
          [
            -99.21131,
            18.92357,
            0
          ],
          [
            -99.21157,
            18.92363,
            0
          ],
          [
            -99.2118,
            18.92368,
            0
          ],
          [
            -99.21211,
            18.92378,
            0
          ],
          [
            -99.21271,
            18.92392,
            0
          ],
          [
            -99.21318,
            18.92403,
            0
          ],
          [
            -99.21365,
            18.9241,
            0
          ],
          [
            -99.21399,
            18.92412,
            0
          ],
          [
            -99.2146,
            18.92413,
            0
          ],
          [
            -99.21462,
            18.92413,
            0
          ],
          [
            -99.21481,
            18.92413,
            0
          ],
          [
            -99.21499,
            18.92413,
            0
          ],
          [
            -99.2152,
            18.92413,
            0
          ],
          [
            -99.21592,
            18.92413,
            0
          ],
          [
            -99.21646,
            18.92413,
            0
          ],
          [
            -99.21656,
            18.92413,
            0
          ],
          [
            -99.21694,
            18.92414,
            0
          ],
          [
            -99.2176,
            18.92412,
            0
          ],
          [
            -99.21798,
            18.92411,
            0
          ],
          [
            -99.21861,
            18.9241,
            0
          ],
          [
            -99.21877,
            18.9241,
            0
          ],
          [
            -99.2201,
            18.92407,
            0
          ],
          [
            -99.22033,
            18.92408,
            0
          ],
          [
            -99.22076,
            18.92409,
            0
          ],
          [
            -99.22106,
            18.92413,
            0
          ],
          [
            -99.22153,
            18.92425,
            0
          ],
          [
            -99.22163,
            18.92428,
            0
          ],
          [
            -99.22251,
            18.92448,
            0
          ],
          [
            -99.22325,
            18.92465,
            0
          ],
          [
            -99.22336,
            18.92467,
            0
          ],
          [
            -99.22339,
            18.92468,
            0
          ],
          [
            -99.22416,
            18.92485,
            0
          ],
          [
            -99.22492,
            18.92502,
            0
          ],
          [
            -99.22544,
            18.92514,
            0
          ],
          [
            -99.22584,
            18.92523,
            0
          ],
          [
            -99.22611,
            18.92529,
            0
          ],
          [
            -99.22732,
            18.92557,
            0
          ],
          [
            -99.22769,
            18.92566,
            0
          ],
          [
            -99.22774,
            18.92567,
            0
          ],
          [
            -99.22793,
            18.92572,
            0
          ],
          [
            -99.2281,
            18.92578,
            0
          ],
          [
            -99.22824,
            18.92584,
            0
          ],
          [
            -99.22842,
            18.92594,
            0
          ],
          [
            -99.22864,
            18.92608,
            0
          ],
          [
            -99.22874,
            18.92616,
            0
          ],
          [
            -99.22878,
            18.92619,
            0
          ],
          [
            -99.22888,
            18.92628,
            0
          ],
          [
            -99.22908,
            18.92649,
            0
          ],
          [
            -99.22925,
            18.92669,
            0
          ],
          [
            -99.22934,
            18.92681,
            0
          ],
          [
            -99.22943,
            18.92698,
            0
          ],
          [
            -99.22951,
            18.92712,
            0
          ],
          [
            -99.22963,
            18.92741,
            0
          ],
          [
            -99.22981,
            18.92784,
            0
          ],
          [
            -99.22983,
            18.92792,
            0
          ],
          [
            -99.23006,
            18.92848,
            0
          ],
          [
            -99.23025,
            18.92895,
            0
          ],
          [
            -99.23043,
            18.92935,
            0
          ],
          [
            -99.23047,
            18.92947,
            0
          ],
          [
            -99.23055,
            18.9297,
            0
          ],
          [
            -99.23058,
            18.92977,
            0
          ],
          [
            -99.23063,
            18.93004,
            0
          ],
          [
            -99.23069,
            18.93031,
            0
          ],
          [
            -99.23069,
            18.93038,
            0
          ],
          [
            -99.23071,
            18.93047,
            0
          ],
          [
            -99.23072,
            18.93059,
            0
          ],
          [
            -99.23073,
            18.9307,
            0
          ],
          [
            -99.23073,
            18.93072,
            0
          ],
          [
            -99.23074,
            18.93082,
            0
          ],
          [
            -99.23076,
            18.93108,
            0
          ],
          [
            -99.23077,
            18.93117,
            0
          ],
          [
            -99.23081,
            18.93151,
            0
          ],
          [
            -99.23085,
            18.93192,
            0
          ],
          [
            -99.23085,
            18.93204,
            0
          ],
          [
            -99.23086,
            18.93211,
            0
          ],
          [
            -99.23085,
            18.93214,
            0
          ],
          [
            -99.23085,
            18.93217,
            0
          ],
          [
            -99.23084,
            18.93221,
            0
          ],
          [
            -99.23084,
            18.93222,
            0
          ],
          [
            -99.23083,
            18.93225,
            0
          ],
          [
            -99.23075,
            18.93252,
            0
          ],
          [
            -99.23073,
            18.93258,
            0
          ],
          [
            -99.23068,
            18.93272,
            0
          ],
          [
            -99.23058,
            18.93299,
            0
          ],
          [
            -99.23054,
            18.93311,
            0
          ],
          [
            -99.23048,
            18.93331,
            0
          ],
          [
            -99.23039,
            18.93363,
            0
          ],
          [
            -99.2302,
            18.93417,
            0
          ],
          [
            -99.23015,
            18.93431,
            0
          ],
          [
            -99.23001,
            18.93471,
            0
          ],
          [
            -99.22988,
            18.93513,
            0
          ],
          [
            -99.22984,
            18.93523,
            0
          ],
          [
            -99.22984,
            18.93524,
            0
          ],
          [
            -99.22978,
            18.93544,
            0
          ],
          [
            -99.22969,
            18.93579,
            0
          ],
          [
            -99.22968,
            18.93583,
            0
          ],
          [
            -99.22964,
            18.93594,
            0
          ],
          [
            -99.22956,
            18.93619,
            0
          ],
          [
            -99.22949,
            18.93643,
            0
          ],
          [
            -99.22948,
            18.93645,
            0
          ],
          [
            -99.22947,
            18.93648,
            0
          ],
          [
            -99.22939,
            18.93654,
            0
          ],
          [
            -99.22946,
            18.93663,
            0
          ],
          [
            -99.22956,
            18.93678,
            0
          ],
          [
            -99.22963,
            18.93688,
            0
          ],
          [
            -99.22981,
            18.93713,
            0
          ],
          [
            -99.23001,
            18.93741,
            0
          ],
          [
            -99.23004,
            18.93747,
            0
          ],
          [
            -99.2301,
            18.93755,
            0
          ],
          [
            -99.23032,
            18.93791,
            0
          ],
          [
            -99.23043,
            18.93805,
            0
          ],
          [
            -99.23049,
            18.93815,
            0
          ],
          [
            -99.2309,
            18.93875,
            0
          ],
          [
            -99.231,
            18.93887,
            0
          ],
          [
            -99.23123,
            18.93916,
            0
          ],
          [
            -99.2314,
            18.93935,
            0
          ],
          [
            -99.23143,
            18.93938,
            0
          ],
          [
            -99.23154,
            18.93951,
            0
          ],
          [
            -99.23159,
            18.93957,
            0
          ],
          [
            -99.23165,
            18.93964,
            0
          ],
          [
            -99.23175,
            18.93977,
            0
          ],
          [
            -99.23203,
            18.94017,
            0
          ],
          [
            -99.23209,
            18.94027,
            0
          ],
          [
            -99.23215,
            18.94037,
            0
          ],
          [
            -99.2322,
            18.94052,
            0
          ],
          [
            -99.23233,
            18.94093,
            0
          ],
          [
            -99.23235,
            18.94105,
            0
          ],
          [
            -99.2324,
            18.94126,
            0
          ],
          [
            -99.23259,
            18.94189,
            0
          ],
          [
            -99.23262,
            18.94198,
            0
          ],
          [
            -99.23268,
            18.94218,
            0
          ],
          [
            -99.23271,
            18.9423,
            0
          ],
          [
            -99.23288,
            18.94284,
            0
          ],
          [
            -99.23301,
            18.94326,
            0
          ],
          [
            -99.23309,
            18.94358,
            0
          ],
          [
            -99.23312,
            18.94368,
            0
          ],
          [
            -99.23318,
            18.9439,
            0
          ],
          [
            -99.2333,
            18.94431,
            0
          ],
          [
            -99.23344,
            18.94479,
            0
          ],
          [
            -99.2336,
            18.94534,
            0
          ],
          [
            -99.23376,
            18.94587,
            0
          ],
          [
            -99.23387,
            18.94625,
            0
          ],
          [
            -99.23391,
            18.9464,
            0
          ],
          [
            -99.23396,
            18.9466,
            0
          ],
          [
            -99.23413,
            18.9472,
            0
          ],
          [
            -99.23414,
            18.94722,
            0
          ],
          [
            -99.23425,
            18.9476,
            0
          ],
          [
            -99.23456,
            18.94862,
            0
          ],
          [
            -99.23472,
            18.94911,
            0
          ],
          [
            -99.2348,
            18.94933,
            0
          ],
          [
            -99.23513,
            18.95024,
            0
          ],
          [
            -99.23542,
            18.95114,
            0
          ],
          [
            -99.2355,
            18.95142,
            0
          ],
          [
            -99.23555,
            18.95158,
            0
          ],
          [
            -99.23566,
            18.95195,
            0
          ],
          [
            -99.23585,
            18.95259,
            0
          ],
          [
            -99.23595,
            18.95295,
            0
          ],
          [
            -99.23598,
            18.95304,
            0
          ],
          [
            -99.23605,
            18.95325,
            0
          ],
          [
            -99.23635,
            18.95435,
            0
          ],
          [
            -99.23659,
            18.95518,
            0
          ],
          [
            -99.23676,
            18.95569,
            0
          ],
          [
            -99.23685,
            18.95598,
            0
          ],
          [
            -99.23689,
            18.95613,
            0
          ],
          [
            -99.23692,
            18.95622,
            0
          ],
          [
            -99.23715,
            18.95704,
            0
          ],
          [
            -99.23716,
            18.9571,
            0
          ],
          [
            -99.23719,
            18.95722,
            0
          ],
          [
            -99.23721,
            18.95728,
            0
          ],
          [
            -99.23732,
            18.95773,
            0
          ],
          [
            -99.23752,
            18.95851,
            0
          ],
          [
            -99.23821,
            18.96082,
            0
          ],
          [
            -99.23825,
            18.96095,
            0
          ],
          [
            -99.23846,
            18.96156,
            0
          ],
          [
            -99.23852,
            18.96173,
            0
          ],
          [
            -99.23872,
            18.9625,
            0
          ],
          [
            -99.23887,
            18.96298,
            0
          ],
          [
            -99.23902,
            18.96344,
            0
          ],
          [
            -99.23906,
            18.96359,
            0
          ],
          [
            -99.2391,
            18.96375,
            0
          ],
          [
            -99.23913,
            18.96385,
            0
          ],
          [
            -99.23916,
            18.96397,
            0
          ],
          [
            -99.23923,
            18.9642,
            0
          ],
          [
            -99.2395,
            18.96518,
            0
          ],
          [
            -99.23952,
            18.96525,
            0
          ],
          [
            -99.23965,
            18.96569,
            0
          ],
          [
            -99.23974,
            18.96601,
            0
          ],
          [
            -99.23981,
            18.96624,
            0
          ],
          [
            -99.23992,
            18.9666,
            0
          ],
          [
            -99.24013,
            18.96716,
            0
          ],
          [
            -99.24015,
            18.96724,
            0
          ],
          [
            -99.2402,
            18.96743,
            0
          ],
          [
            -99.24028,
            18.96784,
            0
          ],
          [
            -99.24015,
            18.96786,
            0
          ],
          [
            -99.24012,
            18.96786,
            0
          ],
          [
            -99.2401,
            18.96787,
            0
          ],
          [
            -99.24008,
            18.96788,
            0
          ],
          [
            -99.24007,
            18.9679,
            0
          ],
          [
            -99.24005,
            18.96791,
            0
          ],
          [
            -99.24003,
            18.96792,
            0
          ],
          [
            -99.24002,
            18.96794,
            0
          ],
          [
            -99.24001,
            18.96796,
            0
          ],
          [
            -99.24,
            18.96798,
            0
          ],
          [
            -99.23999,
            18.96799,
            0
          ],
          [
            -99.23999,
            18.96801,
            0
          ],
          [
            -99.23998,
            18.96802,
            0
          ],
          [
            -99.23998,
            18.96804,
            0
          ],
          [
            -99.23998,
            18.96806,
            0
          ],
          [
            -99.23998,
            18.96808,
            0
          ],
          [
            -99.23998,
            18.96809,
            0
          ],
          [
            -99.23999,
            18.96812,
            0
          ],
          [
            -99.24,
            18.96814,
            0
          ],
          [
            -99.24002,
            18.96815,
            0
          ],
          [
            -99.24004,
            18.96817,
            0
          ],
          [
            -99.24005,
            18.96819,
            0
          ],
          [
            -99.24007,
            18.9682,
            0
          ],
          [
            -99.2401,
            18.96821,
            0
          ],
          [
            -99.24012,
            18.96822,
            0
          ],
          [
            -99.24015,
            18.96823,
            0
          ],
          [
            -99.24018,
            18.96824,
            0
          ],
          [
            -99.24022,
            18.96824,
            0
          ],
          [
            -99.24025,
            18.96823,
            0
          ],
          [
            -99.24028,
            18.96823,
            0
          ],
          [
            -99.2403,
            18.96822,
            0
          ],
          [
            -99.24031,
            18.96822,
            0
          ],
          [
            -99.24034,
            18.9682,
            0
          ],
          [
            -99.24037,
            18.96819,
            0
          ],
          [
            -99.2404,
            18.96817,
            0
          ],
          [
            -99.24042,
            18.96815,
            0
          ],
          [
            -99.24045,
            18.96811,
            0
          ],
          [
            -99.24086,
            18.96797,
            0
          ],
          [
            -99.24088,
            18.96796,
            0
          ],
          [
            -99.24096,
            18.96792,
            0
          ],
          [
            -99.24113,
            18.96785,
            0
          ],
          [
            -99.24131,
            18.96777,
            0
          ],
          [
            -99.24146,
            18.9677,
            0
          ],
          [
            -99.24175,
            18.96758,
            0
          ],
          [
            -99.24188,
            18.96752,
            0
          ],
          [
            -99.24205,
            18.96744,
            0
          ],
          [
            -99.24222,
            18.96737,
            0
          ],
          [
            -99.24385,
            18.96664,
            0
          ],
          [
            -99.24477,
            18.96624,
            0
          ],
          [
            -99.24486,
            18.9662,
            0
          ],
          [
            -99.24501,
            18.96613,
            0
          ],
          [
            -99.24503,
            18.96612,
            0
          ],
          [
            -99.24545,
            18.96596,
            0
          ],
          [
            -99.24632,
            18.96559,
            0
          ],
          [
            -99.2466,
            18.96545,
            0
          ],
          [
            -99.24671,
            18.96541,
            0
          ],
          [
            -99.24673,
            18.96541,
            0
          ],
          [
            -99.24674,
            18.96542,
            0
          ],
          [
            -99.24675,
            18.96542,
            0
          ],
          [
            -99.24676,
            18.96542,
            0
          ],
          [
            -99.24678,
            18.96543,
            0
          ],
          [
            -99.24679,
            18.96543,
            0
          ],
          [
            -99.2468,
            18.96543,
            0
          ],
          [
            -99.24681,
            18.96543,
            0
          ],
          [
            -99.24688,
            18.96564,
            0
          ],
          [
            -99.24655,
            18.96621,
            0
          ],
          [
            -99.24634,
            18.96642,
            0
          ],
          [
            -99.24628,
            18.96647,
            0
          ],
          [
            -99.24624,
            18.96651,
            0
          ],
          [
            -99.24614,
            18.96658,
            0
          ],
          [
            -99.24612,
            18.9666,
            0
          ],
          [
            -99.24603,
            18.96666,
            0
          ],
          [
            -99.24598,
            18.96668,
            0
          ],
          [
            -99.24593,
            18.96671,
            0
          ],
          [
            -99.24585,
            18.96674,
            0
          ],
          [
            -99.24579,
            18.96676,
            0
          ],
          [
            -99.24573,
            18.96676,
            0
          ],
          [
            -99.24565,
            18.96676,
            0
          ],
          [
            -99.24551,
            18.96675,
            0
          ],
          [
            -99.24541,
            18.96671,
            0
          ],
          [
            -99.24494,
            18.96653,
            0
          ],
          [
            -99.24474,
            18.96653,
            0
          ],
          [
            -99.24454,
            18.96657,
            0
          ],
          [
            -99.24443,
            18.96661,
            0
          ],
          [
            -99.24418,
            18.96671,
            0
          ],
          [
            -99.24393,
            18.96684,
            0
          ],
          [
            -99.24386,
            18.9669,
            0
          ],
          [
            -99.24381,
            18.96696,
            0
          ],
          [
            -99.24368,
            18.9672,
            0
          ],
          [
            -99.24376,
            18.96736,
            0
          ],
          [
            -99.24379,
            18.9674,
            0
          ],
          [
            -99.2439,
            18.96764,
            0
          ],
          [
            -99.24413,
            18.96811,
            0
          ],
          [
            -99.24435,
            18.96859,
            0
          ],
          [
            -99.24442,
            18.96873,
            0
          ],
          [
            -99.24455,
            18.96891,
            0
          ],
          [
            -99.24459,
            18.96896,
            0
          ],
          [
            -99.24469,
            18.96904,
            0
          ],
          [
            -99.24483,
            18.96911,
            0
          ],
          [
            -99.24491,
            18.96918,
            0
          ],
          [
            -99.24507,
            18.96928,
            0
          ],
          [
            -99.2452,
            18.96939,
            0
          ],
          [
            -99.24522,
            18.96941,
            0
          ],
          [
            -99.24528,
            18.96953,
            0
          ],
          [
            -99.24529,
            18.9696,
            0
          ],
          [
            -99.2453,
            18.96965,
            0
          ],
          [
            -99.2453,
            18.96971,
            0
          ],
          [
            -99.24526,
            18.96995,
            0
          ],
          [
            -99.24516,
            18.97055,
            0
          ],
          [
            -99.24516,
            18.97057,
            0
          ],
          [
            -99.24509,
            18.97104,
            0
          ],
          [
            -99.24509,
            18.97107,
            0
          ],
          [
            -99.24511,
            18.97118,
            0
          ],
          [
            -99.24514,
            18.97126,
            0
          ],
          [
            -99.24516,
            18.97129,
            0
          ],
          [
            -99.24523,
            18.97139,
            0
          ],
          [
            -99.24534,
            18.97148,
            0
          ],
          [
            -99.24556,
            18.9716,
            0
          ],
          [
            -99.24585,
            18.97176,
            0
          ],
          [
            -99.24611,
            18.97189,
            0
          ],
          [
            -99.24619,
            18.97193,
            0
          ],
          [
            -99.24625,
            18.97197,
            0
          ],
          [
            -99.24633,
            18.97207,
            0
          ],
          [
            -99.24639,
            18.9722,
            0
          ],
          [
            -99.24641,
            18.97233,
            0
          ],
          [
            -99.24633,
            18.97294,
            0
          ],
          [
            -99.24627,
            18.97352,
            0
          ],
          [
            -99.24619,
            18.97414,
            0
          ],
          [
            -99.24609,
            18.97477,
            0
          ],
          [
            -99.24605,
            18.97497,
            0
          ],
          [
            -99.24604,
            18.97503,
            0
          ],
          [
            -99.24602,
            18.97519,
            0
          ],
          [
            -99.24588,
            18.97577,
            0
          ],
          [
            -99.24585,
            18.97588,
            0
          ],
          [
            -99.24583,
            18.97596,
            0
          ],
          [
            -99.2458,
            18.97605,
            0
          ],
          [
            -99.24552,
            18.97712,
            0
          ],
          [
            -99.24551,
            18.97718,
            0
          ],
          [
            -99.24546,
            18.97741,
            0
          ],
          [
            -99.24538,
            18.97789,
            0
          ],
          [
            -99.24535,
            18.97811,
            0
          ],
          [
            -99.24533,
            18.97821,
            0
          ],
          [
            -99.24531,
            18.97836,
            0
          ],
          [
            -99.24517,
            18.9796,
            0
          ],
          [
            -99.2451,
            18.98007,
            0
          ],
          [
            -99.24506,
            18.98048,
            0
          ],
          [
            -99.245,
            18.98088,
            0
          ],
          [
            -99.24495,
            18.98105,
            0
          ],
          [
            -99.24491,
            18.98115,
            0
          ],
          [
            -99.24486,
            18.98124,
            0
          ],
          [
            -99.2448,
            18.98135,
            0
          ],
          [
            -99.2446,
            18.98153,
            0
          ],
          [
            -99.24457,
            18.98156,
            0
          ],
          [
            -99.24455,
            18.98157,
            0
          ],
          [
            -99.24448,
            18.98161,
            0
          ],
          [
            -99.24435,
            18.98166,
            0
          ],
          [
            -99.24428,
            18.98169,
            0
          ],
          [
            -99.24411,
            18.98172,
            0
          ],
          [
            -99.2438,
            18.98176,
            0
          ],
          [
            -99.24367,
            18.98178,
            0
          ],
          [
            -99.2432,
            18.98187,
            0
          ],
          [
            -99.24311,
            18.98188,
            0
          ],
          [
            -99.24292,
            18.98191,
            0
          ],
          [
            -99.24288,
            18.98192,
            0
          ],
          [
            -99.24239,
            18.98199,
            0
          ],
          [
            -99.2421,
            18.98204,
            0
          ],
          [
            -99.24197,
            18.98206,
            0
          ],
          [
            -99.24189,
            18.98207,
            0
          ],
          [
            -99.2416,
            18.98208,
            0
          ],
          [
            -99.24126,
            18.98208,
            0
          ],
          [
            -99.24114,
            18.98208,
            0
          ],
          [
            -99.24097,
            18.98207,
            0
          ],
          [
            -99.24088,
            18.98204,
            0
          ],
          [
            -99.24077,
            18.98203,
            0
          ],
          [
            -99.24067,
            18.98202,
            0
          ],
          [
            -99.24067,
            18.982,
            0
          ],
          [
            -99.24068,
            18.98199,
            0
          ],
          [
            -99.24068,
            18.98197,
            0
          ],
          [
            -99.24068,
            18.98196,
            0
          ],
          [
            -99.24067,
            18.98195,
            0
          ],
          [
            -99.24067,
            18.98193,
            0
          ],
          [
            -99.24066,
            18.98192,
            0
          ],
          [
            -99.24066,
            18.98191,
            0
          ],
          [
            -99.24065,
            18.9819,
            0
          ],
          [
            -99.24064,
            18.98189,
            0
          ],
          [
            -99.24063,
            18.98188,
            0
          ],
          [
            -99.24061,
            18.98187,
            0
          ],
          [
            -99.2406,
            18.98186,
            0
          ],
          [
            -99.24059,
            18.98186,
            0
          ],
          [
            -99.24057,
            18.98185,
            0
          ],
          [
            -99.24056,
            18.98185,
            0
          ],
          [
            -99.24054,
            18.98185,
            0
          ],
          [
            -99.24053,
            18.98185,
            0
          ],
          [
            -99.24051,
            18.98185,
            0
          ],
          [
            -99.2405,
            18.98186,
            0
          ],
          [
            -99.24048,
            18.98186,
            0
          ],
          [
            -99.24047,
            18.98187,
            0
          ],
          [
            -99.24046,
            18.98188,
            0
          ],
          [
            -99.24045,
            18.98189,
            0
          ],
          [
            -99.24044,
            18.9819,
            0
          ],
          [
            -99.24043,
            18.98191,
            0
          ],
          [
            -99.24042,
            18.98193,
            0
          ],
          [
            -99.24018,
            18.98186,
            0
          ],
          [
            -99.24004,
            18.98181,
            0
          ],
          [
            -99.23993,
            18.98177,
            0
          ],
          [
            -99.23983,
            18.98172,
            0
          ],
          [
            -99.23956,
            18.98159,
            0
          ],
          [
            -99.23946,
            18.98152,
            0
          ],
          [
            -99.23938,
            18.98148,
            0
          ],
          [
            -99.23892,
            18.98116,
            0
          ],
          [
            -99.238,
            18.98052,
            0
          ],
          [
            -99.23786,
            18.9804,
            0
          ],
          [
            -99.23779,
            18.98035,
            0
          ],
          [
            -99.23752,
            18.98017,
            0
          ],
          [
            -99.23739,
            18.98006,
            0
          ],
          [
            -99.23726,
            18.97995,
            0
          ],
          [
            -99.23697,
            18.97969,
            0
          ],
          [
            -99.23696,
            18.97968,
            0
          ],
          [
            -99.23686,
            18.97958,
            0
          ],
          [
            -99.23654,
            18.9792,
            0
          ],
          [
            -99.23646,
            18.97912,
            0
          ],
          [
            -99.23635,
            18.97895,
            0
          ],
          [
            -99.23618,
            18.97889,
            0
          ],
          [
            -99.23607,
            18.97889,
            0
          ],
          [
            -99.23605,
            18.97889,
            0
          ],
          [
            -99.23597,
            18.97889,
            0
          ],
          [
            -99.23586,
            18.97893,
            0
          ],
          [
            -99.23573,
            18.97916,
            0
          ],
          [
            -99.23526,
            18.97994,
            0
          ],
          [
            -99.23512,
            18.98017,
            0
          ],
          [
            -99.23486,
            18.98059,
            0
          ],
          [
            -99.23468,
            18.98075,
            0
          ],
          [
            -99.23466,
            18.98077,
            0
          ],
          [
            -99.23461,
            18.98079,
            0
          ],
          [
            -99.23459,
            18.9808,
            0
          ],
          [
            -99.23457,
            18.9808,
            0
          ],
          [
            -99.23451,
            18.98081,
            0
          ],
          [
            -99.23447,
            18.9808,
            0
          ],
          [
            -99.23414,
            18.98071,
            0
          ],
          [
            -99.234,
            18.98068,
            0
          ],
          [
            -99.23395,
            18.98067,
            0
          ],
          [
            -99.23392,
            18.98067,
            0
          ],
          [
            -99.23385,
            18.98067,
            0
          ],
          [
            -99.23378,
            18.98067,
            0
          ],
          [
            -99.23376,
            18.98067,
            0
          ],
          [
            -99.23373,
            18.98067,
            0
          ],
          [
            -99.23365,
            18.98069,
            0
          ],
          [
            -99.23361,
            18.9807,
            0
          ],
          [
            -99.23356,
            18.98072,
            0
          ],
          [
            -99.23352,
            18.98074,
            0
          ],
          [
            -99.23348,
            18.98077,
            0
          ],
          [
            -99.23344,
            18.9808,
            0
          ],
          [
            -99.23342,
            18.98082,
            0
          ],
          [
            -99.23338,
            18.98085,
            0
          ],
          [
            -99.23337,
            18.98087,
            0
          ],
          [
            -99.23334,
            18.9809,
            0
          ],
          [
            -99.23333,
            18.98092,
            0
          ],
          [
            -99.2333,
            18.98095,
            0
          ],
          [
            -99.23326,
            18.98105,
            0
          ],
          [
            -99.23325,
            18.98108,
            0
          ],
          [
            -99.23324,
            18.98112,
            0
          ],
          [
            -99.23322,
            18.98118,
            0
          ],
          [
            -99.23322,
            18.98125,
            0
          ],
          [
            -99.23322,
            18.98134,
            0
          ],
          [
            -99.23323,
            18.98143,
            0
          ],
          [
            -99.23324,
            18.98148,
            0
          ],
          [
            -99.23327,
            18.98158,
            0
          ],
          [
            -99.2333,
            18.98167,
            0
          ],
          [
            -99.23334,
            18.98176,
            0
          ],
          [
            -99.23342,
            18.9819,
            0
          ],
          [
            -99.23351,
            18.98201,
            0
          ],
          [
            -99.23355,
            18.98207,
            0
          ],
          [
            -99.23356,
            18.98208,
            0
          ],
          [
            -99.23364,
            18.98215,
            0
          ],
          [
            -99.23368,
            18.98219,
            0
          ],
          [
            -99.23375,
            18.98224,
            0
          ],
          [
            -99.2338,
            18.98228,
            0
          ],
          [
            -99.23386,
            18.98232,
            0
          ],
          [
            -99.23391,
            18.98235,
            0
          ],
          [
            -99.23408,
            18.98243,
            0
          ],
          [
            -99.23422,
            18.98248,
            0
          ],
          [
            -99.23456,
            18.9826,
            0
          ],
          [
            -99.23478,
            18.98265,
            0
          ],
          [
            -99.23496,
            18.9827,
            0
          ],
          [
            -99.23534,
            18.98279,
            0
          ],
          [
            -99.236,
            18.98297,
            0
          ],
          [
            -99.23619,
            18.98302,
            0
          ],
          [
            -99.2362,
            18.98302,
            0
          ],
          [
            -99.23678,
            18.98312,
            0
          ],
          [
            -99.23688,
            18.98313,
            0
          ],
          [
            -99.23699,
            18.98315,
            0
          ],
          [
            -99.23747,
            18.98324,
            0
          ],
          [
            -99.23788,
            18.98331,
            0
          ],
          [
            -99.2381,
            18.98334,
            0
          ],
          [
            -99.23827,
            18.98334,
            0
          ],
          [
            -99.23845,
            18.98334,
            0
          ],
          [
            -99.23848,
            18.98334,
            0
          ],
          [
            -99.23855,
            18.98334,
            0
          ],
          [
            -99.23867,
            18.98333,
            0
          ],
          [
            -99.23868,
            18.98332,
            0
          ],
          [
            -99.23878,
            18.98328,
            0
          ],
          [
            -99.23895,
            18.98318,
            0
          ],
          [
            -99.23926,
            18.98298,
            0
          ],
          [
            -99.23943,
            18.98288,
            0
          ],
          [
            -99.2396,
            18.98282,
            0
          ],
          [
            -99.23962,
            18.98282,
            0
          ],
          [
            -99.23975,
            18.98277,
            0
          ],
          [
            -99.23978,
            18.98276,
            0
          ],
          [
            -99.23989,
            18.98272,
            0
          ],
          [
            -99.24011,
            18.98263,
            0
          ],
          [
            -99.24019,
            18.98259,
            0
          ],
          [
            -99.24025,
            18.98256,
            0
          ],
          [
            -99.24027,
            18.98255,
            0
          ],
          [
            -99.24034,
            18.98247,
            0
          ],
          [
            -99.24049,
            18.98209,
            0
          ],
          [
            -99.24051,
            18.9821,
            0
          ],
          [
            -99.24053,
            18.9821,
            0
          ],
          [
            -99.24054,
            18.9821,
            0
          ],
          [
            -99.24056,
            18.9821,
            0
          ],
          [
            -99.24057,
            18.9821,
            0
          ],
          [
            -99.24059,
            18.98209,
            0
          ],
          [
            -99.2406,
            18.98209,
            0
          ],
          [
            -99.24061,
            18.98208,
            0
          ],
          [
            -99.24063,
            18.98207,
            0
          ],
          [
            -99.24064,
            18.98206,
            0
          ],
          [
            -99.24065,
            18.98205,
            0
          ],
          [
            -99.24066,
            18.98204,
            0
          ],
          [
            -99.24066,
            18.98203,
            0
          ],
          [
            -99.24067,
            18.98202,
            0
          ],
          [
            -99.24077,
            18.98203,
            0
          ],
          [
            -99.24088,
            18.98204,
            0
          ],
          [
            -99.24083,
            18.98191,
            0
          ],
          [
            -99.24068,
            18.98164,
            0
          ],
          [
            -99.24064,
            18.98158,
            0
          ],
          [
            -99.24044,
            18.98121,
            0
          ],
          [
            -99.24042,
            18.98118,
            0
          ],
          [
            -99.24031,
            18.98097,
            0
          ],
          [
            -99.24026,
            18.98087,
            0
          ],
          [
            -99.24016,
            18.9807,
            0
          ],
          [
            -99.24006,
            18.98052,
            0
          ],
          [
            -99.23996,
            18.98037,
            0
          ],
          [
            -99.23975,
            18.98014,
            0
          ],
          [
            -99.2397,
            18.98008,
            0
          ],
          [
            -99.23943,
            18.9798,
            0
          ],
          [
            -99.23907,
            18.97938,
            0
          ],
          [
            -99.23868,
            18.97896,
            0
          ],
          [
            -99.23801,
            18.97857,
            0
          ],
          [
            -99.23757,
            18.97831,
            0
          ],
          [
            -99.23715,
            18.97804,
            0
          ],
          [
            -99.23709,
            18.978,
            0
          ],
          [
            -99.23694,
            18.97794,
            0
          ],
          [
            -99.23649,
            18.97767,
            0
          ],
          [
            -99.23641,
            18.97765,
            0
          ],
          [
            -99.23634,
            18.97762,
            0
          ],
          [
            -99.23626,
            18.97761,
            0
          ],
          [
            -99.23615,
            18.97761,
            0
          ],
          [
            -99.23575,
            18.97761,
            0
          ],
          [
            -99.23568,
            18.97761,
            0
          ]
        ]
      },
      "properties": {
        "name": "3. JERUSALEN - LOMAS DE CHAMILPA - UNIVERSIDAD - POCHOTAL ",
        "description": {
          "@type": "html",
          "value": "descripción: <br>OID: 712<br>ZONA: CENTRO<br>RUTA: RUTA 13<br>ITINERARIO: 3. JERUSALEN - LOMAS DE CHAMILPA - UNIVERSIDAD - POCHOTAL (JIUTEPEC)<br>DESCRIPCIO: JIUTEPEC-UNIVERSIDAD<br>AUTO-AMPL: ITINERARIO<br>DEFIN-PROV: DEFINITIVOS<br>DURACION: DEFINITIVA<br>FOLIO: SGG/DGT/SDP/000537/97"
        },
        "styleUrl": "#line-795548-1200",
        "stroke-opacity": 1,
        "stroke": "#795548",
        "stroke-width": 1.2,
        "descripción": "",
        "OID": "712",
        "ZONA": "CENTRO",
        "RUTA": "RUTA 13",
        "ITINERARIO": "3. JERUSALEN - LOMAS DE CHAMILPA - UNIVERSIDAD - POCHOTAL (JIUTEPEC)",
        "DESCRIPCIO": "JIUTEPEC-UNIVERSIDAD",
        "AUTO-AMPL": "ITINERARIO",
        "DEFIN-PROV": "DEFINITIVOS",
        "DURACION": "DEFINITIVA",
        "FOLIO": "SGG/DGT/SDP/000537/97"
      }
    },
    {
      "type": "Feature",
      "geometry": {
        "type": "LineString",
        "coordinates": [
          [
            -99.1755,
            18.8853,
            0
          ],
          [
            -99.17548,
            18.88534,
            0
          ],
          [
            -99.1753,
            18.88585,
            0
          ],
          [
            -99.17519,
            18.88614,
            0
          ],
          [
            -99.17509,
            18.8864,
            0
          ],
          [
            -99.17607,
            18.88665,
            0
          ],
          [
            -99.17656,
            18.88678,
            0
          ],
          [
            -99.17673,
            18.88626,
            0
          ],
          [
            -99.17683,
            18.88598,
            0
          ],
          [
            -99.17696,
            18.88559,
            0
          ],
          [
            -99.17857,
            18.88591,
            0
          ],
          [
            -99.17946,
            18.88607,
            0
          ],
          [
            -99.17952,
            18.88618,
            0
          ],
          [
            -99.17955,
            18.8863,
            0
          ],
          [
            -99.17961,
            18.88648,
            0
          ],
          [
            -99.1797,
            18.88674,
            0
          ],
          [
            -99.17972,
            18.8869,
            0
          ],
          [
            -99.17978,
            18.8871,
            0
          ],
          [
            -99.17985,
            18.88726,
            0
          ],
          [
            -99.17993,
            18.88737,
            0
          ],
          [
            -99.18004,
            18.88752,
            0
          ],
          [
            -99.18006,
            18.88754,
            0
          ],
          [
            -99.18015,
            18.88764,
            0
          ],
          [
            -99.18035,
            18.88793,
            0
          ],
          [
            -99.18054,
            18.88822,
            0
          ],
          [
            -99.18065,
            18.88844,
            0
          ],
          [
            -99.18069,
            18.88856,
            0
          ],
          [
            -99.18072,
            18.88874,
            0
          ],
          [
            -99.18075,
            18.889,
            0
          ],
          [
            -99.18078,
            18.88922,
            0
          ],
          [
            -99.18079,
            18.88927,
            0
          ],
          [
            -99.18081,
            18.88932,
            0
          ],
          [
            -99.18082,
            18.88935,
            0
          ],
          [
            -99.18085,
            18.88943,
            0
          ],
          [
            -99.18086,
            18.88944,
            0
          ],
          [
            -99.1809,
            18.88952,
            0
          ],
          [
            -99.18096,
            18.8896,
            0
          ],
          [
            -99.181,
            18.88968,
            0
          ],
          [
            -99.18105,
            18.88975,
            0
          ],
          [
            -99.1811,
            18.88981,
            0
          ],
          [
            -99.18115,
            18.88987,
            0
          ],
          [
            -99.18123,
            18.88994,
            0
          ],
          [
            -99.18124,
            18.88995,
            0
          ],
          [
            -99.18133,
            18.89002,
            0
          ],
          [
            -99.18146,
            18.89014,
            0
          ],
          [
            -99.1816,
            18.89027,
            0
          ],
          [
            -99.1817,
            18.89036,
            0
          ],
          [
            -99.1818,
            18.89045,
            0
          ],
          [
            -99.18186,
            18.89053,
            0
          ],
          [
            -99.18192,
            18.8906,
            0
          ],
          [
            -99.18194,
            18.89063,
            0
          ],
          [
            -99.18196,
            18.89067,
            0
          ],
          [
            -99.18197,
            18.89073,
            0
          ],
          [
            -99.18198,
            18.89078,
            0
          ],
          [
            -99.18199,
            18.89087,
            0
          ],
          [
            -99.182,
            18.89093,
            0
          ],
          [
            -99.18201,
            18.89099,
            0
          ],
          [
            -99.18203,
            18.89106,
            0
          ],
          [
            -99.18206,
            18.89111,
            0
          ],
          [
            -99.1821,
            18.89117,
            0
          ],
          [
            -99.18213,
            18.89123,
            0
          ],
          [
            -99.18216,
            18.89131,
            0
          ],
          [
            -99.18218,
            18.89142,
            0
          ],
          [
            -99.1822,
            18.8915,
            0
          ],
          [
            -99.18221,
            18.89156,
            0
          ],
          [
            -99.18221,
            18.89162,
            0
          ],
          [
            -99.1822,
            18.89167,
            0
          ],
          [
            -99.18219,
            18.89173,
            0
          ],
          [
            -99.18217,
            18.89177,
            0
          ],
          [
            -99.18215,
            18.89181,
            0
          ],
          [
            -99.18213,
            18.89185,
            0
          ],
          [
            -99.18208,
            18.89189,
            0
          ],
          [
            -99.18197,
            18.89199,
            0
          ],
          [
            -99.18186,
            18.89209,
            0
          ],
          [
            -99.18181,
            18.89215,
            0
          ],
          [
            -99.18178,
            18.89219,
            0
          ],
          [
            -99.18175,
            18.89225,
            0
          ],
          [
            -99.18172,
            18.89232,
            0
          ],
          [
            -99.1817,
            18.89238,
            0
          ],
          [
            -99.18169,
            18.89244,
            0
          ],
          [
            -99.18169,
            18.89251,
            0
          ],
          [
            -99.1817,
            18.89259,
            0
          ],
          [
            -99.18171,
            18.89268,
            0
          ],
          [
            -99.18172,
            18.8928,
            0
          ],
          [
            -99.18174,
            18.89296,
            0
          ],
          [
            -99.18174,
            18.89308,
            0
          ],
          [
            -99.18173,
            18.89315,
            0
          ],
          [
            -99.1817,
            18.89322,
            0
          ],
          [
            -99.18165,
            18.89329,
            0
          ],
          [
            -99.18163,
            18.89332,
            0
          ],
          [
            -99.18148,
            18.89348,
            0
          ],
          [
            -99.18133,
            18.89365,
            0
          ],
          [
            -99.1812,
            18.89378,
            0
          ],
          [
            -99.18112,
            18.89388,
            0
          ],
          [
            -99.18108,
            18.89394,
            0
          ],
          [
            -99.18104,
            18.89401,
            0
          ],
          [
            -99.18102,
            18.89409,
            0
          ],
          [
            -99.18101,
            18.89415,
            0
          ],
          [
            -99.181,
            18.89426,
            0
          ],
          [
            -99.18101,
            18.89434,
            0
          ],
          [
            -99.18103,
            18.89438,
            0
          ],
          [
            -99.18108,
            18.89444,
            0
          ],
          [
            -99.18116,
            18.89453,
            0
          ],
          [
            -99.18119,
            18.89457,
            0
          ],
          [
            -99.18121,
            18.8946,
            0
          ],
          [
            -99.18122,
            18.89463,
            0
          ],
          [
            -99.18122,
            18.89469,
            0
          ],
          [
            -99.18123,
            18.89477,
            0
          ],
          [
            -99.18123,
            18.89486,
            0
          ],
          [
            -99.18122,
            18.89495,
            0
          ],
          [
            -99.18122,
            18.89499,
            0
          ],
          [
            -99.18123,
            18.89502,
            0
          ],
          [
            -99.18124,
            18.89511,
            0
          ],
          [
            -99.18126,
            18.89529,
            0
          ],
          [
            -99.1813,
            18.89547,
            0
          ],
          [
            -99.18138,
            18.8956,
            0
          ],
          [
            -99.18162,
            18.89584,
            0
          ],
          [
            -99.1817,
            18.8959,
            0
          ],
          [
            -99.1818,
            18.89597,
            0
          ],
          [
            -99.18187,
            18.89601,
            0
          ],
          [
            -99.18198,
            18.8961,
            0
          ],
          [
            -99.18203,
            18.89614,
            0
          ],
          [
            -99.18209,
            18.8962,
            0
          ],
          [
            -99.18211,
            18.89629,
            0
          ],
          [
            -99.18211,
            18.89634,
            0
          ],
          [
            -99.1821,
            18.8964,
            0
          ],
          [
            -99.18209,
            18.89649,
            0
          ],
          [
            -99.18207,
            18.8966,
            0
          ],
          [
            -99.18205,
            18.89666,
            0
          ],
          [
            -99.18204,
            18.8967,
            0
          ],
          [
            -99.18204,
            18.89701,
            0
          ],
          [
            -99.18205,
            18.8972,
            0
          ],
          [
            -99.18204,
            18.89727,
            0
          ],
          [
            -99.18203,
            18.89754,
            0
          ],
          [
            -99.18203,
            18.89767,
            0
          ],
          [
            -99.18202,
            18.89771,
            0
          ],
          [
            -99.18201,
            18.89776,
            0
          ],
          [
            -99.18201,
            18.89781,
            0
          ],
          [
            -99.18201,
            18.89788,
            0
          ],
          [
            -99.18199,
            18.898,
            0
          ],
          [
            -99.18196,
            18.89817,
            0
          ],
          [
            -99.18192,
            18.89826,
            0
          ],
          [
            -99.18184,
            18.89844,
            0
          ],
          [
            -99.18181,
            18.89851,
            0
          ],
          [
            -99.18178,
            18.89856,
            0
          ],
          [
            -99.18177,
            18.8986,
            0
          ],
          [
            -99.18175,
            18.89864,
            0
          ],
          [
            -99.18173,
            18.89873,
            0
          ],
          [
            -99.18173,
            18.89881,
            0
          ],
          [
            -99.18173,
            18.89887,
            0
          ],
          [
            -99.18173,
            18.89893,
            0
          ],
          [
            -99.18174,
            18.899,
            0
          ],
          [
            -99.18183,
            18.8992,
            0
          ],
          [
            -99.18189,
            18.89932,
            0
          ],
          [
            -99.18193,
            18.89941,
            0
          ],
          [
            -99.18196,
            18.89948,
            0
          ],
          [
            -99.18197,
            18.8995,
            0
          ],
          [
            -99.18197,
            18.89951,
            0
          ],
          [
            -99.18198,
            18.89952,
            0
          ],
          [
            -99.18197,
            18.89955,
            0
          ],
          [
            -99.18196,
            18.89962,
            0
          ],
          [
            -99.18193,
            18.89969,
            0
          ],
          [
            -99.18189,
            18.8998,
            0
          ],
          [
            -99.18184,
            18.89992,
            0
          ],
          [
            -99.18181,
            18.90002,
            0
          ],
          [
            -99.18178,
            18.90016,
            0
          ],
          [
            -99.18177,
            18.90034,
            0
          ],
          [
            -99.18174,
            18.90053,
            0
          ],
          [
            -99.18172,
            18.90061,
            0
          ],
          [
            -99.18168,
            18.90068,
            0
          ],
          [
            -99.18164,
            18.90075,
            0
          ],
          [
            -99.18156,
            18.90085,
            0
          ],
          [
            -99.18147,
            18.90095,
            0
          ],
          [
            -99.18146,
            18.90096,
            0
          ],
          [
            -99.18121,
            18.9012,
            0
          ],
          [
            -99.18067,
            18.90171,
            0
          ],
          [
            -99.18059,
            18.90178,
            0
          ],
          [
            -99.18056,
            18.9018,
            0
          ],
          [
            -99.18054,
            18.90181,
            0
          ],
          [
            -99.18051,
            18.90181,
            0
          ],
          [
            -99.18049,
            18.90182,
            0
          ],
          [
            -99.18045,
            18.90181,
            0
          ],
          [
            -99.1804,
            18.9018,
            0
          ],
          [
            -99.18037,
            18.9018,
            0
          ],
          [
            -99.18034,
            18.9018,
            0
          ],
          [
            -99.18032,
            18.9018,
            0
          ],
          [
            -99.1803,
            18.9018,
            0
          ],
          [
            -99.18029,
            18.90181,
            0
          ],
          [
            -99.18028,
            18.90181,
            0
          ],
          [
            -99.18028,
            18.90182,
            0
          ],
          [
            -99.18027,
            18.90183,
            0
          ],
          [
            -99.18022,
            18.9019,
            0
          ]
        ]
      },
      "properties": {
        "name": "UNIDADES HABITACIONALES ARRYO, VILLAREAL Y TLAHUAPAN",
        "description": {
          "@type": "html",
          "value": "descripción: <br>OID: 1348<br>ZONA: CENTRO<br>RUTA: RUTA 13<br>ITINERARIO: AMPL. UNIDADES HABITACIONALES ARRYO, VILLAREAL Y TLAHUAPAN<br>DESCRIPCIO: UNIDADES HABITACIONALES ARRYO, VILLAREAL Y TLAHUAPAN<br>AUTO-AMPL: AMPLIACION<br>DEFIN-PROV: DEFINITIVOS<br>DURACION: DEFINITIVA<br>FOLIO: SG/DGT/SDP/1860/2005"
        },
        "styleUrl": "#line-F57C00-1200",
        "stroke-opacity": 1,
        "stroke": "#f57c00",
        "stroke-width": 1.2,
        "descripción": "",
        "OID": "1348",
        "ZONA": "CENTRO",
        "RUTA": "RUTA 13",
        "ITINERARIO": "AMPL. UNIDADES HABITACIONALES ARRYO, VILLAREAL Y TLAHUAPAN",
        "DESCRIPCIO": "UNIDADES HABITACIONALES ARRYO, VILLAREAL Y TLAHUAPAN",
        "AUTO-AMPL": "AMPLIACION",
        "DEFIN-PROV": "DEFINITIVOS",
        "DURACION": "DEFINITIVA",
        "FOLIO": "SG/DGT/SDP/1860/2005"
      }
    },
    {
      "type": "Feature",
      "geometry": {
        "type": "LineString",
        "coordinates": [
          [
            -99.16577,
            18.88824,
            0
          ],
          [
            -99.16553,
            18.88829,
            0
          ],
          [
            -99.16549,
            18.88807,
            0
          ],
          [
            -99.1654,
            18.88762,
            0
          ],
          [
            -99.16525,
            18.88691,
            0
          ],
          [
            -99.1651,
            18.88615,
            0
          ],
          [
            -99.16513,
            18.88613,
            0
          ],
          [
            -99.16515,
            18.88612,
            0
          ],
          [
            -99.16517,
            18.8861,
            0
          ],
          [
            -99.16519,
            18.88606,
            0
          ],
          [
            -99.16525,
            18.88611,
            0
          ],
          [
            -99.16528,
            18.88613,
            0
          ],
          [
            -99.16532,
            18.88615,
            0
          ],
          [
            -99.16541,
            18.88617,
            0
          ],
          [
            -99.16562,
            18.88618,
            0
          ],
          [
            -99.16571,
            18.88619,
            0
          ],
          [
            -99.16582,
            18.8862,
            0
          ],
          [
            -99.16588,
            18.88621,
            0
          ],
          [
            -99.16591,
            18.88621,
            0
          ],
          [
            -99.16593,
            18.88621,
            0
          ],
          [
            -99.16595,
            18.8862,
            0
          ],
          [
            -99.16597,
            18.88619,
            0
          ],
          [
            -99.16598,
            18.88618,
            0
          ],
          [
            -99.166,
            18.88616,
            0
          ],
          [
            -99.16613,
            18.88601,
            0
          ],
          [
            -99.16626,
            18.88588,
            0
          ],
          [
            -99.16652,
            18.88566,
            0
          ],
          [
            -99.16653,
            18.88565,
            0
          ],
          [
            -99.16666,
            18.88555,
            0
          ],
          [
            -99.16689,
            18.88541,
            0
          ],
          [
            -99.16709,
            18.88529,
            0
          ],
          [
            -99.16725,
            18.88521,
            0
          ],
          [
            -99.16774,
            18.88506,
            0
          ],
          [
            -99.16847,
            18.88484,
            0
          ],
          [
            -99.16855,
            18.88482,
            0
          ],
          [
            -99.16865,
            18.8848,
            0
          ],
          [
            -99.1688,
            18.88479,
            0
          ],
          [
            -99.16902,
            18.88481,
            0
          ],
          [
            -99.16935,
            18.88482,
            0
          ],
          [
            -99.1696,
            18.88485,
            0
          ],
          [
            -99.16974,
            18.88484,
            0
          ],
          [
            -99.16986,
            18.88481,
            0
          ],
          [
            -99.17008,
            18.88475,
            0
          ],
          [
            -99.17035,
            18.88468,
            0
          ],
          [
            -99.1706,
            18.8846,
            0
          ],
          [
            -99.17117,
            18.88444,
            0
          ],
          [
            -99.17213,
            18.8842,
            0
          ],
          [
            -99.17222,
            18.88417,
            0
          ],
          [
            -99.17227,
            18.88414,
            0
          ],
          [
            -99.17232,
            18.88412,
            0
          ],
          [
            -99.17237,
            18.88408,
            0
          ],
          [
            -99.17239,
            18.88405,
            0
          ],
          [
            -99.17241,
            18.88403,
            0
          ],
          [
            -99.17243,
            18.884,
            0
          ],
          [
            -99.17253,
            18.8837,
            0
          ],
          [
            -99.17263,
            18.88341,
            0
          ],
          [
            -99.17273,
            18.8831,
            0
          ],
          [
            -99.17276,
            18.88303,
            0
          ],
          [
            -99.17279,
            18.88295,
            0
          ],
          [
            -99.17279,
            18.88293,
            0
          ],
          [
            -99.17285,
            18.88278,
            0
          ],
          [
            -99.17293,
            18.88256,
            0
          ],
          [
            -99.17302,
            18.8823,
            0
          ],
          [
            -99.17306,
            18.8822,
            0
          ],
          [
            -99.17313,
            18.88203,
            0
          ],
          [
            -99.17323,
            18.88175,
            0
          ],
          [
            -99.1734,
            18.88127,
            0
          ],
          [
            -99.17354,
            18.88091,
            0
          ]
        ]
      },
      "properties": {
        "name": "COL. LA HACIENDA Y PEDREGAL DE LAS FUENTES",
        "description": {
          "@type": "html",
          "value": "descripción: <br>OID: 1460<br>ZONA: CENTRO<br>RUTA: RUTA 13<br>ITINERARIO: AMPL. COL. LA HACIENDA Y PEDREGAL DE LAS FUENTES<br>DESCRIPCIO: X CALLE IGNACIO ZARAGOZA<br>AUTO-AMPL: AMPLIACION<br>DEFIN-PROV: DEFINITIVOS<br>DURACION: DEFINITIVA<br>FOLIO: SG/DGT/SDP/0891/2001"
        },
        "styleUrl": "#line-4E342E-1200",
        "stroke-opacity": 1,
        "stroke": "#4e342e",
        "stroke-width": 1.2,
        "descripción": "",
        "OID": "1460",
        "ZONA": "CENTRO",
        "RUTA": "RUTA 13",
        "ITINERARIO": "AMPL. COL. LA HACIENDA Y PEDREGAL DE LAS FUENTES",
        "DESCRIPCIO": "X CALLE IGNACIO ZARAGOZA",
        "AUTO-AMPL": "AMPLIACION",
        "DEFIN-PROV": "DEFINITIVOS",
        "DURACION": "DEFINITIVA",
        "FOLIO": "SG/DGT/SDP/0891/2001"
      }
    },
    {
      "type": "Feature",
      "geometry": {
        "type": "LineString",
        "coordinates": [
          [
            -99.1658,
            18.88823,
            0
          ],
          [
            -99.16577,
            18.88824,
            0
          ],
          [
            -99.16553,
            18.88829,
            0
          ],
          [
            -99.16549,
            18.88807,
            0
          ],
          [
            -99.1654,
            18.88762,
            0
          ],
          [
            -99.16525,
            18.88691,
            0
          ],
          [
            -99.1651,
            18.88615,
            0
          ],
          [
            -99.16513,
            18.88613,
            0
          ],
          [
            -99.16515,
            18.88612,
            0
          ],
          [
            -99.16517,
            18.8861,
            0
          ],
          [
            -99.16519,
            18.88606,
            0
          ],
          [
            -99.16514,
            18.88574,
            0
          ],
          [
            -99.16511,
            18.88559,
            0
          ],
          [
            -99.16509,
            18.88529,
            0
          ],
          [
            -99.1651,
            18.885,
            0
          ],
          [
            -99.16512,
            18.88479,
            0
          ],
          [
            -99.16515,
            18.88463,
            0
          ],
          [
            -99.16519,
            18.88446,
            0
          ],
          [
            -99.16527,
            18.88418,
            0
          ],
          [
            -99.16534,
            18.884,
            0
          ],
          [
            -99.16549,
            18.88367,
            0
          ],
          [
            -99.16588,
            18.88281,
            0
          ],
          [
            -99.16624,
            18.88203,
            0
          ],
          [
            -99.16685,
            18.88073,
            0
          ],
          [
            -99.16705,
            18.88028,
            0
          ],
          [
            -99.16727,
            18.87979,
            0
          ],
          [
            -99.16741,
            18.8795,
            0
          ],
          [
            -99.16761,
            18.87909,
            0
          ],
          [
            -99.16779,
            18.87866,
            0
          ],
          [
            -99.16792,
            18.87874,
            0
          ],
          [
            -99.16815,
            18.87884,
            0
          ],
          [
            -99.16838,
            18.87893,
            0
          ],
          [
            -99.16859,
            18.87903,
            0
          ],
          [
            -99.16965,
            18.87941,
            0
          ],
          [
            -99.17048,
            18.87969,
            0
          ],
          [
            -99.17129,
            18.87997,
            0
          ],
          [
            -99.17163,
            18.88009,
            0
          ],
          [
            -99.17244,
            18.88034,
            0
          ],
          [
            -99.17361,
            18.8807,
            0
          ],
          [
            -99.17355,
            18.88089,
            0
          ]
        ]
      },
      "properties": {
        "name": "COL. LA HACIENDA Y PEDREGAL DE LAS FUENTES",
        "description": {
          "@type": "html",
          "value": "descripción: <br>OID: 1461<br>ZONA: CENTRO<br>RUTA: RUTA 13<br>ITINERARIO: AMPL. COL. LA HACIENDA Y PEDREGAL DE LAS FUENTES<br>DESCRIPCIO: X CALLE RIO BALSAS<br>AUTO-AMPL: AMPLIACION<br>DEFIN-PROV: DEFINITIVOS<br>DURACION: DEFINITIVA<br>FOLIO: SG/DGT/SDP/0891/2001"
        },
        "styleUrl": "#line-AFB42B-1200",
        "stroke-opacity": 1,
        "stroke": "#afb42b",
        "stroke-width": 1.2,
        "descripción": "",
        "OID": "1461",
        "ZONA": "CENTRO",
        "RUTA": "RUTA 13",
        "ITINERARIO": "AMPL. COL. LA HACIENDA Y PEDREGAL DE LAS FUENTES",
        "DESCRIPCIO": "X CALLE RIO BALSAS",
        "AUTO-AMPL": "AMPLIACION",
        "DEFIN-PROV": "DEFINITIVOS",
        "DURACION": "DEFINITIVA",
        "FOLIO": "SG/DGT/SDP/0891/2001"
      }
    }
  ]
}