{
  "type": "FeatureCollection",
  "features": [
    {
      "type": "Feature",
      "geometry": {
        "type": "LineString",
        "coordinates": [
          [
            -99.21551,
            18.83235,
            0
          ],
          [
            -99.21527,
            18.83239,
            0
          ],
          [
            -99.21524,
            18.83239,
            0
          ],
          [
            -99.21521,
            18.83237,
            0
          ],
          [
            -99.21518,
            18.83236,
            0
          ],
          [
            -99.21512,
            18.83236,
            0
          ],
          [
            -99.21508,
            18.83237,
            0
          ],
          [
            -99.21494,
            18.83238,
            0
          ],
          [
            -99.21494,
            18.83245,
            0
          ],
          [
            -99.21492,
            18.83263,
            0
          ],
          [
            -99.21492,
            18.83276,
            0
          ],
          [
            -99.21496,
            18.83293,
            0
          ],
          [
            -99.21505,
            18.83313,
            0
          ],
          [
            -99.21507,
            18.83324,
            0
          ],
          [
            -99.21507,
            18.83339,
            0
          ],
          [
            -99.21499,
            18.83364,
            0
          ],
          [
            -99.21447,
            18.83461,
            0
          ],
          [
            -99.2144,
            18.83486,
            0
          ],
          [
            -99.21437,
            18.8351,
            0
          ],
          [
            -99.21436,
            18.83539,
            0
          ],
          [
            -99.21438,
            18.83572,
            0
          ],
          [
            -99.2144,
            18.83586,
            0
          ],
          [
            -99.21449,
            18.83624,
            0
          ],
          [
            -99.21478,
            18.83675,
            0
          ],
          [
            -99.21487,
            18.83697,
            0
          ],
          [
            -99.21488,
            18.83703,
            0
          ],
          [
            -99.21488,
            18.83717,
            0
          ],
          [
            -99.21491,
            18.83729,
            0
          ],
          [
            -99.21499,
            18.83746,
            0
          ],
          [
            -99.21486,
            18.83753,
            0
          ],
          [
            -99.21444,
            18.83758,
            0
          ],
          [
            -99.21346,
            18.83765,
            0
          ],
          [
            -99.21337,
            18.83767,
            0
          ],
          [
            -99.21292,
            18.83772,
            0
          ],
          [
            -99.21289,
            18.83773,
            0
          ],
          [
            -99.2116,
            18.83792,
            0
          ],
          [
            -99.21126,
            18.83792,
            0
          ],
          [
            -99.21039,
            18.8378,
            0
          ],
          [
            -99.2084,
            18.83743,
            0
          ],
          [
            -99.20802,
            18.83734,
            0
          ],
          [
            -99.208,
            18.83734,
            0
          ],
          [
            -99.20476,
            18.83676,
            0
          ],
          [
            -99.20458,
            18.8367,
            0
          ],
          [
            -99.20259,
            18.8363,
            0
          ],
          [
            -99.20216,
            18.83619,
            0
          ],
          [
            -99.20118,
            18.83588,
            0
          ],
          [
            -99.20099,
            18.83586,
            0
          ],
          [
            -99.20072,
            18.83588,
            0
          ],
          [
            -99.20057,
            18.83593,
            0
          ],
          [
            -99.20026,
            18.83607,
            0
          ],
          [
            -99.20012,
            18.83617,
            0
          ],
          [
            -99.20004,
            18.83628,
            0
          ],
          [
            -99.19991,
            18.83654,
            0
          ],
          [
            -99.19988,
            18.83666,
            0
          ],
          [
            -99.1998,
            18.83754,
            0
          ],
          [
            -99.19984,
            18.83784,
            0
          ],
          [
            -99.19988,
            18.83794,
            0
          ],
          [
            -99.20006,
            18.83822,
            0
          ],
          [
            -99.20011,
            18.83825,
            0
          ],
          [
            -99.20118,
            18.83978,
            0
          ],
          [
            -99.20147,
            18.84015,
            0
          ],
          [
            -99.20197,
            18.84088,
            0
          ],
          [
            -99.20207,
            18.84126,
            0
          ],
          [
            -99.20208,
            18.84162,
            0
          ],
          [
            -99.20193,
            18.84266,
            0
          ],
          [
            -99.20192,
            18.84265,
            0
          ],
          [
            -99.20185,
            18.84265,
            0
          ],
          [
            -99.20184,
            18.84266,
            0
          ],
          [
            -99.20182,
            18.84266,
            0
          ],
          [
            -99.20182,
            18.84267,
            0
          ],
          [
            -99.20181,
            18.84267,
            0
          ],
          [
            -99.2018,
            18.84268,
            0
          ],
          [
            -99.20179,
            18.84268,
            0
          ],
          [
            -99.20176,
            18.84271,
            0
          ],
          [
            -99.20176,
            18.84272,
            0
          ],
          [
            -99.20175,
            18.84272,
            0
          ],
          [
            -99.20175,
            18.84273,
            0
          ],
          [
            -99.20174,
            18.84274,
            0
          ],
          [
            -99.20174,
            18.84276,
            0
          ],
          [
            -99.20173,
            18.84276,
            0
          ],
          [
            -99.20173,
            18.84277,
            0
          ],
          [
            -99.20168,
            18.84276,
            0
          ],
          [
            -99.20068,
            18.84268,
            0
          ],
          [
            -99.19977,
            18.84272,
            0
          ],
          [
            -99.19916,
            18.8428,
            0
          ],
          [
            -99.19818,
            18.84284,
            0
          ],
          [
            -99.19803,
            18.84279,
            0
          ],
          [
            -99.19793,
            18.84273,
            0
          ],
          [
            -99.19748,
            18.84239,
            0
          ],
          [
            -99.19744,
            18.84237,
            0
          ],
          [
            -99.19717,
            18.84218,
            0
          ],
          [
            -99.1971,
            18.84215,
            0
          ],
          [
            -99.19695,
            18.84212,
            0
          ],
          [
            -99.19682,
            18.84212,
            0
          ],
          [
            -99.19595,
            18.8424,
            0
          ],
          [
            -99.19583,
            18.84242,
            0
          ],
          [
            -99.19572,
            18.84242,
            0
          ],
          [
            -99.19564,
            18.84241,
            0
          ],
          [
            -99.19557,
            18.84237,
            0
          ],
          [
            -99.19491,
            18.84166,
            0
          ],
          [
            -99.19478,
            18.84157,
            0
          ],
          [
            -99.19471,
            18.84155,
            0
          ],
          [
            -99.19463,
            18.84155,
            0
          ],
          [
            -99.19445,
            18.8416,
            0
          ],
          [
            -99.19435,
            18.84165,
            0
          ],
          [
            -99.19422,
            18.84169,
            0
          ],
          [
            -99.19416,
            18.8417,
            0
          ],
          [
            -99.19406,
            18.8417,
            0
          ],
          [
            -99.19397,
            18.84167,
            0
          ],
          [
            -99.19384,
            18.84157,
            0
          ],
          [
            -99.19376,
            18.84153,
            0
          ],
          [
            -99.19309,
            18.84087,
            0
          ],
          [
            -99.193,
            18.84082,
            0
          ],
          [
            -99.1926,
            18.84066,
            0
          ],
          [
            -99.19243,
            18.84057,
            0
          ],
          [
            -99.19232,
            18.84049,
            0
          ],
          [
            -99.19201,
            18.84019,
            0
          ],
          [
            -99.19191,
            18.84013,
            0
          ],
          [
            -99.1918,
            18.84009,
            0
          ],
          [
            -99.19069,
            18.83979,
            0
          ],
          [
            -99.19016,
            18.83958,
            0
          ],
          [
            -99.18932,
            18.8392,
            0
          ],
          [
            -99.18921,
            18.83917,
            0
          ],
          [
            -99.18917,
            18.83915,
            0
          ],
          [
            -99.1882,
            18.83903,
            0
          ],
          [
            -99.18812,
            18.83903,
            0
          ],
          [
            -99.18798,
            18.83901,
            0
          ],
          [
            -99.1878,
            18.83896,
            0
          ],
          [
            -99.18713,
            18.83872,
            0
          ],
          [
            -99.18621,
            18.84057,
            0
          ],
          [
            -99.18589,
            18.84128,
            0
          ],
          [
            -99.18586,
            18.84154,
            0
          ],
          [
            -99.1859,
            18.84175,
            0
          ],
          [
            -99.18604,
            18.84219,
            0
          ],
          [
            -99.18613,
            18.84239,
            0
          ],
          [
            -99.18616,
            18.84249,
            0
          ],
          [
            -99.18618,
            18.84262,
            0
          ],
          [
            -99.18619,
            18.84294,
            0
          ],
          [
            -99.18614,
            18.84311,
            0
          ],
          [
            -99.1861,
            18.84319,
            0
          ],
          [
            -99.18716,
            18.84402,
            0
          ],
          [
            -99.18739,
            18.84425,
            0
          ],
          [
            -99.19022,
            18.84658,
            0
          ],
          [
            -99.19027,
            18.84661,
            0
          ],
          [
            -99.19048,
            18.84679,
            0
          ],
          [
            -99.19061,
            18.84692,
            0
          ],
          [
            -99.19126,
            18.84744,
            0
          ],
          [
            -99.19133,
            18.84751,
            0
          ],
          [
            -99.19169,
            18.8478,
            0
          ],
          [
            -99.19202,
            18.8481,
            0
          ],
          [
            -99.19221,
            18.84842,
            0
          ],
          [
            -99.19251,
            18.84914,
            0
          ],
          [
            -99.19268,
            18.84936,
            0
          ],
          [
            -99.19402,
            18.85049,
            0
          ],
          [
            -99.1945,
            18.85117,
            0
          ],
          [
            -99.19473,
            18.85138,
            0
          ],
          [
            -99.19501,
            18.85155,
            0
          ],
          [
            -99.19571,
            18.85181,
            0
          ],
          [
            -99.19716,
            18.85251,
            0
          ],
          [
            -99.19744,
            18.85267,
            0
          ],
          [
            -99.19779,
            18.85335,
            0
          ],
          [
            -99.19789,
            18.85347,
            0
          ],
          [
            -99.19827,
            18.85378,
            0
          ],
          [
            -99.19863,
            18.85402,
            0
          ],
          [
            -99.19871,
            18.85411,
            0
          ],
          [
            -99.19878,
            18.85424,
            0
          ],
          [
            -99.19885,
            18.85453,
            0
          ],
          [
            -99.19889,
            18.85486,
            0
          ],
          [
            -99.19891,
            18.8553,
            0
          ],
          [
            -99.19894,
            18.8554,
            0
          ],
          [
            -99.199,
            18.85553,
            0
          ],
          [
            -99.19926,
            18.85571,
            0
          ],
          [
            -99.1995,
            18.85574,
            0
          ],
          [
            -99.19967,
            18.85582,
            0
          ],
          [
            -99.19973,
            18.85586,
            0
          ],
          [
            -99.19999,
            18.85629,
            0
          ],
          [
            -99.20009,
            18.85638,
            0
          ],
          [
            -99.2002,
            18.85643,
            0
          ],
          [
            -99.20025,
            18.85643,
            0
          ],
          [
            -99.20037,
            18.85646,
            0
          ],
          [
            -99.20053,
            18.85646,
            0
          ],
          [
            -99.20091,
            18.85652,
            0
          ],
          [
            -99.20203,
            18.85679,
            0
          ],
          [
            -99.20216,
            18.85684,
            0
          ],
          [
            -99.20232,
            18.85693,
            0
          ],
          [
            -99.20243,
            18.85701,
            0
          ],
          [
            -99.20301,
            18.8576,
            0
          ],
          [
            -99.20315,
            18.85768,
            0
          ],
          [
            -99.20323,
            18.85776,
            0
          ],
          [
            -99.20352,
            18.85822,
            0
          ],
          [
            -99.20354,
            18.85827,
            0
          ],
          [
            -99.20356,
            18.85829,
            0
          ],
          [
            -99.20369,
            18.8586,
            0
          ],
          [
            -99.20383,
            18.85915,
            0
          ],
          [
            -99.20404,
            18.85983,
            0
          ],
          [
            -99.20416,
            18.86038,
            0
          ],
          [
            -99.20424,
            18.86091,
            0
          ],
          [
            -99.20423,
            18.861,
            0
          ],
          [
            -99.20421,
            18.86106,
            0
          ],
          [
            -99.20418,
            18.8611,
            0
          ],
          [
            -99.204,
            18.86149,
            0
          ],
          [
            -99.20396,
            18.86162,
            0
          ],
          [
            -99.20393,
            18.8618,
            0
          ],
          [
            -99.20398,
            18.86247,
            0
          ],
          [
            -99.20408,
            18.86308,
            0
          ],
          [
            -99.2043,
            18.86361,
            0
          ],
          [
            -99.20444,
            18.86406,
            0
          ],
          [
            -99.20453,
            18.86461,
            0
          ],
          [
            -99.20458,
            18.8648,
            0
          ],
          [
            -99.20461,
            18.86486,
            0
          ],
          [
            -99.20479,
            18.86503,
            0
          ],
          [
            -99.20567,
            18.86567,
            0
          ],
          [
            -99.20584,
            18.86575,
            0
          ],
          [
            -99.20627,
            18.86588,
            0
          ],
          [
            -99.20645,
            18.86592,
            0
          ],
          [
            -99.20763,
            18.86602,
            0
          ],
          [
            -99.20823,
            18.86619,
            0
          ],
          [
            -99.20883,
            18.86639,
            0
          ],
          [
            -99.20902,
            18.86985,
            0
          ],
          [
            -99.21112,
            18.8698,
            0
          ],
          [
            -99.21127,
            18.87282,
            0
          ],
          [
            -99.21129,
            18.87293,
            0
          ],
          [
            -99.21122,
            18.87369,
            0
          ],
          [
            -99.21124,
            18.87372,
            0
          ],
          [
            -99.21127,
            18.87375,
            0
          ],
          [
            -99.21129,
            18.87378,
            0
          ],
          [
            -99.21134,
            18.8738,
            0
          ],
          [
            -99.21222,
            18.87391,
            0
          ],
          [
            -99.21252,
            18.8739,
            0
          ],
          [
            -99.21251,
            18.8739,
            0
          ],
          [
            -99.21251,
            18.87396,
            0
          ],
          [
            -99.21252,
            18.87396,
            0
          ],
          [
            -99.21252,
            18.87398,
            0
          ],
          [
            -99.21253,
            18.87398,
            0
          ],
          [
            -99.21253,
            18.87399,
            0
          ],
          [
            -99.21254,
            18.87399,
            0
          ],
          [
            -99.21254,
            18.874,
            0
          ],
          [
            -99.21255,
            18.874,
            0
          ],
          [
            -99.21256,
            18.87401,
            0
          ],
          [
            -99.21258,
            18.87401,
            0
          ],
          [
            -99.21258,
            18.87402,
            0
          ],
          [
            -99.21263,
            18.87402,
            0
          ],
          [
            -99.21264,
            18.87401,
            0
          ],
          [
            -99.21265,
            18.87401,
            0
          ],
          [
            -99.21266,
            18.874,
            0
          ],
          [
            -99.21267,
            18.874,
            0
          ],
          [
            -99.21267,
            18.87399,
            0
          ],
          [
            -99.21268,
            18.87399,
            0
          ],
          [
            -99.21268,
            18.87398,
            0
          ],
          [
            -99.21269,
            18.87398,
            0
          ],
          [
            -99.21269,
            18.87396,
            0
          ],
          [
            -99.2127,
            18.87396,
            0
          ],
          [
            -99.2127,
            18.87392,
            0
          ],
          [
            -99.21279,
            18.87386,
            0
          ],
          [
            -99.2178,
            18.87271,
            0
          ],
          [
            -99.218,
            18.87269,
            0
          ],
          [
            -99.2182,
            18.87274,
            0
          ],
          [
            -99.21849,
            18.87288,
            0
          ],
          [
            -99.21864,
            18.87302,
            0
          ],
          [
            -99.21876,
            18.87335,
            0
          ],
          [
            -99.21874,
            18.87338,
            0
          ],
          [
            -99.2187,
            18.87347,
            0
          ],
          [
            -99.2187,
            18.87354,
            0
          ],
          [
            -99.21871,
            18.87357,
            0
          ],
          [
            -99.21871,
            18.87359,
            0
          ],
          [
            -99.21875,
            18.87366,
            0
          ],
          [
            -99.21877,
            18.87368,
            0
          ],
          [
            -99.21879,
            18.87369,
            0
          ],
          [
            -99.21881,
            18.87371,
            0
          ],
          [
            -99.21888,
            18.87374,
            0
          ],
          [
            -99.21891,
            18.87374,
            0
          ],
          [
            -99.21893,
            18.87375,
            0
          ],
          [
            -99.21898,
            18.87375,
            0
          ],
          [
            -99.21944,
            18.87464,
            0
          ],
          [
            -99.21953,
            18.87478,
            0
          ],
          [
            -99.21964,
            18.8749,
            0
          ],
          [
            -99.21971,
            18.87505,
            0
          ],
          [
            -99.21982,
            18.87522,
            0
          ],
          [
            -99.21991,
            18.87529,
            0
          ],
          [
            -99.22006,
            18.87534,
            0
          ],
          [
            -99.22012,
            18.87537,
            0
          ],
          [
            -99.22021,
            18.87545,
            0
          ],
          [
            -99.22065,
            18.87574,
            0
          ],
          [
            -99.22107,
            18.87598,
            0
          ],
          [
            -99.22149,
            18.87619,
            0
          ],
          [
            -99.22155,
            18.87623,
            0
          ],
          [
            -99.22163,
            18.87631,
            0
          ],
          [
            -99.2217,
            18.87643,
            0
          ],
          [
            -99.22193,
            18.87718,
            0
          ],
          [
            -99.22217,
            18.87767,
            0
          ],
          [
            -99.22217,
            18.8778,
            0
          ],
          [
            -99.22216,
            18.87787,
            0
          ],
          [
            -99.22214,
            18.87794,
            0
          ],
          [
            -99.2221,
            18.87801,
            0
          ],
          [
            -99.22208,
            18.87806,
            0
          ],
          [
            -99.22202,
            18.87812,
            0
          ],
          [
            -99.22189,
            18.87822,
            0
          ],
          [
            -99.22185,
            18.87824,
            0
          ],
          [
            -99.22181,
            18.87827,
            0
          ],
          [
            -99.22147,
            18.87836,
            0
          ],
          [
            -99.2213,
            18.87843,
            0
          ],
          [
            -99.22128,
            18.87845,
            0
          ],
          [
            -99.22126,
            18.87846,
            0
          ],
          [
            -99.22125,
            18.87847,
            0
          ],
          [
            -99.22123,
            18.87848,
            0
          ],
          [
            -99.2212,
            18.87851,
            0
          ],
          [
            -99.22119,
            18.87853,
            0
          ],
          [
            -99.22117,
            18.87855,
            0
          ],
          [
            -99.22115,
            18.87859,
            0
          ],
          [
            -99.22115,
            18.87866,
            0
          ],
          [
            -99.22113,
            18.87882,
            0
          ],
          [
            -99.22113,
            18.87888,
            0
          ],
          [
            -99.22109,
            18.87902,
            0
          ],
          [
            -99.22098,
            18.87921,
            0
          ],
          [
            -99.22086,
            18.87935,
            0
          ],
          [
            -99.2208,
            18.87945,
            0
          ],
          [
            -99.22077,
            18.87957,
            0
          ],
          [
            -99.22083,
            18.87979,
            0
          ],
          [
            -99.22102,
            18.88021,
            0
          ],
          [
            -99.22103,
            18.88025,
            0
          ],
          [
            -99.22102,
            18.88027,
            0
          ],
          [
            -99.22102,
            18.8803,
            0
          ],
          [
            -99.221,
            18.88035,
            0
          ],
          [
            -99.22096,
            18.88039,
            0
          ],
          [
            -99.22095,
            18.88042,
            0
          ],
          [
            -99.22072,
            18.88067,
            0
          ],
          [
            -99.22063,
            18.88082,
            0
          ],
          [
            -99.22059,
            18.88097,
            0
          ],
          [
            -99.22054,
            18.88153,
            0
          ],
          [
            -99.22044,
            18.88184,
            0
          ],
          [
            -99.22028,
            18.88205,
            0
          ],
          [
            -99.22018,
            18.88216,
            0
          ],
          [
            -99.21993,
            18.88234,
            0
          ],
          [
            -99.21941,
            18.88278,
            0
          ],
          [
            -99.21939,
            18.88282,
            0
          ],
          [
            -99.21937,
            18.88284,
            0
          ],
          [
            -99.21933,
            18.88295,
            0
          ],
          [
            -99.21895,
            18.88692,
            0
          ],
          [
            -99.21889,
            18.88706,
            0
          ],
          [
            -99.21887,
            18.88709,
            0
          ],
          [
            -99.21882,
            18.88713,
            0
          ],
          [
            -99.2188,
            18.88714,
            0
          ],
          [
            -99.21879,
            18.88714,
            0
          ],
          [
            -99.21876,
            18.88717,
            0
          ],
          [
            -99.21876,
            18.88718,
            0
          ],
          [
            -99.21874,
            18.8872,
            0
          ],
          [
            -99.21874,
            18.88721,
            0
          ],
          [
            -99.21873,
            18.88722,
            0
          ],
          [
            -99.21873,
            18.88731,
            0
          ],
          [
            -99.21874,
            18.88732,
            0
          ],
          [
            -99.21874,
            18.88733,
            0
          ],
          [
            -99.21876,
            18.88735,
            0
          ],
          [
            -99.21876,
            18.88736,
            0
          ],
          [
            -99.21877,
            18.88737,
            0
          ],
          [
            -99.21877,
            18.88738,
            0
          ],
          [
            -99.21878,
            18.88739,
            0
          ],
          [
            -99.21879,
            18.88739,
            0
          ],
          [
            -99.21881,
            18.88741,
            0
          ],
          [
            -99.21882,
            18.88741,
            0
          ],
          [
            -99.21884,
            18.88742,
            0
          ],
          [
            -99.21885,
            18.88742,
            0
          ],
          [
            -99.21886,
            18.88743,
            0
          ],
          [
            -99.21894,
            18.88743,
            0
          ],
          [
            -99.21898,
            18.88745,
            0
          ],
          [
            -99.21905,
            18.8875,
            0
          ],
          [
            -99.21909,
            18.88754,
            0
          ],
          [
            -99.22027,
            18.88923,
            0
          ],
          [
            -99.22041,
            18.88946,
            0
          ],
          [
            -99.22091,
            18.89017,
            0
          ],
          [
            -99.22106,
            18.89034,
            0
          ],
          [
            -99.22194,
            18.89165,
            0
          ],
          [
            -99.22209,
            18.8919,
            0
          ],
          [
            -99.22229,
            18.89237,
            0
          ],
          [
            -99.22314,
            18.89503,
            0
          ],
          [
            -99.22321,
            18.89521,
            0
          ],
          [
            -99.22344,
            18.89596,
            0
          ],
          [
            -99.22344,
            18.89597,
            0
          ],
          [
            -99.2241,
            18.89803,
            0
          ],
          [
            -99.22408,
            18.89809,
            0
          ],
          [
            -99.22407,
            18.89818,
            0
          ],
          [
            -99.22408,
            18.89825,
            0
          ],
          [
            -99.2241,
            18.89831,
            0
          ],
          [
            -99.22413,
            18.89836,
            0
          ],
          [
            -99.22421,
            18.89845,
            0
          ],
          [
            -99.22426,
            18.89855,
            0
          ],
          [
            -99.22431,
            18.8987,
            0
          ],
          [
            -99.22436,
            18.8988,
            0
          ],
          [
            -99.22452,
            18.89929,
            0
          ],
          [
            -99.225,
            18.90035,
            0
          ],
          [
            -99.22673,
            18.90338,
            0
          ],
          [
            -99.227,
            18.90415,
            0
          ],
          [
            -99.22746,
            18.90595,
            0
          ],
          [
            -99.22763,
            18.90652,
            0
          ],
          [
            -99.22764,
            18.90658,
            0
          ],
          [
            -99.2278,
            18.90709,
            0
          ],
          [
            -99.22791,
            18.90754,
            0
          ],
          [
            -99.2279,
            18.9077,
            0
          ],
          [
            -99.22798,
            18.9088,
            0
          ],
          [
            -99.22806,
            18.90906,
            0
          ],
          [
            -99.22889,
            18.91071,
            0
          ],
          [
            -99.22916,
            18.91065,
            0
          ],
          [
            -99.22949,
            18.9106,
            0
          ],
          [
            -99.23114,
            18.91043,
            0
          ],
          [
            -99.23166,
            18.91023,
            0
          ],
          [
            -99.23234,
            18.9114,
            0
          ],
          [
            -99.23289,
            18.91242,
            0
          ],
          [
            -99.23305,
            18.9128,
            0
          ],
          [
            -99.23354,
            18.91437,
            0
          ],
          [
            -99.23355,
            18.91443,
            0
          ],
          [
            -99.23356,
            18.91445,
            0
          ],
          [
            -99.23367,
            18.91499,
            0
          ],
          [
            -99.2337,
            18.91527,
            0
          ],
          [
            -99.23375,
            18.9169,
            0
          ],
          [
            -99.23367,
            18.91725,
            0
          ],
          [
            -99.23363,
            18.91729,
            0
          ],
          [
            -99.23363,
            18.9173,
            0
          ],
          [
            -99.23362,
            18.91731,
            0
          ],
          [
            -99.23362,
            18.91732,
            0
          ],
          [
            -99.23361,
            18.91733,
            0
          ],
          [
            -99.23361,
            18.9174,
            0
          ],
          [
            -99.23362,
            18.91741,
            0
          ],
          [
            -99.23362,
            18.91743,
            0
          ],
          [
            -99.23363,
            18.91743,
            0
          ],
          [
            -99.23363,
            18.91744,
            0
          ],
          [
            -99.23364,
            18.91744,
            0
          ],
          [
            -99.23364,
            18.91745,
            0
          ],
          [
            -99.23366,
            18.91747,
            0
          ],
          [
            -99.23367,
            18.91747,
            0
          ],
          [
            -99.23375,
            18.91889,
            0
          ],
          [
            -99.23367,
            18.92045,
            0
          ],
          [
            -99.23121,
            18.92033,
            0
          ],
          [
            -99.23131,
            18.92117,
            0
          ],
          [
            -99.23133,
            18.92124,
            0
          ],
          [
            -99.23143,
            18.92138,
            0
          ],
          [
            -99.23146,
            18.92141,
            0
          ],
          [
            -99.2315,
            18.92148,
            0
          ],
          [
            -99.23161,
            18.92163,
            0
          ],
          [
            -99.23165,
            18.92179,
            0
          ],
          [
            -99.23165,
            18.92186,
            0
          ],
          [
            -99.23163,
            18.9219,
            0
          ],
          [
            -99.23163,
            18.92191,
            0
          ],
          [
            -99.23162,
            18.92192,
            0
          ],
          [
            -99.23162,
            18.92193,
            0
          ],
          [
            -99.23161,
            18.92195,
            0
          ],
          [
            -99.23158,
            18.92198,
            0
          ],
          [
            -99.23156,
            18.92198,
            0
          ],
          [
            -99.23152,
            18.922,
            0
          ],
          [
            -99.23137,
            18.92204,
            0
          ],
          [
            -99.23135,
            18.92204,
            0
          ],
          [
            -99.23118,
            18.92208,
            0
          ],
          [
            -99.2312,
            18.92214,
            0
          ],
          [
            -99.2312,
            18.92216,
            0
          ],
          [
            -99.23121,
            18.92217,
            0
          ],
          [
            -99.23122,
            18.92262,
            0
          ],
          [
            -99.23123,
            18.9227,
            0
          ],
          [
            -99.23122,
            18.92278,
            0
          ],
          [
            -99.23113,
            18.92299,
            0
          ],
          [
            -99.23101,
            18.92312,
            0
          ],
          [
            -99.23101,
            18.92313,
            0
          ],
          [
            -99.231,
            18.92314,
            0
          ],
          [
            -99.231,
            18.92319,
            0
          ],
          [
            -99.23121,
            18.9238,
            0
          ],
          [
            -99.23136,
            18.92384,
            0
          ],
          [
            -99.23149,
            18.92384,
            0
          ],
          [
            -99.23158,
            18.9238,
            0
          ],
          [
            -99.23161,
            18.92377,
            0
          ],
          [
            -99.23163,
            18.92376,
            0
          ],
          [
            -99.23169,
            18.92368,
            0
          ],
          [
            -99.23163,
            18.92361,
            0
          ],
          [
            -99.2313,
            18.92329,
            0
          ],
          [
            -99.23129,
            18.92327,
            0
          ],
          [
            -99.23127,
            18.92325,
            0
          ],
          [
            -99.23126,
            18.92323,
            0
          ],
          [
            -99.23124,
            18.92321,
            0
          ],
          [
            -99.23122,
            18.92317,
            0
          ],
          [
            -99.23122,
            18.92315,
            0
          ],
          [
            -99.23121,
            18.92313,
            0
          ],
          [
            -99.23121,
            18.92309,
            0
          ],
          [
            -99.2312,
            18.92308,
            0
          ],
          [
            -99.2312,
            18.92307,
            0
          ],
          [
            -99.23121,
            18.92306,
            0
          ],
          [
            -99.23121,
            18.92305,
            0
          ],
          [
            -99.23127,
            18.9229,
            0
          ],
          [
            -99.23129,
            18.92287,
            0
          ],
          [
            -99.23131,
            18.92266,
            0
          ],
          [
            -99.2313,
            18.92227,
            0
          ],
          [
            -99.23127,
            18.92206,
            0
          ],
          [
            -99.23125,
            18.92202,
            0
          ],
          [
            -99.23119,
            18.92196,
            0
          ],
          [
            -99.2311,
            18.92189,
            0
          ],
          [
            -99.23092,
            18.92172,
            0
          ],
          [
            -99.23089,
            18.92171,
            0
          ],
          [
            -99.23042,
            18.92142,
            0
          ],
          [
            -99.23036,
            18.92137,
            0
          ],
          [
            -99.23019,
            18.92119,
            0
          ],
          [
            -99.22996,
            18.92098,
            0
          ],
          [
            -99.22993,
            18.92096,
            0
          ],
          [
            -99.22991,
            18.92094,
            0
          ],
          [
            -99.22989,
            18.92091,
            0
          ],
          [
            -99.22986,
            18.92088,
            0
          ],
          [
            -99.22984,
            18.92084,
            0
          ],
          [
            -99.22982,
            18.92082,
            0
          ],
          [
            -99.22957,
            18.92042,
            0
          ],
          [
            -99.22955,
            18.9204,
            0
          ],
          [
            -99.22952,
            18.92035,
            0
          ],
          [
            -99.22887,
            18.91962,
            0
          ],
          [
            -99.22868,
            18.91946,
            0
          ],
          [
            -99.22837,
            18.91926,
            0
          ],
          [
            -99.22836,
            18.91926,
            0
          ],
          [
            -99.22782,
            18.91891,
            0
          ],
          [
            -99.2278,
            18.919,
            0
          ],
          [
            -99.2278,
            18.91904,
            0
          ],
          [
            -99.22795,
            18.91975,
            0
          ],
          [
            -99.22797,
            18.92002,
            0
          ],
          [
            -99.22797,
            18.92069,
            0
          ],
          [
            -99.22858,
            18.92182,
            0
          ],
          [
            -99.22728,
            18.92129,
            0
          ],
          [
            -99.22617,
            18.92088,
            0
          ],
          [
            -99.22577,
            18.9207,
            0
          ],
          [
            -99.2236,
            18.91983,
            0
          ],
          [
            -99.22292,
            18.91976,
            0
          ],
          [
            -99.2227,
            18.91977,
            0
          ],
          [
            -99.22248,
            18.91982,
            0
          ],
          [
            -99.22127,
            18.92027,
            0
          ],
          [
            -99.22103,
            18.9203,
            0
          ],
          [
            -99.21943,
            18.92038,
            0
          ],
          [
            -99.21901,
            18.92048,
            0
          ],
          [
            -99.21789,
            18.92054,
            0
          ],
          [
            -99.21755,
            18.92054,
            0
          ],
          [
            -99.21741,
            18.92057,
            0
          ],
          [
            -99.21706,
            18.92074,
            0
          ],
          [
            -99.21686,
            18.92081,
            0
          ],
          [
            -99.21574,
            18.92103,
            0
          ],
          [
            -99.21512,
            18.92108,
            0
          ],
          [
            -99.21491,
            18.92108,
            0
          ],
          [
            -99.21473,
            18.92105,
            0
          ],
          [
            -99.21455,
            18.921,
            0
          ],
          [
            -99.21428,
            18.92087,
            0
          ],
          [
            -99.21413,
            18.92082,
            0
          ],
          [
            -99.21387,
            18.92076,
            0
          ],
          [
            -99.21201,
            18.92049,
            0
          ],
          [
            -99.21195,
            18.92049,
            0
          ],
          [
            -99.21185,
            18.92051,
            0
          ],
          [
            -99.21177,
            18.92056,
            0
          ],
          [
            -99.21168,
            18.92068,
            0
          ],
          [
            -99.21165,
            18.92076,
            0
          ],
          [
            -99.21146,
            18.92187,
            0
          ],
          [
            -99.21126,
            18.92231,
            0
          ],
          [
            -99.21118,
            18.92245,
            0
          ],
          [
            -99.21094,
            18.92271,
            0
          ],
          [
            -99.21072,
            18.92287,
            0
          ],
          [
            -99.21046,
            18.92299,
            0
          ],
          [
            -99.21037,
            18.923,
            0
          ],
          [
            -99.21031,
            18.92299,
            0
          ],
          [
            -99.21026,
            18.92299,
            0
          ],
          [
            -99.21012,
            18.92297,
            0
          ],
          [
            -99.21009,
            18.92292,
            0
          ],
          [
            -99.21005,
            18.92288,
            0
          ],
          [
            -99.21003,
            18.92287,
            0
          ],
          [
            -99.21001,
            18.92285,
            0
          ],
          [
            -99.20999,
            18.92284,
            0
          ],
          [
            -99.20997,
            18.92282,
            0
          ],
          [
            -99.20993,
            18.92281,
            0
          ],
          [
            -99.2099,
            18.92279,
            0
          ],
          [
            -99.20986,
            18.92278,
            0
          ],
          [
            -99.20983,
            18.92278,
            0
          ],
          [
            -99.20979,
            18.92277,
            0
          ],
          [
            -99.20976,
            18.92277,
            0
          ],
          [
            -99.20972,
            18.92278,
            0
          ],
          [
            -99.20969,
            18.92278,
            0
          ],
          [
            -99.20964,
            18.92279,
            0
          ],
          [
            -99.20953,
            18.92285,
            0
          ],
          [
            -99.20944,
            18.92294,
            0
          ],
          [
            -99.20941,
            18.92299,
            0
          ],
          [
            -99.20912,
            18.92291,
            0
          ],
          [
            -99.20868,
            18.92263,
            0
          ],
          [
            -99.20828,
            18.92228,
            0
          ],
          [
            -99.20781,
            18.92194,
            0
          ],
          [
            -99.2075,
            18.92177,
            0
          ],
          [
            -99.20732,
            18.9217,
            0
          ],
          [
            -99.20723,
            18.92168,
            0
          ],
          [
            -99.20721,
            18.92168,
            0
          ],
          [
            -99.20691,
            18.92162,
            0
          ],
          [
            -99.20582,
            18.92148,
            0
          ],
          [
            -99.20528,
            18.92134,
            0
          ],
          [
            -99.20481,
            18.92126,
            0
          ],
          [
            -99.20454,
            18.92125,
            0
          ],
          [
            -99.20409,
            18.92118,
            0
          ],
          [
            -99.20366,
            18.92106,
            0
          ],
          [
            -99.20332,
            18.92099,
            0
          ],
          [
            -99.2026,
            18.9209,
            0
          ],
          [
            -99.20248,
            18.9209,
            0
          ],
          [
            -99.20239,
            18.92089,
            0
          ],
          [
            -99.20215,
            18.9209,
            0
          ],
          [
            -99.20198,
            18.92088,
            0
          ],
          [
            -99.20189,
            18.92078,
            0
          ],
          [
            -99.20179,
            18.92074,
            0
          ],
          [
            -99.20159,
            18.92069,
            0
          ],
          [
            -99.20079,
            18.92083,
            0
          ],
          [
            -99.20033,
            18.92082,
            0
          ],
          [
            -99.20015,
            18.9208,
            0
          ],
          [
            -99.19968,
            18.92068,
            0
          ],
          [
            -99.19972,
            18.9206,
            0
          ],
          [
            -99.20016,
            18.91849,
            0
          ],
          [
            -99.20042,
            18.91653,
            0
          ],
          [
            -99.20042,
            18.91646,
            0
          ],
          [
            -99.2007,
            18.91436,
            0
          ],
          [
            -99.19934,
            18.91421,
            0
          ],
          [
            -99.19911,
            18.91617,
            0
          ],
          [
            -99.19911,
            18.91637,
            0
          ],
          [
            -99.19838,
            18.91626,
            0
          ],
          [
            -99.19348,
            18.9157,
            0
          ],
          [
            -99.19255,
            18.91541,
            0
          ],
          [
            -99.19214,
            18.91525,
            0
          ],
          [
            -99.19199,
            18.91516,
            0
          ],
          [
            -99.19209,
            18.91475,
            0
          ],
          [
            -99.19132,
            18.91472,
            0
          ],
          [
            -99.18927,
            18.9145,
            0
          ],
          [
            -99.18916,
            18.91423,
            0
          ],
          [
            -99.1891,
            18.91371,
            0
          ],
          [
            -99.18907,
            18.91322,
            0
          ],
          [
            -99.18908,
            18.91262,
            0
          ],
          [
            -99.18912,
            18.91231,
            0
          ],
          [
            -99.18936,
            18.91157,
            0
          ],
          [
            -99.18829,
            18.91135,
            0
          ],
          [
            -99.18822,
            18.91154,
            0
          ],
          [
            -99.18807,
            18.91218,
            0
          ],
          [
            -99.18804,
            18.91251,
            0
          ],
          [
            -99.18802,
            18.91261,
            0
          ],
          [
            -99.18643,
            18.91248,
            0
          ],
          [
            -99.18645,
            18.91215,
            0
          ],
          [
            -99.18654,
            18.91158,
            0
          ],
          [
            -99.18654,
            18.91152,
            0
          ],
          [
            -99.18656,
            18.91146,
            0
          ],
          [
            -99.18658,
            18.91128,
            0
          ],
          [
            -99.18655,
            18.91125,
            0
          ],
          [
            -99.1865,
            18.91118,
            0
          ],
          [
            -99.18562,
            18.91062,
            0
          ],
          [
            -99.18671,
            18.90932,
            0
          ],
          [
            -99.18682,
            18.90912,
            0
          ],
          [
            -99.18696,
            18.90874,
            0
          ],
          [
            -99.18712,
            18.90795,
            0
          ],
          [
            -99.18582,
            18.90695,
            0
          ],
          [
            -99.18522,
            18.90658,
            0
          ],
          [
            -99.18353,
            18.90526,
            0
          ],
          [
            -99.18308,
            18.90485,
            0
          ],
          [
            -99.18307,
            18.90545,
            0
          ],
          [
            -99.18275,
            18.90532,
            0
          ],
          [
            -99.1827,
            18.90531,
            0
          ],
          [
            -99.1826,
            18.90532,
            0
          ],
          [
            -99.18238,
            18.90537,
            0
          ],
          [
            -99.18232,
            18.90521,
            0
          ],
          [
            -99.18132,
            18.90541,
            0
          ],
          [
            -99.18098,
            18.90482,
            0
          ]
        ]
      },
      "properties": {
        "name": "2. CAMPO SOTELO-COL. BUGAMBILIAS",
        "description": {
          "@type": "html",
          "value": "descripción: <br>OID: 420<br>ZONA: CENTRO<br>RUTA: RUTA 14<br>ITINERARIO: 2. CAMPO SOTELO-COL. BUGAMBILIAS<br>DESCRIPCIO: CAMPO SOTELO-COL. BUGAMBILIAS<br>AUTO-AMPL: ITINERARIO<br>DEFIN-PROV: DEFINITIVOS<br>DURACION: DEFINITIVA<br>FOLIO: SGG/DGT/SDP/000324/97"
        },
        "styleUrl": "#line-795548-1200",
        "stroke-opacity": 1,
        "stroke": "#795548",
        "stroke-width": 1.2,
        "descripción": "",
        "OID": "420",
        "ZONA": "CENTRO",
        "RUTA": "RUTA 14",
        "ITINERARIO": "2. CAMPO SOTELO-COL. BUGAMBILIAS",
        "DESCRIPCIO": "CAMPO SOTELO-COL. BUGAMBILIAS",
        "AUTO-AMPL": "ITINERARIO",
        "DEFIN-PROV": "DEFINITIVOS",
        "DURACION": "DEFINITIVA",
        "FOLIO": "SGG/DGT/SDP/000324/97"
      }
    },
    {
      "type": "Feature",
      "geometry": {
        "type": "LineString",
        "coordinates": [
          [
            -99.18099,
            18.90484,
            0
          ],
          [
            -99.18132,
            18.90541,
            0
          ],
          [
            -99.18232,
            18.90521,
            0
          ],
          [
            -99.18238,
            18.90537,
            0
          ],
          [
            -99.1826,
            18.90532,
            0
          ],
          [
            -99.1827,
            18.90531,
            0
          ],
          [
            -99.18275,
            18.90532,
            0
          ],
          [
            -99.18307,
            18.90545,
            0
          ],
          [
            -99.18333,
            18.90774,
            0
          ],
          [
            -99.18337,
            18.90787,
            0
          ],
          [
            -99.18342,
            18.90795,
            0
          ],
          [
            -99.18346,
            18.90799,
            0
          ],
          [
            -99.18355,
            18.90805,
            0
          ],
          [
            -99.18382,
            18.90819,
            0
          ],
          [
            -99.18382,
            18.90823,
            0
          ],
          [
            -99.18354,
            18.90987,
            0
          ],
          [
            -99.1838,
            18.90992,
            0
          ],
          [
            -99.18382,
            18.90993,
            0
          ],
          [
            -99.18383,
            18.90993,
            0
          ],
          [
            -99.18384,
            18.90994,
            0
          ],
          [
            -99.18384,
            18.90995,
            0
          ],
          [
            -99.18385,
            18.90997,
            0
          ],
          [
            -99.18382,
            18.91009,
            0
          ],
          [
            -99.18517,
            18.91042,
            0
          ],
          [
            -99.18562,
            18.91062,
            0
          ],
          [
            -99.1865,
            18.91118,
            0
          ],
          [
            -99.18655,
            18.91125,
            0
          ],
          [
            -99.18658,
            18.91128,
            0
          ],
          [
            -99.18656,
            18.91146,
            0
          ],
          [
            -99.18654,
            18.91152,
            0
          ],
          [
            -99.18654,
            18.91158,
            0
          ],
          [
            -99.18645,
            18.91215,
            0
          ],
          [
            -99.18643,
            18.91248,
            0
          ],
          [
            -99.18802,
            18.91261,
            0
          ],
          [
            -99.18804,
            18.91251,
            0
          ],
          [
            -99.18807,
            18.91218,
            0
          ],
          [
            -99.18822,
            18.91154,
            0
          ],
          [
            -99.18829,
            18.91135,
            0
          ],
          [
            -99.19165,
            18.91201,
            0
          ],
          [
            -99.1941,
            18.91221,
            0
          ],
          [
            -99.19421,
            18.91221,
            0
          ],
          [
            -99.20102,
            18.91058,
            0
          ],
          [
            -99.20111,
            18.9109,
            0
          ],
          [
            -99.20202,
            18.91087,
            0
          ],
          [
            -99.2024,
            18.91088,
            0
          ],
          [
            -99.20247,
            18.91004,
            0
          ],
          [
            -99.20248,
            18.91002,
            0
          ],
          [
            -99.20248,
            18.91001,
            0
          ],
          [
            -99.2025,
            18.90999,
            0
          ],
          [
            -99.20251,
            18.90999,
            0
          ],
          [
            -99.20272,
            18.90991,
            0
          ],
          [
            -99.20307,
            18.90984,
            0
          ],
          [
            -99.20341,
            18.9097,
            0
          ],
          [
            -99.2037,
            18.90951,
            0
          ],
          [
            -99.20387,
            18.90937,
            0
          ],
          [
            -99.204,
            18.90919,
            0
          ],
          [
            -99.20404,
            18.90915,
            0
          ],
          [
            -99.20424,
            18.90928,
            0
          ],
          [
            -99.20424,
            18.90929,
            0
          ],
          [
            -99.20425,
            18.90931,
            0
          ],
          [
            -99.20429,
            18.90948,
            0
          ],
          [
            -99.20443,
            18.91057,
            0
          ],
          [
            -99.2045,
            18.9115,
            0
          ],
          [
            -99.20437,
            18.91145,
            0
          ],
          [
            -99.20365,
            18.91125,
            0
          ],
          [
            -99.20333,
            18.91229,
            0
          ],
          [
            -99.20143,
            18.91786,
            0
          ],
          [
            -99.2012,
            18.91874,
            0
          ],
          [
            -99.20089,
            18.91864,
            0
          ],
          [
            -99.20016,
            18.91849,
            0
          ],
          [
            -99.19813,
            18.91824,
            0
          ],
          [
            -99.19788,
            18.91995,
            0
          ],
          [
            -99.19777,
            18.9203,
            0
          ],
          [
            -99.19786,
            18.92032,
            0
          ],
          [
            -99.19855,
            18.92055,
            0
          ],
          [
            -99.19909,
            18.92081,
            0
          ],
          [
            -99.19922,
            18.92094,
            0
          ],
          [
            -99.19931,
            18.92112,
            0
          ],
          [
            -99.19937,
            18.92118,
            0
          ],
          [
            -99.19945,
            18.92122,
            0
          ],
          [
            -99.19977,
            18.92112,
            0
          ],
          [
            -99.20024,
            18.92105,
            0
          ],
          [
            -99.20058,
            18.9211,
            0
          ],
          [
            -99.20064,
            18.92113,
            0
          ],
          [
            -99.20069,
            18.92114,
            0
          ],
          [
            -99.2008,
            18.92114,
            0
          ],
          [
            -99.20131,
            18.92125,
            0
          ],
          [
            -99.20155,
            18.92124,
            0
          ],
          [
            -99.202,
            18.92111,
            0
          ],
          [
            -99.20219,
            18.92107,
            0
          ],
          [
            -99.2023,
            18.92106,
            0
          ],
          [
            -99.2028,
            18.92106,
            0
          ],
          [
            -99.20293,
            18.92103,
            0
          ],
          [
            -99.20387,
            18.92126,
            0
          ],
          [
            -99.20411,
            18.92134,
            0
          ],
          [
            -99.2044,
            18.92148,
            0
          ],
          [
            -99.20445,
            18.92152,
            0
          ],
          [
            -99.20476,
            18.92165,
            0
          ],
          [
            -99.205,
            18.92171,
            0
          ],
          [
            -99.2051,
            18.92171,
            0
          ],
          [
            -99.20529,
            18.92169,
            0
          ],
          [
            -99.20625,
            18.92166,
            0
          ],
          [
            -99.20705,
            18.92176,
            0
          ],
          [
            -99.20739,
            18.92186,
            0
          ],
          [
            -99.20762,
            18.92196,
            0
          ],
          [
            -99.20785,
            18.9221,
            0
          ],
          [
            -99.20873,
            18.92282,
            0
          ],
          [
            -99.20912,
            18.92302,
            0
          ],
          [
            -99.20938,
            18.92312,
            0
          ],
          [
            -99.20938,
            18.92321,
            0
          ],
          [
            -99.20939,
            18.92325,
            0
          ],
          [
            -99.20943,
            18.92334,
            0
          ],
          [
            -99.20949,
            18.92341,
            0
          ],
          [
            -99.20955,
            18.92346,
            0
          ],
          [
            -99.20958,
            18.92347,
            0
          ],
          [
            -99.20961,
            18.92349,
            0
          ],
          [
            -99.20971,
            18.92352,
            0
          ],
          [
            -99.20983,
            18.92352,
            0
          ],
          [
            -99.20988,
            18.92351,
            0
          ],
          [
            -99.20993,
            18.92349,
            0
          ],
          [
            -99.21007,
            18.9234,
            0
          ],
          [
            -99.21014,
            18.92329,
            0
          ],
          [
            -99.21014,
            18.92328,
            0
          ],
          [
            -99.21015,
            18.92326,
            0
          ],
          [
            -99.21015,
            18.92325,
            0
          ],
          [
            -99.21016,
            18.92323,
            0
          ],
          [
            -99.21016,
            18.92318,
            0
          ],
          [
            -99.21037,
            18.92306,
            0
          ],
          [
            -99.21046,
            18.92299,
            0
          ],
          [
            -99.21072,
            18.92287,
            0
          ],
          [
            -99.21094,
            18.92271,
            0
          ],
          [
            -99.21118,
            18.92245,
            0
          ],
          [
            -99.21126,
            18.92231,
            0
          ],
          [
            -99.21146,
            18.92187,
            0
          ],
          [
            -99.21165,
            18.92076,
            0
          ],
          [
            -99.21168,
            18.92068,
            0
          ],
          [
            -99.21177,
            18.92056,
            0
          ],
          [
            -99.21185,
            18.92051,
            0
          ],
          [
            -99.21195,
            18.92049,
            0
          ],
          [
            -99.21201,
            18.92049,
            0
          ],
          [
            -99.21387,
            18.92076,
            0
          ],
          [
            -99.21413,
            18.92082,
            0
          ],
          [
            -99.21428,
            18.92087,
            0
          ],
          [
            -99.21455,
            18.921,
            0
          ],
          [
            -99.21473,
            18.92105,
            0
          ],
          [
            -99.21491,
            18.92108,
            0
          ],
          [
            -99.21512,
            18.92108,
            0
          ],
          [
            -99.21574,
            18.92103,
            0
          ],
          [
            -99.21686,
            18.92081,
            0
          ],
          [
            -99.21706,
            18.92074,
            0
          ],
          [
            -99.21741,
            18.92057,
            0
          ],
          [
            -99.21755,
            18.92054,
            0
          ],
          [
            -99.21789,
            18.92054,
            0
          ],
          [
            -99.21901,
            18.92048,
            0
          ],
          [
            -99.21943,
            18.92038,
            0
          ],
          [
            -99.22103,
            18.9203,
            0
          ],
          [
            -99.22127,
            18.92027,
            0
          ],
          [
            -99.22248,
            18.91982,
            0
          ],
          [
            -99.2227,
            18.91977,
            0
          ],
          [
            -99.22292,
            18.91976,
            0
          ],
          [
            -99.2236,
            18.91983,
            0
          ],
          [
            -99.22617,
            18.92088,
            0
          ],
          [
            -99.22728,
            18.92129,
            0
          ],
          [
            -99.22858,
            18.92182,
            0
          ],
          [
            -99.22908,
            18.92197,
            0
          ],
          [
            -99.22956,
            18.92206,
            0
          ],
          [
            -99.22965,
            18.92206,
            0
          ],
          [
            -99.22998,
            18.92195,
            0
          ],
          [
            -99.23005,
            18.92195,
            0
          ],
          [
            -99.23012,
            18.92194,
            0
          ],
          [
            -99.23082,
            18.92196,
            0
          ],
          [
            -99.23102,
            18.92195,
            0
          ],
          [
            -99.2311,
            18.92198,
            0
          ],
          [
            -99.23118,
            18.92208,
            0
          ],
          [
            -99.2312,
            18.92214,
            0
          ],
          [
            -99.2312,
            18.92216,
            0
          ],
          [
            -99.23121,
            18.92217,
            0
          ],
          [
            -99.23122,
            18.92262,
            0
          ],
          [
            -99.23123,
            18.9227,
            0
          ],
          [
            -99.23122,
            18.92278,
            0
          ],
          [
            -99.23113,
            18.92299,
            0
          ],
          [
            -99.23101,
            18.92312,
            0
          ],
          [
            -99.23101,
            18.92313,
            0
          ],
          [
            -99.231,
            18.92314,
            0
          ],
          [
            -99.231,
            18.92319,
            0
          ],
          [
            -99.23121,
            18.9238,
            0
          ],
          [
            -99.23136,
            18.92384,
            0
          ],
          [
            -99.23149,
            18.92384,
            0
          ],
          [
            -99.23158,
            18.9238,
            0
          ],
          [
            -99.23161,
            18.92377,
            0
          ],
          [
            -99.23163,
            18.92376,
            0
          ],
          [
            -99.23169,
            18.92368,
            0
          ],
          [
            -99.2313,
            18.92329,
            0
          ],
          [
            -99.23129,
            18.92327,
            0
          ],
          [
            -99.23127,
            18.92325,
            0
          ],
          [
            -99.23126,
            18.92323,
            0
          ],
          [
            -99.23124,
            18.92321,
            0
          ],
          [
            -99.23122,
            18.92317,
            0
          ],
          [
            -99.23122,
            18.92315,
            0
          ],
          [
            -99.23121,
            18.92313,
            0
          ],
          [
            -99.23121,
            18.92309,
            0
          ],
          [
            -99.2312,
            18.92308,
            0
          ],
          [
            -99.2312,
            18.92307,
            0
          ],
          [
            -99.23121,
            18.92306,
            0
          ],
          [
            -99.23121,
            18.92305,
            0
          ],
          [
            -99.23127,
            18.9229,
            0
          ],
          [
            -99.23129,
            18.92287,
            0
          ],
          [
            -99.23131,
            18.92266,
            0
          ],
          [
            -99.2313,
            18.92227,
            0
          ],
          [
            -99.23134,
            18.92219,
            0
          ],
          [
            -99.23135,
            18.92218,
            0
          ],
          [
            -99.23136,
            18.92214,
            0
          ],
          [
            -99.23138,
            18.92212,
            0
          ],
          [
            -99.23139,
            18.92212,
            0
          ],
          [
            -99.23145,
            18.92209,
            0
          ],
          [
            -99.23153,
            18.92207,
            0
          ],
          [
            -99.23155,
            18.92206,
            0
          ],
          [
            -99.23157,
            18.92206,
            0
          ],
          [
            -99.23171,
            18.92201,
            0
          ],
          [
            -99.23176,
            18.922,
            0
          ],
          [
            -99.23188,
            18.92193,
            0
          ],
          [
            -99.23208,
            18.92186,
            0
          ],
          [
            -99.2331,
            18.92163,
            0
          ],
          [
            -99.23263,
            18.91721,
            0
          ],
          [
            -99.23231,
            18.91556,
            0
          ],
          [
            -99.23201,
            18.91437,
            0
          ],
          [
            -99.23189,
            18.91376,
            0
          ],
          [
            -99.2317,
            18.91302,
            0
          ],
          [
            -99.23165,
            18.91261,
            0
          ],
          [
            -99.23126,
            18.91084,
            0
          ],
          [
            -99.23114,
            18.91043,
            0
          ],
          [
            -99.23109,
            18.91033,
            0
          ],
          [
            -99.23042,
            18.90933,
            0
          ],
          [
            -99.22976,
            18.90873,
            0
          ],
          [
            -99.22947,
            18.9084,
            0
          ],
          [
            -99.22939,
            18.90823,
            0
          ],
          [
            -99.22923,
            18.90761,
            0
          ],
          [
            -99.2292,
            18.90754,
            0
          ],
          [
            -99.22914,
            18.90744,
            0
          ],
          [
            -99.22908,
            18.90738,
            0
          ],
          [
            -99.229,
            18.90733,
            0
          ],
          [
            -99.22891,
            18.9073,
            0
          ],
          [
            -99.22876,
            18.9073,
            0
          ],
          [
            -99.22791,
            18.90754,
            0
          ],
          [
            -99.2278,
            18.90709,
            0
          ],
          [
            -99.22764,
            18.90658,
            0
          ],
          [
            -99.22763,
            18.90652,
            0
          ],
          [
            -99.22746,
            18.90595,
            0
          ],
          [
            -99.227,
            18.90415,
            0
          ],
          [
            -99.22673,
            18.90338,
            0
          ],
          [
            -99.225,
            18.90035,
            0
          ],
          [
            -99.22452,
            18.89929,
            0
          ],
          [
            -99.22436,
            18.8988,
            0
          ],
          [
            -99.22431,
            18.8987,
            0
          ],
          [
            -99.22426,
            18.89855,
            0
          ],
          [
            -99.22421,
            18.89845,
            0
          ],
          [
            -99.22423,
            18.89822,
            0
          ],
          [
            -99.22422,
            18.89818,
            0
          ],
          [
            -99.22416,
            18.89809,
            0
          ],
          [
            -99.22413,
            18.89807,
            0
          ],
          [
            -99.2241,
            18.89803,
            0
          ],
          [
            -99.22344,
            18.89597,
            0
          ],
          [
            -99.22344,
            18.89596,
            0
          ],
          [
            -99.22321,
            18.89521,
            0
          ],
          [
            -99.22314,
            18.89503,
            0
          ],
          [
            -99.22229,
            18.89237,
            0
          ],
          [
            -99.22209,
            18.8919,
            0
          ],
          [
            -99.22106,
            18.89034,
            0
          ],
          [
            -99.22091,
            18.89017,
            0
          ],
          [
            -99.22041,
            18.88946,
            0
          ],
          [
            -99.22027,
            18.88923,
            0
          ],
          [
            -99.21909,
            18.88754,
            0
          ],
          [
            -99.21907,
            18.88748,
            0
          ],
          [
            -99.21906,
            18.88742,
            0
          ],
          [
            -99.21904,
            18.88736,
            0
          ],
          [
            -99.21905,
            18.88736,
            0
          ],
          [
            -99.21906,
            18.88735,
            0
          ],
          [
            -99.21906,
            18.88734,
            0
          ],
          [
            -99.21907,
            18.88732,
            0
          ],
          [
            -99.21907,
            18.8873,
            0
          ],
          [
            -99.21908,
            18.88729,
            0
          ],
          [
            -99.21908,
            18.88726,
            0
          ],
          [
            -99.21907,
            18.88724,
            0
          ],
          [
            -99.21907,
            18.88722,
            0
          ],
          [
            -99.21906,
            18.88721,
            0
          ],
          [
            -99.21906,
            18.8872,
            0
          ],
          [
            -99.21905,
            18.88719,
            0
          ],
          [
            -99.21904,
            18.88717,
            0
          ],
          [
            -99.21903,
            18.88717,
            0
          ],
          [
            -99.21902,
            18.88716,
            0
          ],
          [
            -99.21902,
            18.88715,
            0
          ],
          [
            -99.21901,
            18.88715,
            0
          ],
          [
            -99.219,
            18.88714,
            0
          ],
          [
            -99.21899,
            18.88714,
            0
          ],
          [
            -99.21898,
            18.88713,
            0
          ],
          [
            -99.21897,
            18.88713,
            0
          ],
          [
            -99.21895,
            18.88692,
            0
          ],
          [
            -99.21933,
            18.88295,
            0
          ],
          [
            -99.21937,
            18.88284,
            0
          ],
          [
            -99.21939,
            18.88282,
            0
          ],
          [
            -99.21941,
            18.88278,
            0
          ],
          [
            -99.21993,
            18.88234,
            0
          ],
          [
            -99.22018,
            18.88216,
            0
          ],
          [
            -99.22028,
            18.88205,
            0
          ],
          [
            -99.22044,
            18.88184,
            0
          ],
          [
            -99.22054,
            18.88153,
            0
          ],
          [
            -99.22059,
            18.88097,
            0
          ],
          [
            -99.22063,
            18.88082,
            0
          ],
          [
            -99.22072,
            18.88067,
            0
          ],
          [
            -99.22095,
            18.88042,
            0
          ],
          [
            -99.22096,
            18.88039,
            0
          ],
          [
            -99.221,
            18.88035,
            0
          ],
          [
            -99.22102,
            18.8803,
            0
          ],
          [
            -99.22102,
            18.88027,
            0
          ],
          [
            -99.22103,
            18.88025,
            0
          ],
          [
            -99.22102,
            18.88021,
            0
          ],
          [
            -99.22083,
            18.87979,
            0
          ],
          [
            -99.22077,
            18.87957,
            0
          ],
          [
            -99.2208,
            18.87945,
            0
          ],
          [
            -99.22086,
            18.87935,
            0
          ],
          [
            -99.22098,
            18.87921,
            0
          ],
          [
            -99.22109,
            18.87902,
            0
          ],
          [
            -99.22113,
            18.87888,
            0
          ],
          [
            -99.22115,
            18.87859,
            0
          ],
          [
            -99.22117,
            18.87855,
            0
          ],
          [
            -99.22119,
            18.87853,
            0
          ],
          [
            -99.2212,
            18.87851,
            0
          ],
          [
            -99.22123,
            18.87848,
            0
          ],
          [
            -99.22125,
            18.87847,
            0
          ],
          [
            -99.22126,
            18.87846,
            0
          ],
          [
            -99.22128,
            18.87845,
            0
          ],
          [
            -99.2213,
            18.87843,
            0
          ],
          [
            -99.22147,
            18.87836,
            0
          ],
          [
            -99.22181,
            18.87827,
            0
          ],
          [
            -99.22185,
            18.87824,
            0
          ],
          [
            -99.22189,
            18.87822,
            0
          ],
          [
            -99.22202,
            18.87812,
            0
          ],
          [
            -99.22208,
            18.87806,
            0
          ],
          [
            -99.22214,
            18.87794,
            0
          ],
          [
            -99.22217,
            18.8778,
            0
          ],
          [
            -99.22217,
            18.87767,
            0
          ],
          [
            -99.22193,
            18.87718,
            0
          ],
          [
            -99.2217,
            18.87643,
            0
          ],
          [
            -99.22163,
            18.87631,
            0
          ],
          [
            -99.22155,
            18.87623,
            0
          ],
          [
            -99.22149,
            18.87619,
            0
          ],
          [
            -99.22107,
            18.87598,
            0
          ],
          [
            -99.22065,
            18.87574,
            0
          ],
          [
            -99.22021,
            18.87545,
            0
          ],
          [
            -99.22012,
            18.87537,
            0
          ],
          [
            -99.22006,
            18.87534,
            0
          ],
          [
            -99.21991,
            18.87529,
            0
          ],
          [
            -99.21982,
            18.87522,
            0
          ],
          [
            -99.21971,
            18.87505,
            0
          ],
          [
            -99.21964,
            18.8749,
            0
          ],
          [
            -99.21962,
            18.87474,
            0
          ],
          [
            -99.21951,
            18.87447,
            0
          ],
          [
            -99.21911,
            18.87369,
            0
          ],
          [
            -99.21912,
            18.87368,
            0
          ],
          [
            -99.21913,
            18.87368,
            0
          ],
          [
            -99.21916,
            18.87365,
            0
          ],
          [
            -99.21916,
            18.87364,
            0
          ],
          [
            -99.21918,
            18.87362,
            0
          ],
          [
            -99.21919,
            18.87359,
            0
          ],
          [
            -99.21919,
            18.87356,
            0
          ],
          [
            -99.2192,
            18.87354,
            0
          ],
          [
            -99.2192,
            18.87351,
            0
          ],
          [
            -99.21919,
            18.87349,
            0
          ],
          [
            -99.21919,
            18.87346,
            0
          ],
          [
            -99.21916,
            18.87339,
            0
          ],
          [
            -99.21912,
            18.87335,
            0
          ],
          [
            -99.2191,
            18.87334,
            0
          ],
          [
            -99.21908,
            18.87332,
            0
          ],
          [
            -99.219,
            18.87329,
            0
          ],
          [
            -99.21898,
            18.87329,
            0
          ],
          [
            -99.21895,
            18.87328,
            0
          ],
          [
            -99.21892,
            18.87328,
            0
          ],
          [
            -99.21886,
            18.87317,
            0
          ],
          [
            -99.21864,
            18.87302,
            0
          ],
          [
            -99.21849,
            18.87288,
            0
          ],
          [
            -99.2182,
            18.87274,
            0
          ],
          [
            -99.218,
            18.87269,
            0
          ],
          [
            -99.2178,
            18.87271,
            0
          ],
          [
            -99.21279,
            18.87386,
            0
          ],
          [
            -99.2127,
            18.87392,
            0
          ],
          [
            -99.2127,
            18.8739,
            0
          ],
          [
            -99.21269,
            18.87389,
            0
          ],
          [
            -99.21269,
            18.87388,
            0
          ],
          [
            -99.21267,
            18.87386,
            0
          ],
          [
            -99.21266,
            18.87386,
            0
          ],
          [
            -99.21266,
            18.87385,
            0
          ],
          [
            -99.21265,
            18.87385,
            0
          ],
          [
            -99.21264,
            18.87384,
            0
          ],
          [
            -99.21257,
            18.87384,
            0
          ],
          [
            -99.21256,
            18.87385,
            0
          ],
          [
            -99.21255,
            18.87385,
            0
          ],
          [
            -99.21255,
            18.87386,
            0
          ],
          [
            -99.21254,
            18.87386,
            0
          ],
          [
            -99.21252,
            18.87388,
            0
          ],
          [
            -99.21252,
            18.8739,
            0
          ],
          [
            -99.21222,
            18.87391,
            0
          ],
          [
            -99.21134,
            18.8738,
            0
          ],
          [
            -99.21129,
            18.87378,
            0
          ],
          [
            -99.21127,
            18.87375,
            0
          ],
          [
            -99.21124,
            18.87372,
            0
          ],
          [
            -99.21122,
            18.87369,
            0
          ],
          [
            -99.21129,
            18.87293,
            0
          ],
          [
            -99.21127,
            18.87282,
            0
          ],
          [
            -99.21111,
            18.87283,
            0
          ],
          [
            -99.21105,
            18.8728,
            0
          ],
          [
            -99.21024,
            18.87282,
            0
          ],
          [
            -99.21002,
            18.86896,
            0
          ],
          [
            -99.2101,
            18.86884,
            0
          ],
          [
            -99.21013,
            18.86876,
            0
          ],
          [
            -99.21012,
            18.86863,
            0
          ],
          [
            -99.2101,
            18.86859,
            0
          ],
          [
            -99.21008,
            18.86857,
            0
          ],
          [
            -99.21004,
            18.86851,
            0
          ],
          [
            -99.21,
            18.86847,
            0
          ],
          [
            -99.20991,
            18.86679,
            0
          ],
          [
            -99.20823,
            18.86619,
            0
          ],
          [
            -99.20763,
            18.86602,
            0
          ],
          [
            -99.20645,
            18.86592,
            0
          ],
          [
            -99.20627,
            18.86588,
            0
          ],
          [
            -99.20584,
            18.86575,
            0
          ],
          [
            -99.20567,
            18.86567,
            0
          ],
          [
            -99.20479,
            18.86503,
            0
          ],
          [
            -99.20461,
            18.86486,
            0
          ],
          [
            -99.20458,
            18.8648,
            0
          ],
          [
            -99.20453,
            18.86461,
            0
          ],
          [
            -99.20444,
            18.86406,
            0
          ],
          [
            -99.2043,
            18.86361,
            0
          ],
          [
            -99.20408,
            18.86308,
            0
          ],
          [
            -99.20398,
            18.86247,
            0
          ],
          [
            -99.20393,
            18.8618,
            0
          ],
          [
            -99.20396,
            18.86162,
            0
          ],
          [
            -99.204,
            18.86149,
            0
          ],
          [
            -99.20418,
            18.8611,
            0
          ],
          [
            -99.20421,
            18.86106,
            0
          ],
          [
            -99.20423,
            18.861,
            0
          ],
          [
            -99.20424,
            18.86091,
            0
          ],
          [
            -99.20416,
            18.86038,
            0
          ],
          [
            -99.20404,
            18.85983,
            0
          ],
          [
            -99.20383,
            18.85915,
            0
          ],
          [
            -99.20369,
            18.8586,
            0
          ],
          [
            -99.20356,
            18.85829,
            0
          ],
          [
            -99.20354,
            18.85827,
            0
          ],
          [
            -99.20352,
            18.85822,
            0
          ],
          [
            -99.20323,
            18.85776,
            0
          ],
          [
            -99.20315,
            18.85768,
            0
          ],
          [
            -99.20301,
            18.8576,
            0
          ],
          [
            -99.20243,
            18.85701,
            0
          ],
          [
            -99.20232,
            18.85693,
            0
          ],
          [
            -99.20216,
            18.85684,
            0
          ],
          [
            -99.20203,
            18.85679,
            0
          ],
          [
            -99.20091,
            18.85652,
            0
          ],
          [
            -99.20053,
            18.85646,
            0
          ],
          [
            -99.20037,
            18.85646,
            0
          ],
          [
            -99.20025,
            18.85643,
            0
          ],
          [
            -99.2002,
            18.85643,
            0
          ],
          [
            -99.20009,
            18.85638,
            0
          ],
          [
            -99.19999,
            18.85629,
            0
          ],
          [
            -99.19973,
            18.85586,
            0
          ],
          [
            -99.19967,
            18.85582,
            0
          ],
          [
            -99.1995,
            18.85574,
            0
          ],
          [
            -99.19926,
            18.85571,
            0
          ],
          [
            -99.199,
            18.85553,
            0
          ],
          [
            -99.19894,
            18.8554,
            0
          ],
          [
            -99.19891,
            18.8553,
            0
          ],
          [
            -99.19889,
            18.85486,
            0
          ],
          [
            -99.19885,
            18.85453,
            0
          ],
          [
            -99.19878,
            18.85424,
            0
          ],
          [
            -99.19871,
            18.85411,
            0
          ],
          [
            -99.19863,
            18.85402,
            0
          ],
          [
            -99.19827,
            18.85378,
            0
          ],
          [
            -99.19789,
            18.85347,
            0
          ],
          [
            -99.19779,
            18.85335,
            0
          ],
          [
            -99.19744,
            18.85267,
            0
          ],
          [
            -99.19716,
            18.85251,
            0
          ],
          [
            -99.19571,
            18.85181,
            0
          ],
          [
            -99.19501,
            18.85155,
            0
          ],
          [
            -99.19473,
            18.85138,
            0
          ],
          [
            -99.1945,
            18.85117,
            0
          ],
          [
            -99.19402,
            18.85049,
            0
          ],
          [
            -99.19268,
            18.84936,
            0
          ],
          [
            -99.19251,
            18.84914,
            0
          ],
          [
            -99.19221,
            18.84842,
            0
          ],
          [
            -99.19202,
            18.8481,
            0
          ],
          [
            -99.19169,
            18.8478,
            0
          ],
          [
            -99.19133,
            18.84751,
            0
          ],
          [
            -99.19126,
            18.84744,
            0
          ],
          [
            -99.19061,
            18.84692,
            0
          ],
          [
            -99.19027,
            18.84661,
            0
          ],
          [
            -99.19022,
            18.84658,
            0
          ],
          [
            -99.18739,
            18.84425,
            0
          ],
          [
            -99.18716,
            18.84402,
            0
          ],
          [
            -99.1861,
            18.84319,
            0
          ],
          [
            -99.18614,
            18.84311,
            0
          ],
          [
            -99.18619,
            18.84294,
            0
          ],
          [
            -99.18618,
            18.84262,
            0
          ],
          [
            -99.18616,
            18.84249,
            0
          ],
          [
            -99.18613,
            18.84239,
            0
          ],
          [
            -99.18604,
            18.84219,
            0
          ],
          [
            -99.1859,
            18.84175,
            0
          ],
          [
            -99.18586,
            18.84154,
            0
          ],
          [
            -99.18589,
            18.84128,
            0
          ],
          [
            -99.18621,
            18.84057,
            0
          ],
          [
            -99.18713,
            18.83872,
            0
          ],
          [
            -99.1878,
            18.83896,
            0
          ],
          [
            -99.18798,
            18.83901,
            0
          ],
          [
            -99.18812,
            18.83903,
            0
          ],
          [
            -99.1882,
            18.83903,
            0
          ],
          [
            -99.18917,
            18.83915,
            0
          ],
          [
            -99.18921,
            18.83917,
            0
          ],
          [
            -99.18932,
            18.8392,
            0
          ],
          [
            -99.19016,
            18.83958,
            0
          ],
          [
            -99.19069,
            18.83979,
            0
          ],
          [
            -99.1918,
            18.84009,
            0
          ],
          [
            -99.19191,
            18.84013,
            0
          ],
          [
            -99.19201,
            18.84019,
            0
          ],
          [
            -99.19232,
            18.84049,
            0
          ],
          [
            -99.19243,
            18.84057,
            0
          ],
          [
            -99.1926,
            18.84066,
            0
          ],
          [
            -99.193,
            18.84082,
            0
          ],
          [
            -99.19309,
            18.84087,
            0
          ],
          [
            -99.19376,
            18.84153,
            0
          ],
          [
            -99.19384,
            18.84157,
            0
          ],
          [
            -99.19397,
            18.84167,
            0
          ],
          [
            -99.19406,
            18.8417,
            0
          ],
          [
            -99.19416,
            18.8417,
            0
          ],
          [
            -99.19422,
            18.84169,
            0
          ],
          [
            -99.19435,
            18.84165,
            0
          ],
          [
            -99.19445,
            18.8416,
            0
          ],
          [
            -99.19463,
            18.84155,
            0
          ],
          [
            -99.19471,
            18.84155,
            0
          ],
          [
            -99.19478,
            18.84157,
            0
          ],
          [
            -99.19491,
            18.84166,
            0
          ],
          [
            -99.19557,
            18.84237,
            0
          ],
          [
            -99.19564,
            18.84241,
            0
          ],
          [
            -99.19572,
            18.84242,
            0
          ],
          [
            -99.19583,
            18.84242,
            0
          ],
          [
            -99.19595,
            18.8424,
            0
          ],
          [
            -99.19682,
            18.84212,
            0
          ],
          [
            -99.19695,
            18.84212,
            0
          ],
          [
            -99.1971,
            18.84215,
            0
          ],
          [
            -99.19717,
            18.84218,
            0
          ],
          [
            -99.19744,
            18.84237,
            0
          ],
          [
            -99.19748,
            18.84239,
            0
          ],
          [
            -99.19793,
            18.84273,
            0
          ],
          [
            -99.19803,
            18.84279,
            0
          ],
          [
            -99.19818,
            18.84284,
            0
          ],
          [
            -99.19916,
            18.8428,
            0
          ],
          [
            -99.19977,
            18.84272,
            0
          ],
          [
            -99.20068,
            18.84268,
            0
          ],
          [
            -99.20173,
            18.84277,
            0
          ],
          [
            -99.20173,
            18.8428,
            0
          ],
          [
            -99.20174,
            18.84281,
            0
          ],
          [
            -99.20174,
            18.84283,
            0
          ],
          [
            -99.20175,
            18.84284,
            0
          ],
          [
            -99.20175,
            18.84285,
            0
          ],
          [
            -99.20176,
            18.84285,
            0
          ],
          [
            -99.20176,
            18.84287,
            0
          ],
          [
            -99.20177,
            18.84287,
            0
          ],
          [
            -99.20177,
            18.84288,
            0
          ],
          [
            -99.20178,
            18.84288,
            0
          ],
          [
            -99.2018,
            18.8429,
            0
          ],
          [
            -99.20181,
            18.8429,
            0
          ],
          [
            -99.20182,
            18.84291,
            0
          ],
          [
            -99.20184,
            18.84291,
            0
          ],
          [
            -99.20185,
            18.84292,
            0
          ],
          [
            -99.20189,
            18.84292,
            0
          ],
          [
            -99.2019,
            18.84291,
            0
          ],
          [
            -99.20192,
            18.84291,
            0
          ],
          [
            -99.20193,
            18.8429,
            0
          ],
          [
            -99.20194,
            18.8429,
            0
          ],
          [
            -99.20195,
            18.84289,
            0
          ],
          [
            -99.20196,
            18.84289,
            0
          ],
          [
            -99.20196,
            18.84288,
            0
          ],
          [
            -99.20197,
            18.84288,
            0
          ],
          [
            -99.202,
            18.84285,
            0
          ],
          [
            -99.202,
            18.84284,
            0
          ],
          [
            -99.20201,
            18.84284,
            0
          ],
          [
            -99.20201,
            18.84282,
            0
          ],
          [
            -99.20202,
            18.84282,
            0
          ],
          [
            -99.20202,
            18.84279,
            0
          ],
          [
            -99.20203,
            18.84278,
            0
          ],
          [
            -99.20203,
            18.84277,
            0
          ],
          [
            -99.20202,
            18.84276,
            0
          ],
          [
            -99.20202,
            18.84274,
            0
          ],
          [
            -99.20201,
            18.84273,
            0
          ],
          [
            -99.20201,
            18.84272,
            0
          ],
          [
            -99.20199,
            18.8427,
            0
          ],
          [
            -99.20199,
            18.84269,
            0
          ],
          [
            -99.20198,
            18.84269,
            0
          ],
          [
            -99.20198,
            18.84268,
            0
          ],
          [
            -99.20197,
            18.84268,
            0
          ],
          [
            -99.20196,
            18.84267,
            0
          ],
          [
            -99.20195,
            18.84267,
            0
          ],
          [
            -99.20194,
            18.84266,
            0
          ],
          [
            -99.20193,
            18.84266,
            0
          ],
          [
            -99.20208,
            18.84162,
            0
          ],
          [
            -99.20207,
            18.84126,
            0
          ],
          [
            -99.20197,
            18.84088,
            0
          ],
          [
            -99.20147,
            18.84015,
            0
          ],
          [
            -99.20118,
            18.83978,
            0
          ],
          [
            -99.20011,
            18.83825,
            0
          ],
          [
            -99.20011,
            18.83819,
            0
          ],
          [
            -99.19992,
            18.83779,
            0
          ],
          [
            -99.1999,
            18.83767,
            0
          ],
          [
            -99.19992,
            18.83726,
            0
          ],
          [
            -99.20001,
            18.83666,
            0
          ],
          [
            -99.20006,
            18.83656,
            0
          ],
          [
            -99.20014,
            18.83635,
            0
          ],
          [
            -99.20021,
            18.83626,
            0
          ],
          [
            -99.20027,
            18.83622,
            0
          ],
          [
            -99.20035,
            18.83615,
            0
          ],
          [
            -99.20042,
            18.83611,
            0
          ],
          [
            -99.20074,
            18.836,
            0
          ],
          [
            -99.20096,
            18.83597,
            0
          ],
          [
            -99.20112,
            18.83598,
            0
          ],
          [
            -99.20145,
            18.83607,
            0
          ],
          [
            -99.20167,
            18.83615,
            0
          ],
          [
            -99.20267,
            18.83641,
            0
          ],
          [
            -99.20457,
            18.83677,
            0
          ],
          [
            -99.20476,
            18.83676,
            0
          ],
          [
            -99.20802,
            18.83734,
            0
          ],
          [
            -99.2084,
            18.83743,
            0
          ],
          [
            -99.21039,
            18.8378,
            0
          ],
          [
            -99.21126,
            18.83792,
            0
          ],
          [
            -99.2116,
            18.83792,
            0
          ],
          [
            -99.21289,
            18.83773,
            0
          ],
          [
            -99.21292,
            18.83772,
            0
          ],
          [
            -99.21337,
            18.83767,
            0
          ],
          [
            -99.21346,
            18.83765,
            0
          ],
          [
            -99.21486,
            18.83753,
            0
          ],
          [
            -99.21495,
            18.83756,
            0
          ],
          [
            -99.21506,
            18.83757,
            0
          ],
          [
            -99.21509,
            18.83762,
            0
          ],
          [
            -99.21511,
            18.83764,
            0
          ],
          [
            -99.21509,
            18.83762,
            0
          ],
          [
            -99.21499,
            18.83746,
            0
          ],
          [
            -99.21491,
            18.83729,
            0
          ],
          [
            -99.21488,
            18.83717,
            0
          ],
          [
            -99.21488,
            18.83703,
            0
          ],
          [
            -99.21487,
            18.83697,
            0
          ],
          [
            -99.21478,
            18.83675,
            0
          ],
          [
            -99.21449,
            18.83624,
            0
          ],
          [
            -99.2144,
            18.83586,
            0
          ],
          [
            -99.21436,
            18.83539,
            0
          ],
          [
            -99.21437,
            18.8351,
            0
          ],
          [
            -99.2144,
            18.83486,
            0
          ],
          [
            -99.21447,
            18.83461,
            0
          ],
          [
            -99.21499,
            18.83364,
            0
          ],
          [
            -99.21507,
            18.83339,
            0
          ],
          [
            -99.21507,
            18.83324,
            0
          ],
          [
            -99.21505,
            18.83313,
            0
          ],
          [
            -99.21496,
            18.83293,
            0
          ],
          [
            -99.21492,
            18.83276,
            0
          ],
          [
            -99.21494,
            18.83238,
            0
          ],
          [
            -99.21508,
            18.83237,
            0
          ],
          [
            -99.21512,
            18.83236,
            0
          ],
          [
            -99.21518,
            18.83236,
            0
          ],
          [
            -99.21521,
            18.83237,
            0
          ],
          [
            -99.21524,
            18.83239,
            0
          ],
          [
            -99.21527,
            18.83239,
            0
          ],
          [
            -99.21551,
            18.83235,
            0
          ]
        ]
      },
      "properties": {
        "name": "2. CAMPO SOTELO-COL. BUGAMBILIAS",
        "description": {
          "@type": "html",
          "value": "descripción: <br>OID: 431<br>ZONA: CENTRO<br>RUTA: RUTA 14<br>ITINERARIO: 2. CAMPO SOTELO-COL. BUGAMBILIAS<br>DESCRIPCIO: COL. BUGAMBILIAS-CAMPO SOTELO<br>AUTO-AMPL: ITINERARIO<br>DEFIN-PROV: DEFINITIVOS<br>DURACION: DEFINITIVA<br>FOLIO: SGG/DGT/SDP/000324/97"
        },
        "styleUrl": "#line-E65100-1200",
        "stroke-opacity": 1,
        "stroke": "#e65100",
        "stroke-width": 1.2,
        "descripción": "",
        "OID": "431",
        "ZONA": "CENTRO",
        "RUTA": "RUTA 14",
        "ITINERARIO": "2. CAMPO SOTELO-COL. BUGAMBILIAS",
        "DESCRIPCIO": "COL. BUGAMBILIAS-CAMPO SOTELO",
        "AUTO-AMPL": "ITINERARIO",
        "DEFIN-PROV": "DEFINITIVOS",
        "DURACION": "DEFINITIVA",
        "FOLIO": "SGG/DGT/SDP/000324/97"
      }
    },
    {
      "type": "Feature",
      "geometry": {
        "type": "LineString",
        "coordinates": [
          [
            -99.19579,
            18.8425,
            0
          ],
          [
            -99.19578,
            18.8425,
            0
          ],
          [
            -99.19575,
            18.84255,
            0
          ],
          [
            -99.19568,
            18.8426,
            0
          ],
          [
            -99.19557,
            18.84266,
            0
          ],
          [
            -99.19544,
            18.84274,
            0
          ],
          [
            -99.19537,
            18.84281,
            0
          ],
          [
            -99.19526,
            18.84293,
            0
          ],
          [
            -99.1952,
            18.84304,
            0
          ],
          [
            -99.19514,
            18.84315,
            0
          ],
          [
            -99.1951,
            18.84326,
            0
          ],
          [
            -99.19503,
            18.84348,
            0
          ],
          [
            -99.19501,
            18.8437,
            0
          ],
          [
            -99.19499,
            18.84397,
            0
          ],
          [
            -99.19497,
            18.84442,
            0
          ],
          [
            -99.19498,
            18.8446,
            0
          ],
          [
            -99.19499,
            18.84469,
            0
          ],
          [
            -99.19502,
            18.84475,
            0
          ],
          [
            -99.19503,
            18.84477,
            0
          ],
          [
            -99.19513,
            18.84494,
            0
          ],
          [
            -99.19537,
            18.84519,
            0
          ],
          [
            -99.19577,
            18.84561,
            0
          ],
          [
            -99.19666,
            18.84646,
            0
          ],
          [
            -99.19669,
            18.84648,
            0
          ],
          [
            -99.19676,
            18.84655,
            0
          ],
          [
            -99.19701,
            18.84674,
            0
          ],
          [
            -99.19709,
            18.84678,
            0
          ],
          [
            -99.19714,
            18.8468,
            0
          ],
          [
            -99.19722,
            18.84683,
            0
          ],
          [
            -99.19742,
            18.84687,
            0
          ],
          [
            -99.19819,
            18.847,
            0
          ],
          [
            -99.19825,
            18.84702,
            0
          ],
          [
            -99.19826,
            18.84702,
            0
          ],
          [
            -99.1983,
            18.84705,
            0
          ],
          [
            -99.19835,
            18.8471,
            0
          ],
          [
            -99.19884,
            18.8476,
            0
          ],
          [
            -99.19892,
            18.84768,
            0
          ],
          [
            -99.19937,
            18.84816,
            0
          ],
          [
            -99.19942,
            18.84821,
            0
          ],
          [
            -99.19956,
            18.84841,
            0
          ],
          [
            -99.19962,
            18.84849,
            0
          ],
          [
            -99.19967,
            18.84854,
            0
          ],
          [
            -99.1999,
            18.84879,
            0
          ],
          [
            -99.19999,
            18.8489,
            0
          ],
          [
            -99.20009,
            18.84902,
            0
          ],
          [
            -99.20015,
            18.8491,
            0
          ],
          [
            -99.20018,
            18.84915,
            0
          ]
        ]
      },
      "properties": {
        "name": "UTEZ",
        "description": {
          "@type": "html",
          "value": "descripción: <br>OID: 1241<br>ZONA: CENTRO<br>RUTA: RUTA 14<br>ITINERARIO: UTEZ<br>DESCRIPCIO: UTEZ<br>AUTO-AMPL: AMPLIACION<br>DEFIN-PROV: DEFINITIVOS<br>DURACION: DEFINITIVA<br>FOLIO: SG/DGT/SDP/2824/2003<br>SG/DGT/SDP/3604/IX/2012"
        },
        "styleUrl": "#line-FF5252-1200",
        "stroke-opacity": 1,
        "stroke": "#ff5252",
        "stroke-width": 1.2,
        "descripción": "",
        "OID": "1241",
        "ZONA": "CENTRO",
        "RUTA": "RUTA 14",
        "ITINERARIO": "UTEZ",
        "DESCRIPCIO": "UTEZ",
        "AUTO-AMPL": "AMPLIACION",
        "DEFIN-PROV": "DEFINITIVOS",
        "DURACION": "DEFINITIVA",
        "FOLIO": "SG/DGT/SDP/2824/2003\nSG/DGT/SDP/3604/IX/2012"
      }
    }
  ]
}