{
  "type": "FeatureCollection",
  "features": [
    {
      "type": "Feature",
      "geometry": {
        "type": "LineString",
        "coordinates": [
          [
            -99.23301,
            18.86354,
            0
          ],
          [
            -99.23299,
            18.86349,
            0
          ],
          [
            -99.2328,
            18.86307,
            0
          ],
          [
            -99.23273,
            18.86292,
            0
          ],
          [
            -99.23239,
            18.8622,
            0
          ],
          [
            -99.23214,
            18.86166,
            0
          ],
          [
            -99.23208,
            18.86151,
            0
          ],
          [
            -99.23185,
            18.86093,
            0
          ],
          [
            -99.23162,
            18.86028,
            0
          ],
          [
            -99.23146,
            18.85982,
            0
          ],
          [
            -99.23132,
            18.85944,
            0
          ],
          [
            -99.2312,
            18.85912,
            0
          ],
          [
            -99.23102,
            18.85866,
            0
          ],
          [
            -99.23097,
            18.85852,
            0
          ],
          [
            -99.23093,
            18.85837,
            0
          ],
          [
            -99.23086,
            18.85821,
            0
          ],
          [
            -99.23073,
            18.85786,
            0
          ],
          [
            -99.23069,
            18.8578,
            0
          ],
          [
            -99.23064,
            18.85775,
            0
          ],
          [
            -99.2306,
            18.85771,
            0
          ],
          [
            -99.23044,
            18.85757,
            0
          ],
          [
            -99.23033,
            18.8575,
            0
          ],
          [
            -99.2301,
            18.85739,
            0
          ],
          [
            -99.22993,
            18.8573,
            0
          ],
          [
            -99.22986,
            18.85726,
            0
          ],
          [
            -99.2298,
            18.85722,
            0
          ],
          [
            -99.22963,
            18.85701,
            0
          ],
          [
            -99.22947,
            18.85676,
            0
          ],
          [
            -99.22913,
            18.85632,
            0
          ],
          [
            -99.22904,
            18.85619,
            0
          ],
          [
            -99.22875,
            18.85582,
            0
          ],
          [
            -99.22845,
            18.85545,
            0
          ],
          [
            -99.22827,
            18.8552,
            0
          ],
          [
            -99.22814,
            18.85501,
            0
          ],
          [
            -99.22793,
            18.85473,
            0
          ],
          [
            -99.22756,
            18.85427,
            0
          ],
          [
            -99.22749,
            18.85417,
            0
          ],
          [
            -99.22741,
            18.85406,
            0
          ],
          [
            -99.22733,
            18.85395,
            0
          ],
          [
            -99.2272,
            18.85378,
            0
          ],
          [
            -99.22712,
            18.85367,
            0
          ],
          [
            -99.22702,
            18.85351,
            0
          ],
          [
            -99.22681,
            18.85321,
            0
          ],
          [
            -99.22645,
            18.85272,
            0
          ],
          [
            -99.22619,
            18.85238,
            0
          ],
          [
            -99.226,
            18.85214,
            0
          ],
          [
            -99.22562,
            18.85161,
            0
          ],
          [
            -99.22537,
            18.85125,
            0
          ],
          [
            -99.22527,
            18.85111,
            0
          ],
          [
            -99.22523,
            18.85105,
            0
          ],
          [
            -99.22518,
            18.85097,
            0
          ],
          [
            -99.22481,
            18.85056,
            0
          ],
          [
            -99.22441,
            18.85011,
            0
          ],
          [
            -99.22409,
            18.84975,
            0
          ],
          [
            -99.22404,
            18.84969,
            0
          ],
          [
            -99.22401,
            18.84964,
            0
          ],
          [
            -99.22396,
            18.84947,
            0
          ],
          [
            -99.22395,
            18.84941,
            0
          ],
          [
            -99.22394,
            18.84937,
            0
          ],
          [
            -99.22396,
            18.849,
            0
          ],
          [
            -99.22401,
            18.84837,
            0
          ],
          [
            -99.22401,
            18.8482,
            0
          ],
          [
            -99.22399,
            18.84792,
            0
          ],
          [
            -99.22395,
            18.84764,
            0
          ],
          [
            -99.22395,
            18.84754,
            0
          ],
          [
            -99.22392,
            18.84734,
            0
          ],
          [
            -99.2239,
            18.84724,
            0
          ],
          [
            -99.22385,
            18.847,
            0
          ],
          [
            -99.22382,
            18.84681,
            0
          ],
          [
            -99.22382,
            18.84638,
            0
          ],
          [
            -99.22381,
            18.84619,
            0
          ],
          [
            -99.2238,
            18.84611,
            0
          ],
          [
            -99.22379,
            18.84597,
            0
          ],
          [
            -99.22378,
            18.84582,
            0
          ],
          [
            -99.2237,
            18.84579,
            0
          ],
          [
            -99.22361,
            18.84575,
            0
          ],
          [
            -99.22356,
            18.84588,
            0
          ],
          [
            -99.22346,
            18.84607,
            0
          ],
          [
            -99.22332,
            18.8463,
            0
          ],
          [
            -99.22328,
            18.8464,
            0
          ],
          [
            -99.22326,
            18.84645,
            0
          ],
          [
            -99.22323,
            18.84655,
            0
          ],
          [
            -99.22316,
            18.84696,
            0
          ],
          [
            -99.22309,
            18.84736,
            0
          ],
          [
            -99.22299,
            18.848,
            0
          ],
          [
            -99.22296,
            18.84835,
            0
          ],
          [
            -99.22297,
            18.84858,
            0
          ],
          [
            -99.22299,
            18.84867,
            0
          ],
          [
            -99.223,
            18.84872,
            0
          ],
          [
            -99.22302,
            18.84879,
            0
          ],
          [
            -99.22308,
            18.84897,
            0
          ],
          [
            -99.22325,
            18.84935,
            0
          ],
          [
            -99.22334,
            18.84958,
            0
          ],
          [
            -99.22351,
            18.84993,
            0
          ],
          [
            -99.22377,
            18.85058,
            0
          ],
          [
            -99.22385,
            18.85077,
            0
          ],
          [
            -99.22388,
            18.85085,
            0
          ],
          [
            -99.22392,
            18.85093,
            0
          ],
          [
            -99.22397,
            18.851,
            0
          ],
          [
            -99.22408,
            18.85115,
            0
          ],
          [
            -99.22419,
            18.8513,
            0
          ],
          [
            -99.22433,
            18.85154,
            0
          ],
          [
            -99.22438,
            18.85164,
            0
          ],
          [
            -99.22441,
            18.85175,
            0
          ],
          [
            -99.22445,
            18.85209,
            0
          ],
          [
            -99.22446,
            18.85214,
            0
          ],
          [
            -99.22446,
            18.85219,
            0
          ],
          [
            -99.22457,
            18.85313,
            0
          ],
          [
            -99.22457,
            18.85319,
            0
          ],
          [
            -99.22458,
            18.85331,
            0
          ],
          [
            -99.2246,
            18.85344,
            0
          ],
          [
            -99.22462,
            18.85357,
            0
          ],
          [
            -99.22468,
            18.85391,
            0
          ],
          [
            -99.22472,
            18.85414,
            0
          ],
          [
            -99.22477,
            18.85444,
            0
          ],
          [
            -99.22478,
            18.85454,
            0
          ],
          [
            -99.22479,
            18.85461,
            0
          ],
          [
            -99.22479,
            18.85469,
            0
          ],
          [
            -99.22478,
            18.8548,
            0
          ],
          [
            -99.22474,
            18.855,
            0
          ],
          [
            -99.22471,
            18.85515,
            0
          ],
          [
            -99.22467,
            18.85529,
            0
          ],
          [
            -99.22464,
            18.85543,
            0
          ],
          [
            -99.22456,
            18.85573,
            0
          ],
          [
            -99.22447,
            18.85608,
            0
          ],
          [
            -99.22438,
            18.85648,
            0
          ],
          [
            -99.22434,
            18.85661,
            0
          ],
          [
            -99.22428,
            18.85688,
            0
          ],
          [
            -99.22418,
            18.85722,
            0
          ],
          [
            -99.22402,
            18.85764,
            0
          ],
          [
            -99.22398,
            18.85777,
            0
          ],
          [
            -99.22393,
            18.85789,
            0
          ],
          [
            -99.22388,
            18.85803,
            0
          ],
          [
            -99.22377,
            18.8583,
            0
          ],
          [
            -99.22371,
            18.8585,
            0
          ],
          [
            -99.22369,
            18.85866,
            0
          ],
          [
            -99.22368,
            18.85884,
            0
          ],
          [
            -99.22368,
            18.85886,
            0
          ],
          [
            -99.22368,
            18.85899,
            0
          ],
          [
            -99.22368,
            18.85912,
            0
          ],
          [
            -99.2237,
            18.85925,
            0
          ],
          [
            -99.22374,
            18.85937,
            0
          ],
          [
            -99.22377,
            18.85947,
            0
          ],
          [
            -99.22389,
            18.85971,
            0
          ],
          [
            -99.22454,
            18.86066,
            0
          ],
          [
            -99.22467,
            18.8609,
            0
          ],
          [
            -99.22478,
            18.86108,
            0
          ],
          [
            -99.22492,
            18.86135,
            0
          ],
          [
            -99.22503,
            18.86155,
            0
          ],
          [
            -99.22509,
            18.86171,
            0
          ],
          [
            -99.22514,
            18.86188,
            0
          ],
          [
            -99.22516,
            18.86202,
            0
          ],
          [
            -99.22516,
            18.86215,
            0
          ],
          [
            -99.22514,
            18.86231,
            0
          ],
          [
            -99.22511,
            18.86243,
            0
          ],
          [
            -99.22505,
            18.86258,
            0
          ],
          [
            -99.22499,
            18.86272,
            0
          ],
          [
            -99.22485,
            18.86294,
            0
          ],
          [
            -99.22473,
            18.86316,
            0
          ],
          [
            -99.22458,
            18.8634,
            0
          ],
          [
            -99.22454,
            18.86349,
            0
          ],
          [
            -99.22452,
            18.86355,
            0
          ],
          [
            -99.2245,
            18.86362,
            0
          ],
          [
            -99.22449,
            18.86372,
            0
          ],
          [
            -99.2245,
            18.86385,
            0
          ],
          [
            -99.22453,
            18.86395,
            0
          ],
          [
            -99.22457,
            18.86408,
            0
          ],
          [
            -99.22462,
            18.86416,
            0
          ],
          [
            -99.22478,
            18.86436,
            0
          ],
          [
            -99.22499,
            18.86458,
            0
          ],
          [
            -99.22504,
            18.86463,
            0
          ],
          [
            -99.22543,
            18.8651,
            0
          ],
          [
            -99.22579,
            18.8655,
            0
          ],
          [
            -99.2262,
            18.86599,
            0
          ],
          [
            -99.22673,
            18.86656,
            0
          ],
          [
            -99.22702,
            18.86689,
            0
          ],
          [
            -99.22712,
            18.86702,
            0
          ],
          [
            -99.22718,
            18.8671,
            0
          ],
          [
            -99.22724,
            18.86721,
            0
          ],
          [
            -99.22728,
            18.86731,
            0
          ],
          [
            -99.22729,
            18.8674,
            0
          ],
          [
            -99.2273,
            18.86751,
            0
          ],
          [
            -99.22727,
            18.8677,
            0
          ],
          [
            -99.22723,
            18.8678,
            0
          ],
          [
            -99.22713,
            18.86801,
            0
          ],
          [
            -99.22704,
            18.86817,
            0
          ],
          [
            -99.2269,
            18.8684,
            0
          ],
          [
            -99.22682,
            18.86851,
            0
          ],
          [
            -99.22673,
            18.86865,
            0
          ],
          [
            -99.22664,
            18.86878,
            0
          ],
          [
            -99.22653,
            18.86889,
            0
          ],
          [
            -99.22648,
            18.86893,
            0
          ],
          [
            -99.22641,
            18.86902,
            0
          ],
          [
            -99.22637,
            18.86907,
            0
          ],
          [
            -99.22636,
            18.8691,
            0
          ],
          [
            -99.22635,
            18.86913,
            0
          ],
          [
            -99.22635,
            18.86917,
            0
          ],
          [
            -99.22625,
            18.86933,
            0
          ],
          [
            -99.22622,
            18.86939,
            0
          ],
          [
            -99.2262,
            18.86947,
            0
          ],
          [
            -99.22618,
            18.86953,
            0
          ],
          [
            -99.22624,
            18.86982,
            0
          ],
          [
            -99.22627,
            18.86986,
            0
          ],
          [
            -99.22633,
            18.86994,
            0
          ],
          [
            -99.22676,
            18.8704,
            0
          ],
          [
            -99.22682,
            18.87048,
            0
          ],
          [
            -99.22684,
            18.87051,
            0
          ],
          [
            -99.22685,
            18.87056,
            0
          ],
          [
            -99.22688,
            18.87064,
            0
          ],
          [
            -99.22689,
            18.87067,
            0
          ],
          [
            -99.2269,
            18.87071,
            0
          ],
          [
            -99.2269,
            18.87075,
            0
          ],
          [
            -99.2269,
            18.87078,
            0
          ],
          [
            -99.22689,
            18.87086,
            0
          ],
          [
            -99.22688,
            18.87094,
            0
          ],
          [
            -99.22687,
            18.871,
            0
          ],
          [
            -99.22684,
            18.87108,
            0
          ],
          [
            -99.22683,
            18.87111,
            0
          ],
          [
            -99.22678,
            18.87122,
            0
          ],
          [
            -99.22674,
            18.8713,
            0
          ],
          [
            -99.22664,
            18.87153,
            0
          ],
          [
            -99.2266,
            18.87161,
            0
          ],
          [
            -99.22653,
            18.87181,
            0
          ],
          [
            -99.2265,
            18.8719,
            0
          ],
          [
            -99.22648,
            18.87198,
            0
          ],
          [
            -99.22646,
            18.87209,
            0
          ],
          [
            -99.22644,
            18.87218,
            0
          ],
          [
            -99.22645,
            18.8723,
            0
          ],
          [
            -99.22646,
            18.87239,
            0
          ],
          [
            -99.22648,
            18.87252,
            0
          ],
          [
            -99.22654,
            18.87275,
            0
          ],
          [
            -99.22656,
            18.8729,
            0
          ],
          [
            -99.22662,
            18.87306,
            0
          ],
          [
            -99.22667,
            18.87319,
            0
          ],
          [
            -99.22673,
            18.87327,
            0
          ],
          [
            -99.22679,
            18.87334,
            0
          ],
          [
            -99.22694,
            18.8735,
            0
          ],
          [
            -99.22702,
            18.87357,
            0
          ],
          [
            -99.22707,
            18.87362,
            0
          ],
          [
            -99.22712,
            18.87371,
            0
          ],
          [
            -99.22717,
            18.8738,
            0
          ],
          [
            -99.2272,
            18.87385,
            0
          ],
          [
            -99.22721,
            18.8739,
            0
          ],
          [
            -99.22724,
            18.87407,
            0
          ],
          [
            -99.22726,
            18.87429,
            0
          ],
          [
            -99.2273,
            18.87455,
            0
          ],
          [
            -99.22731,
            18.87461,
            0
          ],
          [
            -99.22732,
            18.87468,
            0
          ],
          [
            -99.22736,
            18.87478,
            0
          ],
          [
            -99.2274,
            18.87487,
            0
          ],
          [
            -99.22742,
            18.87491,
            0
          ],
          [
            -99.22754,
            18.87511,
            0
          ],
          [
            -99.22776,
            18.87544,
            0
          ],
          [
            -99.22803,
            18.87579,
            0
          ],
          [
            -99.22822,
            18.87608,
            0
          ],
          [
            -99.22869,
            18.8766,
            0
          ],
          [
            -99.22881,
            18.87672,
            0
          ],
          [
            -99.22888,
            18.8768,
            0
          ],
          [
            -99.22891,
            18.87686,
            0
          ],
          [
            -99.22898,
            18.87701,
            0
          ],
          [
            -99.229,
            18.87706,
            0
          ],
          [
            -99.22904,
            18.87717,
            0
          ],
          [
            -99.22906,
            18.87727,
            0
          ],
          [
            -99.22906,
            18.8774,
            0
          ],
          [
            -99.22906,
            18.87769,
            0
          ],
          [
            -99.22907,
            18.87782,
            0
          ],
          [
            -99.22907,
            18.87785,
            0
          ],
          [
            -99.22908,
            18.87791,
            0
          ],
          [
            -99.22908,
            18.87794,
            0
          ],
          [
            -99.2291,
            18.87807,
            0
          ],
          [
            -99.22912,
            18.87815,
            0
          ],
          [
            -99.22915,
            18.87827,
            0
          ],
          [
            -99.22927,
            18.87863,
            0
          ],
          [
            -99.22946,
            18.87917,
            0
          ],
          [
            -99.2296,
            18.87958,
            0
          ],
          [
            -99.22963,
            18.87965,
            0
          ],
          [
            -99.22971,
            18.87984,
            0
          ],
          [
            -99.22975,
            18.88003,
            0
          ],
          [
            -99.22978,
            18.88017,
            0
          ],
          [
            -99.22981,
            18.88045,
            0
          ],
          [
            -99.22983,
            18.88062,
            0
          ],
          [
            -99.22985,
            18.88085,
            0
          ],
          [
            -99.22986,
            18.88105,
            0
          ],
          [
            -99.22987,
            18.88117,
            0
          ],
          [
            -99.22987,
            18.88135,
            0
          ],
          [
            -99.22985,
            18.88173,
            0
          ],
          [
            -99.22983,
            18.88193,
            0
          ],
          [
            -99.22983,
            18.88205,
            0
          ],
          [
            -99.22982,
            18.88222,
            0
          ],
          [
            -99.22984,
            18.88242,
            0
          ],
          [
            -99.22987,
            18.88267,
            0
          ],
          [
            -99.22993,
            18.88309,
            0
          ],
          [
            -99.23006,
            18.88386,
            0
          ],
          [
            -99.23016,
            18.88432,
            0
          ],
          [
            -99.23021,
            18.8847,
            0
          ],
          [
            -99.23022,
            18.88478,
            0
          ],
          [
            -99.23021,
            18.88489,
            0
          ],
          [
            -99.23019,
            18.88516,
            0
          ],
          [
            -99.23017,
            18.88529,
            0
          ],
          [
            -99.23014,
            18.88545,
            0
          ],
          [
            -99.23006,
            18.88571,
            0
          ],
          [
            -99.23,
            18.88588,
            0
          ],
          [
            -99.22989,
            18.88614,
            0
          ],
          [
            -99.22983,
            18.88627,
            0
          ],
          [
            -99.22975,
            18.88644,
            0
          ],
          [
            -99.22968,
            18.8866,
            0
          ],
          [
            -99.22967,
            18.88661,
            0
          ],
          [
            -99.22967,
            18.88662,
            0
          ],
          [
            -99.22946,
            18.88712,
            0
          ],
          [
            -99.22939,
            18.88726,
            0
          ],
          [
            -99.22926,
            18.88755,
            0
          ],
          [
            -99.22913,
            18.88783,
            0
          ],
          [
            -99.22896,
            18.88822,
            0
          ],
          [
            -99.22894,
            18.88828,
            0
          ],
          [
            -99.2289,
            18.88834,
            0
          ],
          [
            -99.22887,
            18.88838,
            0
          ],
          [
            -99.22884,
            18.88841,
            0
          ],
          [
            -99.22884,
            18.88842,
            0
          ],
          [
            -99.2288,
            18.88844,
            0
          ],
          [
            -99.22866,
            18.8885,
            0
          ],
          [
            -99.22861,
            18.88853,
            0
          ],
          [
            -99.22855,
            18.88859,
            0
          ],
          [
            -99.22852,
            18.88864,
            0
          ],
          [
            -99.2285,
            18.88869,
            0
          ],
          [
            -99.22847,
            18.88876,
            0
          ],
          [
            -99.22844,
            18.88883,
            0
          ],
          [
            -99.2283,
            18.8893,
            0
          ],
          [
            -99.22828,
            18.88947,
            0
          ],
          [
            -99.22825,
            18.8896,
            0
          ],
          [
            -99.22818,
            18.88979,
            0
          ],
          [
            -99.22808,
            18.88999,
            0
          ],
          [
            -99.22803,
            18.89008,
            0
          ],
          [
            -99.22798,
            18.89017,
            0
          ],
          [
            -99.22789,
            18.8903,
            0
          ],
          [
            -99.22774,
            18.89048,
            0
          ],
          [
            -99.22772,
            18.89054,
            0
          ],
          [
            -99.22771,
            18.89057,
            0
          ],
          [
            -99.2277,
            18.89059,
            0
          ],
          [
            -99.22767,
            18.89064,
            0
          ],
          [
            -99.22762,
            18.89072,
            0
          ],
          [
            -99.22749,
            18.89088,
            0
          ],
          [
            -99.22739,
            18.89098,
            0
          ],
          [
            -99.22733,
            18.89104,
            0
          ],
          [
            -99.22719,
            18.89122,
            0
          ],
          [
            -99.22713,
            18.8913,
            0
          ],
          [
            -99.227,
            18.89145,
            0
          ],
          [
            -99.22694,
            18.89153,
            0
          ],
          [
            -99.22691,
            18.89157,
            0
          ],
          [
            -99.22688,
            18.89163,
            0
          ],
          [
            -99.22687,
            18.89169,
            0
          ],
          [
            -99.22686,
            18.89173,
            0
          ],
          [
            -99.22685,
            18.89178,
            0
          ],
          [
            -99.22685,
            18.89183,
            0
          ],
          [
            -99.22686,
            18.89188,
            0
          ],
          [
            -99.22688,
            18.89197,
            0
          ],
          [
            -99.22689,
            18.892,
            0
          ],
          [
            -99.22691,
            18.89203,
            0
          ],
          [
            -99.22695,
            18.89208,
            0
          ],
          [
            -99.227,
            18.89214,
            0
          ],
          [
            -99.22707,
            18.89219,
            0
          ],
          [
            -99.22726,
            18.89231,
            0
          ],
          [
            -99.22733,
            18.89235,
            0
          ],
          [
            -99.22735,
            18.89236,
            0
          ],
          [
            -99.22738,
            18.89238,
            0
          ],
          [
            -99.22739,
            18.89238,
            0
          ],
          [
            -99.22749,
            18.89244,
            0
          ],
          [
            -99.22759,
            18.8925,
            0
          ],
          [
            -99.22781,
            18.89265,
            0
          ],
          [
            -99.22798,
            18.89281,
            0
          ],
          [
            -99.22809,
            18.89298,
            0
          ],
          [
            -99.22819,
            18.89318,
            0
          ],
          [
            -99.22824,
            18.8933,
            0
          ],
          [
            -99.22825,
            18.89333,
            0
          ],
          [
            -99.22826,
            18.89336,
            0
          ],
          [
            -99.22831,
            18.89346,
            0
          ],
          [
            -99.22833,
            18.89347,
            0
          ],
          [
            -99.22836,
            18.8935,
            0
          ],
          [
            -99.22847,
            18.89375,
            0
          ],
          [
            -99.22851,
            18.89385,
            0
          ],
          [
            -99.22866,
            18.89419,
            0
          ],
          [
            -99.22883,
            18.89459,
            0
          ],
          [
            -99.2291,
            18.89518,
            0
          ],
          [
            -99.22911,
            18.89519,
            0
          ],
          [
            -99.2294,
            18.89582,
            0
          ],
          [
            -99.22955,
            18.89614,
            0
          ],
          [
            -99.22983,
            18.89672,
            0
          ],
          [
            -99.23004,
            18.89718,
            0
          ],
          [
            -99.23008,
            18.89726,
            0
          ],
          [
            -99.23019,
            18.89751,
            0
          ],
          [
            -99.23033,
            18.89782,
            0
          ],
          [
            -99.23056,
            18.89847,
            0
          ],
          [
            -99.23088,
            18.89942,
            0
          ],
          [
            -99.23105,
            18.89993,
            0
          ],
          [
            -99.23119,
            18.90043,
            0
          ],
          [
            -99.23133,
            18.90094,
            0
          ],
          [
            -99.23141,
            18.90127,
            0
          ],
          [
            -99.23143,
            18.90147,
            0
          ],
          [
            -99.23147,
            18.90192,
            0
          ],
          [
            -99.23154,
            18.90289,
            0
          ],
          [
            -99.23158,
            18.90329,
            0
          ],
          [
            -99.23161,
            18.90364,
            0
          ],
          [
            -99.23163,
            18.90386,
            0
          ],
          [
            -99.23168,
            18.90438,
            0
          ],
          [
            -99.23177,
            18.90501,
            0
          ],
          [
            -99.23187,
            18.90573,
            0
          ],
          [
            -99.23192,
            18.90597,
            0
          ],
          [
            -99.23193,
            18.90601,
            0
          ],
          [
            -99.23197,
            18.90626,
            0
          ],
          [
            -99.23202,
            18.90657,
            0
          ],
          [
            -99.23204,
            18.90666,
            0
          ],
          [
            -99.23206,
            18.90672,
            0
          ],
          [
            -99.23208,
            18.90682,
            0
          ],
          [
            -99.23197,
            18.90694,
            0
          ],
          [
            -99.23192,
            18.907,
            0
          ],
          [
            -99.23181,
            18.90714,
            0
          ],
          [
            -99.23161,
            18.90736,
            0
          ],
          [
            -99.23151,
            18.9075,
            0
          ],
          [
            -99.2315,
            18.90751,
            0
          ],
          [
            -99.2314,
            18.90766,
            0
          ],
          [
            -99.2314,
            18.90767,
            0
          ],
          [
            -99.23135,
            18.90776,
            0
          ],
          [
            -99.23126,
            18.908,
            0
          ],
          [
            -99.2312,
            18.90818,
            0
          ],
          [
            -99.23111,
            18.9085,
            0
          ],
          [
            -99.23112,
            18.90878,
            0
          ],
          [
            -99.23112,
            18.90884,
            0
          ],
          [
            -99.23112,
            18.90896,
            0
          ],
          [
            -99.23116,
            18.90916,
            0
          ],
          [
            -99.23118,
            18.90928,
            0
          ],
          [
            -99.23125,
            18.90945,
            0
          ],
          [
            -99.23133,
            18.90965,
            0
          ],
          [
            -99.23137,
            18.90973,
            0
          ],
          [
            -99.23159,
            18.9101,
            0
          ],
          [
            -99.23166,
            18.91023,
            0
          ],
          [
            -99.23191,
            18.91066,
            0
          ],
          [
            -99.23221,
            18.91118,
            0
          ],
          [
            -99.23234,
            18.9114,
            0
          ],
          [
            -99.23255,
            18.91178,
            0
          ],
          [
            -99.23266,
            18.91198,
            0
          ],
          [
            -99.23289,
            18.91242,
            0
          ],
          [
            -99.23303,
            18.91275,
            0
          ],
          [
            -99.23305,
            18.9128,
            0
          ],
          [
            -99.23329,
            18.91352,
            0
          ],
          [
            -99.23346,
            18.91409,
            0
          ],
          [
            -99.23354,
            18.91437,
            0
          ],
          [
            -99.23355,
            18.91443,
            0
          ],
          [
            -99.23356,
            18.91445,
            0
          ],
          [
            -99.23362,
            18.91471,
            0
          ],
          [
            -99.23367,
            18.91499,
            0
          ],
          [
            -99.2337,
            18.91527,
            0
          ],
          [
            -99.23372,
            18.91564,
            0
          ],
          [
            -99.23372,
            18.91581,
            0
          ],
          [
            -99.23374,
            18.91618,
            0
          ],
          [
            -99.23375,
            18.9169,
            0
          ],
          [
            -99.23367,
            18.91725,
            0
          ],
          [
            -99.23366,
            18.91726,
            0
          ],
          [
            -99.23365,
            18.91727,
            0
          ],
          [
            -99.23364,
            18.91728,
            0
          ],
          [
            -99.23363,
            18.91729,
            0
          ],
          [
            -99.23363,
            18.9173,
            0
          ],
          [
            -99.23362,
            18.91731,
            0
          ],
          [
            -99.23362,
            18.91732,
            0
          ],
          [
            -99.23361,
            18.91733,
            0
          ],
          [
            -99.23361,
            18.91734,
            0
          ],
          [
            -99.23361,
            18.91735,
            0
          ],
          [
            -99.23361,
            18.91736,
            0
          ],
          [
            -99.23361,
            18.91737,
            0
          ],
          [
            -99.23361,
            18.91738,
            0
          ],
          [
            -99.23361,
            18.91739,
            0
          ],
          [
            -99.23361,
            18.9174,
            0
          ],
          [
            -99.23362,
            18.91741,
            0
          ],
          [
            -99.23362,
            18.91742,
            0
          ],
          [
            -99.23362,
            18.91743,
            0
          ],
          [
            -99.23363,
            18.91743,
            0
          ],
          [
            -99.23363,
            18.91744,
            0
          ],
          [
            -99.23364,
            18.91744,
            0
          ],
          [
            -99.23364,
            18.91745,
            0
          ],
          [
            -99.23365,
            18.91746,
            0
          ],
          [
            -99.23366,
            18.91747,
            0
          ],
          [
            -99.23367,
            18.91747,
            0
          ],
          [
            -99.23368,
            18.91772,
            0
          ],
          [
            -99.23368,
            18.91785,
            0
          ],
          [
            -99.23375,
            18.91889,
            0
          ],
          [
            -99.23372,
            18.91943,
            0
          ],
          [
            -99.23367,
            18.92045,
            0
          ],
          [
            -99.23298,
            18.9204,
            0
          ],
          [
            -99.23263,
            18.92039,
            0
          ],
          [
            -99.2326,
            18.92039,
            0
          ],
          [
            -99.2322,
            18.92037,
            0
          ],
          [
            -99.23168,
            18.92036,
            0
          ],
          [
            -99.23143,
            18.92034,
            0
          ],
          [
            -99.23121,
            18.92033,
            0
          ],
          [
            -99.23125,
            18.92074,
            0
          ],
          [
            -99.23128,
            18.92098,
            0
          ],
          [
            -99.2313,
            18.92109,
            0
          ],
          [
            -99.2313,
            18.92111,
            0
          ],
          [
            -99.23131,
            18.92117,
            0
          ],
          [
            -99.23133,
            18.92124,
            0
          ],
          [
            -99.23143,
            18.92138,
            0
          ],
          [
            -99.23146,
            18.92141,
            0
          ],
          [
            -99.2315,
            18.92148,
            0
          ],
          [
            -99.23161,
            18.92163,
            0
          ],
          [
            -99.23165,
            18.92179,
            0
          ],
          [
            -99.23165,
            18.92182,
            0
          ],
          [
            -99.23165,
            18.92183,
            0
          ],
          [
            -99.23165,
            18.92186,
            0
          ],
          [
            -99.23164,
            18.92188,
            0
          ],
          [
            -99.23163,
            18.9219,
            0
          ],
          [
            -99.23163,
            18.92191,
            0
          ],
          [
            -99.23162,
            18.92192,
            0
          ],
          [
            -99.23162,
            18.92193,
            0
          ],
          [
            -99.23161,
            18.92195,
            0
          ],
          [
            -99.2316,
            18.92196,
            0
          ],
          [
            -99.23159,
            18.92197,
            0
          ],
          [
            -99.23158,
            18.92198,
            0
          ],
          [
            -99.23156,
            18.92198,
            0
          ],
          [
            -99.23154,
            18.92199,
            0
          ],
          [
            -99.23152,
            18.922,
            0
          ],
          [
            -99.23148,
            18.92201,
            0
          ],
          [
            -99.23144,
            18.92202,
            0
          ],
          [
            -99.23137,
            18.92204,
            0
          ],
          [
            -99.23135,
            18.92204,
            0
          ],
          [
            -99.23127,
            18.92206,
            0
          ],
          [
            -99.23118,
            18.92208,
            0
          ],
          [
            -99.2312,
            18.92214,
            0
          ],
          [
            -99.2312,
            18.92216,
            0
          ],
          [
            -99.23121,
            18.92217,
            0
          ],
          [
            -99.23121,
            18.92219,
            0
          ],
          [
            -99.23122,
            18.92262,
            0
          ],
          [
            -99.23123,
            18.9227,
            0
          ],
          [
            -99.23122,
            18.92278,
            0
          ],
          [
            -99.23121,
            18.92281,
            0
          ],
          [
            -99.23119,
            18.92286,
            0
          ],
          [
            -99.23113,
            18.92299,
            0
          ],
          [
            -99.23105,
            18.92307,
            0
          ],
          [
            -99.23101,
            18.92312,
            0
          ],
          [
            -99.23101,
            18.92313,
            0
          ],
          [
            -99.231,
            18.92314,
            0
          ],
          [
            -99.231,
            18.92316,
            0
          ],
          [
            -99.231,
            18.92319,
            0
          ],
          [
            -99.23101,
            18.92322,
            0
          ],
          [
            -99.23102,
            18.92325,
            0
          ],
          [
            -99.23104,
            18.92333,
            0
          ],
          [
            -99.23121,
            18.9238,
            0
          ],
          [
            -99.23137,
            18.92416,
            0
          ],
          [
            -99.23146,
            18.92435,
            0
          ],
          [
            -99.23153,
            18.92454,
            0
          ],
          [
            -99.23158,
            18.92467,
            0
          ],
          [
            -99.23159,
            18.92471,
            0
          ],
          [
            -99.23166,
            18.92498,
            0
          ],
          [
            -99.23177,
            18.92518,
            0
          ],
          [
            -99.23193,
            18.9255,
            0
          ],
          [
            -99.23201,
            18.92566,
            0
          ],
          [
            -99.23213,
            18.92589,
            0
          ],
          [
            -99.23217,
            18.92599,
            0
          ],
          [
            -99.23228,
            18.9263,
            0
          ],
          [
            -99.23232,
            18.92645,
            0
          ],
          [
            -99.23232,
            18.92647,
            0
          ],
          [
            -99.23232,
            18.92649,
            0
          ],
          [
            -99.23232,
            18.92651,
            0
          ],
          [
            -99.23231,
            18.92655,
            0
          ],
          [
            -99.23231,
            18.92657,
            0
          ],
          [
            -99.23217,
            18.92694,
            0
          ],
          [
            -99.23204,
            18.92721,
            0
          ],
          [
            -99.23189,
            18.92744,
            0
          ],
          [
            -99.23185,
            18.92749,
            0
          ],
          [
            -99.23182,
            18.92752,
            0
          ],
          [
            -99.23177,
            18.92756,
            0
          ],
          [
            -99.2316,
            18.92765,
            0
          ],
          [
            -99.23156,
            18.92767,
            0
          ],
          [
            -99.23155,
            18.92767,
            0
          ],
          [
            -99.23153,
            18.92768,
            0
          ],
          [
            -99.23151,
            18.92769,
            0
          ],
          [
            -99.23149,
            18.92769,
            0
          ],
          [
            -99.23147,
            18.9277,
            0
          ],
          [
            -99.23144,
            18.9277,
            0
          ],
          [
            -99.23143,
            18.9277,
            0
          ],
          [
            -99.23141,
            18.92771,
            0
          ],
          [
            -99.23139,
            18.92771,
            0
          ],
          [
            -99.23136,
            18.92771,
            0
          ],
          [
            -99.23135,
            18.92771,
            0
          ],
          [
            -99.23093,
            18.92768,
            0
          ],
          [
            -99.23091,
            18.92767,
            0
          ],
          [
            -99.23089,
            18.92767,
            0
          ],
          [
            -99.23087,
            18.92767,
            0
          ],
          [
            -99.23083,
            18.92767,
            0
          ],
          [
            -99.2308,
            18.92767,
            0
          ],
          [
            -99.23078,
            18.92767,
            0
          ],
          [
            -99.23074,
            18.92768,
            0
          ],
          [
            -99.23072,
            18.92768,
            0
          ],
          [
            -99.23068,
            18.92769,
            0
          ],
          [
            -99.23057,
            18.92773,
            0
          ],
          [
            -99.23055,
            18.92773,
            0
          ],
          [
            -99.23019,
            18.92785,
            0
          ],
          [
            -99.23008,
            18.92788,
            0
          ],
          [
            -99.23,
            18.92789,
            0
          ],
          [
            -99.22992,
            18.92787,
            0
          ],
          [
            -99.2299,
            18.92783,
            0
          ],
          [
            -99.22982,
            18.92768,
            0
          ],
          [
            -99.22952,
            18.92698,
            0
          ],
          [
            -99.22948,
            18.92691,
            0
          ],
          [
            -99.22939,
            18.92675,
            0
          ],
          [
            -99.22935,
            18.92669,
            0
          ],
          [
            -99.22913,
            18.92642,
            0
          ],
          [
            -99.22898,
            18.92627,
            0
          ],
          [
            -99.22888,
            18.92618,
            0
          ],
          [
            -99.22882,
            18.92613,
            0
          ],
          [
            -99.2287,
            18.92603,
            0
          ],
          [
            -99.22851,
            18.92591,
            0
          ],
          [
            -99.22839,
            18.92583,
            0
          ],
          [
            -99.22829,
            18.92578,
            0
          ],
          [
            -99.22804,
            18.92567,
            0
          ],
          [
            -99.22794,
            18.92562,
            0
          ],
          [
            -99.22776,
            18.92559,
            0
          ],
          [
            -99.22684,
            18.92537,
            0
          ],
          [
            -99.22563,
            18.92509,
            0
          ],
          [
            -99.22546,
            18.92506,
            0
          ],
          [
            -99.22496,
            18.92494,
            0
          ],
          [
            -99.22418,
            18.92476,
            0
          ],
          [
            -99.22336,
            18.92456,
            0
          ],
          [
            -99.22327,
            18.92455,
            0
          ],
          [
            -99.22218,
            18.92432,
            0
          ],
          [
            -99.2216,
            18.92418,
            0
          ],
          [
            -99.2215,
            18.92416,
            0
          ],
          [
            -99.22106,
            18.92405,
            0
          ],
          [
            -99.22078,
            18.92402,
            0
          ],
          [
            -99.22041,
            18.924,
            0
          ],
          [
            -99.22015,
            18.924,
            0
          ],
          [
            -99.21989,
            18.924,
            0
          ],
          [
            -99.21894,
            18.92402,
            0
          ],
          [
            -99.21868,
            18.92403,
            0
          ],
          [
            -99.21865,
            18.92403,
            0
          ],
          [
            -99.21852,
            18.92403,
            0
          ],
          [
            -99.21798,
            18.92402,
            0
          ],
          [
            -99.21765,
            18.92402,
            0
          ],
          [
            -99.21693,
            18.92404,
            0
          ],
          [
            -99.2167,
            18.92404,
            0
          ],
          [
            -99.21655,
            18.92404,
            0
          ],
          [
            -99.21592,
            18.92403,
            0
          ],
          [
            -99.21591,
            18.92403,
            0
          ],
          [
            -99.21519,
            18.92403,
            0
          ],
          [
            -99.21462,
            18.92403,
            0
          ],
          [
            -99.21399,
            18.92402,
            0
          ],
          [
            -99.21366,
            18.92402,
            0
          ],
          [
            -99.21306,
            18.92391,
            0
          ],
          [
            -99.21273,
            18.92382,
            0
          ],
          [
            -99.21212,
            18.92368,
            0
          ],
          [
            -99.21183,
            18.9236,
            0
          ],
          [
            -99.21156,
            18.92354,
            0
          ],
          [
            -99.21133,
            18.92349,
            0
          ],
          [
            -99.2108,
            18.92335,
            0
          ],
          [
            -99.21042,
            18.92326,
            0
          ],
          [
            -99.21026,
            18.92322,
            0
          ],
          [
            -99.21016,
            18.92318,
            0
          ],
          [
            -99.20993,
            18.92312,
            0
          ],
          [
            -99.20983,
            18.92309,
            0
          ],
          [
            -99.20941,
            18.92299,
            0
          ],
          [
            -99.20922,
            18.92294,
            0
          ],
          [
            -99.20912,
            18.92291,
            0
          ],
          [
            -99.20903,
            18.92286,
            0
          ],
          [
            -99.2089,
            18.92278,
            0
          ],
          [
            -99.20868,
            18.92263,
            0
          ],
          [
            -99.20828,
            18.92228,
            0
          ],
          [
            -99.20801,
            18.92208,
            0
          ],
          [
            -99.20799,
            18.92207,
            0
          ],
          [
            -99.20791,
            18.92201,
            0
          ],
          [
            -99.20781,
            18.92194,
            0
          ],
          [
            -99.20775,
            18.92191,
            0
          ],
          [
            -99.20767,
            18.92187,
            0
          ],
          [
            -99.2075,
            18.92177,
            0
          ],
          [
            -99.20742,
            18.92174,
            0
          ],
          [
            -99.20732,
            18.9217,
            0
          ],
          [
            -99.20723,
            18.92168,
            0
          ],
          [
            -99.20721,
            18.92168,
            0
          ],
          [
            -99.20708,
            18.92165,
            0
          ],
          [
            -99.20691,
            18.92162,
            0
          ],
          [
            -99.20652,
            18.92157,
            0
          ],
          [
            -99.2062,
            18.92153,
            0
          ],
          [
            -99.20599,
            18.92151,
            0
          ],
          [
            -99.20582,
            18.92148,
            0
          ],
          [
            -99.20566,
            18.92144,
            0
          ],
          [
            -99.20528,
            18.92134,
            0
          ],
          [
            -99.20481,
            18.92126,
            0
          ],
          [
            -99.20469,
            18.92125,
            0
          ],
          [
            -99.20465,
            18.92125,
            0
          ],
          [
            -99.20454,
            18.92125,
            0
          ],
          [
            -99.20409,
            18.92118,
            0
          ],
          [
            -99.20389,
            18.92112,
            0
          ],
          [
            -99.20374,
            18.92108,
            0
          ],
          [
            -99.20366,
            18.92106,
            0
          ],
          [
            -99.20332,
            18.92099,
            0
          ],
          [
            -99.20292,
            18.92094,
            0
          ],
          [
            -99.2026,
            18.9209,
            0
          ],
          [
            -99.20248,
            18.9209,
            0
          ],
          [
            -99.20239,
            18.92089,
            0
          ],
          [
            -99.20215,
            18.9209,
            0
          ],
          [
            -99.20198,
            18.92088,
            0
          ],
          [
            -99.20186,
            18.92087,
            0
          ],
          [
            -99.20165,
            18.92089,
            0
          ],
          [
            -99.20125,
            18.92093,
            0
          ],
          [
            -99.20121,
            18.92094,
            0
          ],
          [
            -99.20079,
            18.92095,
            0
          ],
          [
            -99.2006,
            18.92094,
            0
          ],
          [
            -99.20055,
            18.92094,
            0
          ],
          [
            -99.20051,
            18.92093,
            0
          ],
          [
            -99.20043,
            18.92093,
            0
          ],
          [
            -99.20036,
            18.92092,
            0
          ],
          [
            -99.20022,
            18.92091,
            0
          ],
          [
            -99.20009,
            18.92089,
            0
          ],
          [
            -99.1999,
            18.92085,
            0
          ],
          [
            -99.19968,
            18.92079,
            0
          ],
          [
            -99.19959,
            18.92076,
            0
          ],
          [
            -99.19951,
            18.92073,
            0
          ],
          [
            -99.19917,
            18.92059,
            0
          ],
          [
            -99.19877,
            18.92042,
            0
          ],
          [
            -99.19873,
            18.9204,
            0
          ],
          [
            -99.19869,
            18.92039,
            0
          ],
          [
            -99.19796,
            18.92008,
            0
          ],
          [
            -99.1979,
            18.92006,
            0
          ],
          [
            -99.19784,
            18.92004,
            0
          ],
          [
            -99.19779,
            18.92002,
            0
          ],
          [
            -99.19764,
            18.91998,
            0
          ],
          [
            -99.1975,
            18.91994,
            0
          ],
          [
            -99.19728,
            18.9199,
            0
          ],
          [
            -99.19724,
            18.91989,
            0
          ],
          [
            -99.19707,
            18.91985,
            0
          ],
          [
            -99.19647,
            18.91973,
            0
          ],
          [
            -99.19638,
            18.91972,
            0
          ],
          [
            -99.19608,
            18.91967,
            0
          ],
          [
            -99.19591,
            18.91964,
            0
          ],
          [
            -99.19581,
            18.91964,
            0
          ],
          [
            -99.19573,
            18.91964,
            0
          ],
          [
            -99.19564,
            18.91964,
            0
          ],
          [
            -99.19547,
            18.91965,
            0
          ],
          [
            -99.19537,
            18.91966,
            0
          ],
          [
            -99.19529,
            18.91968,
            0
          ],
          [
            -99.19512,
            18.91971,
            0
          ],
          [
            -99.19475,
            18.9198,
            0
          ],
          [
            -99.19445,
            18.91988,
            0
          ],
          [
            -99.19433,
            18.91989,
            0
          ],
          [
            -99.19427,
            18.9199,
            0
          ],
          [
            -99.19414,
            18.9199,
            0
          ],
          [
            -99.194,
            18.91989,
            0
          ],
          [
            -99.19389,
            18.91988,
            0
          ],
          [
            -99.19377,
            18.91985,
            0
          ],
          [
            -99.19366,
            18.91983,
            0
          ],
          [
            -99.19351,
            18.91978,
            0
          ],
          [
            -99.19307,
            18.91964,
            0
          ],
          [
            -99.19261,
            18.91949,
            0
          ],
          [
            -99.1912,
            18.91906,
            0
          ],
          [
            -99.19113,
            18.91903,
            0
          ],
          [
            -99.19021,
            18.91875,
            0
          ],
          [
            -99.18947,
            18.91853,
            0
          ],
          [
            -99.18904,
            18.9184,
            0
          ],
          [
            -99.18882,
            18.91833,
            0
          ],
          [
            -99.18871,
            18.91828,
            0
          ],
          [
            -99.18862,
            18.91824,
            0
          ],
          [
            -99.18853,
            18.9182,
            0
          ],
          [
            -99.18844,
            18.91815,
            0
          ],
          [
            -99.18835,
            18.91809,
            0
          ],
          [
            -99.18828,
            18.91804,
            0
          ],
          [
            -99.18802,
            18.91782,
            0
          ],
          [
            -99.18771,
            18.91754,
            0
          ],
          [
            -99.18703,
            18.91695,
            0
          ],
          [
            -99.18694,
            18.91687,
            0
          ],
          [
            -99.18671,
            18.91666,
            0
          ],
          [
            -99.18663,
            18.91659,
            0
          ],
          [
            -99.18651,
            18.91648,
            0
          ],
          [
            -99.18634,
            18.91632,
            0
          ],
          [
            -99.18585,
            18.9159,
            0
          ],
          [
            -99.1853,
            18.91539,
            0
          ],
          [
            -99.18486,
            18.915,
            0
          ],
          [
            -99.18477,
            18.91491,
            0
          ],
          [
            -99.18468,
            18.91482,
            0
          ],
          [
            -99.18436,
            18.9145,
            0
          ],
          [
            -99.18397,
            18.91408,
            0
          ],
          [
            -99.18359,
            18.91367,
            0
          ],
          [
            -99.18325,
            18.91331,
            0
          ],
          [
            -99.18286,
            18.9129,
            0
          ],
          [
            -99.18259,
            18.9126,
            0
          ],
          [
            -99.18239,
            18.91239,
            0
          ],
          [
            -99.18227,
            18.91227,
            0
          ],
          [
            -99.18209,
            18.91207,
            0
          ],
          [
            -99.18176,
            18.91172,
            0
          ],
          [
            -99.18165,
            18.91159,
            0
          ],
          [
            -99.18144,
            18.91132,
            0
          ],
          [
            -99.18134,
            18.91114,
            0
          ],
          [
            -99.18131,
            18.91109,
            0
          ],
          [
            -99.18126,
            18.91098,
            0
          ],
          [
            -99.18119,
            18.91079,
            0
          ],
          [
            -99.18113,
            18.91062,
            0
          ],
          [
            -99.18086,
            18.9099,
            0
          ],
          [
            -99.18081,
            18.90978,
            0
          ],
          [
            -99.18054,
            18.90906,
            0
          ],
          [
            -99.18038,
            18.90867,
            0
          ],
          [
            -99.1803,
            18.90851,
            0
          ],
          [
            -99.18018,
            18.90833,
            0
          ],
          [
            -99.18009,
            18.90821,
            0
          ],
          [
            -99.17999,
            18.90809,
            0
          ],
          [
            -99.17972,
            18.90781,
            0
          ],
          [
            -99.17967,
            18.90775,
            0
          ],
          [
            -99.17958,
            18.90766,
            0
          ],
          [
            -99.17932,
            18.90741,
            0
          ],
          [
            -99.17925,
            18.90734,
            0
          ],
          [
            -99.17895,
            18.90704,
            0
          ],
          [
            -99.1785,
            18.90659,
            0
          ],
          [
            -99.17814,
            18.90623,
            0
          ],
          [
            -99.17811,
            18.9062,
            0
          ],
          [
            -99.17766,
            18.90575,
            0
          ],
          [
            -99.17715,
            18.90523,
            0
          ],
          [
            -99.17705,
            18.90513,
            0
          ],
          [
            -99.17702,
            18.90511,
            0
          ],
          [
            -99.17698,
            18.90507,
            0
          ],
          [
            -99.17697,
            18.90505,
            0
          ],
          [
            -99.17682,
            18.90491,
            0
          ],
          [
            -99.1768,
            18.90489,
            0
          ],
          [
            -99.17678,
            18.90487,
            0
          ],
          [
            -99.17611,
            18.90421,
            0
          ],
          [
            -99.17538,
            18.90352,
            0
          ],
          [
            -99.17533,
            18.90347,
            0
          ],
          [
            -99.17505,
            18.90318,
            0
          ],
          [
            -99.17485,
            18.90298,
            0
          ],
          [
            -99.17442,
            18.90255,
            0
          ],
          [
            -99.1743,
            18.90243,
            0
          ],
          [
            -99.17416,
            18.90258,
            0
          ],
          [
            -99.17401,
            18.90274,
            0
          ],
          [
            -99.17397,
            18.90278,
            0
          ],
          [
            -99.17386,
            18.90292,
            0
          ],
          [
            -99.17373,
            18.90306,
            0
          ],
          [
            -99.17362,
            18.90319,
            0
          ],
          [
            -99.17348,
            18.90333,
            0
          ],
          [
            -99.17286,
            18.90401,
            0
          ],
          [
            -99.17253,
            18.90435,
            0
          ],
          [
            -99.17242,
            18.90448,
            0
          ],
          [
            -99.17229,
            18.90462,
            0
          ],
          [
            -99.17225,
            18.90466,
            0
          ],
          [
            -99.17219,
            18.90471,
            0
          ],
          [
            -99.17212,
            18.90479,
            0
          ],
          [
            -99.17199,
            18.90492,
            0
          ],
          [
            -99.17152,
            18.90542,
            0
          ],
          [
            -99.17119,
            18.90578,
            0
          ],
          [
            -99.17117,
            18.9058,
            0
          ],
          [
            -99.17092,
            18.90607,
            0
          ],
          [
            -99.17063,
            18.90638,
            0
          ],
          [
            -99.17052,
            18.9065,
            0
          ],
          [
            -99.17041,
            18.90662,
            0
          ],
          [
            -99.17014,
            18.90691,
            0
          ],
          [
            -99.16984,
            18.90724,
            0
          ],
          [
            -99.16973,
            18.90738,
            0
          ],
          [
            -99.16943,
            18.90769,
            0
          ],
          [
            -99.16935,
            18.9078,
            0
          ],
          [
            -99.16931,
            18.90787,
            0
          ],
          [
            -99.16927,
            18.90795,
            0
          ],
          [
            -99.16923,
            18.90804,
            0
          ],
          [
            -99.16915,
            18.90825,
            0
          ],
          [
            -99.16913,
            18.90832,
            0
          ],
          [
            -99.16912,
            18.90837,
            0
          ],
          [
            -99.16912,
            18.90842,
            0
          ],
          [
            -99.16909,
            18.90872,
            0
          ],
          [
            -99.16905,
            18.90907,
            0
          ],
          [
            -99.16903,
            18.90924,
            0
          ],
          [
            -99.169,
            18.9095,
            0
          ],
          [
            -99.16895,
            18.90976,
            0
          ],
          [
            -99.16886,
            18.91024,
            0
          ],
          [
            -99.1688,
            18.91059,
            0
          ],
          [
            -99.16872,
            18.91113,
            0
          ],
          [
            -99.16872,
            18.91115,
            0
          ],
          [
            -99.16873,
            18.91117,
            0
          ],
          [
            -99.16874,
            18.9112,
            0
          ],
          [
            -99.16876,
            18.91125,
            0
          ],
          [
            -99.16879,
            18.91128,
            0
          ],
          [
            -99.16885,
            18.91131,
            0
          ],
          [
            -99.16885,
            18.91133,
            0
          ],
          [
            -99.16885,
            18.91135,
            0
          ],
          [
            -99.16886,
            18.91137,
            0
          ],
          [
            -99.16887,
            18.91138,
            0
          ],
          [
            -99.16887,
            18.9114,
            0
          ],
          [
            -99.16888,
            18.91142,
            0
          ],
          [
            -99.16889,
            18.91143,
            0
          ],
          [
            -99.16891,
            18.91145,
            0
          ],
          [
            -99.16854,
            18.91182,
            0
          ],
          [
            -99.16843,
            18.91193,
            0
          ],
          [
            -99.16836,
            18.912,
            0
          ],
          [
            -99.16799,
            18.91242,
            0
          ],
          [
            -99.16713,
            18.91335,
            0
          ],
          [
            -99.16632,
            18.91422,
            0
          ],
          [
            -99.16626,
            18.91428,
            0
          ],
          [
            -99.16532,
            18.91526,
            0
          ],
          [
            -99.16531,
            18.91526,
            0
          ],
          [
            -99.1653,
            18.91526,
            0
          ],
          [
            -99.16529,
            18.91526,
            0
          ],
          [
            -99.16528,
            18.91526,
            0
          ],
          [
            -99.16527,
            18.91525,
            0
          ],
          [
            -99.16526,
            18.91525,
            0
          ],
          [
            -99.16525,
            18.91525,
            0
          ],
          [
            -99.1652,
            18.91526,
            0
          ],
          [
            -99.16515,
            18.91527,
            0
          ],
          [
            -99.1651,
            18.91529,
            0
          ],
          [
            -99.16506,
            18.91532,
            0
          ],
          [
            -99.16502,
            18.91535,
            0
          ],
          [
            -99.16498,
            18.91539,
            0
          ],
          [
            -99.16496,
            18.91543,
            0
          ],
          [
            -99.16494,
            18.91548,
            0
          ],
          [
            -99.16493,
            18.91553,
            0
          ],
          [
            -99.16492,
            18.91558,
            0
          ],
          [
            -99.16493,
            18.91564,
            0
          ],
          [
            -99.16493,
            18.91565,
            0
          ],
          [
            -99.16494,
            18.91566,
            0
          ],
          [
            -99.16494,
            18.91567,
            0
          ],
          [
            -99.16495,
            18.91568,
            0
          ],
          [
            -99.16496,
            18.91569,
            0
          ],
          [
            -99.16496,
            18.9157,
            0
          ],
          [
            -99.16438,
            18.91631,
            0
          ],
          [
            -99.164,
            18.91672,
            0
          ],
          [
            -99.16356,
            18.9172,
            0
          ],
          [
            -99.16307,
            18.91772,
            0
          ],
          [
            -99.163,
            18.91779,
            0
          ],
          [
            -99.16311,
            18.91791,
            0
          ],
          [
            -99.16346,
            18.91822,
            0
          ],
          [
            -99.16373,
            18.91844,
            0
          ],
          [
            -99.16378,
            18.91849,
            0
          ],
          [
            -99.16408,
            18.91873,
            0
          ],
          [
            -99.16437,
            18.91898,
            0
          ],
          [
            -99.16481,
            18.91934,
            0
          ],
          [
            -99.16513,
            18.9196,
            0
          ],
          [
            -99.16542,
            18.91983,
            0
          ],
          [
            -99.16572,
            18.92006,
            0
          ],
          [
            -99.16583,
            18.92017,
            0
          ],
          [
            -99.1659,
            18.92024,
            0
          ],
          [
            -99.16602,
            18.92033,
            0
          ],
          [
            -99.16628,
            18.92056,
            0
          ],
          [
            -99.1663,
            18.92058,
            0
          ],
          [
            -99.16659,
            18.92083,
            0
          ],
          [
            -99.16681,
            18.92101,
            0
          ],
          [
            -99.16694,
            18.92112,
            0
          ]
        ]
      },
      "properties": {
        "name": "1.- SECCIàN LOS ROBLES EN CIVAC - LOMAS DEL CARRIL (TEMIXCO)",
        "description": {
          "@type": "html",
          "value": "descripción: <br>OID: 185<br>ZONA: CENTRO<br>RUTA: RUTA 16<br>ITINERARIO: 1.- SECCIàN LOS ROBLES EN CIVAC - LOMAS DEL CARRIL (TEMIXCO)<br>DESCRIPCIO: LOMAS DEL CARRIL (TEMIXCO)-CIVAC<br>AUTO-AMPL: ITINERARIO<br>DEFIN-PROV: DEFINITIVOS<br>DURACION: DEFINITIVA<br>FOLIO: SGG/DGT/SDP/000538/97"
        },
        "styleUrl": "#line-880E4F-1200",
        "stroke-opacity": 1,
        "stroke": "#880e4f",
        "stroke-width": 1.2,
        "descripción": "",
        "OID": "185",
        "ZONA": "CENTRO",
        "RUTA": "RUTA 16",
        "ITINERARIO": "1.- SECCIàN LOS ROBLES EN CIVAC - LOMAS DEL CARRIL (TEMIXCO)",
        "DESCRIPCIO": "LOMAS DEL CARRIL (TEMIXCO)-CIVAC",
        "AUTO-AMPL": "ITINERARIO",
        "DEFIN-PROV": "DEFINITIVOS",
        "DURACION": "DEFINITIVA",
        "FOLIO": "SGG/DGT/SDP/000538/97"
      }
    },
    {
      "type": "Feature",
      "geometry": {
        "type": "LineString",
        "coordinates": [
          [
            -99.16701,
            18.92102,
            0
          ],
          [
            -99.16696,
            18.92098,
            0
          ],
          [
            -99.16667,
            18.92074,
            0
          ],
          [
            -99.16637,
            18.9205,
            0
          ],
          [
            -99.16634,
            18.92047,
            0
          ],
          [
            -99.16607,
            18.92024,
            0
          ],
          [
            -99.16598,
            18.92013,
            0
          ],
          [
            -99.16591,
            18.92007,
            0
          ],
          [
            -99.16582,
            18.91997,
            0
          ],
          [
            -99.16568,
            18.91985,
            0
          ],
          [
            -99.16551,
            18.91971,
            0
          ],
          [
            -99.16522,
            18.91948,
            0
          ],
          [
            -99.16489,
            18.91925,
            0
          ],
          [
            -99.16469,
            18.91908,
            0
          ],
          [
            -99.16461,
            18.91902,
            0
          ],
          [
            -99.16445,
            18.91888,
            0
          ],
          [
            -99.16422,
            18.91871,
            0
          ],
          [
            -99.1639,
            18.91844,
            0
          ],
          [
            -99.16356,
            18.91813,
            0
          ],
          [
            -99.1632,
            18.91781,
            0
          ],
          [
            -99.16366,
            18.91728,
            0
          ],
          [
            -99.16391,
            18.91701,
            0
          ],
          [
            -99.16399,
            18.91692,
            0
          ],
          [
            -99.16448,
            18.9164,
            0
          ],
          [
            -99.16508,
            18.91579,
            0
          ],
          [
            -99.16509,
            18.91579,
            0
          ],
          [
            -99.1651,
            18.9158,
            0
          ],
          [
            -99.16511,
            18.9158,
            0
          ],
          [
            -99.16512,
            18.9158,
            0
          ],
          [
            -99.16513,
            18.9158,
            0
          ],
          [
            -99.16514,
            18.9158,
            0
          ],
          [
            -99.16515,
            18.9158,
            0
          ],
          [
            -99.16516,
            18.91581,
            0
          ],
          [
            -99.16522,
            18.91579,
            0
          ],
          [
            -99.16527,
            18.91577,
            0
          ],
          [
            -99.16532,
            18.91574,
            0
          ],
          [
            -99.16537,
            18.9157,
            0
          ],
          [
            -99.1654,
            18.91566,
            0
          ],
          [
            -99.16543,
            18.91561,
            0
          ],
          [
            -99.16545,
            18.91556,
            0
          ],
          [
            -99.16547,
            18.9155,
            0
          ],
          [
            -99.16547,
            18.91543,
            0
          ],
          [
            -99.16546,
            18.91542,
            0
          ],
          [
            -99.16546,
            18.91541,
            0
          ],
          [
            -99.16546,
            18.9154,
            0
          ],
          [
            -99.16545,
            18.91539,
            0
          ],
          [
            -99.16545,
            18.91538,
            0
          ],
          [
            -99.16545,
            18.91537,
            0
          ],
          [
            -99.16641,
            18.91432,
            0
          ],
          [
            -99.16642,
            18.9143,
            0
          ],
          [
            -99.16723,
            18.91343,
            0
          ],
          [
            -99.16809,
            18.91251,
            0
          ],
          [
            -99.16847,
            18.91209,
            0
          ],
          [
            -99.16853,
            18.91203,
            0
          ],
          [
            -99.16865,
            18.91191,
            0
          ],
          [
            -99.169,
            18.91153,
            0
          ],
          [
            -99.16901,
            18.91154,
            0
          ],
          [
            -99.16902,
            18.91154,
            0
          ],
          [
            -99.16903,
            18.91154,
            0
          ],
          [
            -99.16904,
            18.91155,
            0
          ],
          [
            -99.16906,
            18.91155,
            0
          ],
          [
            -99.16907,
            18.91155,
            0
          ],
          [
            -99.16908,
            18.91155,
            0
          ],
          [
            -99.16909,
            18.91155,
            0
          ],
          [
            -99.16912,
            18.91155,
            0
          ],
          [
            -99.16915,
            18.91155,
            0
          ],
          [
            -99.16917,
            18.91155,
            0
          ],
          [
            -99.1692,
            18.91155,
            0
          ],
          [
            -99.16923,
            18.91154,
            0
          ],
          [
            -99.16926,
            18.91153,
            0
          ],
          [
            -99.16929,
            18.91152,
            0
          ],
          [
            -99.16931,
            18.91151,
            0
          ],
          [
            -99.16935,
            18.91149,
            0
          ],
          [
            -99.16938,
            18.91147,
            0
          ],
          [
            -99.16942,
            18.91144,
            0
          ],
          [
            -99.16945,
            18.91141,
            0
          ],
          [
            -99.16947,
            18.91138,
            0
          ],
          [
            -99.16949,
            18.91134,
            0
          ],
          [
            -99.16951,
            18.91131,
            0
          ],
          [
            -99.16953,
            18.91127,
            0
          ],
          [
            -99.16952,
            18.9112,
            0
          ],
          [
            -99.16951,
            18.91115,
            0
          ],
          [
            -99.16948,
            18.91111,
            0
          ],
          [
            -99.16946,
            18.91107,
            0
          ],
          [
            -99.16942,
            18.91104,
            0
          ],
          [
            -99.16939,
            18.91101,
            0
          ],
          [
            -99.16934,
            18.91098,
            0
          ],
          [
            -99.1693,
            18.91096,
            0
          ],
          [
            -99.16925,
            18.91095,
            0
          ],
          [
            -99.16923,
            18.91078,
            0
          ],
          [
            -99.1692,
            18.9106,
            0
          ],
          [
            -99.16916,
            18.91043,
            0
          ],
          [
            -99.16913,
            18.91026,
            0
          ],
          [
            -99.16913,
            18.91015,
            0
          ],
          [
            -99.16915,
            18.90978,
            0
          ],
          [
            -99.16923,
            18.90909,
            0
          ],
          [
            -99.1693,
            18.90856,
            0
          ],
          [
            -99.16932,
            18.90839,
            0
          ],
          [
            -99.16933,
            18.9083,
            0
          ],
          [
            -99.16935,
            18.90822,
            0
          ],
          [
            -99.16938,
            18.90813,
            0
          ],
          [
            -99.1694,
            18.90807,
            0
          ],
          [
            -99.16945,
            18.90798,
            0
          ],
          [
            -99.16948,
            18.90793,
            0
          ],
          [
            -99.16952,
            18.90786,
            0
          ],
          [
            -99.16956,
            18.90781,
            0
          ],
          [
            -99.16986,
            18.90746,
            0
          ],
          [
            -99.1705,
            18.90678,
            0
          ],
          [
            -99.17053,
            18.90675,
            0
          ],
          [
            -99.17076,
            18.9065,
            0
          ],
          [
            -99.17114,
            18.9061,
            0
          ],
          [
            -99.17131,
            18.90593,
            0
          ],
          [
            -99.17212,
            18.90504,
            0
          ],
          [
            -99.17217,
            18.90498,
            0
          ],
          [
            -99.17298,
            18.9041,
            0
          ],
          [
            -99.17334,
            18.9037,
            0
          ],
          [
            -99.17384,
            18.90315,
            0
          ],
          [
            -99.17399,
            18.903,
            0
          ],
          [
            -99.17408,
            18.9029,
            0
          ],
          [
            -99.17427,
            18.90269,
            0
          ],
          [
            -99.1745,
            18.9029,
            0
          ],
          [
            -99.17519,
            18.90358,
            0
          ],
          [
            -99.17526,
            18.90364,
            0
          ],
          [
            -99.17631,
            18.90468,
            0
          ],
          [
            -99.17654,
            18.90491,
            0
          ],
          [
            -99.17661,
            18.90498,
            0
          ],
          [
            -99.17663,
            18.905,
            0
          ],
          [
            -99.17684,
            18.90521,
            0
          ],
          [
            -99.17689,
            18.90527,
            0
          ],
          [
            -99.17752,
            18.90591,
            0
          ],
          [
            -99.1776,
            18.90598,
            0
          ],
          [
            -99.17796,
            18.90634,
            0
          ],
          [
            -99.17799,
            18.90637,
            0
          ],
          [
            -99.17906,
            18.90743,
            0
          ],
          [
            -99.17922,
            18.90758,
            0
          ],
          [
            -99.1793,
            18.90766,
            0
          ],
          [
            -99.1794,
            18.90777,
            0
          ],
          [
            -99.17946,
            18.90784,
            0
          ],
          [
            -99.17978,
            18.90816,
            0
          ],
          [
            -99.17988,
            18.90829,
            0
          ],
          [
            -99.17997,
            18.90841,
            0
          ],
          [
            -99.18009,
            18.9086,
            0
          ],
          [
            -99.18016,
            18.90873,
            0
          ],
          [
            -99.18017,
            18.90875,
            0
          ],
          [
            -99.18034,
            18.90915,
            0
          ],
          [
            -99.18036,
            18.90921,
            0
          ],
          [
            -99.18062,
            18.90988,
            0
          ],
          [
            -99.18081,
            18.91039,
            0
          ],
          [
            -99.1809,
            18.91063,
            0
          ],
          [
            -99.18092,
            18.91069,
            0
          ],
          [
            -99.18097,
            18.9108,
            0
          ],
          [
            -99.18098,
            18.91083,
            0
          ],
          [
            -99.18111,
            18.91111,
            0
          ],
          [
            -99.18115,
            18.91118,
            0
          ],
          [
            -99.18129,
            18.91141,
            0
          ],
          [
            -99.18135,
            18.91151,
            0
          ],
          [
            -99.18164,
            18.91187,
            0
          ],
          [
            -99.18198,
            18.91224,
            0
          ],
          [
            -99.18244,
            18.91273,
            0
          ],
          [
            -99.18273,
            18.91304,
            0
          ],
          [
            -99.1831,
            18.91342,
            0
          ],
          [
            -99.18344,
            18.91379,
            0
          ],
          [
            -99.18385,
            18.91425,
            0
          ],
          [
            -99.18423,
            18.91463,
            0
          ],
          [
            -99.18437,
            18.91476,
            0
          ],
          [
            -99.18452,
            18.91492,
            0
          ],
          [
            -99.18472,
            18.91512,
            0
          ],
          [
            -99.18496,
            18.91533,
            0
          ],
          [
            -99.18512,
            18.91547,
            0
          ],
          [
            -99.18571,
            18.916,
            0
          ],
          [
            -99.18593,
            18.91621,
            0
          ],
          [
            -99.18617,
            18.91643,
            0
          ],
          [
            -99.18637,
            18.91662,
            0
          ],
          [
            -99.18649,
            18.91672,
            0
          ],
          [
            -99.18657,
            18.91679,
            0
          ],
          [
            -99.18657,
            18.9168,
            0
          ],
          [
            -99.18675,
            18.91696,
            0
          ],
          [
            -99.18704,
            18.91721,
            0
          ],
          [
            -99.1873,
            18.91746,
            0
          ],
          [
            -99.18757,
            18.9177,
            0
          ],
          [
            -99.18805,
            18.91811,
            0
          ],
          [
            -99.18821,
            18.91823,
            0
          ],
          [
            -99.18838,
            18.91834,
            0
          ],
          [
            -99.18854,
            18.91841,
            0
          ],
          [
            -99.18896,
            18.91858,
            0
          ],
          [
            -99.19093,
            18.91918,
            0
          ],
          [
            -99.19185,
            18.91946,
            0
          ],
          [
            -99.19257,
            18.91968,
            0
          ],
          [
            -99.19346,
            18.91995,
            0
          ],
          [
            -99.19363,
            18.92,
            0
          ],
          [
            -99.19386,
            18.92004,
            0
          ],
          [
            -99.19397,
            18.92005,
            0
          ],
          [
            -99.19408,
            18.92005,
            0
          ],
          [
            -99.19422,
            18.92005,
            0
          ],
          [
            -99.19437,
            18.92002,
            0
          ],
          [
            -99.19451,
            18.91999,
            0
          ],
          [
            -99.19459,
            18.91997,
            0
          ],
          [
            -99.19477,
            18.91991,
            0
          ],
          [
            -99.1951,
            18.9198,
            0
          ],
          [
            -99.19532,
            18.91977,
            0
          ],
          [
            -99.19543,
            18.91976,
            0
          ],
          [
            -99.19558,
            18.91974,
            0
          ],
          [
            -99.19574,
            18.91973,
            0
          ],
          [
            -99.19586,
            18.91973,
            0
          ],
          [
            -99.19597,
            18.91974,
            0
          ],
          [
            -99.1961,
            18.91975,
            0
          ],
          [
            -99.19622,
            18.91977,
            0
          ],
          [
            -99.19636,
            18.91979,
            0
          ],
          [
            -99.19649,
            18.91981,
            0
          ],
          [
            -99.19689,
            18.91989,
            0
          ],
          [
            -99.19723,
            18.91996,
            0
          ],
          [
            -99.19725,
            18.91996,
            0
          ],
          [
            -99.19749,
            18.92001,
            0
          ],
          [
            -99.19771,
            18.92007,
            0
          ],
          [
            -99.19777,
            18.92009,
            0
          ],
          [
            -99.19778,
            18.9201,
            0
          ],
          [
            -99.19786,
            18.92012,
            0
          ],
          [
            -99.19787,
            18.92012,
            0
          ],
          [
            -99.19794,
            18.92015,
            0
          ],
          [
            -99.19809,
            18.92021,
            0
          ],
          [
            -99.19826,
            18.92029,
            0
          ],
          [
            -99.19866,
            18.92046,
            0
          ],
          [
            -99.19869,
            18.92047,
            0
          ],
          [
            -99.19873,
            18.92049,
            0
          ],
          [
            -99.19924,
            18.9207,
            0
          ],
          [
            -99.1994,
            18.92076,
            0
          ],
          [
            -99.19943,
            18.92077,
            0
          ],
          [
            -99.19948,
            18.92079,
            0
          ],
          [
            -99.19952,
            18.9208,
            0
          ],
          [
            -99.19955,
            18.92081,
            0
          ],
          [
            -99.19956,
            18.92082,
            0
          ],
          [
            -99.1998,
            18.92089,
            0
          ],
          [
            -99.19988,
            18.92092,
            0
          ],
          [
            -99.20009,
            18.92096,
            0
          ],
          [
            -99.20018,
            18.92098,
            0
          ],
          [
            -99.20037,
            18.921,
            0
          ],
          [
            -99.20045,
            18.921,
            0
          ],
          [
            -99.20051,
            18.92101,
            0
          ],
          [
            -99.2006,
            18.92102,
            0
          ],
          [
            -99.20086,
            18.92103,
            0
          ],
          [
            -99.20125,
            18.92103,
            0
          ],
          [
            -99.20141,
            18.92103,
            0
          ],
          [
            -99.20144,
            18.92102,
            0
          ],
          [
            -99.20159,
            18.92102,
            0
          ],
          [
            -99.20198,
            18.921,
            0
          ],
          [
            -99.20222,
            18.92099,
            0
          ],
          [
            -99.20241,
            18.92099,
            0
          ],
          [
            -99.20263,
            18.921,
            0
          ],
          [
            -99.20277,
            18.92101,
            0
          ],
          [
            -99.20293,
            18.92103,
            0
          ],
          [
            -99.20317,
            18.92109,
            0
          ],
          [
            -99.20336,
            18.92113,
            0
          ],
          [
            -99.20369,
            18.92122,
            0
          ],
          [
            -99.20387,
            18.92126,
            0
          ],
          [
            -99.20411,
            18.92134,
            0
          ],
          [
            -99.2044,
            18.92148,
            0
          ],
          [
            -99.20445,
            18.92152,
            0
          ],
          [
            -99.2047,
            18.92162,
            0
          ],
          [
            -99.20476,
            18.92165,
            0
          ],
          [
            -99.20483,
            18.92167,
            0
          ],
          [
            -99.20491,
            18.92169,
            0
          ],
          [
            -99.205,
            18.92171,
            0
          ],
          [
            -99.2051,
            18.92171,
            0
          ],
          [
            -99.20522,
            18.9217,
            0
          ],
          [
            -99.20529,
            18.92169,
            0
          ],
          [
            -99.20569,
            18.92168,
            0
          ],
          [
            -99.20612,
            18.92166,
            0
          ],
          [
            -99.20625,
            18.92166,
            0
          ],
          [
            -99.20636,
            18.92167,
            0
          ],
          [
            -99.20655,
            18.92169,
            0
          ],
          [
            -99.2069,
            18.92174,
            0
          ],
          [
            -99.20705,
            18.92176,
            0
          ],
          [
            -99.20714,
            18.92178,
            0
          ],
          [
            -99.20724,
            18.92181,
            0
          ],
          [
            -99.20739,
            18.92186,
            0
          ],
          [
            -99.20762,
            18.92196,
            0
          ],
          [
            -99.20774,
            18.92203,
            0
          ],
          [
            -99.20785,
            18.9221,
            0
          ],
          [
            -99.20798,
            18.92221,
            0
          ],
          [
            -99.20814,
            18.92234,
            0
          ],
          [
            -99.20836,
            18.92252,
            0
          ],
          [
            -99.20861,
            18.92273,
            0
          ],
          [
            -99.20873,
            18.92282,
            0
          ],
          [
            -99.20887,
            18.9229,
            0
          ],
          [
            -99.20899,
            18.92296,
            0
          ],
          [
            -99.20912,
            18.92302,
            0
          ],
          [
            -99.20925,
            18.92307,
            0
          ],
          [
            -99.20938,
            18.92312,
            0
          ],
          [
            -99.20972,
            18.92321,
            0
          ],
          [
            -99.20978,
            18.92323,
            0
          ],
          [
            -99.21013,
            18.92331,
            0
          ],
          [
            -99.21041,
            18.92334,
            0
          ],
          [
            -99.2108,
            18.92343,
            0
          ],
          [
            -99.21131,
            18.92357,
            0
          ],
          [
            -99.21157,
            18.92363,
            0
          ],
          [
            -99.2118,
            18.92368,
            0
          ],
          [
            -99.21211,
            18.92378,
            0
          ],
          [
            -99.21271,
            18.92392,
            0
          ],
          [
            -99.21318,
            18.92403,
            0
          ],
          [
            -99.21365,
            18.9241,
            0
          ],
          [
            -99.21399,
            18.92412,
            0
          ],
          [
            -99.2146,
            18.92413,
            0
          ],
          [
            -99.21462,
            18.92413,
            0
          ],
          [
            -99.21481,
            18.92413,
            0
          ],
          [
            -99.21499,
            18.92413,
            0
          ],
          [
            -99.2152,
            18.92413,
            0
          ],
          [
            -99.21592,
            18.92413,
            0
          ],
          [
            -99.21646,
            18.92413,
            0
          ],
          [
            -99.21656,
            18.92413,
            0
          ],
          [
            -99.21694,
            18.92414,
            0
          ],
          [
            -99.2176,
            18.92412,
            0
          ],
          [
            -99.21798,
            18.92411,
            0
          ],
          [
            -99.21861,
            18.9241,
            0
          ],
          [
            -99.21877,
            18.9241,
            0
          ],
          [
            -99.2201,
            18.92407,
            0
          ],
          [
            -99.22033,
            18.92408,
            0
          ],
          [
            -99.22076,
            18.92409,
            0
          ],
          [
            -99.22106,
            18.92413,
            0
          ],
          [
            -99.22153,
            18.92425,
            0
          ],
          [
            -99.22163,
            18.92428,
            0
          ],
          [
            -99.22251,
            18.92448,
            0
          ],
          [
            -99.22325,
            18.92465,
            0
          ],
          [
            -99.22336,
            18.92467,
            0
          ],
          [
            -99.22339,
            18.92468,
            0
          ],
          [
            -99.22416,
            18.92485,
            0
          ],
          [
            -99.22492,
            18.92502,
            0
          ],
          [
            -99.22544,
            18.92514,
            0
          ],
          [
            -99.22584,
            18.92523,
            0
          ],
          [
            -99.22611,
            18.92529,
            0
          ],
          [
            -99.22732,
            18.92557,
            0
          ],
          [
            -99.22769,
            18.92566,
            0
          ],
          [
            -99.22774,
            18.92567,
            0
          ],
          [
            -99.22793,
            18.92572,
            0
          ],
          [
            -99.2281,
            18.92578,
            0
          ],
          [
            -99.22824,
            18.92584,
            0
          ],
          [
            -99.22842,
            18.92594,
            0
          ],
          [
            -99.22864,
            18.92608,
            0
          ],
          [
            -99.22874,
            18.92616,
            0
          ],
          [
            -99.22878,
            18.92619,
            0
          ],
          [
            -99.22888,
            18.92628,
            0
          ],
          [
            -99.22908,
            18.92649,
            0
          ],
          [
            -99.22925,
            18.92669,
            0
          ],
          [
            -99.22934,
            18.92681,
            0
          ],
          [
            -99.22943,
            18.92698,
            0
          ],
          [
            -99.22951,
            18.92712,
            0
          ],
          [
            -99.22963,
            18.92741,
            0
          ],
          [
            -99.22981,
            18.92784,
            0
          ],
          [
            -99.22983,
            18.92792,
            0
          ],
          [
            -99.23006,
            18.92848,
            0
          ],
          [
            -99.23025,
            18.92895,
            0
          ],
          [
            -99.23043,
            18.92935,
            0
          ],
          [
            -99.23047,
            18.92947,
            0
          ],
          [
            -99.23055,
            18.9297,
            0
          ],
          [
            -99.23058,
            18.92977,
            0
          ],
          [
            -99.23063,
            18.93004,
            0
          ],
          [
            -99.23069,
            18.93031,
            0
          ],
          [
            -99.23069,
            18.93038,
            0
          ],
          [
            -99.23071,
            18.93047,
            0
          ],
          [
            -99.23072,
            18.93059,
            0
          ],
          [
            -99.23073,
            18.9307,
            0
          ],
          [
            -99.23066,
            18.93071,
            0
          ],
          [
            -99.23064,
            18.93071,
            0
          ],
          [
            -99.23058,
            18.93073,
            0
          ],
          [
            -99.23053,
            18.93075,
            0
          ],
          [
            -99.23041,
            18.93081,
            0
          ],
          [
            -99.23034,
            18.93085,
            0
          ],
          [
            -99.22971,
            18.93121,
            0
          ],
          [
            -99.22967,
            18.93123,
            0
          ],
          [
            -99.22962,
            18.93124,
            0
          ],
          [
            -99.22959,
            18.93126,
            0
          ],
          [
            -99.22949,
            18.93127,
            0
          ],
          [
            -99.22934,
            18.9313,
            0
          ],
          [
            -99.22916,
            18.93132,
            0
          ],
          [
            -99.22906,
            18.93134,
            0
          ],
          [
            -99.22902,
            18.93136,
            0
          ],
          [
            -99.22899,
            18.93139,
            0
          ],
          [
            -99.22893,
            18.9315,
            0
          ],
          [
            -99.22885,
            18.93171,
            0
          ],
          [
            -99.22876,
            18.93195,
            0
          ],
          [
            -99.22899,
            18.93208,
            0
          ],
          [
            -99.22934,
            18.93226,
            0
          ],
          [
            -99.22966,
            18.93207,
            0
          ],
          [
            -99.22979,
            18.93205,
            0
          ],
          [
            -99.22985,
            18.93207,
            0
          ],
          [
            -99.22986,
            18.93207,
            0
          ],
          [
            -99.22987,
            18.93207,
            0
          ],
          [
            -99.23028,
            18.93207,
            0
          ],
          [
            -99.23079,
            18.93208,
            0
          ],
          [
            -99.23089,
            18.93208,
            0
          ],
          [
            -99.231,
            18.93209,
            0
          ],
          [
            -99.23136,
            18.93211,
            0
          ],
          [
            -99.2315,
            18.93212,
            0
          ],
          [
            -99.23172,
            18.93213,
            0
          ],
          [
            -99.23173,
            18.93213,
            0
          ],
          [
            -99.23175,
            18.93212,
            0
          ],
          [
            -99.23177,
            18.93212,
            0
          ],
          [
            -99.23182,
            18.9321,
            0
          ],
          [
            -99.23196,
            18.9321,
            0
          ],
          [
            -99.23204,
            18.93209,
            0
          ],
          [
            -99.23228,
            18.93204,
            0
          ],
          [
            -99.23236,
            18.93204,
            0
          ],
          [
            -99.23255,
            18.93205,
            0
          ],
          [
            -99.23267,
            18.9319,
            0
          ],
          [
            -99.23273,
            18.93185,
            0
          ],
          [
            -99.2328,
            18.93181,
            0
          ],
          [
            -99.23286,
            18.93176,
            0
          ],
          [
            -99.23306,
            18.93162,
            0
          ],
          [
            -99.23316,
            18.93154,
            0
          ],
          [
            -99.23328,
            18.93149,
            0
          ],
          [
            -99.23341,
            18.93146,
            0
          ],
          [
            -99.23346,
            18.93145,
            0
          ],
          [
            -99.2335,
            18.93144,
            0
          ],
          [
            -99.23357,
            18.93144,
            0
          ],
          [
            -99.2336,
            18.93145,
            0
          ],
          [
            -99.23365,
            18.93146,
            0
          ],
          [
            -99.23368,
            18.93147,
            0
          ],
          [
            -99.23373,
            18.93149,
            0
          ],
          [
            -99.23375,
            18.9315,
            0
          ],
          [
            -99.23381,
            18.93155,
            0
          ],
          [
            -99.23385,
            18.93158,
            0
          ],
          [
            -99.23389,
            18.93162,
            0
          ],
          [
            -99.23394,
            18.93168,
            0
          ],
          [
            -99.23396,
            18.93173,
            0
          ],
          [
            -99.23409,
            18.93195,
            0
          ],
          [
            -99.23415,
            18.93207,
            0
          ],
          [
            -99.23417,
            18.9321,
            0
          ],
          [
            -99.23418,
            18.93211,
            0
          ],
          [
            -99.2342,
            18.93213,
            0
          ],
          [
            -99.23426,
            18.93217,
            0
          ],
          [
            -99.23432,
            18.9322,
            0
          ],
          [
            -99.23435,
            18.93221,
            0
          ],
          [
            -99.2344,
            18.93222,
            0
          ],
          [
            -99.23445,
            18.93223,
            0
          ],
          [
            -99.23456,
            18.93224,
            0
          ],
          [
            -99.23471,
            18.93221,
            0
          ],
          [
            -99.23477,
            18.93219,
            0
          ],
          [
            -99.23484,
            18.93216,
            0
          ],
          [
            -99.23496,
            18.93209,
            0
          ],
          [
            -99.23501,
            18.93204,
            0
          ],
          [
            -99.23504,
            18.932,
            0
          ],
          [
            -99.23507,
            18.93196,
            0
          ],
          [
            -99.23509,
            18.93192,
            0
          ],
          [
            -99.2351,
            18.93189,
            0
          ],
          [
            -99.2351,
            18.93185,
            0
          ],
          [
            -99.2351,
            18.93182,
            0
          ],
          [
            -99.23506,
            18.93135,
            0
          ],
          [
            -99.23502,
            18.93082,
            0
          ],
          [
            -99.23501,
            18.93064,
            0
          ],
          [
            -99.23502,
            18.93048,
            0
          ],
          [
            -99.23504,
            18.93027,
            0
          ],
          [
            -99.23508,
            18.93007,
            0
          ],
          [
            -99.23512,
            18.92986,
            0
          ],
          [
            -99.23513,
            18.92976,
            0
          ],
          [
            -99.23513,
            18.92972,
            0
          ],
          [
            -99.23513,
            18.92968,
            0
          ],
          [
            -99.23513,
            18.92958,
            0
          ],
          [
            -99.23512,
            18.92949,
            0
          ],
          [
            -99.23506,
            18.9291,
            0
          ],
          [
            -99.23504,
            18.92901,
            0
          ],
          [
            -99.23504,
            18.92891,
            0
          ],
          [
            -99.23505,
            18.92884,
            0
          ],
          [
            -99.23506,
            18.92879,
            0
          ],
          [
            -99.23508,
            18.92874,
            0
          ],
          [
            -99.23513,
            18.92866,
            0
          ],
          [
            -99.23515,
            18.92864,
            0
          ],
          [
            -99.23521,
            18.92859,
            0
          ],
          [
            -99.2353,
            18.92856,
            0
          ],
          [
            -99.23537,
            18.92854,
            0
          ],
          [
            -99.23543,
            18.92854,
            0
          ],
          [
            -99.2355,
            18.92851,
            0
          ],
          [
            -99.23554,
            18.92853,
            0
          ],
          [
            -99.23555,
            18.92853,
            0
          ],
          [
            -99.23558,
            18.92855,
            0
          ],
          [
            -99.23562,
            18.92858,
            0
          ],
          [
            -99.23568,
            18.92863,
            0
          ],
          [
            -99.23574,
            18.92869,
            0
          ],
          [
            -99.23578,
            18.92874,
            0
          ],
          [
            -99.23606,
            18.92912,
            0
          ],
          [
            -99.23612,
            18.9292,
            0
          ],
          [
            -99.23626,
            18.92933,
            0
          ],
          [
            -99.23648,
            18.9295,
            0
          ],
          [
            -99.23655,
            18.92956,
            0
          ],
          [
            -99.23679,
            18.92971,
            0
          ],
          [
            -99.23711,
            18.9299,
            0
          ],
          [
            -99.23716,
            18.92991,
            0
          ],
          [
            -99.23722,
            18.92991,
            0
          ],
          [
            -99.2373,
            18.92991,
            0
          ],
          [
            -99.23737,
            18.92989,
            0
          ],
          [
            -99.23754,
            18.92997,
            0
          ],
          [
            -99.23766,
            18.92984,
            0
          ],
          [
            -99.23767,
            18.92983,
            0
          ],
          [
            -99.23768,
            18.9298,
            0
          ],
          [
            -99.23769,
            18.92977,
            0
          ],
          [
            -99.23773,
            18.92964,
            0
          ],
          [
            -99.23785,
            18.92946,
            0
          ],
          [
            -99.23784,
            18.92936,
            0
          ],
          [
            -99.23783,
            18.92932,
            0
          ],
          [
            -99.23782,
            18.92927,
            0
          ],
          [
            -99.2378,
            18.92923,
            0
          ],
          [
            -99.23777,
            18.92921,
            0
          ],
          [
            -99.23749,
            18.92898,
            0
          ],
          [
            -99.23744,
            18.92893,
            0
          ],
          [
            -99.23741,
            18.9289,
            0
          ],
          [
            -99.23739,
            18.92887,
            0
          ],
          [
            -99.23738,
            18.92881,
            0
          ],
          [
            -99.23737,
            18.9287,
            0
          ],
          [
            -99.23732,
            18.92802,
            0
          ],
          [
            -99.23729,
            18.92748,
            0
          ],
          [
            -99.23733,
            18.92726,
            0
          ],
          [
            -99.23734,
            18.92722,
            0
          ],
          [
            -99.23735,
            18.92718,
            0
          ],
          [
            -99.23744,
            18.92697,
            0
          ],
          [
            -99.23741,
            18.92687,
            0
          ],
          [
            -99.23739,
            18.9268,
            0
          ],
          [
            -99.23709,
            18.92614,
            0
          ],
          [
            -99.23698,
            18.92591,
            0
          ],
          [
            -99.2369,
            18.92574,
            0
          ],
          [
            -99.23684,
            18.92552,
            0
          ],
          [
            -99.2367,
            18.92489,
            0
          ],
          [
            -99.23661,
            18.92454,
            0
          ],
          [
            -99.23656,
            18.92437,
            0
          ],
          [
            -99.23651,
            18.92426,
            0
          ],
          [
            -99.23643,
            18.92413,
            0
          ],
          [
            -99.23635,
            18.92401,
            0
          ],
          [
            -99.23618,
            18.92375,
            0
          ],
          [
            -99.23607,
            18.92358,
            0
          ],
          [
            -99.23589,
            18.9233,
            0
          ],
          [
            -99.23561,
            18.92287,
            0
          ],
          [
            -99.23543,
            18.92267,
            0
          ],
          [
            -99.23534,
            18.9226,
            0
          ],
          [
            -99.23533,
            18.92259,
            0
          ],
          [
            -99.23532,
            18.92258,
            0
          ],
          [
            -99.23526,
            18.92212,
            0
          ],
          [
            -99.23525,
            18.92203,
            0
          ],
          [
            -99.23516,
            18.92138,
            0
          ],
          [
            -99.23512,
            18.92113,
            0
          ],
          [
            -99.2351,
            18.92083,
            0
          ],
          [
            -99.23509,
            18.92033,
            0
          ],
          [
            -99.23508,
            18.91889,
            0
          ],
          [
            -99.23511,
            18.91889,
            0
          ],
          [
            -99.2351,
            18.91827,
            0
          ],
          [
            -99.2351,
            18.91809,
            0
          ],
          [
            -99.23509,
            18.91755,
            0
          ],
          [
            -99.23508,
            18.91732,
            0
          ],
          [
            -99.23508,
            18.91712,
            0
          ],
          [
            -99.23506,
            18.91655,
            0
          ],
          [
            -99.23504,
            18.9158,
            0
          ],
          [
            -99.23504,
            18.91577,
            0
          ],
          [
            -99.23496,
            18.91496,
            0
          ],
          [
            -99.23494,
            18.91472,
            0
          ],
          [
            -99.23488,
            18.91425,
            0
          ],
          [
            -99.23468,
            18.91353,
            0
          ],
          [
            -99.2346,
            18.91332,
            0
          ],
          [
            -99.23449,
            18.91311,
            0
          ],
          [
            -99.23434,
            18.9129,
            0
          ],
          [
            -99.23394,
            18.91223,
            0
          ],
          [
            -99.23381,
            18.912,
            0
          ],
          [
            -99.23356,
            18.91152,
            0
          ],
          [
            -99.23335,
            18.91105,
            0
          ],
          [
            -99.23313,
            18.91054,
            0
          ],
          [
            -99.23296,
            18.91009,
            0
          ],
          [
            -99.23284,
            18.90976,
            0
          ],
          [
            -99.23276,
            18.90955,
            0
          ],
          [
            -99.23263,
            18.90919,
            0
          ],
          [
            -99.23254,
            18.9089,
            0
          ],
          [
            -99.23249,
            18.90872,
            0
          ],
          [
            -99.23242,
            18.90853,
            0
          ],
          [
            -99.23236,
            18.90833,
            0
          ],
          [
            -99.23217,
            18.9076,
            0
          ],
          [
            -99.23214,
            18.90742,
            0
          ],
          [
            -99.23213,
            18.90729,
            0
          ],
          [
            -99.2321,
            18.90707,
            0
          ],
          [
            -99.23219,
            18.90703,
            0
          ],
          [
            -99.23208,
            18.90682,
            0
          ],
          [
            -99.23206,
            18.90672,
            0
          ],
          [
            -99.23204,
            18.90666,
            0
          ],
          [
            -99.23202,
            18.90657,
            0
          ],
          [
            -99.23197,
            18.90626,
            0
          ],
          [
            -99.23193,
            18.90601,
            0
          ],
          [
            -99.23192,
            18.90597,
            0
          ],
          [
            -99.23187,
            18.90573,
            0
          ],
          [
            -99.23177,
            18.90501,
            0
          ],
          [
            -99.23168,
            18.90438,
            0
          ],
          [
            -99.23163,
            18.90386,
            0
          ],
          [
            -99.23161,
            18.90364,
            0
          ],
          [
            -99.23158,
            18.90329,
            0
          ],
          [
            -99.23154,
            18.90289,
            0
          ],
          [
            -99.23147,
            18.90192,
            0
          ],
          [
            -99.23143,
            18.90147,
            0
          ],
          [
            -99.23141,
            18.90127,
            0
          ],
          [
            -99.23133,
            18.90094,
            0
          ],
          [
            -99.23119,
            18.90043,
            0
          ],
          [
            -99.23105,
            18.89993,
            0
          ],
          [
            -99.23088,
            18.89942,
            0
          ],
          [
            -99.23056,
            18.89847,
            0
          ],
          [
            -99.23033,
            18.89782,
            0
          ],
          [
            -99.23019,
            18.89751,
            0
          ],
          [
            -99.23008,
            18.89726,
            0
          ],
          [
            -99.23004,
            18.89718,
            0
          ],
          [
            -99.22983,
            18.89672,
            0
          ],
          [
            -99.22955,
            18.89614,
            0
          ],
          [
            -99.2294,
            18.89582,
            0
          ],
          [
            -99.22911,
            18.89519,
            0
          ],
          [
            -99.2291,
            18.89518,
            0
          ],
          [
            -99.22883,
            18.89459,
            0
          ],
          [
            -99.22866,
            18.89419,
            0
          ],
          [
            -99.22851,
            18.89385,
            0
          ],
          [
            -99.22847,
            18.89375,
            0
          ],
          [
            -99.22836,
            18.8935,
            0
          ],
          [
            -99.22836,
            18.89348,
            0
          ],
          [
            -99.22836,
            18.89345,
            0
          ],
          [
            -99.22835,
            18.89341,
            0
          ],
          [
            -99.22832,
            18.8933,
            0
          ],
          [
            -99.22832,
            18.89328,
            0
          ],
          [
            -99.22832,
            18.89325,
            0
          ],
          [
            -99.2283,
            18.89318,
            0
          ],
          [
            -99.22821,
            18.89297,
            0
          ],
          [
            -99.22818,
            18.89289,
            0
          ],
          [
            -99.22816,
            18.8928,
            0
          ],
          [
            -99.22806,
            18.89243,
            0
          ],
          [
            -99.22804,
            18.89234,
            0
          ],
          [
            -99.22801,
            18.89216,
            0
          ],
          [
            -99.22797,
            18.89194,
            0
          ],
          [
            -99.22797,
            18.89192,
            0
          ],
          [
            -99.22796,
            18.89181,
            0
          ],
          [
            -99.22795,
            18.89168,
            0
          ],
          [
            -99.22796,
            18.89145,
            0
          ],
          [
            -99.22796,
            18.89142,
            0
          ],
          [
            -99.22798,
            18.89127,
            0
          ],
          [
            -99.22804,
            18.89099,
            0
          ],
          [
            -99.22803,
            18.89094,
            0
          ],
          [
            -99.22803,
            18.89091,
            0
          ],
          [
            -99.22803,
            18.89089,
            0
          ],
          [
            -99.22801,
            18.89081,
            0
          ],
          [
            -99.22808,
            18.89061,
            0
          ],
          [
            -99.22813,
            18.89048,
            0
          ],
          [
            -99.22825,
            18.89013,
            0
          ],
          [
            -99.22834,
            18.88994,
            0
          ],
          [
            -99.22843,
            18.88976,
            0
          ],
          [
            -99.22852,
            18.8896,
            0
          ],
          [
            -99.22855,
            18.88955,
            0
          ],
          [
            -99.22862,
            18.88941,
            0
          ],
          [
            -99.2288,
            18.88893,
            0
          ],
          [
            -99.22895,
            18.88854,
            0
          ],
          [
            -99.229,
            18.88843,
            0
          ],
          [
            -99.2291,
            18.88818,
            0
          ],
          [
            -99.22923,
            18.88787,
            0
          ],
          [
            -99.22929,
            18.8877,
            0
          ],
          [
            -99.22936,
            18.88752,
            0
          ],
          [
            -99.22943,
            18.88737,
            0
          ],
          [
            -99.22951,
            18.88714,
            0
          ],
          [
            -99.22961,
            18.88689,
            0
          ],
          [
            -99.22966,
            18.88675,
            0
          ],
          [
            -99.22968,
            18.88662,
            0
          ],
          [
            -99.22968,
            18.88661,
            0
          ],
          [
            -99.22968,
            18.8866,
            0
          ],
          [
            -99.22975,
            18.88644,
            0
          ],
          [
            -99.22983,
            18.88627,
            0
          ],
          [
            -99.22989,
            18.88614,
            0
          ],
          [
            -99.23,
            18.88588,
            0
          ],
          [
            -99.23006,
            18.88571,
            0
          ],
          [
            -99.23014,
            18.88545,
            0
          ],
          [
            -99.23017,
            18.88529,
            0
          ],
          [
            -99.23019,
            18.88516,
            0
          ],
          [
            -99.23021,
            18.88489,
            0
          ],
          [
            -99.23022,
            18.88478,
            0
          ],
          [
            -99.23021,
            18.8847,
            0
          ],
          [
            -99.23016,
            18.88432,
            0
          ],
          [
            -99.23006,
            18.88386,
            0
          ],
          [
            -99.22993,
            18.88309,
            0
          ],
          [
            -99.22987,
            18.88267,
            0
          ],
          [
            -99.22984,
            18.88242,
            0
          ],
          [
            -99.22982,
            18.88222,
            0
          ],
          [
            -99.22983,
            18.88205,
            0
          ],
          [
            -99.22983,
            18.88193,
            0
          ],
          [
            -99.22985,
            18.88173,
            0
          ],
          [
            -99.22987,
            18.88135,
            0
          ],
          [
            -99.22987,
            18.88117,
            0
          ],
          [
            -99.22986,
            18.88105,
            0
          ],
          [
            -99.22985,
            18.88085,
            0
          ],
          [
            -99.22983,
            18.88062,
            0
          ],
          [
            -99.22981,
            18.88045,
            0
          ],
          [
            -99.22978,
            18.88017,
            0
          ],
          [
            -99.22975,
            18.88003,
            0
          ],
          [
            -99.22971,
            18.87984,
            0
          ],
          [
            -99.22963,
            18.87965,
            0
          ],
          [
            -99.2296,
            18.87958,
            0
          ],
          [
            -99.22946,
            18.87917,
            0
          ],
          [
            -99.22927,
            18.87863,
            0
          ],
          [
            -99.22915,
            18.87827,
            0
          ],
          [
            -99.22912,
            18.87815,
            0
          ],
          [
            -99.2291,
            18.87807,
            0
          ],
          [
            -99.22908,
            18.87794,
            0
          ],
          [
            -99.22908,
            18.87791,
            0
          ],
          [
            -99.22907,
            18.87785,
            0
          ],
          [
            -99.22907,
            18.87782,
            0
          ],
          [
            -99.22906,
            18.87769,
            0
          ],
          [
            -99.22906,
            18.8774,
            0
          ],
          [
            -99.22906,
            18.87727,
            0
          ],
          [
            -99.22904,
            18.87717,
            0
          ],
          [
            -99.229,
            18.87706,
            0
          ],
          [
            -99.22898,
            18.87701,
            0
          ],
          [
            -99.22891,
            18.87686,
            0
          ],
          [
            -99.22888,
            18.8768,
            0
          ],
          [
            -99.22881,
            18.87672,
            0
          ],
          [
            -99.22869,
            18.8766,
            0
          ],
          [
            -99.22822,
            18.87608,
            0
          ],
          [
            -99.22803,
            18.87579,
            0
          ],
          [
            -99.22776,
            18.87544,
            0
          ],
          [
            -99.22754,
            18.87511,
            0
          ],
          [
            -99.22742,
            18.87491,
            0
          ],
          [
            -99.2274,
            18.87487,
            0
          ],
          [
            -99.22736,
            18.87478,
            0
          ],
          [
            -99.22732,
            18.87468,
            0
          ],
          [
            -99.22731,
            18.87461,
            0
          ],
          [
            -99.2273,
            18.87455,
            0
          ],
          [
            -99.22726,
            18.87429,
            0
          ],
          [
            -99.22724,
            18.87407,
            0
          ],
          [
            -99.22721,
            18.8739,
            0
          ],
          [
            -99.2272,
            18.87385,
            0
          ],
          [
            -99.22717,
            18.8738,
            0
          ],
          [
            -99.22712,
            18.87371,
            0
          ],
          [
            -99.22707,
            18.87362,
            0
          ],
          [
            -99.22702,
            18.87357,
            0
          ],
          [
            -99.22694,
            18.8735,
            0
          ],
          [
            -99.22679,
            18.87334,
            0
          ],
          [
            -99.22673,
            18.87327,
            0
          ],
          [
            -99.22667,
            18.87319,
            0
          ],
          [
            -99.22662,
            18.87306,
            0
          ],
          [
            -99.22656,
            18.8729,
            0
          ],
          [
            -99.22654,
            18.87275,
            0
          ],
          [
            -99.22648,
            18.87252,
            0
          ],
          [
            -99.22646,
            18.87239,
            0
          ],
          [
            -99.22645,
            18.8723,
            0
          ],
          [
            -99.22644,
            18.87218,
            0
          ],
          [
            -99.22646,
            18.87209,
            0
          ],
          [
            -99.22648,
            18.87198,
            0
          ],
          [
            -99.2265,
            18.8719,
            0
          ],
          [
            -99.22653,
            18.87181,
            0
          ],
          [
            -99.2266,
            18.87161,
            0
          ],
          [
            -99.22664,
            18.87153,
            0
          ],
          [
            -99.22674,
            18.8713,
            0
          ],
          [
            -99.22678,
            18.87122,
            0
          ],
          [
            -99.22683,
            18.87111,
            0
          ],
          [
            -99.22684,
            18.87108,
            0
          ],
          [
            -99.22687,
            18.871,
            0
          ],
          [
            -99.22688,
            18.87094,
            0
          ],
          [
            -99.22689,
            18.87086,
            0
          ],
          [
            -99.2269,
            18.87078,
            0
          ],
          [
            -99.2269,
            18.87075,
            0
          ],
          [
            -99.2269,
            18.87071,
            0
          ],
          [
            -99.22689,
            18.87067,
            0
          ],
          [
            -99.22688,
            18.87064,
            0
          ],
          [
            -99.22685,
            18.87056,
            0
          ],
          [
            -99.22684,
            18.87051,
            0
          ],
          [
            -99.22682,
            18.87048,
            0
          ],
          [
            -99.22676,
            18.8704,
            0
          ],
          [
            -99.22633,
            18.86994,
            0
          ],
          [
            -99.22627,
            18.86986,
            0
          ],
          [
            -99.22624,
            18.86982,
            0
          ],
          [
            -99.22618,
            18.86953,
            0
          ],
          [
            -99.2262,
            18.86947,
            0
          ],
          [
            -99.22622,
            18.86939,
            0
          ],
          [
            -99.22625,
            18.86933,
            0
          ],
          [
            -99.22635,
            18.86917,
            0
          ],
          [
            -99.22639,
            18.86916,
            0
          ],
          [
            -99.22641,
            18.86914,
            0
          ],
          [
            -99.22644,
            18.86912,
            0
          ],
          [
            -99.22647,
            18.86909,
            0
          ],
          [
            -99.22649,
            18.86906,
            0
          ],
          [
            -99.22654,
            18.86901,
            0
          ],
          [
            -99.22659,
            18.86895,
            0
          ],
          [
            -99.22671,
            18.86885,
            0
          ],
          [
            -99.22683,
            18.8687,
            0
          ],
          [
            -99.22685,
            18.86868,
            0
          ],
          [
            -99.22702,
            18.86841,
            0
          ],
          [
            -99.22713,
            18.86822,
            0
          ],
          [
            -99.22722,
            18.86804,
            0
          ],
          [
            -99.22729,
            18.86789,
            0
          ],
          [
            -99.22732,
            18.86783,
            0
          ],
          [
            -99.22735,
            18.86773,
            0
          ],
          [
            -99.22737,
            18.8676,
            0
          ],
          [
            -99.22737,
            18.86746,
            0
          ],
          [
            -99.22735,
            18.86728,
            0
          ],
          [
            -99.2273,
            18.86715,
            0
          ],
          [
            -99.22726,
            18.86708,
            0
          ],
          [
            -99.22722,
            18.86701,
            0
          ],
          [
            -99.22711,
            18.86687,
            0
          ],
          [
            -99.2268,
            18.86654,
            0
          ],
          [
            -99.22607,
            18.86569,
            0
          ],
          [
            -99.22586,
            18.86545,
            0
          ],
          [
            -99.22549,
            18.86505,
            0
          ],
          [
            -99.2251,
            18.86459,
            0
          ],
          [
            -99.22505,
            18.86453,
            0
          ],
          [
            -99.22484,
            18.86429,
            0
          ],
          [
            -99.22469,
            18.86411,
            0
          ],
          [
            -99.22464,
            18.86403,
            0
          ],
          [
            -99.2246,
            18.86391,
            0
          ],
          [
            -99.22458,
            18.86382,
            0
          ],
          [
            -99.22457,
            18.86369,
            0
          ],
          [
            -99.22458,
            18.8636,
            0
          ],
          [
            -99.22461,
            18.86352,
            0
          ],
          [
            -99.22466,
            18.86344,
            0
          ],
          [
            -99.22473,
            18.86331,
            0
          ],
          [
            -99.22481,
            18.86317,
            0
          ],
          [
            -99.22492,
            18.86299,
            0
          ],
          [
            -99.225,
            18.86285,
            0
          ],
          [
            -99.22513,
            18.86262,
            0
          ],
          [
            -99.22517,
            18.86252,
            0
          ],
          [
            -99.22521,
            18.8624,
            0
          ],
          [
            -99.22522,
            18.86233,
            0
          ],
          [
            -99.22523,
            18.86226,
            0
          ],
          [
            -99.22524,
            18.86214,
            0
          ],
          [
            -99.22524,
            18.86203,
            0
          ],
          [
            -99.22523,
            18.8619,
            0
          ],
          [
            -99.2252,
            18.86178,
            0
          ],
          [
            -99.22515,
            18.86166,
            0
          ],
          [
            -99.22509,
            18.8615,
            0
          ],
          [
            -99.22499,
            18.8613,
            0
          ],
          [
            -99.22486,
            18.86104,
            0
          ],
          [
            -99.22476,
            18.86085,
            0
          ],
          [
            -99.22463,
            18.86062,
            0
          ],
          [
            -99.22447,
            18.86038,
            0
          ],
          [
            -99.22434,
            18.86019,
            0
          ],
          [
            -99.22414,
            18.85992,
            0
          ],
          [
            -99.22399,
            18.85971,
            0
          ],
          [
            -99.22385,
            18.85946,
            0
          ],
          [
            -99.2238,
            18.85932,
            0
          ],
          [
            -99.22376,
            18.85915,
            0
          ],
          [
            -99.22375,
            18.85902,
            0
          ],
          [
            -99.22375,
            18.85887,
            0
          ],
          [
            -99.22376,
            18.85865,
            0
          ],
          [
            -99.22379,
            18.85849,
            0
          ],
          [
            -99.22385,
            18.85829,
            0
          ],
          [
            -99.22396,
            18.85801,
            0
          ],
          [
            -99.22401,
            18.8579,
            0
          ],
          [
            -99.22404,
            18.8578,
            0
          ],
          [
            -99.22409,
            18.85767,
            0
          ],
          [
            -99.22425,
            18.85727,
            0
          ],
          [
            -99.22431,
            18.85704,
            0
          ],
          [
            -99.22471,
            18.85544,
            0
          ],
          [
            -99.22477,
            18.85517,
            0
          ],
          [
            -99.2248,
            18.85505,
            0
          ],
          [
            -99.22482,
            18.85495,
            0
          ],
          [
            -99.22484,
            18.85487,
            0
          ],
          [
            -99.22486,
            18.85464,
            0
          ],
          [
            -99.22486,
            18.85453,
            0
          ],
          [
            -99.22485,
            18.85441,
            0
          ],
          [
            -99.22478,
            18.85401,
            0
          ],
          [
            -99.22476,
            18.8539,
            0
          ],
          [
            -99.22472,
            18.85361,
            0
          ],
          [
            -99.22469,
            18.85345,
            0
          ],
          [
            -99.22467,
            18.85331,
            0
          ],
          [
            -99.22465,
            18.85318,
            0
          ],
          [
            -99.22471,
            18.85314,
            0
          ],
          [
            -99.22472,
            18.85313,
            0
          ],
          [
            -99.22474,
            18.8531,
            0
          ],
          [
            -99.22475,
            18.85306,
            0
          ],
          [
            -99.22477,
            18.853,
            0
          ],
          [
            -99.2248,
            18.85275,
            0
          ],
          [
            -99.22487,
            18.85215,
            0
          ],
          [
            -99.22489,
            18.85203,
            0
          ],
          [
            -99.22491,
            18.85177,
            0
          ],
          [
            -99.22492,
            18.85164,
            0
          ],
          [
            -99.22495,
            18.85151,
            0
          ],
          [
            -99.22497,
            18.85139,
            0
          ],
          [
            -99.22499,
            18.8513,
            0
          ],
          [
            -99.22501,
            18.85125,
            0
          ],
          [
            -99.22506,
            18.8512,
            0
          ],
          [
            -99.22511,
            18.85115,
            0
          ],
          [
            -99.22517,
            18.8511,
            0
          ],
          [
            -99.22523,
            18.85105,
            0
          ],
          [
            -99.22527,
            18.85111,
            0
          ],
          [
            -99.22537,
            18.85125,
            0
          ],
          [
            -99.22562,
            18.85161,
            0
          ],
          [
            -99.226,
            18.85214,
            0
          ],
          [
            -99.22619,
            18.85238,
            0
          ],
          [
            -99.22645,
            18.85272,
            0
          ],
          [
            -99.22681,
            18.85321,
            0
          ],
          [
            -99.22702,
            18.85351,
            0
          ],
          [
            -99.22712,
            18.85367,
            0
          ],
          [
            -99.2272,
            18.85378,
            0
          ],
          [
            -99.22733,
            18.85395,
            0
          ],
          [
            -99.22741,
            18.85406,
            0
          ],
          [
            -99.22749,
            18.85417,
            0
          ],
          [
            -99.22756,
            18.85427,
            0
          ],
          [
            -99.22793,
            18.85473,
            0
          ],
          [
            -99.22814,
            18.85501,
            0
          ],
          [
            -99.22827,
            18.8552,
            0
          ],
          [
            -99.22845,
            18.85545,
            0
          ],
          [
            -99.22875,
            18.85582,
            0
          ],
          [
            -99.22904,
            18.85619,
            0
          ],
          [
            -99.22913,
            18.85632,
            0
          ],
          [
            -99.22947,
            18.85676,
            0
          ],
          [
            -99.22963,
            18.85701,
            0
          ],
          [
            -99.2298,
            18.85722,
            0
          ],
          [
            -99.22986,
            18.85726,
            0
          ],
          [
            -99.22993,
            18.8573,
            0
          ],
          [
            -99.2301,
            18.85739,
            0
          ],
          [
            -99.23033,
            18.8575,
            0
          ],
          [
            -99.23044,
            18.85757,
            0
          ],
          [
            -99.2306,
            18.85771,
            0
          ],
          [
            -99.23064,
            18.85775,
            0
          ],
          [
            -99.23069,
            18.8578,
            0
          ],
          [
            -99.23073,
            18.85786,
            0
          ],
          [
            -99.23086,
            18.85821,
            0
          ],
          [
            -99.23093,
            18.85837,
            0
          ],
          [
            -99.23097,
            18.85852,
            0
          ],
          [
            -99.23102,
            18.85866,
            0
          ],
          [
            -99.2312,
            18.85912,
            0
          ],
          [
            -99.23132,
            18.85944,
            0
          ],
          [
            -99.23146,
            18.85982,
            0
          ],
          [
            -99.23162,
            18.86028,
            0
          ],
          [
            -99.23185,
            18.86093,
            0
          ],
          [
            -99.23208,
            18.86151,
            0
          ],
          [
            -99.23214,
            18.86166,
            0
          ],
          [
            -99.23239,
            18.8622,
            0
          ],
          [
            -99.23273,
            18.86292,
            0
          ],
          [
            -99.2328,
            18.86307,
            0
          ],
          [
            -99.23299,
            18.86349,
            0
          ],
          [
            -99.23303,
            18.86358,
            0
          ]
        ]
      },
      "properties": {
        "name": "1.- SECCIàN LOS ROBLES EN CIVAC - LOMAS DEL CARRIL (TEMIXCO)",
        "description": {
          "@type": "html",
          "value": "descripción: <br>OID: 254<br>ZONA: CENTRO<br>RUTA: RUTA 16<br>ITINERARIO: 1.- SECCIàN LOS ROBLES EN CIVAC - LOMAS DEL CARRIL (TEMIXCO)<br>DESCRIPCIO: CIVAC - LOMAS DEL CARRIL (TEMIXCO)<br>AUTO-AMPL: ITINERARIO<br>DEFIN-PROV: DEFINITIVOS<br>DURACION: DEFINITIVA<br>FOLIO: SGG/DGT/SDP/000538/97"
        },
        "styleUrl": "#line-0F9D58-1200",
        "stroke-opacity": 1,
        "stroke": "#0f9d58",
        "stroke-width": 1.2,
        "descripción": "",
        "OID": "254",
        "ZONA": "CENTRO",
        "RUTA": "RUTA 16",
        "ITINERARIO": "1.- SECCIàN LOS ROBLES EN CIVAC - LOMAS DEL CARRIL (TEMIXCO)",
        "DESCRIPCIO": "CIVAC - LOMAS DEL CARRIL (TEMIXCO)",
        "AUTO-AMPL": "ITINERARIO",
        "DEFIN-PROV": "DEFINITIVOS",
        "DURACION": "DEFINITIVA",
        "FOLIO": "SGG/DGT/SDP/000538/97"
      }
    }
  ]
}