{
  "type": "FeatureCollection",
  "features": [
    {
      "type": "Feature",
      "geometry": {
        "type": "LineString",
        "coordinates": [
          [
            -99.1814,
            18.89562,
            0
          ],
          [
            -99.18138,
            18.8956,
            0
          ],
          [
            -99.18132,
            18.89558,
            0
          ],
          [
            -99.18129,
            18.89557,
            0
          ],
          [
            -99.18126,
            18.89555,
            0
          ],
          [
            -99.1811,
            18.89544,
            0
          ],
          [
            -99.18092,
            18.89533,
            0
          ],
          [
            -99.1808,
            18.89526,
            0
          ],
          [
            -99.1807,
            18.89521,
            0
          ],
          [
            -99.18063,
            18.89519,
            0
          ],
          [
            -99.18051,
            18.89516,
            0
          ],
          [
            -99.18038,
            18.89515,
            0
          ],
          [
            -99.18023,
            18.89515,
            0
          ],
          [
            -99.18009,
            18.89516,
            0
          ],
          [
            -99.17995,
            18.89519,
            0
          ],
          [
            -99.17979,
            18.89524,
            0
          ],
          [
            -99.17978,
            18.89525,
            0
          ],
          [
            -99.17966,
            18.8953,
            0
          ],
          [
            -99.1795,
            18.89537,
            0
          ],
          [
            -99.17944,
            18.8954,
            0
          ],
          [
            -99.17936,
            18.89543,
            0
          ],
          [
            -99.17926,
            18.89546,
            0
          ],
          [
            -99.17915,
            18.89546,
            0
          ],
          [
            -99.17906,
            18.89546,
            0
          ],
          [
            -99.17898,
            18.89545,
            0
          ],
          [
            -99.17893,
            18.89544,
            0
          ],
          [
            -99.17889,
            18.89543,
            0
          ],
          [
            -99.17879,
            18.89539,
            0
          ],
          [
            -99.17875,
            18.89537,
            0
          ],
          [
            -99.17868,
            18.89533,
            0
          ],
          [
            -99.17864,
            18.8953,
            0
          ],
          [
            -99.17858,
            18.89523,
            0
          ],
          [
            -99.17846,
            18.89505,
            0
          ],
          [
            -99.17813,
            18.89451,
            0
          ],
          [
            -99.1781,
            18.89445,
            0
          ],
          [
            -99.17809,
            18.89444,
            0
          ],
          [
            -99.17808,
            18.89444,
            0
          ],
          [
            -99.17806,
            18.89444,
            0
          ],
          [
            -99.17804,
            18.89444,
            0
          ],
          [
            -99.17802,
            18.89445,
            0
          ],
          [
            -99.17795,
            18.89449,
            0
          ],
          [
            -99.17765,
            18.89467,
            0
          ],
          [
            -99.17722,
            18.89394,
            0
          ],
          [
            -99.17718,
            18.89386,
            0
          ],
          [
            -99.17694,
            18.89344,
            0
          ],
          [
            -99.17683,
            18.89326,
            0
          ],
          [
            -99.17675,
            18.89314,
            0
          ],
          [
            -99.1769,
            18.89306,
            0
          ],
          [
            -99.17694,
            18.89304,
            0
          ],
          [
            -99.17769,
            18.89264,
            0
          ],
          [
            -99.17784,
            18.89256,
            0
          ],
          [
            -99.17785,
            18.89255,
            0
          ],
          [
            -99.17791,
            18.89252,
            0
          ],
          [
            -99.17792,
            18.89252,
            0
          ],
          [
            -99.17851,
            18.8922,
            0
          ],
          [
            -99.17855,
            18.89218,
            0
          ],
          [
            -99.1786,
            18.89217,
            0
          ],
          [
            -99.17865,
            18.89216,
            0
          ],
          [
            -99.17873,
            18.89217,
            0
          ],
          [
            -99.17886,
            18.89219,
            0
          ],
          [
            -99.17896,
            18.8922,
            0
          ],
          [
            -99.17921,
            18.89223,
            0
          ],
          [
            -99.17937,
            18.89224,
            0
          ],
          [
            -99.17941,
            18.89224,
            0
          ],
          [
            -99.17943,
            18.89224,
            0
          ],
          [
            -99.17953,
            18.89223,
            0
          ],
          [
            -99.17969,
            18.8922,
            0
          ],
          [
            -99.17982,
            18.89215,
            0
          ],
          [
            -99.17987,
            18.89213,
            0
          ],
          [
            -99.17995,
            18.89208,
            0
          ],
          [
            -99.18006,
            18.89199,
            0
          ],
          [
            -99.18014,
            18.89191,
            0
          ],
          [
            -99.18019,
            18.89185,
            0
          ],
          [
            -99.18024,
            18.89177,
            0
          ],
          [
            -99.18027,
            18.8917,
            0
          ],
          [
            -99.1803,
            18.89159,
            0
          ],
          [
            -99.18032,
            18.89143,
            0
          ],
          [
            -99.18032,
            18.8913,
            0
          ],
          [
            -99.18028,
            18.89116,
            0
          ],
          [
            -99.18024,
            18.89106,
            0
          ],
          [
            -99.1802,
            18.89099,
            0
          ],
          [
            -99.18016,
            18.89094,
            0
          ],
          [
            -99.18011,
            18.8909,
            0
          ],
          [
            -99.18007,
            18.89088,
            0
          ],
          [
            -99.18004,
            18.89088,
            0
          ],
          [
            -99.18002,
            18.89088,
            0
          ],
          [
            -99.18,
            18.89088,
            0
          ],
          [
            -99.17987,
            18.89079,
            0
          ],
          [
            -99.17975,
            18.89077,
            0
          ],
          [
            -99.17925,
            18.8907,
            0
          ],
          [
            -99.17912,
            18.89069,
            0
          ],
          [
            -99.17905,
            18.89069,
            0
          ],
          [
            -99.179,
            18.89071,
            0
          ],
          [
            -99.17895,
            18.89072,
            0
          ],
          [
            -99.17893,
            18.89074,
            0
          ],
          [
            -99.17891,
            18.89075,
            0
          ],
          [
            -99.17888,
            18.89077,
            0
          ],
          [
            -99.17888,
            18.89082,
            0
          ],
          [
            -99.17888,
            18.89089,
            0
          ],
          [
            -99.17888,
            18.89102,
            0
          ],
          [
            -99.17889,
            18.89108,
            0
          ],
          [
            -99.1789,
            18.89111,
            0
          ],
          [
            -99.17891,
            18.89113,
            0
          ],
          [
            -99.17892,
            18.89115,
            0
          ],
          [
            -99.17895,
            18.89117,
            0
          ],
          [
            -99.17898,
            18.89119,
            0
          ],
          [
            -99.17902,
            18.8912,
            0
          ],
          [
            -99.17898,
            18.89148,
            0
          ],
          [
            -99.17887,
            18.89204,
            0
          ],
          [
            -99.17875,
            18.89203,
            0
          ],
          [
            -99.17871,
            18.89204,
            0
          ],
          [
            -99.17865,
            18.89205,
            0
          ],
          [
            -99.17859,
            18.89207,
            0
          ],
          [
            -99.17849,
            18.89211,
            0
          ],
          [
            -99.17791,
            18.89242,
            0
          ],
          [
            -99.17783,
            18.89246,
            0
          ],
          [
            -99.17763,
            18.89256,
            0
          ],
          [
            -99.17686,
            18.89298,
            0
          ],
          [
            -99.1767,
            18.89306,
            0
          ],
          [
            -99.17635,
            18.89251,
            0
          ],
          [
            -99.17583,
            18.89165,
            0
          ],
          [
            -99.17566,
            18.89137,
            0
          ],
          [
            -99.17553,
            18.89119,
            0
          ],
          [
            -99.17536,
            18.891,
            0
          ],
          [
            -99.17529,
            18.89092,
            0
          ],
          [
            -99.17518,
            18.89083,
            0
          ],
          [
            -99.17506,
            18.89073,
            0
          ],
          [
            -99.175,
            18.89068,
            0
          ],
          [
            -99.17481,
            18.89056,
            0
          ],
          [
            -99.17486,
            18.89047,
            0
          ],
          [
            -99.17502,
            18.89018,
            0
          ],
          [
            -99.17548,
            18.88927,
            0
          ],
          [
            -99.17556,
            18.88911,
            0
          ],
          [
            -99.17587,
            18.8885,
            0
          ],
          [
            -99.17591,
            18.88843,
            0
          ],
          [
            -99.17605,
            18.88814,
            0
          ],
          [
            -99.17613,
            18.88796,
            0
          ],
          [
            -99.1762,
            18.8878,
            0
          ],
          [
            -99.17628,
            18.88756,
            0
          ],
          [
            -99.17656,
            18.88678,
            0
          ],
          [
            -99.17673,
            18.88626,
            0
          ],
          [
            -99.17683,
            18.88598,
            0
          ],
          [
            -99.17696,
            18.88559,
            0
          ],
          [
            -99.17625,
            18.88546,
            0
          ],
          [
            -99.17548,
            18.88534,
            0
          ],
          [
            -99.1753,
            18.88585,
            0
          ],
          [
            -99.17519,
            18.88615,
            0
          ],
          [
            -99.17508,
            18.8864,
            0
          ],
          [
            -99.17496,
            18.8866,
            0
          ],
          [
            -99.17453,
            18.88744,
            0
          ],
          [
            -99.17437,
            18.88771,
            0
          ],
          [
            -99.17427,
            18.88791,
            0
          ],
          [
            -99.17422,
            18.888,
            0
          ],
          [
            -99.174,
            18.8884,
            0
          ],
          [
            -99.17388,
            18.88864,
            0
          ],
          [
            -99.17385,
            18.88869,
            0
          ],
          [
            -99.1737,
            18.88898,
            0
          ],
          [
            -99.17363,
            18.88911,
            0
          ],
          [
            -99.17352,
            18.88931,
            0
          ],
          [
            -99.17348,
            18.88938,
            0
          ],
          [
            -99.1734,
            18.88953,
            0
          ],
          [
            -99.1733,
            18.88973,
            0
          ],
          [
            -99.17312,
            18.89007,
            0
          ],
          [
            -99.17299,
            18.89032,
            0
          ],
          [
            -99.17292,
            18.89042,
            0
          ],
          [
            -99.17246,
            18.89129,
            0
          ],
          [
            -99.1724,
            18.89139,
            0
          ],
          [
            -99.17186,
            18.89241,
            0
          ],
          [
            -99.17182,
            18.8925,
            0
          ],
          [
            -99.17162,
            18.89288,
            0
          ],
          [
            -99.17115,
            18.89375,
            0
          ],
          [
            -99.17099,
            18.89405,
            0
          ],
          [
            -99.17092,
            18.89419,
            0
          ],
          [
            -99.17086,
            18.89431,
            0
          ],
          [
            -99.17071,
            18.89459,
            0
          ],
          [
            -99.1704,
            18.89513,
            0
          ],
          [
            -99.16981,
            18.89624,
            0
          ],
          [
            -99.16972,
            18.89641,
            0
          ],
          [
            -99.16966,
            18.89654,
            0
          ],
          [
            -99.16917,
            18.89605,
            0
          ],
          [
            -99.16912,
            18.89598,
            0
          ],
          [
            -99.1686,
            18.89551,
            0
          ],
          [
            -99.16814,
            18.89506,
            0
          ],
          [
            -99.1681,
            18.89502,
            0
          ],
          [
            -99.16806,
            18.89507,
            0
          ],
          [
            -99.16772,
            18.8957,
            0
          ],
          [
            -99.16771,
            18.89572,
            0
          ],
          [
            -99.16765,
            18.89578,
            0
          ],
          [
            -99.16749,
            18.89594,
            0
          ],
          [
            -99.16758,
            18.89603,
            0
          ],
          [
            -99.16766,
            18.89614,
            0
          ],
          [
            -99.16775,
            18.89626,
            0
          ],
          [
            -99.16817,
            18.89667,
            0
          ],
          [
            -99.16859,
            18.89708,
            0
          ],
          [
            -99.16867,
            18.89717,
            0
          ],
          [
            -99.16883,
            18.89732,
            0
          ],
          [
            -99.16896,
            18.89745,
            0
          ],
          [
            -99.16899,
            18.89748,
            0
          ],
          [
            -99.16901,
            18.89751,
            0
          ],
          [
            -99.16911,
            18.89762,
            0
          ],
          [
            -99.16928,
            18.89781,
            0
          ],
          [
            -99.16982,
            18.8983,
            0
          ],
          [
            -99.17032,
            18.8988,
            0
          ],
          [
            -99.17074,
            18.89923,
            0
          ],
          [
            -99.17079,
            18.89927,
            0
          ],
          [
            -99.17102,
            18.8995,
            0
          ],
          [
            -99.17108,
            18.89955,
            0
          ],
          [
            -99.17112,
            18.89958,
            0
          ],
          [
            -99.17116,
            18.8996,
            0
          ],
          [
            -99.17122,
            18.89964,
            0
          ],
          [
            -99.17135,
            18.89978,
            0
          ],
          [
            -99.17162,
            18.90004,
            0
          ],
          [
            -99.17171,
            18.90012,
            0
          ],
          [
            -99.17196,
            18.90037,
            0
          ],
          [
            -99.17205,
            18.90046,
            0
          ],
          [
            -99.17243,
            18.90084,
            0
          ],
          [
            -99.17252,
            18.90092,
            0
          ],
          [
            -99.17256,
            18.90096,
            0
          ],
          [
            -99.17317,
            18.90158,
            0
          ],
          [
            -99.17352,
            18.90193,
            0
          ],
          [
            -99.17368,
            18.90208,
            0
          ],
          [
            -99.17398,
            18.90238,
            0
          ],
          [
            -99.17416,
            18.90258,
            0
          ],
          [
            -99.17401,
            18.90274,
            0
          ],
          [
            -99.17397,
            18.90278,
            0
          ],
          [
            -99.17386,
            18.90292,
            0
          ],
          [
            -99.17373,
            18.90306,
            0
          ],
          [
            -99.17362,
            18.90319,
            0
          ],
          [
            -99.17348,
            18.90333,
            0
          ],
          [
            -99.17286,
            18.90401,
            0
          ],
          [
            -99.17253,
            18.90435,
            0
          ],
          [
            -99.17242,
            18.90448,
            0
          ],
          [
            -99.17229,
            18.90462,
            0
          ],
          [
            -99.17225,
            18.90466,
            0
          ],
          [
            -99.17219,
            18.90471,
            0
          ],
          [
            -99.17212,
            18.90479,
            0
          ],
          [
            -99.17199,
            18.90492,
            0
          ],
          [
            -99.17152,
            18.90542,
            0
          ],
          [
            -99.17121,
            18.90576,
            0
          ],
          [
            -99.17119,
            18.90578,
            0
          ],
          [
            -99.17117,
            18.9058,
            0
          ],
          [
            -99.17092,
            18.90607,
            0
          ],
          [
            -99.17063,
            18.90638,
            0
          ],
          [
            -99.17052,
            18.9065,
            0
          ],
          [
            -99.17041,
            18.90662,
            0
          ],
          [
            -99.17014,
            18.90691,
            0
          ],
          [
            -99.16984,
            18.90724,
            0
          ],
          [
            -99.16973,
            18.90738,
            0
          ],
          [
            -99.16943,
            18.90769,
            0
          ],
          [
            -99.16935,
            18.9078,
            0
          ],
          [
            -99.16931,
            18.90787,
            0
          ],
          [
            -99.16927,
            18.90795,
            0
          ],
          [
            -99.16923,
            18.90804,
            0
          ],
          [
            -99.16915,
            18.90825,
            0
          ],
          [
            -99.16913,
            18.90832,
            0
          ],
          [
            -99.16912,
            18.90837,
            0
          ],
          [
            -99.16912,
            18.90842,
            0
          ],
          [
            -99.16909,
            18.90872,
            0
          ],
          [
            -99.16905,
            18.90907,
            0
          ],
          [
            -99.16903,
            18.90924,
            0
          ],
          [
            -99.169,
            18.9095,
            0
          ],
          [
            -99.16895,
            18.90976,
            0
          ],
          [
            -99.16886,
            18.91024,
            0
          ],
          [
            -99.1688,
            18.91059,
            0
          ],
          [
            -99.16872,
            18.91113,
            0
          ],
          [
            -99.16872,
            18.91115,
            0
          ],
          [
            -99.16873,
            18.91117,
            0
          ],
          [
            -99.16874,
            18.9112,
            0
          ],
          [
            -99.16876,
            18.91125,
            0
          ],
          [
            -99.16879,
            18.91128,
            0
          ],
          [
            -99.16885,
            18.91131,
            0
          ],
          [
            -99.16885,
            18.91133,
            0
          ],
          [
            -99.16885,
            18.91135,
            0
          ],
          [
            -99.16886,
            18.91137,
            0
          ],
          [
            -99.16887,
            18.91138,
            0
          ],
          [
            -99.16887,
            18.9114,
            0
          ],
          [
            -99.16888,
            18.91142,
            0
          ],
          [
            -99.16889,
            18.91143,
            0
          ],
          [
            -99.16891,
            18.91145,
            0
          ],
          [
            -99.16854,
            18.91182,
            0
          ],
          [
            -99.16843,
            18.91193,
            0
          ],
          [
            -99.16836,
            18.912,
            0
          ],
          [
            -99.16799,
            18.91242,
            0
          ],
          [
            -99.16713,
            18.91335,
            0
          ],
          [
            -99.16632,
            18.91422,
            0
          ],
          [
            -99.16626,
            18.91428,
            0
          ],
          [
            -99.1657,
            18.91487,
            0
          ],
          [
            -99.16532,
            18.91526,
            0
          ],
          [
            -99.16531,
            18.91526,
            0
          ],
          [
            -99.1653,
            18.91526,
            0
          ],
          [
            -99.16529,
            18.91526,
            0
          ],
          [
            -99.16528,
            18.91526,
            0
          ],
          [
            -99.16527,
            18.91525,
            0
          ],
          [
            -99.16526,
            18.91525,
            0
          ],
          [
            -99.16525,
            18.91525,
            0
          ],
          [
            -99.1652,
            18.91526,
            0
          ],
          [
            -99.16515,
            18.91527,
            0
          ],
          [
            -99.1651,
            18.91529,
            0
          ],
          [
            -99.16506,
            18.91532,
            0
          ],
          [
            -99.16502,
            18.91535,
            0
          ],
          [
            -99.16498,
            18.91539,
            0
          ],
          [
            -99.16496,
            18.91543,
            0
          ],
          [
            -99.16494,
            18.91548,
            0
          ],
          [
            -99.16493,
            18.91553,
            0
          ],
          [
            -99.16492,
            18.91558,
            0
          ],
          [
            -99.16493,
            18.91564,
            0
          ],
          [
            -99.16493,
            18.91565,
            0
          ],
          [
            -99.16494,
            18.91566,
            0
          ],
          [
            -99.16494,
            18.91567,
            0
          ],
          [
            -99.16495,
            18.91568,
            0
          ],
          [
            -99.16496,
            18.91569,
            0
          ],
          [
            -99.16496,
            18.9157,
            0
          ],
          [
            -99.16497,
            18.91571,
            0
          ],
          [
            -99.16498,
            18.91573,
            0
          ],
          [
            -99.165,
            18.91574,
            0
          ],
          [
            -99.16501,
            18.91575,
            0
          ],
          [
            -99.16502,
            18.91576,
            0
          ],
          [
            -99.16504,
            18.91577,
            0
          ],
          [
            -99.16505,
            18.91578,
            0
          ],
          [
            -99.16508,
            18.91579,
            0
          ],
          [
            -99.16509,
            18.91579,
            0
          ],
          [
            -99.1651,
            18.9158,
            0
          ],
          [
            -99.16511,
            18.9158,
            0
          ],
          [
            -99.16512,
            18.9158,
            0
          ],
          [
            -99.16513,
            18.9158,
            0
          ],
          [
            -99.16514,
            18.9158,
            0
          ],
          [
            -99.16515,
            18.9158,
            0
          ],
          [
            -99.16516,
            18.91581,
            0
          ],
          [
            -99.16518,
            18.91584,
            0
          ],
          [
            -99.1652,
            18.91586,
            0
          ],
          [
            -99.16551,
            18.916,
            0
          ],
          [
            -99.16577,
            18.91611,
            0
          ],
          [
            -99.16584,
            18.91615,
            0
          ],
          [
            -99.16588,
            18.91616,
            0
          ],
          [
            -99.16638,
            18.91657,
            0
          ],
          [
            -99.16649,
            18.91667,
            0
          ],
          [
            -99.16663,
            18.91678,
            0
          ],
          [
            -99.16682,
            18.91694,
            0
          ],
          [
            -99.16693,
            18.91704,
            0
          ],
          [
            -99.16722,
            18.91727,
            0
          ],
          [
            -99.16754,
            18.91754,
            0
          ],
          [
            -99.16784,
            18.91779,
            0
          ],
          [
            -99.16814,
            18.91804,
            0
          ],
          [
            -99.16823,
            18.91811,
            0
          ],
          [
            -99.16844,
            18.91829,
            0
          ],
          [
            -99.1686,
            18.91842,
            0
          ],
          [
            -99.16873,
            18.91853,
            0
          ],
          [
            -99.16891,
            18.91867,
            0
          ],
          [
            -99.16903,
            18.91877,
            0
          ],
          [
            -99.1692,
            18.91892,
            0
          ],
          [
            -99.17,
            18.91959,
            0
          ],
          [
            -99.17006,
            18.91964,
            0
          ],
          [
            -99.17063,
            18.92012,
            0
          ],
          [
            -99.17071,
            18.92019,
            0
          ],
          [
            -99.17093,
            18.92037,
            0
          ],
          [
            -99.17142,
            18.92079,
            0
          ],
          [
            -99.17193,
            18.92122,
            0
          ],
          [
            -99.17201,
            18.92117,
            0
          ],
          [
            -99.17215,
            18.92109,
            0
          ],
          [
            -99.17224,
            18.92103,
            0
          ],
          [
            -99.17234,
            18.92095,
            0
          ],
          [
            -99.17242,
            18.92088,
            0
          ],
          [
            -99.17298,
            18.92033,
            0
          ],
          [
            -99.17371,
            18.9196,
            0
          ],
          [
            -99.17412,
            18.9192,
            0
          ],
          [
            -99.17453,
            18.91879,
            0
          ],
          [
            -99.17524,
            18.91809,
            0
          ],
          [
            -99.17596,
            18.91736,
            0
          ],
          [
            -99.17632,
            18.91705,
            0
          ],
          [
            -99.17641,
            18.91703,
            0
          ],
          [
            -99.1764,
            18.91676,
            0
          ],
          [
            -99.1764,
            18.91658,
            0
          ],
          [
            -99.17641,
            18.9164,
            0
          ],
          [
            -99.17641,
            18.91635,
            0
          ],
          [
            -99.17643,
            18.91624,
            0
          ],
          [
            -99.17647,
            18.9161,
            0
          ],
          [
            -99.17651,
            18.91595,
            0
          ],
          [
            -99.17657,
            18.91578,
            0
          ],
          [
            -99.17664,
            18.91564,
            0
          ],
          [
            -99.17671,
            18.91552,
            0
          ],
          [
            -99.17678,
            18.91541,
            0
          ],
          [
            -99.17688,
            18.91529,
            0
          ],
          [
            -99.17697,
            18.91518,
            0
          ],
          [
            -99.17706,
            18.91508,
            0
          ],
          [
            -99.17719,
            18.91495,
            0
          ],
          [
            -99.17781,
            18.91436,
            0
          ],
          [
            -99.17811,
            18.91407,
            0
          ],
          [
            -99.17905,
            18.91318,
            0
          ],
          [
            -99.17981,
            18.91246,
            0
          ],
          [
            -99.18011,
            18.91218,
            0
          ],
          [
            -99.18036,
            18.91195,
            0
          ],
          [
            -99.18083,
            18.91151,
            0
          ],
          [
            -99.18095,
            18.91141,
            0
          ],
          [
            -99.181,
            18.91138,
            0
          ],
          [
            -99.18106,
            18.91137,
            0
          ],
          [
            -99.18111,
            18.91137,
            0
          ],
          [
            -99.18118,
            18.91138,
            0
          ],
          [
            -99.18129,
            18.91141,
            0
          ],
          [
            -99.18135,
            18.91151,
            0
          ],
          [
            -99.18158,
            18.9118,
            0
          ],
          [
            -99.18164,
            18.91187,
            0
          ],
          [
            -99.18198,
            18.91224,
            0
          ],
          [
            -99.18244,
            18.91273,
            0
          ],
          [
            -99.18273,
            18.91304,
            0
          ],
          [
            -99.1831,
            18.91342,
            0
          ],
          [
            -99.18344,
            18.91379,
            0
          ],
          [
            -99.1839,
            18.91429,
            0
          ],
          [
            -99.18423,
            18.91463,
            0
          ],
          [
            -99.18437,
            18.91476,
            0
          ],
          [
            -99.18452,
            18.91492,
            0
          ],
          [
            -99.18472,
            18.91512,
            0
          ],
          [
            -99.18496,
            18.91533,
            0
          ],
          [
            -99.18512,
            18.91547,
            0
          ],
          [
            -99.18571,
            18.916,
            0
          ],
          [
            -99.18593,
            18.91621,
            0
          ],
          [
            -99.18617,
            18.91643,
            0
          ],
          [
            -99.18637,
            18.91662,
            0
          ],
          [
            -99.18649,
            18.91672,
            0
          ],
          [
            -99.18657,
            18.91679,
            0
          ],
          [
            -99.18657,
            18.9168,
            0
          ],
          [
            -99.18675,
            18.91696,
            0
          ],
          [
            -99.18704,
            18.91721,
            0
          ],
          [
            -99.1873,
            18.91746,
            0
          ],
          [
            -99.18757,
            18.9177,
            0
          ],
          [
            -99.18805,
            18.91811,
            0
          ],
          [
            -99.18821,
            18.91823,
            0
          ],
          [
            -99.18831,
            18.9183,
            0
          ],
          [
            -99.18838,
            18.91834,
            0
          ],
          [
            -99.18854,
            18.91841,
            0
          ],
          [
            -99.1886,
            18.91844,
            0
          ],
          [
            -99.18872,
            18.91849,
            0
          ],
          [
            -99.18896,
            18.91858,
            0
          ],
          [
            -99.18946,
            18.91874,
            0
          ],
          [
            -99.19093,
            18.91918,
            0
          ],
          [
            -99.19185,
            18.91946,
            0
          ],
          [
            -99.19229,
            18.9196,
            0
          ],
          [
            -99.19257,
            18.91968,
            0
          ],
          [
            -99.19346,
            18.91995,
            0
          ],
          [
            -99.19363,
            18.92,
            0
          ],
          [
            -99.19386,
            18.92004,
            0
          ],
          [
            -99.19397,
            18.92005,
            0
          ],
          [
            -99.19408,
            18.92005,
            0
          ],
          [
            -99.19422,
            18.92005,
            0
          ],
          [
            -99.19437,
            18.92002,
            0
          ],
          [
            -99.19451,
            18.91999,
            0
          ],
          [
            -99.19459,
            18.91997,
            0
          ],
          [
            -99.19477,
            18.91991,
            0
          ],
          [
            -99.1951,
            18.9198,
            0
          ],
          [
            -99.19532,
            18.91977,
            0
          ],
          [
            -99.19543,
            18.91976,
            0
          ],
          [
            -99.19558,
            18.91974,
            0
          ],
          [
            -99.19574,
            18.91973,
            0
          ],
          [
            -99.19586,
            18.91973,
            0
          ],
          [
            -99.19597,
            18.91974,
            0
          ],
          [
            -99.1961,
            18.91975,
            0
          ],
          [
            -99.19622,
            18.91977,
            0
          ],
          [
            -99.19636,
            18.91979,
            0
          ],
          [
            -99.19649,
            18.91981,
            0
          ],
          [
            -99.19689,
            18.91989,
            0
          ],
          [
            -99.19723,
            18.91996,
            0
          ],
          [
            -99.19725,
            18.91996,
            0
          ],
          [
            -99.19749,
            18.92001,
            0
          ],
          [
            -99.19771,
            18.92007,
            0
          ],
          [
            -99.19777,
            18.92009,
            0
          ],
          [
            -99.19778,
            18.9201,
            0
          ],
          [
            -99.19786,
            18.92012,
            0
          ],
          [
            -99.19787,
            18.92012,
            0
          ],
          [
            -99.19794,
            18.92015,
            0
          ],
          [
            -99.19809,
            18.92021,
            0
          ],
          [
            -99.19826,
            18.92029,
            0
          ],
          [
            -99.19866,
            18.92046,
            0
          ],
          [
            -99.19869,
            18.92047,
            0
          ],
          [
            -99.19873,
            18.92049,
            0
          ],
          [
            -99.19924,
            18.9207,
            0
          ],
          [
            -99.1994,
            18.92076,
            0
          ],
          [
            -99.19943,
            18.92077,
            0
          ],
          [
            -99.19948,
            18.92079,
            0
          ],
          [
            -99.19952,
            18.9208,
            0
          ],
          [
            -99.19955,
            18.92081,
            0
          ],
          [
            -99.19956,
            18.92082,
            0
          ],
          [
            -99.1998,
            18.92089,
            0
          ],
          [
            -99.19988,
            18.92092,
            0
          ],
          [
            -99.20009,
            18.92096,
            0
          ],
          [
            -99.20018,
            18.92098,
            0
          ],
          [
            -99.20037,
            18.921,
            0
          ],
          [
            -99.20045,
            18.921,
            0
          ],
          [
            -99.20051,
            18.92101,
            0
          ],
          [
            -99.2006,
            18.92102,
            0
          ],
          [
            -99.20086,
            18.92103,
            0
          ],
          [
            -99.20125,
            18.92103,
            0
          ],
          [
            -99.20141,
            18.92103,
            0
          ],
          [
            -99.20144,
            18.92103,
            0
          ],
          [
            -99.20159,
            18.92102,
            0
          ],
          [
            -99.20198,
            18.921,
            0
          ],
          [
            -99.20221,
            18.92099,
            0
          ],
          [
            -99.20241,
            18.92099,
            0
          ],
          [
            -99.20263,
            18.921,
            0
          ],
          [
            -99.20277,
            18.92101,
            0
          ],
          [
            -99.20293,
            18.92103,
            0
          ],
          [
            -99.20317,
            18.92109,
            0
          ],
          [
            -99.20336,
            18.92113,
            0
          ],
          [
            -99.20369,
            18.92122,
            0
          ],
          [
            -99.20387,
            18.92126,
            0
          ],
          [
            -99.20411,
            18.92134,
            0
          ],
          [
            -99.2044,
            18.92148,
            0
          ],
          [
            -99.20445,
            18.92152,
            0
          ],
          [
            -99.2047,
            18.92162,
            0
          ],
          [
            -99.20476,
            18.92165,
            0
          ],
          [
            -99.20483,
            18.92167,
            0
          ],
          [
            -99.20491,
            18.92169,
            0
          ],
          [
            -99.205,
            18.92171,
            0
          ],
          [
            -99.2051,
            18.92171,
            0
          ],
          [
            -99.20522,
            18.9217,
            0
          ],
          [
            -99.20529,
            18.92169,
            0
          ],
          [
            -99.20569,
            18.92168,
            0
          ],
          [
            -99.20612,
            18.92166,
            0
          ],
          [
            -99.20625,
            18.92166,
            0
          ],
          [
            -99.20636,
            18.92167,
            0
          ],
          [
            -99.20655,
            18.92169,
            0
          ],
          [
            -99.2069,
            18.92174,
            0
          ],
          [
            -99.20705,
            18.92176,
            0
          ],
          [
            -99.20714,
            18.92178,
            0
          ],
          [
            -99.20724,
            18.92181,
            0
          ],
          [
            -99.20739,
            18.92186,
            0
          ],
          [
            -99.20762,
            18.92196,
            0
          ],
          [
            -99.20774,
            18.92203,
            0
          ],
          [
            -99.20785,
            18.9221,
            0
          ],
          [
            -99.20798,
            18.92221,
            0
          ],
          [
            -99.20814,
            18.92234,
            0
          ],
          [
            -99.20836,
            18.92252,
            0
          ],
          [
            -99.20861,
            18.92273,
            0
          ],
          [
            -99.20873,
            18.92282,
            0
          ],
          [
            -99.20887,
            18.9229,
            0
          ],
          [
            -99.20899,
            18.92296,
            0
          ],
          [
            -99.20905,
            18.92299,
            0
          ],
          [
            -99.20913,
            18.92302,
            0
          ],
          [
            -99.20925,
            18.92307,
            0
          ],
          [
            -99.20938,
            18.92312,
            0
          ],
          [
            -99.20972,
            18.92321,
            0
          ],
          [
            -99.20978,
            18.92323,
            0
          ],
          [
            -99.21013,
            18.92331,
            0
          ],
          [
            -99.21041,
            18.92334,
            0
          ],
          [
            -99.2108,
            18.92343,
            0
          ],
          [
            -99.21131,
            18.92357,
            0
          ],
          [
            -99.21157,
            18.92363,
            0
          ],
          [
            -99.2118,
            18.92368,
            0
          ],
          [
            -99.21211,
            18.92378,
            0
          ],
          [
            -99.21271,
            18.92392,
            0
          ],
          [
            -99.21318,
            18.92403,
            0
          ],
          [
            -99.21365,
            18.9241,
            0
          ],
          [
            -99.21399,
            18.92412,
            0
          ],
          [
            -99.2146,
            18.92413,
            0
          ],
          [
            -99.21462,
            18.92413,
            0
          ],
          [
            -99.21481,
            18.92413,
            0
          ],
          [
            -99.21499,
            18.92413,
            0
          ],
          [
            -99.2152,
            18.92413,
            0
          ],
          [
            -99.21592,
            18.92413,
            0
          ],
          [
            -99.21646,
            18.92413,
            0
          ],
          [
            -99.21656,
            18.92413,
            0
          ],
          [
            -99.21694,
            18.92414,
            0
          ],
          [
            -99.2176,
            18.92412,
            0
          ],
          [
            -99.21798,
            18.92411,
            0
          ],
          [
            -99.21861,
            18.9241,
            0
          ],
          [
            -99.21877,
            18.9241,
            0
          ],
          [
            -99.2201,
            18.92407,
            0
          ],
          [
            -99.22033,
            18.92408,
            0
          ],
          [
            -99.22076,
            18.92409,
            0
          ],
          [
            -99.22097,
            18.92411,
            0
          ],
          [
            -99.22106,
            18.92413,
            0
          ],
          [
            -99.22153,
            18.92425,
            0
          ],
          [
            -99.22163,
            18.92428,
            0
          ],
          [
            -99.22233,
            18.92444,
            0
          ],
          [
            -99.22251,
            18.92448,
            0
          ],
          [
            -99.22325,
            18.92465,
            0
          ],
          [
            -99.22336,
            18.92467,
            0
          ],
          [
            -99.22339,
            18.92468,
            0
          ],
          [
            -99.22416,
            18.92485,
            0
          ],
          [
            -99.22492,
            18.92502,
            0
          ],
          [
            -99.22544,
            18.92514,
            0
          ],
          [
            -99.22584,
            18.92523,
            0
          ],
          [
            -99.22611,
            18.92529,
            0
          ],
          [
            -99.22732,
            18.92557,
            0
          ],
          [
            -99.22769,
            18.92566,
            0
          ],
          [
            -99.22774,
            18.92567,
            0
          ],
          [
            -99.22793,
            18.92572,
            0
          ],
          [
            -99.2281,
            18.92578,
            0
          ],
          [
            -99.22824,
            18.92584,
            0
          ],
          [
            -99.22842,
            18.92594,
            0
          ],
          [
            -99.22864,
            18.92608,
            0
          ],
          [
            -99.22874,
            18.92616,
            0
          ],
          [
            -99.22878,
            18.92619,
            0
          ],
          [
            -99.22888,
            18.92628,
            0
          ],
          [
            -99.22908,
            18.92649,
            0
          ],
          [
            -99.22925,
            18.92669,
            0
          ],
          [
            -99.22934,
            18.92681,
            0
          ],
          [
            -99.22943,
            18.92698,
            0
          ],
          [
            -99.22951,
            18.92712,
            0
          ],
          [
            -99.22963,
            18.92741,
            0
          ],
          [
            -99.22982,
            18.92787,
            0
          ],
          [
            -99.22984,
            18.92793,
            0
          ],
          [
            -99.23006,
            18.92848,
            0
          ],
          [
            -99.23025,
            18.92895,
            0
          ],
          [
            -99.23043,
            18.92935,
            0
          ],
          [
            -99.23047,
            18.92947,
            0
          ],
          [
            -99.23055,
            18.9297,
            0
          ],
          [
            -99.23058,
            18.92977,
            0
          ],
          [
            -99.23063,
            18.93004,
            0
          ],
          [
            -99.23069,
            18.93031,
            0
          ],
          [
            -99.23069,
            18.93038,
            0
          ],
          [
            -99.23071,
            18.93047,
            0
          ],
          [
            -99.23072,
            18.93059,
            0
          ],
          [
            -99.23073,
            18.9307,
            0
          ],
          [
            -99.23073,
            18.93072,
            0
          ],
          [
            -99.23074,
            18.93082,
            0
          ],
          [
            -99.23076,
            18.93108,
            0
          ],
          [
            -99.23077,
            18.93117,
            0
          ],
          [
            -99.23072,
            18.93122,
            0
          ],
          [
            -99.23069,
            18.93126,
            0
          ],
          [
            -99.23068,
            18.93128,
            0
          ],
          [
            -99.23067,
            18.93131,
            0
          ],
          [
            -99.23067,
            18.93133,
            0
          ],
          [
            -99.23064,
            18.93149,
            0
          ],
          [
            -99.23063,
            18.93157,
            0
          ],
          [
            -99.23061,
            18.93163,
            0
          ],
          [
            -99.23061,
            18.93164,
            0
          ],
          [
            -99.2306,
            18.93167,
            0
          ],
          [
            -99.23059,
            18.93168,
            0
          ],
          [
            -99.23055,
            18.93173,
            0
          ],
          [
            -99.23045,
            18.93182,
            0
          ],
          [
            -99.23036,
            18.93189,
            0
          ],
          [
            -99.2303,
            18.93196,
            0
          ],
          [
            -99.23023,
            18.93202,
            0
          ],
          [
            -99.23015,
            18.93201,
            0
          ],
          [
            -99.22992,
            18.93202,
            0
          ],
          [
            -99.22986,
            18.93203,
            0
          ],
          [
            -99.22984,
            18.93203,
            0
          ],
          [
            -99.22979,
            18.93205,
            0
          ],
          [
            -99.22966,
            18.93207,
            0
          ],
          [
            -99.22933,
            18.93193,
            0
          ],
          [
            -99.22885,
            18.93171,
            0
          ],
          [
            -99.22876,
            18.93195,
            0
          ],
          [
            -99.22899,
            18.93208,
            0
          ],
          [
            -99.22934,
            18.93226,
            0
          ],
          [
            -99.22966,
            18.93207,
            0
          ],
          [
            -99.22979,
            18.93205,
            0
          ],
          [
            -99.22985,
            18.93207,
            0
          ],
          [
            -99.22986,
            18.93207,
            0
          ],
          [
            -99.22987,
            18.93207,
            0
          ],
          [
            -99.23028,
            18.93207,
            0
          ],
          [
            -99.23079,
            18.93208,
            0
          ],
          [
            -99.23089,
            18.93208,
            0
          ],
          [
            -99.231,
            18.93209,
            0
          ],
          [
            -99.23132,
            18.93211,
            0
          ],
          [
            -99.23136,
            18.93211,
            0
          ],
          [
            -99.2315,
            18.93212,
            0
          ],
          [
            -99.23172,
            18.93213,
            0
          ],
          [
            -99.23173,
            18.93213,
            0
          ],
          [
            -99.23175,
            18.93212,
            0
          ],
          [
            -99.23177,
            18.93212,
            0
          ],
          [
            -99.23182,
            18.9321,
            0
          ],
          [
            -99.23196,
            18.9321,
            0
          ],
          [
            -99.23204,
            18.93209,
            0
          ],
          [
            -99.23228,
            18.93204,
            0
          ],
          [
            -99.23236,
            18.93204,
            0
          ],
          [
            -99.23255,
            18.93205,
            0
          ],
          [
            -99.23267,
            18.9319,
            0
          ],
          [
            -99.23273,
            18.93185,
            0
          ],
          [
            -99.2328,
            18.93181,
            0
          ],
          [
            -99.23286,
            18.93176,
            0
          ],
          [
            -99.23306,
            18.93162,
            0
          ],
          [
            -99.23316,
            18.93154,
            0
          ],
          [
            -99.23328,
            18.93149,
            0
          ],
          [
            -99.23341,
            18.93146,
            0
          ],
          [
            -99.23346,
            18.93145,
            0
          ],
          [
            -99.2335,
            18.93144,
            0
          ],
          [
            -99.23357,
            18.93144,
            0
          ],
          [
            -99.2336,
            18.93145,
            0
          ],
          [
            -99.23365,
            18.93146,
            0
          ],
          [
            -99.23368,
            18.93147,
            0
          ],
          [
            -99.23373,
            18.93149,
            0
          ],
          [
            -99.23375,
            18.9315,
            0
          ],
          [
            -99.23381,
            18.93155,
            0
          ],
          [
            -99.23385,
            18.93158,
            0
          ],
          [
            -99.23389,
            18.93162,
            0
          ],
          [
            -99.23394,
            18.93168,
            0
          ],
          [
            -99.23396,
            18.93173,
            0
          ],
          [
            -99.23409,
            18.93195,
            0
          ],
          [
            -99.23415,
            18.93207,
            0
          ],
          [
            -99.23417,
            18.9321,
            0
          ],
          [
            -99.23418,
            18.93211,
            0
          ],
          [
            -99.2342,
            18.93213,
            0
          ],
          [
            -99.23426,
            18.93217,
            0
          ],
          [
            -99.23432,
            18.9322,
            0
          ],
          [
            -99.23435,
            18.93221,
            0
          ],
          [
            -99.2344,
            18.93222,
            0
          ],
          [
            -99.23445,
            18.93223,
            0
          ],
          [
            -99.23456,
            18.93224,
            0
          ],
          [
            -99.23471,
            18.93221,
            0
          ],
          [
            -99.23477,
            18.93219,
            0
          ],
          [
            -99.23484,
            18.93216,
            0
          ],
          [
            -99.23496,
            18.93209,
            0
          ],
          [
            -99.23501,
            18.93204,
            0
          ],
          [
            -99.23504,
            18.932,
            0
          ],
          [
            -99.23507,
            18.93196,
            0
          ],
          [
            -99.23509,
            18.93192,
            0
          ],
          [
            -99.2351,
            18.93189,
            0
          ],
          [
            -99.2351,
            18.93185,
            0
          ],
          [
            -99.2351,
            18.93182,
            0
          ],
          [
            -99.23506,
            18.93135,
            0
          ],
          [
            -99.23502,
            18.93082,
            0
          ],
          [
            -99.23501,
            18.93064,
            0
          ],
          [
            -99.23502,
            18.93048,
            0
          ],
          [
            -99.23504,
            18.93027,
            0
          ],
          [
            -99.23508,
            18.93007,
            0
          ],
          [
            -99.23512,
            18.92986,
            0
          ],
          [
            -99.23513,
            18.92976,
            0
          ],
          [
            -99.23513,
            18.92972,
            0
          ],
          [
            -99.23513,
            18.92968,
            0
          ],
          [
            -99.23513,
            18.92958,
            0
          ],
          [
            -99.23512,
            18.92949,
            0
          ],
          [
            -99.23506,
            18.9291,
            0
          ],
          [
            -99.23504,
            18.92901,
            0
          ],
          [
            -99.23504,
            18.92891,
            0
          ],
          [
            -99.23505,
            18.92884,
            0
          ],
          [
            -99.23506,
            18.92879,
            0
          ],
          [
            -99.23508,
            18.92874,
            0
          ],
          [
            -99.23513,
            18.92866,
            0
          ],
          [
            -99.23515,
            18.92864,
            0
          ],
          [
            -99.23521,
            18.92859,
            0
          ],
          [
            -99.2353,
            18.92856,
            0
          ],
          [
            -99.23537,
            18.92854,
            0
          ],
          [
            -99.23543,
            18.92854,
            0
          ],
          [
            -99.2355,
            18.92851,
            0
          ],
          [
            -99.23554,
            18.92853,
            0
          ],
          [
            -99.23555,
            18.92853,
            0
          ],
          [
            -99.23558,
            18.92855,
            0
          ],
          [
            -99.23562,
            18.92858,
            0
          ],
          [
            -99.23568,
            18.92863,
            0
          ],
          [
            -99.23574,
            18.92869,
            0
          ],
          [
            -99.23578,
            18.92874,
            0
          ],
          [
            -99.23606,
            18.92912,
            0
          ],
          [
            -99.23612,
            18.9292,
            0
          ],
          [
            -99.23626,
            18.92933,
            0
          ],
          [
            -99.23648,
            18.9295,
            0
          ],
          [
            -99.23655,
            18.92956,
            0
          ],
          [
            -99.23679,
            18.92971,
            0
          ],
          [
            -99.23711,
            18.9299,
            0
          ],
          [
            -99.23716,
            18.92991,
            0
          ],
          [
            -99.23722,
            18.92991,
            0
          ],
          [
            -99.2373,
            18.92991,
            0
          ],
          [
            -99.23737,
            18.92989,
            0
          ],
          [
            -99.23754,
            18.92997,
            0
          ],
          [
            -99.23766,
            18.92984,
            0
          ],
          [
            -99.23767,
            18.92983,
            0
          ],
          [
            -99.23768,
            18.9298,
            0
          ],
          [
            -99.23769,
            18.92977,
            0
          ],
          [
            -99.23773,
            18.92964,
            0
          ],
          [
            -99.23785,
            18.92946,
            0
          ],
          [
            -99.23784,
            18.92936,
            0
          ],
          [
            -99.23783,
            18.92932,
            0
          ],
          [
            -99.23782,
            18.92927,
            0
          ],
          [
            -99.2378,
            18.92923,
            0
          ],
          [
            -99.23777,
            18.92921,
            0
          ],
          [
            -99.23749,
            18.92898,
            0
          ],
          [
            -99.23744,
            18.92893,
            0
          ],
          [
            -99.23741,
            18.9289,
            0
          ],
          [
            -99.23739,
            18.92887,
            0
          ],
          [
            -99.23738,
            18.92881,
            0
          ],
          [
            -99.23737,
            18.9287,
            0
          ],
          [
            -99.23732,
            18.92802,
            0
          ],
          [
            -99.23729,
            18.92748,
            0
          ],
          [
            -99.23733,
            18.92726,
            0
          ],
          [
            -99.23734,
            18.92722,
            0
          ],
          [
            -99.23735,
            18.92718,
            0
          ],
          [
            -99.23744,
            18.92697,
            0
          ],
          [
            -99.23741,
            18.92687,
            0
          ],
          [
            -99.23739,
            18.9268,
            0
          ],
          [
            -99.23709,
            18.92614,
            0
          ],
          [
            -99.23698,
            18.92591,
            0
          ],
          [
            -99.2369,
            18.92574,
            0
          ],
          [
            -99.23684,
            18.92552,
            0
          ],
          [
            -99.2367,
            18.92489,
            0
          ],
          [
            -99.23661,
            18.92454,
            0
          ],
          [
            -99.23656,
            18.92437,
            0
          ],
          [
            -99.23651,
            18.92426,
            0
          ],
          [
            -99.23643,
            18.92413,
            0
          ],
          [
            -99.23635,
            18.92401,
            0
          ],
          [
            -99.23618,
            18.92375,
            0
          ],
          [
            -99.23607,
            18.92358,
            0
          ],
          [
            -99.23589,
            18.9233,
            0
          ],
          [
            -99.23561,
            18.92287,
            0
          ],
          [
            -99.23543,
            18.92267,
            0
          ],
          [
            -99.23534,
            18.9226,
            0
          ],
          [
            -99.23533,
            18.92259,
            0
          ],
          [
            -99.23532,
            18.92258,
            0
          ],
          [
            -99.23526,
            18.92212,
            0
          ],
          [
            -99.23525,
            18.92203,
            0
          ],
          [
            -99.23516,
            18.92138,
            0
          ],
          [
            -99.23512,
            18.92113,
            0
          ],
          [
            -99.2351,
            18.92083,
            0
          ],
          [
            -99.23509,
            18.92033,
            0
          ],
          [
            -99.23508,
            18.91889,
            0
          ],
          [
            -99.23511,
            18.91889,
            0
          ],
          [
            -99.2351,
            18.91827,
            0
          ],
          [
            -99.2351,
            18.91809,
            0
          ],
          [
            -99.23509,
            18.91755,
            0
          ],
          [
            -99.23508,
            18.91732,
            0
          ],
          [
            -99.23508,
            18.91712,
            0
          ],
          [
            -99.23506,
            18.91655,
            0
          ],
          [
            -99.23504,
            18.9158,
            0
          ],
          [
            -99.23504,
            18.91577,
            0
          ],
          [
            -99.23496,
            18.91496,
            0
          ],
          [
            -99.23494,
            18.91472,
            0
          ],
          [
            -99.23488,
            18.91425,
            0
          ],
          [
            -99.23468,
            18.91353,
            0
          ],
          [
            -99.2346,
            18.91332,
            0
          ],
          [
            -99.23449,
            18.91311,
            0
          ],
          [
            -99.23434,
            18.9129,
            0
          ],
          [
            -99.23394,
            18.91223,
            0
          ],
          [
            -99.23381,
            18.912,
            0
          ],
          [
            -99.23356,
            18.91152,
            0
          ],
          [
            -99.23335,
            18.91105,
            0
          ],
          [
            -99.23313,
            18.91054,
            0
          ],
          [
            -99.23296,
            18.91009,
            0
          ],
          [
            -99.23294,
            18.91003,
            0
          ]
        ]
      },
      "properties": {
        "name": "LA ROSA - CENTRO",
        "styleUrl": "#line-673AB7-5000-nodesc",
        "stroke-opacity": 1,
        "stroke": "#673ab7",
        "stroke-width": 5
      }
    },
    {
      "type": "Feature",
      "geometry": {
        "type": "LineString",
        "coordinates": [
          [
            -99.23293,
            18.91,
            0
          ],
          [
            -99.23284,
            18.90976,
            0
          ],
          [
            -99.23324,
            18.90958,
            0
          ],
          [
            -99.23356,
            18.90944,
            0
          ],
          [
            -99.23371,
            18.90971,
            0
          ],
          [
            -99.23385,
            18.90996,
            0
          ],
          [
            -99.23399,
            18.9102,
            0
          ],
          [
            -99.23402,
            18.91025,
            0
          ],
          [
            -99.23412,
            18.91042,
            0
          ],
          [
            -99.23418,
            18.91053,
            0
          ],
          [
            -99.23458,
            18.91121,
            0
          ],
          [
            -99.23511,
            18.91213,
            0
          ],
          [
            -99.23561,
            18.91299,
            0
          ],
          [
            -99.23593,
            18.91376,
            0
          ],
          [
            -99.23613,
            18.91422,
            0
          ],
          [
            -99.2365,
            18.91495,
            0
          ],
          [
            -99.23684,
            18.91568,
            0
          ],
          [
            -99.23701,
            18.91604,
            0
          ],
          [
            -99.23705,
            18.91626,
            0
          ],
          [
            -99.23709,
            18.91654,
            0
          ],
          [
            -99.2371,
            18.91656,
            0
          ],
          [
            -99.23712,
            18.91707,
            0
          ],
          [
            -99.23715,
            18.91724,
            0
          ],
          [
            -99.23722,
            18.91801,
            0
          ],
          [
            -99.23727,
            18.91875,
            0
          ],
          [
            -99.23727,
            18.91886,
            0
          ],
          [
            -99.23738,
            18.9196,
            0
          ],
          [
            -99.2374,
            18.91987,
            0
          ],
          [
            -99.23747,
            18.92059,
            0
          ],
          [
            -99.23755,
            18.92114,
            0
          ],
          [
            -99.2377,
            18.92204,
            0
          ],
          [
            -99.23778,
            18.9226,
            0
          ],
          [
            -99.23787,
            18.92328,
            0
          ],
          [
            -99.2379,
            18.92352,
            0
          ],
          [
            -99.23794,
            18.92386,
            0
          ],
          [
            -99.23801,
            18.92446,
            0
          ],
          [
            -99.23794,
            18.92444,
            0
          ],
          [
            -99.23789,
            18.92443,
            0
          ],
          [
            -99.23782,
            18.92443,
            0
          ],
          [
            -99.2376,
            18.92446,
            0
          ],
          [
            -99.23733,
            18.92447,
            0
          ],
          [
            -99.23696,
            18.9245,
            0
          ],
          [
            -99.23661,
            18.92454,
            0
          ],
          [
            -99.23624,
            18.9246,
            0
          ],
          [
            -99.23574,
            18.92468,
            0
          ],
          [
            -99.23528,
            18.92472,
            0
          ],
          [
            -99.2352,
            18.92472,
            0
          ],
          [
            -99.23523,
            18.92478,
            0
          ],
          [
            -99.23528,
            18.92497,
            0
          ],
          [
            -99.23532,
            18.92515,
            0
          ],
          [
            -99.23537,
            18.92537,
            0
          ],
          [
            -99.23538,
            18.92539,
            0
          ],
          [
            -99.23546,
            18.92569,
            0
          ],
          [
            -99.23552,
            18.92596,
            0
          ],
          [
            -99.23558,
            18.92618,
            0
          ],
          [
            -99.23564,
            18.92635,
            0
          ],
          [
            -99.23567,
            18.9264,
            0
          ],
          [
            -99.23569,
            18.92645,
            0
          ],
          [
            -99.23579,
            18.92663,
            0
          ],
          [
            -99.23592,
            18.92685,
            0
          ],
          [
            -99.23596,
            18.92693,
            0
          ],
          [
            -99.23611,
            18.92715,
            0
          ],
          [
            -99.23631,
            18.92748,
            0
          ],
          [
            -99.23633,
            18.92751,
            0
          ],
          [
            -99.23638,
            18.92763,
            0
          ],
          [
            -99.23639,
            18.92763,
            0
          ],
          [
            -99.23644,
            18.92776,
            0
          ],
          [
            -99.2365,
            18.9279,
            0
          ],
          [
            -99.23651,
            18.92794,
            0
          ],
          [
            -99.23651,
            18.92798,
            0
          ],
          [
            -99.23651,
            18.92803,
            0
          ],
          [
            -99.2365,
            18.92809,
            0
          ],
          [
            -99.23649,
            18.92815,
            0
          ],
          [
            -99.23647,
            18.92818,
            0
          ],
          [
            -99.23646,
            18.9282,
            0
          ],
          [
            -99.23644,
            18.92822,
            0
          ],
          [
            -99.2364,
            18.92825,
            0
          ],
          [
            -99.23635,
            18.92826,
            0
          ],
          [
            -99.23632,
            18.92827,
            0
          ],
          [
            -99.23628,
            18.92828,
            0
          ],
          [
            -99.23624,
            18.92829,
            0
          ],
          [
            -99.23618,
            18.92829,
            0
          ],
          [
            -99.23613,
            18.92828,
            0
          ],
          [
            -99.23611,
            18.92827,
            0
          ],
          [
            -99.23609,
            18.92825,
            0
          ],
          [
            -99.23607,
            18.92823,
            0
          ],
          [
            -99.23591,
            18.92799,
            0
          ],
          [
            -99.23586,
            18.92794,
            0
          ],
          [
            -99.23579,
            18.9279,
            0
          ],
          [
            -99.23571,
            18.92785,
            0
          ],
          [
            -99.23567,
            18.92784,
            0
          ],
          [
            -99.23563,
            18.92783,
            0
          ],
          [
            -99.23558,
            18.92783,
            0
          ],
          [
            -99.23555,
            18.92784,
            0
          ],
          [
            -99.23552,
            18.92785,
            0
          ],
          [
            -99.23547,
            18.92787,
            0
          ],
          [
            -99.23527,
            18.92798,
            0
          ],
          [
            -99.23519,
            18.92804,
            0
          ],
          [
            -99.23496,
            18.92818,
            0
          ],
          [
            -99.23471,
            18.92832,
            0
          ],
          [
            -99.23464,
            18.92838,
            0
          ],
          [
            -99.23459,
            18.92843,
            0
          ],
          [
            -99.23456,
            18.92847,
            0
          ],
          [
            -99.23454,
            18.92851,
            0
          ],
          [
            -99.23453,
            18.92854,
            0
          ],
          [
            -99.23435,
            18.9291,
            0
          ],
          [
            -99.2343,
            18.92933,
            0
          ],
          [
            -99.23428,
            18.92945,
            0
          ],
          [
            -99.23425,
            18.92991,
            0
          ],
          [
            -99.23422,
            18.93006,
            0
          ],
          [
            -99.23421,
            18.9301,
            0
          ],
          [
            -99.2342,
            18.93014,
            0
          ],
          [
            -99.23416,
            18.9302,
            0
          ],
          [
            -99.23412,
            18.93027,
            0
          ],
          [
            -99.23405,
            18.93039,
            0
          ],
          [
            -99.23306,
            18.93073,
            0
          ],
          [
            -99.23298,
            18.93076,
            0
          ],
          [
            -99.23294,
            18.93078,
            0
          ],
          [
            -99.23284,
            18.93081,
            0
          ],
          [
            -99.23196,
            18.93116,
            0
          ],
          [
            -99.23195,
            18.93115,
            0
          ],
          [
            -99.23194,
            18.93115,
            0
          ],
          [
            -99.23194,
            18.93114,
            0
          ],
          [
            -99.23193,
            18.93114,
            0
          ],
          [
            -99.23192,
            18.93114,
            0
          ],
          [
            -99.23192,
            18.93113,
            0
          ],
          [
            -99.23191,
            18.93113,
            0
          ],
          [
            -99.2319,
            18.93113,
            0
          ],
          [
            -99.23189,
            18.93113,
            0
          ],
          [
            -99.23188,
            18.93113,
            0
          ],
          [
            -99.23187,
            18.93113,
            0
          ],
          [
            -99.23186,
            18.93113,
            0
          ],
          [
            -99.23185,
            18.93113,
            0
          ],
          [
            -99.23185,
            18.93114,
            0
          ],
          [
            -99.23184,
            18.93114,
            0
          ],
          [
            -99.23183,
            18.93114,
            0
          ],
          [
            -99.23182,
            18.93115,
            0
          ],
          [
            -99.23181,
            18.93115,
            0
          ],
          [
            -99.23181,
            18.93116,
            0
          ],
          [
            -99.2318,
            18.93116,
            0
          ],
          [
            -99.2318,
            18.93117,
            0
          ],
          [
            -99.23179,
            18.93117,
            0
          ],
          [
            -99.23155,
            18.93115,
            0
          ],
          [
            -99.23084,
            18.93111,
            0
          ],
          [
            -99.23082,
            18.93085,
            0
          ],
          [
            -99.23081,
            18.93071,
            0
          ],
          [
            -99.23078,
            18.93047,
            0
          ],
          [
            -99.23077,
            18.93037,
            0
          ],
          [
            -99.2307,
            18.92992,
            0
          ],
          [
            -99.23069,
            18.92989,
            0
          ],
          [
            -99.23064,
            18.9297,
            0
          ],
          [
            -99.2306,
            18.9296,
            0
          ],
          [
            -99.2305,
            18.92934,
            0
          ],
          [
            -99.23031,
            18.92892,
            0
          ],
          [
            -99.2303,
            18.92889,
            0
          ],
          [
            -99.23013,
            18.92842,
            0
          ],
          [
            -99.2301,
            18.92836,
            0
          ],
          [
            -99.22995,
            18.92796,
            0
          ],
          [
            -99.22993,
            18.92788,
            0
          ],
          [
            -99.22988,
            18.92781,
            0
          ],
          [
            -99.22982,
            18.92768,
            0
          ],
          [
            -99.22952,
            18.92698,
            0
          ],
          [
            -99.22948,
            18.92691,
            0
          ],
          [
            -99.22939,
            18.92675,
            0
          ],
          [
            -99.22935,
            18.92669,
            0
          ],
          [
            -99.22913,
            18.92642,
            0
          ],
          [
            -99.22898,
            18.92627,
            0
          ],
          [
            -99.22888,
            18.92618,
            0
          ],
          [
            -99.22882,
            18.92613,
            0
          ],
          [
            -99.2287,
            18.92603,
            0
          ],
          [
            -99.22851,
            18.92591,
            0
          ],
          [
            -99.22839,
            18.92583,
            0
          ],
          [
            -99.22829,
            18.92578,
            0
          ],
          [
            -99.22804,
            18.92567,
            0
          ],
          [
            -99.22794,
            18.92562,
            0
          ],
          [
            -99.22776,
            18.92559,
            0
          ],
          [
            -99.22684,
            18.92537,
            0
          ],
          [
            -99.22563,
            18.92509,
            0
          ],
          [
            -99.22546,
            18.92506,
            0
          ],
          [
            -99.22496,
            18.92494,
            0
          ],
          [
            -99.22418,
            18.92476,
            0
          ],
          [
            -99.22336,
            18.92456,
            0
          ],
          [
            -99.22327,
            18.92455,
            0
          ],
          [
            -99.22218,
            18.92432,
            0
          ],
          [
            -99.2216,
            18.92418,
            0
          ],
          [
            -99.2215,
            18.92416,
            0
          ],
          [
            -99.22107,
            18.92405,
            0
          ],
          [
            -99.22092,
            18.92402,
            0
          ],
          [
            -99.22078,
            18.92401,
            0
          ],
          [
            -99.22041,
            18.924,
            0
          ],
          [
            -99.22015,
            18.924,
            0
          ],
          [
            -99.21989,
            18.924,
            0
          ],
          [
            -99.21894,
            18.92402,
            0
          ],
          [
            -99.21868,
            18.92403,
            0
          ],
          [
            -99.21865,
            18.92403,
            0
          ],
          [
            -99.21852,
            18.92403,
            0
          ],
          [
            -99.21798,
            18.92402,
            0
          ],
          [
            -99.21765,
            18.92402,
            0
          ],
          [
            -99.21693,
            18.92404,
            0
          ],
          [
            -99.2167,
            18.92404,
            0
          ],
          [
            -99.21655,
            18.92404,
            0
          ],
          [
            -99.21592,
            18.92403,
            0
          ],
          [
            -99.21591,
            18.92403,
            0
          ],
          [
            -99.21519,
            18.92403,
            0
          ],
          [
            -99.21462,
            18.92403,
            0
          ],
          [
            -99.21399,
            18.92402,
            0
          ],
          [
            -99.21366,
            18.92402,
            0
          ],
          [
            -99.21306,
            18.92391,
            0
          ],
          [
            -99.21273,
            18.92382,
            0
          ],
          [
            -99.21212,
            18.92368,
            0
          ],
          [
            -99.21183,
            18.9236,
            0
          ],
          [
            -99.21156,
            18.92354,
            0
          ],
          [
            -99.21133,
            18.92349,
            0
          ],
          [
            -99.2108,
            18.92335,
            0
          ],
          [
            -99.21042,
            18.92326,
            0
          ],
          [
            -99.21026,
            18.92322,
            0
          ],
          [
            -99.21016,
            18.92318,
            0
          ],
          [
            -99.20993,
            18.92312,
            0
          ],
          [
            -99.20983,
            18.92309,
            0
          ],
          [
            -99.20941,
            18.92299,
            0
          ],
          [
            -99.20922,
            18.92294,
            0
          ],
          [
            -99.20916,
            18.92291,
            0
          ],
          [
            -99.20905,
            18.92285,
            0
          ],
          [
            -99.20889,
            18.92277,
            0
          ],
          [
            -99.20868,
            18.92263,
            0
          ],
          [
            -99.20828,
            18.92228,
            0
          ],
          [
            -99.20826,
            18.92227,
            0
          ],
          [
            -99.20801,
            18.92208,
            0
          ],
          [
            -99.20799,
            18.92207,
            0
          ],
          [
            -99.20791,
            18.92201,
            0
          ],
          [
            -99.20781,
            18.92194,
            0
          ],
          [
            -99.20775,
            18.92191,
            0
          ],
          [
            -99.20767,
            18.92187,
            0
          ],
          [
            -99.2075,
            18.92177,
            0
          ],
          [
            -99.20742,
            18.92174,
            0
          ],
          [
            -99.20732,
            18.9217,
            0
          ],
          [
            -99.20723,
            18.92168,
            0
          ],
          [
            -99.20721,
            18.92168,
            0
          ],
          [
            -99.20708,
            18.92165,
            0
          ],
          [
            -99.20691,
            18.92162,
            0
          ],
          [
            -99.20652,
            18.92157,
            0
          ],
          [
            -99.2062,
            18.92153,
            0
          ],
          [
            -99.20599,
            18.92151,
            0
          ],
          [
            -99.20582,
            18.92148,
            0
          ],
          [
            -99.20566,
            18.92144,
            0
          ],
          [
            -99.20528,
            18.92134,
            0
          ],
          [
            -99.20481,
            18.92126,
            0
          ],
          [
            -99.20469,
            18.92125,
            0
          ],
          [
            -99.20465,
            18.92125,
            0
          ],
          [
            -99.20454,
            18.92125,
            0
          ],
          [
            -99.20409,
            18.92118,
            0
          ],
          [
            -99.20396,
            18.92113,
            0
          ],
          [
            -99.20386,
            18.9211,
            0
          ],
          [
            -99.2038,
            18.92109,
            0
          ],
          [
            -99.20353,
            18.92103,
            0
          ],
          [
            -99.20304,
            18.92096,
            0
          ],
          [
            -99.20263,
            18.92091,
            0
          ],
          [
            -99.20248,
            18.9209,
            0
          ],
          [
            -99.20239,
            18.92089,
            0
          ],
          [
            -99.20226,
            18.92088,
            0
          ],
          [
            -99.20211,
            18.92089,
            0
          ],
          [
            -99.20197,
            18.9208,
            0
          ],
          [
            -99.20194,
            18.92079,
            0
          ],
          [
            -99.20191,
            18.92078,
            0
          ],
          [
            -99.20183,
            18.92077,
            0
          ],
          [
            -99.20168,
            18.92075,
            0
          ],
          [
            -99.20156,
            18.92074,
            0
          ],
          [
            -99.20123,
            18.92076,
            0
          ],
          [
            -99.20107,
            18.92078,
            0
          ],
          [
            -99.20079,
            18.92083,
            0
          ],
          [
            -99.20072,
            18.92083,
            0
          ],
          [
            -99.20071,
            18.92083,
            0
          ],
          [
            -99.20064,
            18.92083,
            0
          ],
          [
            -99.20059,
            18.92083,
            0
          ],
          [
            -99.20054,
            18.92083,
            0
          ],
          [
            -99.20033,
            18.92082,
            0
          ],
          [
            -99.20023,
            18.92081,
            0
          ],
          [
            -99.20015,
            18.9208,
            0
          ],
          [
            -99.19997,
            18.92076,
            0
          ],
          [
            -99.1999,
            18.92074,
            0
          ],
          [
            -99.19968,
            18.92068,
            0
          ],
          [
            -99.19876,
            18.92031,
            0
          ],
          [
            -99.19859,
            18.92024,
            0
          ],
          [
            -99.19849,
            18.9202,
            0
          ],
          [
            -99.19788,
            18.91995,
            0
          ],
          [
            -99.19724,
            18.9198,
            0
          ],
          [
            -99.19627,
            18.91962,
            0
          ],
          [
            -99.19611,
            18.91959,
            0
          ],
          [
            -99.19595,
            18.91957,
            0
          ],
          [
            -99.1959,
            18.91957,
            0
          ],
          [
            -99.19576,
            18.91956,
            0
          ],
          [
            -99.1957,
            18.91956,
            0
          ],
          [
            -99.19565,
            18.91957,
            0
          ],
          [
            -99.19553,
            18.91957,
            0
          ],
          [
            -99.19544,
            18.91958,
            0
          ],
          [
            -99.19534,
            18.9196,
            0
          ],
          [
            -99.19533,
            18.9196,
            0
          ],
          [
            -99.19523,
            18.91962,
            0
          ],
          [
            -99.19522,
            18.91962,
            0
          ],
          [
            -99.19521,
            18.91963,
            0
          ],
          [
            -99.19512,
            18.91971,
            0
          ],
          [
            -99.19475,
            18.9198,
            0
          ],
          [
            -99.19445,
            18.91988,
            0
          ],
          [
            -99.19433,
            18.91989,
            0
          ],
          [
            -99.19427,
            18.9199,
            0
          ],
          [
            -99.19414,
            18.9199,
            0
          ],
          [
            -99.194,
            18.91989,
            0
          ],
          [
            -99.19389,
            18.91988,
            0
          ],
          [
            -99.19377,
            18.91985,
            0
          ],
          [
            -99.19366,
            18.91983,
            0
          ],
          [
            -99.19351,
            18.91978,
            0
          ],
          [
            -99.19307,
            18.91964,
            0
          ],
          [
            -99.19261,
            18.91949,
            0
          ],
          [
            -99.19237,
            18.91942,
            0
          ],
          [
            -99.19163,
            18.91919,
            0
          ],
          [
            -99.1912,
            18.91906,
            0
          ],
          [
            -99.19113,
            18.91903,
            0
          ],
          [
            -99.19021,
            18.91875,
            0
          ],
          [
            -99.18947,
            18.91853,
            0
          ],
          [
            -99.18924,
            18.91846,
            0
          ],
          [
            -99.18916,
            18.91844,
            0
          ],
          [
            -99.18904,
            18.9184,
            0
          ],
          [
            -99.18882,
            18.91833,
            0
          ],
          [
            -99.18871,
            18.91828,
            0
          ],
          [
            -99.18867,
            18.91826,
            0
          ],
          [
            -99.18862,
            18.91824,
            0
          ],
          [
            -99.18853,
            18.9182,
            0
          ],
          [
            -99.18844,
            18.91815,
            0
          ],
          [
            -99.18835,
            18.91809,
            0
          ],
          [
            -99.18828,
            18.91804,
            0
          ],
          [
            -99.1882,
            18.91798,
            0
          ],
          [
            -99.18802,
            18.91782,
            0
          ],
          [
            -99.188,
            18.9178,
            0
          ],
          [
            -99.18771,
            18.91754,
            0
          ],
          [
            -99.18703,
            18.91695,
            0
          ],
          [
            -99.18694,
            18.91687,
            0
          ],
          [
            -99.18671,
            18.91666,
            0
          ],
          [
            -99.18663,
            18.91659,
            0
          ],
          [
            -99.18651,
            18.91648,
            0
          ],
          [
            -99.18634,
            18.91632,
            0
          ],
          [
            -99.18585,
            18.9159,
            0
          ],
          [
            -99.18551,
            18.91559,
            0
          ],
          [
            -99.1853,
            18.91539,
            0
          ],
          [
            -99.18479,
            18.91494,
            0
          ],
          [
            -99.18468,
            18.91482,
            0
          ],
          [
            -99.18451,
            18.91465,
            0
          ],
          [
            -99.18434,
            18.91447,
            0
          ],
          [
            -99.18422,
            18.91434,
            0
          ],
          [
            -99.18397,
            18.91408,
            0
          ],
          [
            -99.18359,
            18.91367,
            0
          ],
          [
            -99.18325,
            18.91331,
            0
          ],
          [
            -99.18286,
            18.9129,
            0
          ],
          [
            -99.18259,
            18.9126,
            0
          ],
          [
            -99.18239,
            18.91239,
            0
          ],
          [
            -99.18227,
            18.91227,
            0
          ],
          [
            -99.18209,
            18.91207,
            0
          ],
          [
            -99.18193,
            18.9119,
            0
          ],
          [
            -99.18176,
            18.91172,
            0
          ],
          [
            -99.18165,
            18.91159,
            0
          ],
          [
            -99.18143,
            18.91127,
            0
          ],
          [
            -99.18132,
            18.91109,
            0
          ],
          [
            -99.18126,
            18.91098,
            0
          ],
          [
            -99.18111,
            18.91111,
            0
          ],
          [
            -99.18076,
            18.91146,
            0
          ],
          [
            -99.18029,
            18.9119,
            0
          ],
          [
            -99.18005,
            18.91212,
            0
          ],
          [
            -99.17919,
            18.91292,
            0
          ],
          [
            -99.17898,
            18.91312,
            0
          ],
          [
            -99.17815,
            18.91391,
            0
          ],
          [
            -99.17802,
            18.91404,
            0
          ],
          [
            -99.17775,
            18.9143,
            0
          ],
          [
            -99.17713,
            18.91489,
            0
          ],
          [
            -99.17702,
            18.91499,
            0
          ],
          [
            -99.1769,
            18.91511,
            0
          ],
          [
            -99.17684,
            18.91518,
            0
          ],
          [
            -99.17675,
            18.91529,
            0
          ],
          [
            -99.17669,
            18.91538,
            0
          ],
          [
            -99.17662,
            18.91549,
            0
          ],
          [
            -99.17655,
            18.9156,
            0
          ],
          [
            -99.17647,
            18.91578,
            0
          ],
          [
            -99.17641,
            18.91593,
            0
          ],
          [
            -99.17638,
            18.91604,
            0
          ],
          [
            -99.17635,
            18.91616,
            0
          ],
          [
            -99.17633,
            18.91627,
            0
          ],
          [
            -99.17632,
            18.91634,
            0
          ],
          [
            -99.17631,
            18.91642,
            0
          ],
          [
            -99.1763,
            18.91659,
            0
          ],
          [
            -99.17631,
            18.91677,
            0
          ],
          [
            -99.17632,
            18.91705,
            0
          ],
          [
            -99.17596,
            18.91736,
            0
          ],
          [
            -99.17524,
            18.91809,
            0
          ],
          [
            -99.17453,
            18.91879,
            0
          ],
          [
            -99.17412,
            18.9192,
            0
          ],
          [
            -99.17371,
            18.9196,
            0
          ],
          [
            -99.17298,
            18.92033,
            0
          ],
          [
            -99.17242,
            18.92088,
            0
          ],
          [
            -99.17234,
            18.92095,
            0
          ],
          [
            -99.17218,
            18.9209,
            0
          ],
          [
            -99.17215,
            18.92089,
            0
          ],
          [
            -99.17204,
            18.92082,
            0
          ],
          [
            -99.17163,
            18.92051,
            0
          ],
          [
            -99.17096,
            18.91995,
            0
          ],
          [
            -99.17038,
            18.91948,
            0
          ],
          [
            -99.1701,
            18.91924,
            0
          ],
          [
            -99.16996,
            18.91912,
            0
          ],
          [
            -99.16943,
            18.91868,
            0
          ],
          [
            -99.16911,
            18.91841,
            0
          ],
          [
            -99.16885,
            18.91819,
            0
          ],
          [
            -99.16846,
            18.91786,
            0
          ],
          [
            -99.16791,
            18.9174,
            0
          ],
          [
            -99.16686,
            18.91654,
            0
          ],
          [
            -99.16672,
            18.9164,
            0
          ],
          [
            -99.16658,
            18.9163,
            0
          ],
          [
            -99.16608,
            18.91586,
            0
          ],
          [
            -99.16555,
            18.91544,
            0
          ],
          [
            -99.16554,
            18.91544,
            0
          ],
          [
            -99.1655,
            18.91542,
            0
          ],
          [
            -99.16549,
            18.91542,
            0
          ],
          [
            -99.16547,
            18.91543,
            0
          ],
          [
            -99.16546,
            18.91542,
            0
          ],
          [
            -99.16546,
            18.91541,
            0
          ],
          [
            -99.16546,
            18.9154,
            0
          ],
          [
            -99.16545,
            18.91539,
            0
          ],
          [
            -99.16545,
            18.91538,
            0
          ],
          [
            -99.16545,
            18.91537,
            0
          ],
          [
            -99.16641,
            18.91432,
            0
          ],
          [
            -99.16642,
            18.9143,
            0
          ],
          [
            -99.16723,
            18.91343,
            0
          ],
          [
            -99.16809,
            18.91251,
            0
          ],
          [
            -99.16847,
            18.91209,
            0
          ],
          [
            -99.16853,
            18.91203,
            0
          ],
          [
            -99.16865,
            18.91191,
            0
          ],
          [
            -99.169,
            18.91153,
            0
          ],
          [
            -99.16901,
            18.91154,
            0
          ],
          [
            -99.16902,
            18.91154,
            0
          ],
          [
            -99.16903,
            18.91154,
            0
          ],
          [
            -99.16904,
            18.91155,
            0
          ],
          [
            -99.16906,
            18.91155,
            0
          ],
          [
            -99.16907,
            18.91155,
            0
          ],
          [
            -99.16908,
            18.91155,
            0
          ],
          [
            -99.16909,
            18.91155,
            0
          ],
          [
            -99.16912,
            18.91155,
            0
          ],
          [
            -99.16915,
            18.91155,
            0
          ],
          [
            -99.16917,
            18.91155,
            0
          ],
          [
            -99.1692,
            18.91155,
            0
          ],
          [
            -99.16923,
            18.91154,
            0
          ],
          [
            -99.16926,
            18.91153,
            0
          ],
          [
            -99.16929,
            18.91152,
            0
          ],
          [
            -99.16931,
            18.91151,
            0
          ],
          [
            -99.16935,
            18.91149,
            0
          ],
          [
            -99.16938,
            18.91147,
            0
          ],
          [
            -99.16942,
            18.91144,
            0
          ],
          [
            -99.16945,
            18.91141,
            0
          ],
          [
            -99.16947,
            18.91138,
            0
          ],
          [
            -99.16949,
            18.91134,
            0
          ],
          [
            -99.16951,
            18.91131,
            0
          ],
          [
            -99.16953,
            18.91127,
            0
          ],
          [
            -99.16952,
            18.9112,
            0
          ],
          [
            -99.16951,
            18.91115,
            0
          ],
          [
            -99.16948,
            18.91111,
            0
          ],
          [
            -99.16946,
            18.91107,
            0
          ],
          [
            -99.16942,
            18.91104,
            0
          ],
          [
            -99.16939,
            18.91101,
            0
          ],
          [
            -99.16934,
            18.91098,
            0
          ],
          [
            -99.1693,
            18.91096,
            0
          ],
          [
            -99.16925,
            18.91095,
            0
          ],
          [
            -99.16923,
            18.91078,
            0
          ],
          [
            -99.1692,
            18.9106,
            0
          ],
          [
            -99.16916,
            18.91043,
            0
          ],
          [
            -99.16913,
            18.91026,
            0
          ],
          [
            -99.16913,
            18.91015,
            0
          ],
          [
            -99.16915,
            18.90978,
            0
          ],
          [
            -99.16923,
            18.90909,
            0
          ],
          [
            -99.1693,
            18.90856,
            0
          ],
          [
            -99.16932,
            18.90839,
            0
          ],
          [
            -99.16933,
            18.9083,
            0
          ],
          [
            -99.16935,
            18.90822,
            0
          ],
          [
            -99.16938,
            18.90813,
            0
          ],
          [
            -99.1694,
            18.90807,
            0
          ],
          [
            -99.16945,
            18.90798,
            0
          ],
          [
            -99.16948,
            18.90793,
            0
          ],
          [
            -99.16952,
            18.90786,
            0
          ],
          [
            -99.16956,
            18.90781,
            0
          ],
          [
            -99.16986,
            18.90746,
            0
          ],
          [
            -99.1705,
            18.90678,
            0
          ],
          [
            -99.17053,
            18.90675,
            0
          ],
          [
            -99.17076,
            18.9065,
            0
          ],
          [
            -99.17114,
            18.9061,
            0
          ],
          [
            -99.17131,
            18.90593,
            0
          ],
          [
            -99.17161,
            18.9056,
            0
          ],
          [
            -99.17212,
            18.90504,
            0
          ],
          [
            -99.17217,
            18.90498,
            0
          ],
          [
            -99.17298,
            18.9041,
            0
          ],
          [
            -99.17334,
            18.9037,
            0
          ],
          [
            -99.17384,
            18.90315,
            0
          ],
          [
            -99.17399,
            18.903,
            0
          ],
          [
            -99.17409,
            18.90288,
            0
          ],
          [
            -99.17427,
            18.90269,
            0
          ],
          [
            -99.17442,
            18.90255,
            0
          ],
          [
            -99.1743,
            18.90243,
            0
          ],
          [
            -99.17424,
            18.90237,
            0
          ],
          [
            -99.17389,
            18.902,
            0
          ],
          [
            -99.17379,
            18.90191,
            0
          ],
          [
            -99.17365,
            18.90177,
            0
          ],
          [
            -99.17322,
            18.90136,
            0
          ],
          [
            -99.1728,
            18.90092,
            0
          ],
          [
            -99.17275,
            18.90087,
            0
          ],
          [
            -99.17271,
            18.90082,
            0
          ],
          [
            -99.17265,
            18.90077,
            0
          ],
          [
            -99.17238,
            18.90051,
            0
          ],
          [
            -99.17227,
            18.9004,
            0
          ],
          [
            -99.17209,
            18.90024,
            0
          ],
          [
            -99.17194,
            18.90009,
            0
          ],
          [
            -99.17178,
            18.89994,
            0
          ],
          [
            -99.17148,
            18.89965,
            0
          ],
          [
            -99.17137,
            18.89955,
            0
          ],
          [
            -99.17135,
            18.89949,
            0
          ],
          [
            -99.17135,
            18.89947,
            0
          ],
          [
            -99.17134,
            18.89946,
            0
          ],
          [
            -99.17132,
            18.89943,
            0
          ],
          [
            -99.17123,
            18.89934,
            0
          ],
          [
            -99.17074,
            18.89885,
            0
          ],
          [
            -99.17068,
            18.89879,
            0
          ],
          [
            -99.17028,
            18.89839,
            0
          ],
          [
            -99.16991,
            18.89804,
            0
          ],
          [
            -99.16974,
            18.89787,
            0
          ],
          [
            -99.1695,
            18.89763,
            0
          ],
          [
            -99.16923,
            18.89736,
            0
          ],
          [
            -99.16925,
            18.89731,
            0
          ],
          [
            -99.16929,
            18.89723,
            0
          ],
          [
            -99.16934,
            18.89713,
            0
          ],
          [
            -99.16935,
            18.89712,
            0
          ],
          [
            -99.16937,
            18.89708,
            0
          ],
          [
            -99.16938,
            18.89706,
            0
          ],
          [
            -99.16939,
            18.89705,
            0
          ],
          [
            -99.16942,
            18.89699,
            0
          ],
          [
            -99.16945,
            18.89693,
            0
          ],
          [
            -99.16952,
            18.89681,
            0
          ],
          [
            -99.16966,
            18.89654,
            0
          ],
          [
            -99.16972,
            18.89641,
            0
          ],
          [
            -99.16981,
            18.89624,
            0
          ],
          [
            -99.1704,
            18.89513,
            0
          ],
          [
            -99.17071,
            18.89459,
            0
          ],
          [
            -99.17086,
            18.89431,
            0
          ],
          [
            -99.17092,
            18.89419,
            0
          ],
          [
            -99.17099,
            18.89405,
            0
          ],
          [
            -99.17115,
            18.89375,
            0
          ],
          [
            -99.17162,
            18.89288,
            0
          ],
          [
            -99.17182,
            18.8925,
            0
          ],
          [
            -99.17186,
            18.89241,
            0
          ],
          [
            -99.1724,
            18.89139,
            0
          ],
          [
            -99.17246,
            18.89129,
            0
          ],
          [
            -99.17292,
            18.89042,
            0
          ],
          [
            -99.17297,
            18.89043,
            0
          ],
          [
            -99.17301,
            18.89043,
            0
          ],
          [
            -99.17308,
            18.89043,
            0
          ],
          [
            -99.1732,
            18.89042,
            0
          ],
          [
            -99.17338,
            18.8904,
            0
          ],
          [
            -99.17363,
            18.89039,
            0
          ],
          [
            -99.17393,
            18.8904,
            0
          ],
          [
            -99.1741,
            18.89042,
            0
          ],
          [
            -99.17424,
            18.89044,
            0
          ],
          [
            -99.17436,
            18.89048,
            0
          ],
          [
            -99.17451,
            18.89053,
            0
          ],
          [
            -99.17477,
            18.89064,
            0
          ],
          [
            -99.17501,
            18.8908,
            0
          ],
          [
            -99.17511,
            18.89088,
            0
          ],
          [
            -99.17524,
            18.89099,
            0
          ],
          [
            -99.17531,
            18.89106,
            0
          ],
          [
            -99.17535,
            18.89111,
            0
          ],
          [
            -99.17541,
            18.89117,
            0
          ],
          [
            -99.17544,
            18.89122,
            0
          ],
          [
            -99.17557,
            18.8914,
            0
          ],
          [
            -99.17627,
            18.89257,
            0
          ],
          [
            -99.17637,
            18.89271,
            0
          ],
          [
            -99.17649,
            18.89287,
            0
          ],
          [
            -99.17656,
            18.89298,
            0
          ],
          [
            -99.17664,
            18.89311,
            0
          ],
          [
            -99.17668,
            18.89317,
            0
          ],
          [
            -99.17675,
            18.89314,
            0
          ],
          [
            -99.1769,
            18.89306,
            0
          ],
          [
            -99.17694,
            18.89304,
            0
          ],
          [
            -99.17769,
            18.89264,
            0
          ],
          [
            -99.17784,
            18.89256,
            0
          ],
          [
            -99.17785,
            18.89255,
            0
          ],
          [
            -99.17791,
            18.89252,
            0
          ],
          [
            -99.17792,
            18.89252,
            0
          ],
          [
            -99.17791,
            18.89242,
            0
          ],
          [
            -99.17795,
            18.89225,
            0
          ],
          [
            -99.17795,
            18.89223,
            0
          ],
          [
            -99.17816,
            18.89146,
            0
          ],
          [
            -99.17836,
            18.89067,
            0
          ],
          [
            -99.17848,
            18.89069,
            0
          ],
          [
            -99.17866,
            18.89073,
            0
          ],
          [
            -99.17888,
            18.89077,
            0
          ],
          [
            -99.17891,
            18.89075,
            0
          ],
          [
            -99.17893,
            18.89074,
            0
          ],
          [
            -99.17895,
            18.89072,
            0
          ],
          [
            -99.179,
            18.89071,
            0
          ],
          [
            -99.17905,
            18.89069,
            0
          ],
          [
            -99.17912,
            18.89069,
            0
          ],
          [
            -99.17925,
            18.8907,
            0
          ],
          [
            -99.17975,
            18.89077,
            0
          ],
          [
            -99.17987,
            18.89079,
            0
          ],
          [
            -99.18,
            18.89088,
            0
          ],
          [
            -99.18008,
            18.89101,
            0
          ],
          [
            -99.18013,
            18.89113,
            0
          ],
          [
            -99.18015,
            18.89122,
            0
          ],
          [
            -99.18017,
            18.89132,
            0
          ],
          [
            -99.18017,
            18.89136,
            0
          ],
          [
            -99.18017,
            18.89146,
            0
          ],
          [
            -99.18015,
            18.89156,
            0
          ],
          [
            -99.18011,
            18.89167,
            0
          ],
          [
            -99.18005,
            18.89178,
            0
          ],
          [
            -99.17997,
            18.89187,
            0
          ],
          [
            -99.17987,
            18.89197,
            0
          ],
          [
            -99.17975,
            18.89204,
            0
          ],
          [
            -99.17963,
            18.89208,
            0
          ],
          [
            -99.1795,
            18.8921,
            0
          ],
          [
            -99.17942,
            18.89211,
            0
          ],
          [
            -99.17934,
            18.8921,
            0
          ],
          [
            -99.17887,
            18.89204,
            0
          ],
          [
            -99.17875,
            18.89203,
            0
          ],
          [
            -99.17871,
            18.89204,
            0
          ],
          [
            -99.17865,
            18.89205,
            0
          ],
          [
            -99.17859,
            18.89207,
            0
          ],
          [
            -99.17849,
            18.89211,
            0
          ],
          [
            -99.17791,
            18.89242,
            0
          ],
          [
            -99.17783,
            18.89246,
            0
          ],
          [
            -99.17763,
            18.89256,
            0
          ],
          [
            -99.17686,
            18.89298,
            0
          ],
          [
            -99.1767,
            18.89306,
            0
          ],
          [
            -99.17664,
            18.89311,
            0
          ],
          [
            -99.17668,
            18.89317,
            0
          ],
          [
            -99.17677,
            18.8933,
            0
          ],
          [
            -99.17687,
            18.89345,
            0
          ],
          [
            -99.17709,
            18.89387,
            0
          ],
          [
            -99.17715,
            18.89397,
            0
          ],
          [
            -99.17757,
            18.8947,
            0
          ],
          [
            -99.17765,
            18.89467,
            0
          ],
          [
            -99.17795,
            18.89449,
            0
          ],
          [
            -99.17802,
            18.89445,
            0
          ],
          [
            -99.17804,
            18.89444,
            0
          ],
          [
            -99.17806,
            18.89444,
            0
          ],
          [
            -99.17808,
            18.89444,
            0
          ],
          [
            -99.17809,
            18.89444,
            0
          ],
          [
            -99.1781,
            18.89445,
            0
          ],
          [
            -99.17813,
            18.89451,
            0
          ],
          [
            -99.17846,
            18.89505,
            0
          ],
          [
            -99.17858,
            18.89523,
            0
          ],
          [
            -99.17864,
            18.8953,
            0
          ],
          [
            -99.17868,
            18.89533,
            0
          ],
          [
            -99.17875,
            18.89537,
            0
          ],
          [
            -99.17879,
            18.89539,
            0
          ],
          [
            -99.17889,
            18.89543,
            0
          ],
          [
            -99.17893,
            18.89544,
            0
          ],
          [
            -99.17898,
            18.89545,
            0
          ],
          [
            -99.17906,
            18.89546,
            0
          ],
          [
            -99.17915,
            18.89546,
            0
          ],
          [
            -99.17926,
            18.89546,
            0
          ],
          [
            -99.17936,
            18.89543,
            0
          ],
          [
            -99.17944,
            18.8954,
            0
          ],
          [
            -99.1795,
            18.89537,
            0
          ],
          [
            -99.17966,
            18.8953,
            0
          ],
          [
            -99.17978,
            18.89525,
            0
          ],
          [
            -99.17979,
            18.89524,
            0
          ],
          [
            -99.17995,
            18.89519,
            0
          ],
          [
            -99.18009,
            18.89516,
            0
          ],
          [
            -99.18023,
            18.89515,
            0
          ],
          [
            -99.18038,
            18.89515,
            0
          ],
          [
            -99.18051,
            18.89516,
            0
          ],
          [
            -99.18063,
            18.89519,
            0
          ],
          [
            -99.1807,
            18.89521,
            0
          ],
          [
            -99.1808,
            18.89526,
            0
          ],
          [
            -99.18092,
            18.89533,
            0
          ],
          [
            -99.1811,
            18.89544,
            0
          ],
          [
            -99.18126,
            18.89555,
            0
          ],
          [
            -99.18129,
            18.89557,
            0
          ],
          [
            -99.18132,
            18.89558,
            0
          ],
          [
            -99.18138,
            18.8956,
            0
          ],
          [
            -99.1814,
            18.89562,
            0
          ]
        ]
      },
      "properties": {
        "name": "CENTRO - LA ROSA",
        "styleUrl": "#line-673AB7-5000-nodesc",
        "stroke-opacity": 1,
        "stroke": "#673ab7",
        "stroke-width": 5
      }
    }
  ]
}