{
  "type": "FeatureCollection",
  "features": [
    {
      "type": "Feature",
      "geometry": {
        "type": "LineString",
        "coordinates": [
          [
            -99.23048,
            18.97752,
            0
          ],
          [
            -99.23047,
            18.97743,
            0
          ],
          [
            -99.22982,
            18.97748,
            0
          ],
          [
            -99.22973,
            18.97649,
            0
          ],
          [
            -99.2297,
            18.97623,
            0
          ],
          [
            -99.2297,
            18.97622,
            0
          ],
          [
            -99.2297,
            18.97617,
            0
          ],
          [
            -99.22969,
            18.97611,
            0
          ],
          [
            -99.22968,
            18.97604,
            0
          ],
          [
            -99.22971,
            18.97596,
            0
          ],
          [
            -99.22973,
            18.97589,
            0
          ],
          [
            -99.22985,
            18.97563,
            0
          ],
          [
            -99.23003,
            18.97508,
            0
          ],
          [
            -99.2301,
            18.97486,
            0
          ],
          [
            -99.23012,
            18.97483,
            0
          ],
          [
            -99.23018,
            18.9747,
            0
          ],
          [
            -99.23023,
            18.97458,
            0
          ],
          [
            -99.23028,
            18.97451,
            0
          ],
          [
            -99.23043,
            18.97428,
            0
          ],
          [
            -99.23049,
            18.97419,
            0
          ],
          [
            -99.23057,
            18.97407,
            0
          ],
          [
            -99.2307,
            18.97389,
            0
          ],
          [
            -99.23101,
            18.97346,
            0
          ],
          [
            -99.23105,
            18.97339,
            0
          ],
          [
            -99.23126,
            18.97309,
            0
          ],
          [
            -99.23133,
            18.97297,
            0
          ],
          [
            -99.23139,
            18.97287,
            0
          ],
          [
            -99.23141,
            18.97284,
            0
          ],
          [
            -99.23143,
            18.97279,
            0
          ],
          [
            -99.23145,
            18.97273,
            0
          ],
          [
            -99.23149,
            18.9726,
            0
          ],
          [
            -99.2315,
            18.97256,
            0
          ],
          [
            -99.23153,
            18.97236,
            0
          ],
          [
            -99.23156,
            18.97216,
            0
          ],
          [
            -99.23161,
            18.97176,
            0
          ],
          [
            -99.23164,
            18.97152,
            0
          ],
          [
            -99.23166,
            18.97139,
            0
          ],
          [
            -99.23167,
            18.97125,
            0
          ],
          [
            -99.2317,
            18.97103,
            0
          ],
          [
            -99.23173,
            18.97077,
            0
          ],
          [
            -99.23175,
            18.97061,
            0
          ],
          [
            -99.23178,
            18.9704,
            0
          ],
          [
            -99.23181,
            18.97022,
            0
          ],
          [
            -99.23185,
            18.96996,
            0
          ],
          [
            -99.23188,
            18.9696,
            0
          ],
          [
            -99.23188,
            18.96954,
            0
          ],
          [
            -99.2319,
            18.96927,
            0
          ],
          [
            -99.23191,
            18.96914,
            0
          ],
          [
            -99.23193,
            18.96892,
            0
          ],
          [
            -99.23194,
            18.96883,
            0
          ],
          [
            -99.23196,
            18.96874,
            0
          ],
          [
            -99.23198,
            18.9686,
            0
          ],
          [
            -99.23201,
            18.96839,
            0
          ],
          [
            -99.23202,
            18.96832,
            0
          ],
          [
            -99.23203,
            18.96826,
            0
          ],
          [
            -99.23204,
            18.96818,
            0
          ],
          [
            -99.23204,
            18.96793,
            0
          ],
          [
            -99.23204,
            18.96765,
            0
          ],
          [
            -99.23201,
            18.96732,
            0
          ],
          [
            -99.23312,
            18.96697,
            0
          ],
          [
            -99.2332,
            18.96695,
            0
          ],
          [
            -99.23356,
            18.96682,
            0
          ],
          [
            -99.23391,
            18.96671,
            0
          ],
          [
            -99.23399,
            18.96666,
            0
          ],
          [
            -99.23406,
            18.96663,
            0
          ],
          [
            -99.23443,
            18.96653,
            0
          ],
          [
            -99.23448,
            18.96651,
            0
          ],
          [
            -99.2346,
            18.96649,
            0
          ],
          [
            -99.23471,
            18.96648,
            0
          ],
          [
            -99.23483,
            18.96647,
            0
          ],
          [
            -99.23489,
            18.96647,
            0
          ],
          [
            -99.23498,
            18.96647,
            0
          ],
          [
            -99.23509,
            18.96649,
            0
          ],
          [
            -99.2352,
            18.96651,
            0
          ],
          [
            -99.2353,
            18.96655,
            0
          ],
          [
            -99.23548,
            18.96661,
            0
          ],
          [
            -99.23565,
            18.96668,
            0
          ],
          [
            -99.23569,
            18.96669,
            0
          ],
          [
            -99.23582,
            18.96674,
            0
          ],
          [
            -99.23583,
            18.96674,
            0
          ],
          [
            -99.23611,
            18.96685,
            0
          ],
          [
            -99.23618,
            18.96688,
            0
          ],
          [
            -99.23634,
            18.96693,
            0
          ],
          [
            -99.23645,
            18.96697,
            0
          ],
          [
            -99.2365,
            18.96699,
            0
          ],
          [
            -99.23652,
            18.967,
            0
          ],
          [
            -99.23669,
            18.96706,
            0
          ],
          [
            -99.23671,
            18.96707,
            0
          ],
          [
            -99.23718,
            18.96723,
            0
          ],
          [
            -99.23732,
            18.96729,
            0
          ],
          [
            -99.23773,
            18.96745,
            0
          ],
          [
            -99.23785,
            18.96749,
            0
          ],
          [
            -99.23801,
            18.96755,
            0
          ],
          [
            -99.23813,
            18.96759,
            0
          ],
          [
            -99.23827,
            18.96765,
            0
          ],
          [
            -99.23828,
            18.96765,
            0
          ],
          [
            -99.23879,
            18.96783,
            0
          ],
          [
            -99.23889,
            18.96785,
            0
          ],
          [
            -99.23902,
            18.96787,
            0
          ],
          [
            -99.23917,
            18.96787,
            0
          ],
          [
            -99.23931,
            18.96787,
            0
          ],
          [
            -99.23959,
            18.96785,
            0
          ],
          [
            -99.23969,
            18.96785,
            0
          ],
          [
            -99.23975,
            18.96786,
            0
          ],
          [
            -99.2398,
            18.96788,
            0
          ],
          [
            -99.23984,
            18.96791,
            0
          ],
          [
            -99.23989,
            18.96793,
            0
          ],
          [
            -99.24001,
            18.96796,
            0
          ],
          [
            -99.24,
            18.96798,
            0
          ],
          [
            -99.23999,
            18.96799,
            0
          ],
          [
            -99.23999,
            18.96801,
            0
          ],
          [
            -99.23998,
            18.96802,
            0
          ],
          [
            -99.23998,
            18.96804,
            0
          ],
          [
            -99.23998,
            18.96806,
            0
          ],
          [
            -99.23998,
            18.96808,
            0
          ],
          [
            -99.23998,
            18.96809,
            0
          ],
          [
            -99.23999,
            18.96812,
            0
          ],
          [
            -99.24,
            18.96814,
            0
          ],
          [
            -99.24002,
            18.96815,
            0
          ],
          [
            -99.24004,
            18.96817,
            0
          ],
          [
            -99.24005,
            18.96819,
            0
          ],
          [
            -99.24007,
            18.9682,
            0
          ],
          [
            -99.2401,
            18.96821,
            0
          ],
          [
            -99.24012,
            18.96822,
            0
          ],
          [
            -99.24015,
            18.96823,
            0
          ],
          [
            -99.24018,
            18.96824,
            0
          ],
          [
            -99.24022,
            18.96824,
            0
          ],
          [
            -99.24025,
            18.96823,
            0
          ],
          [
            -99.24028,
            18.96823,
            0
          ],
          [
            -99.2403,
            18.96822,
            0
          ],
          [
            -99.24031,
            18.96822,
            0
          ],
          [
            -99.24034,
            18.9682,
            0
          ],
          [
            -99.24037,
            18.96819,
            0
          ],
          [
            -99.2404,
            18.96817,
            0
          ],
          [
            -99.24042,
            18.96815,
            0
          ],
          [
            -99.24045,
            18.96811,
            0
          ],
          [
            -99.24046,
            18.96808,
            0
          ],
          [
            -99.24048,
            18.96806,
            0
          ],
          [
            -99.24048,
            18.96803,
            0
          ],
          [
            -99.24049,
            18.96801,
            0
          ],
          [
            -99.24049,
            18.96798,
            0
          ],
          [
            -99.24049,
            18.96795,
            0
          ],
          [
            -99.24049,
            18.96793,
            0
          ],
          [
            -99.24048,
            18.9679,
            0
          ],
          [
            -99.24048,
            18.96789,
            0
          ],
          [
            -99.24047,
            18.96789,
            0
          ],
          [
            -99.24046,
            18.96788,
            0
          ],
          [
            -99.24046,
            18.96787,
            0
          ],
          [
            -99.24045,
            18.96787,
            0
          ],
          [
            -99.24044,
            18.96786,
            0
          ],
          [
            -99.24043,
            18.96786,
            0
          ],
          [
            -99.24043,
            18.96785,
            0
          ],
          [
            -99.24037,
            18.9676,
            0
          ],
          [
            -99.2403,
            18.96739,
            0
          ],
          [
            -99.24027,
            18.96732,
            0
          ],
          [
            -99.24024,
            18.96714,
            0
          ],
          [
            -99.23998,
            18.96628,
            0
          ],
          [
            -99.23966,
            18.9652,
            0
          ],
          [
            -99.23964,
            18.96515,
            0
          ],
          [
            -99.23951,
            18.96472,
            0
          ],
          [
            -99.23935,
            18.96419,
            0
          ],
          [
            -99.23924,
            18.96382,
            0
          ],
          [
            -99.23922,
            18.96373,
            0
          ],
          [
            -99.23917,
            18.96357,
            0
          ],
          [
            -99.23899,
            18.96293,
            0
          ],
          [
            -99.23885,
            18.96246,
            0
          ],
          [
            -99.23863,
            18.96171,
            0
          ],
          [
            -99.23858,
            18.96154,
            0
          ],
          [
            -99.23841,
            18.96092,
            0
          ],
          [
            -99.23839,
            18.96084,
            0
          ],
          [
            -99.23835,
            18.96074,
            0
          ],
          [
            -99.23826,
            18.96038,
            0
          ],
          [
            -99.23815,
            18.95995,
            0
          ],
          [
            -99.23806,
            18.95963,
            0
          ],
          [
            -99.23791,
            18.95918,
            0
          ],
          [
            -99.23776,
            18.9587,
            0
          ],
          [
            -99.23767,
            18.95846,
            0
          ],
          [
            -99.23751,
            18.95779,
            0
          ],
          [
            -99.23748,
            18.95766,
            0
          ],
          [
            -99.23742,
            18.95742,
            0
          ],
          [
            -99.23735,
            18.95719,
            0
          ],
          [
            -99.23731,
            18.95711,
            0
          ],
          [
            -99.23729,
            18.95704,
            0
          ],
          [
            -99.23718,
            18.95666,
            0
          ],
          [
            -99.23704,
            18.95619,
            0
          ],
          [
            -99.23702,
            18.95608,
            0
          ],
          [
            -99.23697,
            18.95595,
            0
          ],
          [
            -99.23693,
            18.95584,
            0
          ],
          [
            -99.23673,
            18.95515,
            0
          ],
          [
            -99.23657,
            18.95458,
            0
          ],
          [
            -99.23649,
            18.95433,
            0
          ],
          [
            -99.23635,
            18.95386,
            0
          ],
          [
            -99.23622,
            18.95342,
            0
          ],
          [
            -99.23616,
            18.95322,
            0
          ],
          [
            -99.23611,
            18.95301,
            0
          ],
          [
            -99.23608,
            18.95292,
            0
          ],
          [
            -99.23607,
            18.95288,
            0
          ],
          [
            -99.23599,
            18.95257,
            0
          ],
          [
            -99.23593,
            18.95236,
            0
          ],
          [
            -99.2358,
            18.95192,
            0
          ],
          [
            -99.23565,
            18.95145,
            0
          ],
          [
            -99.23557,
            18.95112,
            0
          ],
          [
            -99.23541,
            18.95063,
            0
          ],
          [
            -99.23528,
            18.95021,
            0
          ],
          [
            -99.2354,
            18.9502,
            0
          ],
          [
            -99.23532,
            18.94935,
            0
          ],
          [
            -99.23529,
            18.94831,
            0
          ],
          [
            -99.23528,
            18.9482,
            0
          ],
          [
            -99.23527,
            18.94772,
            0
          ],
          [
            -99.23526,
            18.94671,
            0
          ],
          [
            -99.23525,
            18.9464,
            0
          ],
          [
            -99.23525,
            18.94611,
            0
          ],
          [
            -99.23523,
            18.94572,
            0
          ],
          [
            -99.23523,
            18.94539,
            0
          ],
          [
            -99.23521,
            18.94511,
            0
          ],
          [
            -99.23521,
            18.9449,
            0
          ],
          [
            -99.2352,
            18.94409,
            0
          ],
          [
            -99.23516,
            18.94285,
            0
          ],
          [
            -99.23517,
            18.94243,
            0
          ],
          [
            -99.23515,
            18.94197,
            0
          ],
          [
            -99.23512,
            18.94111,
            0
          ],
          [
            -99.23511,
            18.94094,
            0
          ],
          [
            -99.23511,
            18.94091,
            0
          ],
          [
            -99.2351,
            18.94086,
            0
          ],
          [
            -99.23507,
            18.94078,
            0
          ],
          [
            -99.2349,
            18.94047,
            0
          ],
          [
            -99.23456,
            18.93986,
            0
          ],
          [
            -99.23447,
            18.93971,
            0
          ],
          [
            -99.23438,
            18.93951,
            0
          ],
          [
            -99.23437,
            18.93948,
            0
          ],
          [
            -99.23437,
            18.93943,
            0
          ],
          [
            -99.23437,
            18.93935,
            0
          ],
          [
            -99.23443,
            18.939,
            0
          ],
          [
            -99.23447,
            18.93872,
            0
          ],
          [
            -99.23452,
            18.93845,
            0
          ],
          [
            -99.23454,
            18.93827,
            0
          ],
          [
            -99.23455,
            18.93821,
            0
          ],
          [
            -99.23454,
            18.93815,
            0
          ],
          [
            -99.23454,
            18.9381,
            0
          ],
          [
            -99.23452,
            18.93804,
            0
          ],
          [
            -99.23447,
            18.93796,
            0
          ],
          [
            -99.23444,
            18.93791,
            0
          ],
          [
            -99.23422,
            18.93773,
            0
          ],
          [
            -99.23411,
            18.93763,
            0
          ],
          [
            -99.23408,
            18.9376,
            0
          ],
          [
            -99.23406,
            18.93756,
            0
          ],
          [
            -99.23404,
            18.93751,
            0
          ],
          [
            -99.23403,
            18.93747,
            0
          ],
          [
            -99.23398,
            18.93725,
            0
          ],
          [
            -99.23385,
            18.93663,
            0
          ],
          [
            -99.23378,
            18.93641,
            0
          ],
          [
            -99.23373,
            18.93618,
            0
          ],
          [
            -99.23372,
            18.93606,
            0
          ],
          [
            -99.23373,
            18.93601,
            0
          ],
          [
            -99.23375,
            18.93589,
            0
          ],
          [
            -99.23377,
            18.93584,
            0
          ],
          [
            -99.23384,
            18.93572,
            0
          ],
          [
            -99.23395,
            18.93557,
            0
          ],
          [
            -99.23421,
            18.93525,
            0
          ],
          [
            -99.23424,
            18.93522,
            0
          ],
          [
            -99.23451,
            18.93489,
            0
          ],
          [
            -99.23452,
            18.93487,
            0
          ],
          [
            -99.23498,
            18.9343,
            0
          ],
          [
            -99.23478,
            18.93413,
            0
          ],
          [
            -99.23434,
            18.93377,
            0
          ],
          [
            -99.23415,
            18.9336,
            0
          ],
          [
            -99.23409,
            18.93353,
            0
          ],
          [
            -99.23402,
            18.93344,
            0
          ],
          [
            -99.23394,
            18.93332,
            0
          ],
          [
            -99.23391,
            18.93325,
            0
          ],
          [
            -99.23384,
            18.93306,
            0
          ],
          [
            -99.2338,
            18.93294,
            0
          ],
          [
            -99.23377,
            18.93285,
            0
          ],
          [
            -99.23366,
            18.93257,
            0
          ],
          [
            -99.23347,
            18.93235,
            0
          ],
          [
            -99.23337,
            18.93227,
            0
          ],
          [
            -99.23328,
            18.93221,
            0
          ],
          [
            -99.2331,
            18.93212,
            0
          ],
          [
            -99.23303,
            18.93209,
            0
          ],
          [
            -99.23295,
            18.93208,
            0
          ],
          [
            -99.23288,
            18.93206,
            0
          ],
          [
            -99.23263,
            18.93205,
            0
          ],
          [
            -99.23255,
            18.93205,
            0
          ],
          [
            -99.23267,
            18.9319,
            0
          ],
          [
            -99.23273,
            18.93185,
            0
          ],
          [
            -99.2328,
            18.93181,
            0
          ],
          [
            -99.23286,
            18.93176,
            0
          ],
          [
            -99.23306,
            18.93162,
            0
          ],
          [
            -99.23316,
            18.93154,
            0
          ],
          [
            -99.23328,
            18.93149,
            0
          ],
          [
            -99.23341,
            18.93146,
            0
          ],
          [
            -99.23346,
            18.93145,
            0
          ],
          [
            -99.2335,
            18.93144,
            0
          ],
          [
            -99.23357,
            18.93144,
            0
          ],
          [
            -99.2336,
            18.93145,
            0
          ],
          [
            -99.23365,
            18.93146,
            0
          ],
          [
            -99.23368,
            18.93147,
            0
          ],
          [
            -99.23373,
            18.93149,
            0
          ],
          [
            -99.23375,
            18.9315,
            0
          ],
          [
            -99.23381,
            18.93155,
            0
          ],
          [
            -99.23385,
            18.93158,
            0
          ],
          [
            -99.23389,
            18.93162,
            0
          ],
          [
            -99.23394,
            18.93168,
            0
          ],
          [
            -99.23396,
            18.93173,
            0
          ],
          [
            -99.23409,
            18.93195,
            0
          ],
          [
            -99.23415,
            18.93207,
            0
          ],
          [
            -99.23417,
            18.9321,
            0
          ],
          [
            -99.23418,
            18.93211,
            0
          ],
          [
            -99.2342,
            18.93213,
            0
          ],
          [
            -99.23426,
            18.93217,
            0
          ],
          [
            -99.23432,
            18.9322,
            0
          ],
          [
            -99.23435,
            18.93221,
            0
          ],
          [
            -99.2344,
            18.93222,
            0
          ],
          [
            -99.23445,
            18.93223,
            0
          ],
          [
            -99.23456,
            18.93224,
            0
          ],
          [
            -99.23471,
            18.93221,
            0
          ],
          [
            -99.23477,
            18.93219,
            0
          ],
          [
            -99.23484,
            18.93216,
            0
          ],
          [
            -99.23496,
            18.93209,
            0
          ],
          [
            -99.23501,
            18.93204,
            0
          ],
          [
            -99.23504,
            18.932,
            0
          ],
          [
            -99.23507,
            18.93196,
            0
          ],
          [
            -99.23509,
            18.93192,
            0
          ],
          [
            -99.2351,
            18.93189,
            0
          ],
          [
            -99.2351,
            18.93185,
            0
          ],
          [
            -99.2351,
            18.93182,
            0
          ],
          [
            -99.23506,
            18.93135,
            0
          ],
          [
            -99.23502,
            18.93082,
            0
          ],
          [
            -99.23501,
            18.93064,
            0
          ],
          [
            -99.23502,
            18.93048,
            0
          ],
          [
            -99.23504,
            18.93027,
            0
          ],
          [
            -99.23508,
            18.93007,
            0
          ],
          [
            -99.23512,
            18.92986,
            0
          ],
          [
            -99.23513,
            18.92976,
            0
          ],
          [
            -99.23513,
            18.92972,
            0
          ],
          [
            -99.23513,
            18.92968,
            0
          ],
          [
            -99.23513,
            18.92958,
            0
          ],
          [
            -99.23512,
            18.92949,
            0
          ],
          [
            -99.23506,
            18.9291,
            0
          ],
          [
            -99.23504,
            18.92901,
            0
          ],
          [
            -99.23504,
            18.92891,
            0
          ],
          [
            -99.23505,
            18.92884,
            0
          ],
          [
            -99.23506,
            18.92879,
            0
          ],
          [
            -99.23508,
            18.92874,
            0
          ],
          [
            -99.23513,
            18.92866,
            0
          ],
          [
            -99.23515,
            18.92864,
            0
          ],
          [
            -99.23521,
            18.92859,
            0
          ],
          [
            -99.2353,
            18.92856,
            0
          ],
          [
            -99.23537,
            18.92854,
            0
          ],
          [
            -99.23543,
            18.92854,
            0
          ],
          [
            -99.2355,
            18.92851,
            0
          ],
          [
            -99.23554,
            18.92853,
            0
          ],
          [
            -99.23555,
            18.92853,
            0
          ],
          [
            -99.23558,
            18.92855,
            0
          ],
          [
            -99.23562,
            18.92858,
            0
          ],
          [
            -99.23568,
            18.92863,
            0
          ],
          [
            -99.23574,
            18.92869,
            0
          ],
          [
            -99.23578,
            18.92874,
            0
          ],
          [
            -99.23606,
            18.92912,
            0
          ],
          [
            -99.23612,
            18.9292,
            0
          ],
          [
            -99.23626,
            18.92933,
            0
          ],
          [
            -99.23648,
            18.9295,
            0
          ],
          [
            -99.23655,
            18.92956,
            0
          ],
          [
            -99.23679,
            18.92971,
            0
          ],
          [
            -99.23711,
            18.9299,
            0
          ],
          [
            -99.23716,
            18.92991,
            0
          ],
          [
            -99.23722,
            18.92991,
            0
          ],
          [
            -99.2373,
            18.92991,
            0
          ],
          [
            -99.23737,
            18.92989,
            0
          ],
          [
            -99.23754,
            18.92997,
            0
          ],
          [
            -99.23766,
            18.92984,
            0
          ],
          [
            -99.23767,
            18.92983,
            0
          ],
          [
            -99.23768,
            18.9298,
            0
          ],
          [
            -99.23769,
            18.92977,
            0
          ],
          [
            -99.23773,
            18.92964,
            0
          ],
          [
            -99.23785,
            18.92946,
            0
          ],
          [
            -99.23784,
            18.92936,
            0
          ],
          [
            -99.23783,
            18.92932,
            0
          ],
          [
            -99.23782,
            18.92927,
            0
          ],
          [
            -99.2378,
            18.92923,
            0
          ],
          [
            -99.23777,
            18.92921,
            0
          ],
          [
            -99.23749,
            18.92898,
            0
          ],
          [
            -99.23744,
            18.92893,
            0
          ],
          [
            -99.23741,
            18.9289,
            0
          ],
          [
            -99.23739,
            18.92887,
            0
          ],
          [
            -99.23738,
            18.92881,
            0
          ],
          [
            -99.23737,
            18.9287,
            0
          ],
          [
            -99.23732,
            18.92802,
            0
          ],
          [
            -99.23729,
            18.92748,
            0
          ],
          [
            -99.23724,
            18.92698,
            0
          ],
          [
            -99.23723,
            18.92696,
            0
          ],
          [
            -99.23722,
            18.92694,
            0
          ],
          [
            -99.2372,
            18.92692,
            0
          ],
          [
            -99.23635,
            18.92615,
            0
          ],
          [
            -99.23625,
            18.92604,
            0
          ],
          [
            -99.23606,
            18.92586,
            0
          ],
          [
            -99.236,
            18.92566,
            0
          ],
          [
            -99.23585,
            18.92511,
            0
          ],
          [
            -99.23574,
            18.92468,
            0
          ],
          [
            -99.23567,
            18.92422,
            0
          ],
          [
            -99.23566,
            18.92416,
            0
          ],
          [
            -99.23557,
            18.92384,
            0
          ],
          [
            -99.23547,
            18.92341,
            0
          ],
          [
            -99.23545,
            18.92328,
            0
          ],
          [
            -99.2354,
            18.92307,
            0
          ],
          [
            -99.23531,
            18.92274,
            0
          ],
          [
            -99.23531,
            18.92273,
            0
          ],
          [
            -99.23531,
            18.92271,
            0
          ],
          [
            -99.23531,
            18.92268,
            0
          ],
          [
            -99.23534,
            18.9226,
            0
          ],
          [
            -99.23533,
            18.92259,
            0
          ],
          [
            -99.23532,
            18.92258,
            0
          ],
          [
            -99.23526,
            18.92212,
            0
          ],
          [
            -99.23525,
            18.92203,
            0
          ],
          [
            -99.23516,
            18.92138,
            0
          ],
          [
            -99.23512,
            18.92113,
            0
          ],
          [
            -99.2351,
            18.92083,
            0
          ],
          [
            -99.23509,
            18.92033,
            0
          ],
          [
            -99.23508,
            18.91889,
            0
          ],
          [
            -99.23511,
            18.91889,
            0
          ],
          [
            -99.2351,
            18.91827,
            0
          ],
          [
            -99.2351,
            18.91809,
            0
          ],
          [
            -99.23509,
            18.91755,
            0
          ],
          [
            -99.23508,
            18.91732,
            0
          ],
          [
            -99.23508,
            18.91712,
            0
          ],
          [
            -99.23506,
            18.91655,
            0
          ],
          [
            -99.23504,
            18.9158,
            0
          ],
          [
            -99.23504,
            18.91577,
            0
          ],
          [
            -99.23496,
            18.91496,
            0
          ],
          [
            -99.23494,
            18.91472,
            0
          ],
          [
            -99.23488,
            18.91425,
            0
          ],
          [
            -99.23468,
            18.91353,
            0
          ],
          [
            -99.2346,
            18.91332,
            0
          ],
          [
            -99.23449,
            18.91311,
            0
          ],
          [
            -99.23434,
            18.9129,
            0
          ],
          [
            -99.23394,
            18.91223,
            0
          ],
          [
            -99.23381,
            18.912,
            0
          ],
          [
            -99.23356,
            18.91152,
            0
          ],
          [
            -99.23335,
            18.91105,
            0
          ],
          [
            -99.23313,
            18.91054,
            0
          ],
          [
            -99.23296,
            18.91009,
            0
          ],
          [
            -99.23284,
            18.90976,
            0
          ],
          [
            -99.23276,
            18.90955,
            0
          ],
          [
            -99.23263,
            18.90919,
            0
          ],
          [
            -99.23254,
            18.9089,
            0
          ],
          [
            -99.23249,
            18.90872,
            0
          ],
          [
            -99.23242,
            18.90853,
            0
          ],
          [
            -99.23236,
            18.90833,
            0
          ],
          [
            -99.23217,
            18.9076,
            0
          ],
          [
            -99.23214,
            18.90742,
            0
          ],
          [
            -99.23213,
            18.90729,
            0
          ],
          [
            -99.2321,
            18.90707,
            0
          ],
          [
            -99.23219,
            18.90703,
            0
          ],
          [
            -99.23208,
            18.90682,
            0
          ],
          [
            -99.23206,
            18.90672,
            0
          ],
          [
            -99.23204,
            18.90666,
            0
          ],
          [
            -99.23202,
            18.90657,
            0
          ],
          [
            -99.23197,
            18.90626,
            0
          ],
          [
            -99.23193,
            18.90601,
            0
          ],
          [
            -99.23192,
            18.90597,
            0
          ],
          [
            -99.23187,
            18.90573,
            0
          ],
          [
            -99.23177,
            18.90501,
            0
          ],
          [
            -99.23168,
            18.90438,
            0
          ],
          [
            -99.23163,
            18.90386,
            0
          ],
          [
            -99.23161,
            18.90364,
            0
          ],
          [
            -99.23158,
            18.90329,
            0
          ],
          [
            -99.23154,
            18.90289,
            0
          ],
          [
            -99.23147,
            18.90192,
            0
          ],
          [
            -99.23143,
            18.90147,
            0
          ],
          [
            -99.23141,
            18.90127,
            0
          ],
          [
            -99.23133,
            18.90094,
            0
          ],
          [
            -99.23119,
            18.90043,
            0
          ],
          [
            -99.23105,
            18.89993,
            0
          ],
          [
            -99.23088,
            18.89942,
            0
          ],
          [
            -99.23056,
            18.89847,
            0
          ],
          [
            -99.23033,
            18.89782,
            0
          ],
          [
            -99.23019,
            18.89751,
            0
          ],
          [
            -99.23008,
            18.89726,
            0
          ],
          [
            -99.23004,
            18.89718,
            0
          ],
          [
            -99.22983,
            18.89672,
            0
          ],
          [
            -99.22955,
            18.89614,
            0
          ],
          [
            -99.2294,
            18.89582,
            0
          ],
          [
            -99.22911,
            18.89519,
            0
          ],
          [
            -99.2291,
            18.89518,
            0
          ],
          [
            -99.22883,
            18.89459,
            0
          ],
          [
            -99.22866,
            18.89419,
            0
          ],
          [
            -99.22851,
            18.89385,
            0
          ],
          [
            -99.22847,
            18.89375,
            0
          ],
          [
            -99.22836,
            18.8935,
            0
          ],
          [
            -99.22836,
            18.89348,
            0
          ],
          [
            -99.22836,
            18.89345,
            0
          ],
          [
            -99.22835,
            18.89341,
            0
          ],
          [
            -99.22832,
            18.8933,
            0
          ],
          [
            -99.22832,
            18.89328,
            0
          ],
          [
            -99.22832,
            18.89325,
            0
          ],
          [
            -99.2283,
            18.89318,
            0
          ],
          [
            -99.22821,
            18.89297,
            0
          ],
          [
            -99.22818,
            18.89289,
            0
          ],
          [
            -99.22816,
            18.8928,
            0
          ],
          [
            -99.22806,
            18.89243,
            0
          ],
          [
            -99.22804,
            18.89234,
            0
          ],
          [
            -99.22803,
            18.89228,
            0
          ],
          [
            -99.22801,
            18.89216,
            0
          ],
          [
            -99.22797,
            18.89194,
            0
          ],
          [
            -99.22797,
            18.89192,
            0
          ],
          [
            -99.22796,
            18.89181,
            0
          ],
          [
            -99.22795,
            18.89168,
            0
          ],
          [
            -99.22796,
            18.89145,
            0
          ],
          [
            -99.22796,
            18.89142,
            0
          ],
          [
            -99.22798,
            18.89127,
            0
          ],
          [
            -99.22804,
            18.89099,
            0
          ],
          [
            -99.22803,
            18.89094,
            0
          ],
          [
            -99.22803,
            18.89091,
            0
          ],
          [
            -99.22803,
            18.89089,
            0
          ],
          [
            -99.22801,
            18.89081,
            0
          ],
          [
            -99.22808,
            18.89061,
            0
          ],
          [
            -99.22813,
            18.89048,
            0
          ],
          [
            -99.22825,
            18.89013,
            0
          ],
          [
            -99.22834,
            18.88994,
            0
          ],
          [
            -99.22839,
            18.88977,
            0
          ],
          [
            -99.22847,
            18.88955,
            0
          ],
          [
            -99.22848,
            18.88954,
            0
          ],
          [
            -99.22889,
            18.88851,
            0
          ],
          [
            -99.22894,
            18.88839,
            0
          ],
          [
            -99.2288,
            18.88787,
            0
          ],
          [
            -99.22875,
            18.88769,
            0
          ],
          [
            -99.22872,
            18.88758,
            0
          ],
          [
            -99.22867,
            18.88735,
            0
          ],
          [
            -99.22865,
            18.88731,
            0
          ],
          [
            -99.22858,
            18.88717,
            0
          ],
          [
            -99.22859,
            18.88686,
            0
          ],
          [
            -99.22862,
            18.88576,
            0
          ],
          [
            -99.22862,
            18.8855,
            0
          ],
          [
            -99.22863,
            18.88519,
            0
          ],
          [
            -99.22862,
            18.88497,
            0
          ],
          [
            -99.22859,
            18.88468,
            0
          ],
          [
            -99.2285,
            18.88399,
            0
          ],
          [
            -99.22835,
            18.88323,
            0
          ],
          [
            -99.22831,
            18.88297,
            0
          ],
          [
            -99.22823,
            18.88251,
            0
          ],
          [
            -99.22817,
            18.88221,
            0
          ],
          [
            -99.2281,
            18.88181,
            0
          ],
          [
            -99.22798,
            18.88119,
            0
          ],
          [
            -99.22795,
            18.88097,
            0
          ],
          [
            -99.22791,
            18.88072,
            0
          ],
          [
            -99.22786,
            18.8804,
            0
          ],
          [
            -99.22765,
            18.87935,
            0
          ],
          [
            -99.22756,
            18.87897,
            0
          ],
          [
            -99.22756,
            18.87896,
            0
          ],
          [
            -99.22755,
            18.87893,
            0
          ],
          [
            -99.22745,
            18.87841,
            0
          ],
          [
            -99.22722,
            18.87779,
            0
          ],
          [
            -99.22719,
            18.87769,
            0
          ],
          [
            -99.22714,
            18.87751,
            0
          ],
          [
            -99.22671,
            18.87637,
            0
          ],
          [
            -99.22669,
            18.87633,
            0
          ],
          [
            -99.22651,
            18.87585,
            0
          ],
          [
            -99.22637,
            18.87549,
            0
          ],
          [
            -99.22627,
            18.87527,
            0
          ],
          [
            -99.22622,
            18.87515,
            0
          ],
          [
            -99.22618,
            18.87503,
            0
          ],
          [
            -99.22602,
            18.87457,
            0
          ],
          [
            -99.22587,
            18.87406,
            0
          ],
          [
            -99.22575,
            18.87365,
            0
          ],
          [
            -99.22573,
            18.87359,
            0
          ],
          [
            -99.22571,
            18.87355,
            0
          ],
          [
            -99.2257,
            18.87352,
            0
          ],
          [
            -99.22566,
            18.87345,
            0
          ],
          [
            -99.22555,
            18.87331,
            0
          ],
          [
            -99.22548,
            18.87325,
            0
          ],
          [
            -99.22545,
            18.87322,
            0
          ],
          [
            -99.2254,
            18.8732,
            0
          ],
          [
            -99.22535,
            18.87317,
            0
          ],
          [
            -99.22531,
            18.87315,
            0
          ],
          [
            -99.22527,
            18.87314,
            0
          ],
          [
            -99.22523,
            18.87313,
            0
          ],
          [
            -99.22518,
            18.87312,
            0
          ],
          [
            -99.22507,
            18.87312,
            0
          ],
          [
            -99.22501,
            18.87313,
            0
          ],
          [
            -99.22495,
            18.87314,
            0
          ],
          [
            -99.22479,
            18.87318,
            0
          ],
          [
            -99.22453,
            18.87324,
            0
          ],
          [
            -99.22423,
            18.87333,
            0
          ],
          [
            -99.22411,
            18.87336,
            0
          ],
          [
            -99.22402,
            18.87337,
            0
          ],
          [
            -99.22393,
            18.87337,
            0
          ],
          [
            -99.22381,
            18.87338,
            0
          ],
          [
            -99.22343,
            18.87344,
            0
          ],
          [
            -99.22324,
            18.87346,
            0
          ],
          [
            -99.22297,
            18.8735,
            0
          ],
          [
            -99.22283,
            18.87356,
            0
          ],
          [
            -99.22276,
            18.8736,
            0
          ],
          [
            -99.22272,
            18.87364,
            0
          ],
          [
            -99.22269,
            18.87367,
            0
          ],
          [
            -99.22266,
            18.8737,
            0
          ],
          [
            -99.22264,
            18.87375,
            0
          ],
          [
            -99.22261,
            18.87381,
            0
          ],
          [
            -99.22259,
            18.87388,
            0
          ],
          [
            -99.22251,
            18.87431,
            0
          ],
          [
            -99.22248,
            18.87459,
            0
          ],
          [
            -99.22246,
            18.87476,
            0
          ],
          [
            -99.22245,
            18.87494,
            0
          ],
          [
            -99.22245,
            18.875,
            0
          ],
          [
            -99.22245,
            18.87504,
            0
          ],
          [
            -99.22245,
            18.87507,
            0
          ],
          [
            -99.22247,
            18.87512,
            0
          ],
          [
            -99.22267,
            18.87568,
            0
          ],
          [
            -99.2227,
            18.87577,
            0
          ],
          [
            -99.22272,
            18.87586,
            0
          ],
          [
            -99.22273,
            18.8759,
            0
          ],
          [
            -99.22273,
            18.87593,
            0
          ],
          [
            -99.22274,
            18.87597,
            0
          ],
          [
            -99.22275,
            18.87603,
            0
          ],
          [
            -99.22276,
            18.8761,
            0
          ],
          [
            -99.22276,
            18.87619,
            0
          ],
          [
            -99.22276,
            18.87626,
            0
          ],
          [
            -99.22277,
            18.87637,
            0
          ],
          [
            -99.22276,
            18.87649,
            0
          ],
          [
            -99.22274,
            18.87672,
            0
          ],
          [
            -99.22273,
            18.87684,
            0
          ],
          [
            -99.22273,
            18.87686,
            0
          ],
          [
            -99.22272,
            18.87689,
            0
          ],
          [
            -99.22268,
            18.87698,
            0
          ],
          [
            -99.22263,
            18.87694,
            0
          ],
          [
            -99.22257,
            18.87688,
            0
          ],
          [
            -99.22254,
            18.87684,
            0
          ],
          [
            -99.22251,
            18.8768,
            0
          ],
          [
            -99.22247,
            18.87671,
            0
          ],
          [
            -99.22241,
            18.87661,
            0
          ],
          [
            -99.22239,
            18.87657,
            0
          ],
          [
            -99.22237,
            18.8765,
            0
          ],
          [
            -99.22236,
            18.87644,
            0
          ],
          [
            -99.22235,
            18.87636,
            0
          ],
          [
            -99.22234,
            18.8763,
            0
          ],
          [
            -99.22233,
            18.87624,
            0
          ],
          [
            -99.22232,
            18.87618,
            0
          ],
          [
            -99.22231,
            18.87614,
            0
          ],
          [
            -99.22229,
            18.87609,
            0
          ],
          [
            -99.22227,
            18.87606,
            0
          ],
          [
            -99.22225,
            18.87602,
            0
          ],
          [
            -99.22223,
            18.876,
            0
          ],
          [
            -99.2222,
            18.87595,
            0
          ],
          [
            -99.22218,
            18.87593,
            0
          ],
          [
            -99.22202,
            18.87579,
            0
          ],
          [
            -99.22188,
            18.87567,
            0
          ],
          [
            -99.22183,
            18.87562,
            0
          ],
          [
            -99.22176,
            18.87558,
            0
          ],
          [
            -99.22172,
            18.87556,
            0
          ],
          [
            -99.22171,
            18.87555,
            0
          ],
          [
            -99.22167,
            18.87554,
            0
          ],
          [
            -99.22159,
            18.87551,
            0
          ],
          [
            -99.22136,
            18.87544,
            0
          ],
          [
            -99.22126,
            18.8754,
            0
          ],
          [
            -99.22091,
            18.87527,
            0
          ],
          [
            -99.22081,
            18.87523,
            0
          ],
          [
            -99.22075,
            18.87522,
            0
          ],
          [
            -99.22068,
            18.87521,
            0
          ],
          [
            -99.22056,
            18.87524,
            0
          ],
          [
            -99.22012,
            18.87537,
            0
          ],
          [
            -99.22006,
            18.87534,
            0
          ],
          [
            -99.21997,
            18.87531,
            0
          ],
          [
            -99.21991,
            18.87529,
            0
          ],
          [
            -99.21988,
            18.87527,
            0
          ],
          [
            -99.21982,
            18.87522,
            0
          ],
          [
            -99.21979,
            18.87518,
            0
          ],
          [
            -99.21971,
            18.87505,
            0
          ],
          [
            -99.21964,
            18.8749,
            0
          ],
          [
            -99.21962,
            18.87474,
            0
          ],
          [
            -99.21956,
            18.8746,
            0
          ],
          [
            -99.21951,
            18.87447,
            0
          ],
          [
            -99.21911,
            18.87369,
            0
          ],
          [
            -99.21912,
            18.87368,
            0
          ],
          [
            -99.21913,
            18.87368,
            0
          ],
          [
            -99.21914,
            18.87367,
            0
          ],
          [
            -99.21915,
            18.87366,
            0
          ],
          [
            -99.21916,
            18.87365,
            0
          ],
          [
            -99.21916,
            18.87364,
            0
          ],
          [
            -99.21917,
            18.87363,
            0
          ],
          [
            -99.21918,
            18.87362,
            0
          ],
          [
            -99.21919,
            18.87359,
            0
          ],
          [
            -99.21919,
            18.87356,
            0
          ],
          [
            -99.2192,
            18.87354,
            0
          ],
          [
            -99.2192,
            18.87351,
            0
          ],
          [
            -99.21919,
            18.87349,
            0
          ],
          [
            -99.21919,
            18.87346,
            0
          ],
          [
            -99.21918,
            18.87344,
            0
          ],
          [
            -99.21917,
            18.87341,
            0
          ],
          [
            -99.21916,
            18.87339,
            0
          ],
          [
            -99.21914,
            18.87337,
            0
          ],
          [
            -99.21912,
            18.87335,
            0
          ],
          [
            -99.2191,
            18.87334,
            0
          ],
          [
            -99.21908,
            18.87332,
            0
          ],
          [
            -99.21905,
            18.87331,
            0
          ],
          [
            -99.21903,
            18.8733,
            0
          ],
          [
            -99.219,
            18.87329,
            0
          ],
          [
            -99.21898,
            18.87329,
            0
          ],
          [
            -99.21895,
            18.87328,
            0
          ],
          [
            -99.21892,
            18.87328,
            0
          ],
          [
            -99.21886,
            18.87317,
            0
          ],
          [
            -99.21864,
            18.87302,
            0
          ],
          [
            -99.21849,
            18.87288,
            0
          ],
          [
            -99.21844,
            18.87285,
            0
          ],
          [
            -99.21831,
            18.87279,
            0
          ],
          [
            -99.2182,
            18.87274,
            0
          ],
          [
            -99.21809,
            18.87271,
            0
          ],
          [
            -99.21805,
            18.8727,
            0
          ],
          [
            -99.218,
            18.87269,
            0
          ],
          [
            -99.21796,
            18.87269,
            0
          ],
          [
            -99.21791,
            18.8727,
            0
          ],
          [
            -99.2178,
            18.87271,
            0
          ],
          [
            -99.21769,
            18.87273,
            0
          ],
          [
            -99.21761,
            18.87275,
            0
          ],
          [
            -99.21742,
            18.87279,
            0
          ],
          [
            -99.21669,
            18.87297,
            0
          ],
          [
            -99.21492,
            18.87339,
            0
          ],
          [
            -99.2133,
            18.87376,
            0
          ],
          [
            -99.21279,
            18.87386,
            0
          ],
          [
            -99.2127,
            18.87392,
            0
          ],
          [
            -99.2127,
            18.87391,
            0
          ],
          [
            -99.2127,
            18.8739,
            0
          ],
          [
            -99.21269,
            18.87389,
            0
          ],
          [
            -99.21269,
            18.87388,
            0
          ],
          [
            -99.21268,
            18.87387,
            0
          ],
          [
            -99.21267,
            18.87386,
            0
          ],
          [
            -99.21266,
            18.87386,
            0
          ],
          [
            -99.21266,
            18.87385,
            0
          ],
          [
            -99.21265,
            18.87385,
            0
          ],
          [
            -99.21264,
            18.87384,
            0
          ],
          [
            -99.21263,
            18.87384,
            0
          ],
          [
            -99.21262,
            18.87384,
            0
          ],
          [
            -99.21261,
            18.87384,
            0
          ],
          [
            -99.2126,
            18.87384,
            0
          ],
          [
            -99.21259,
            18.87384,
            0
          ],
          [
            -99.21258,
            18.87384,
            0
          ],
          [
            -99.21257,
            18.87384,
            0
          ],
          [
            -99.21256,
            18.87385,
            0
          ],
          [
            -99.21255,
            18.87385,
            0
          ],
          [
            -99.21255,
            18.87386,
            0
          ],
          [
            -99.21254,
            18.87386,
            0
          ],
          [
            -99.21253,
            18.87387,
            0
          ],
          [
            -99.21252,
            18.87388,
            0
          ],
          [
            -99.21252,
            18.87389,
            0
          ],
          [
            -99.21252,
            18.8739,
            0
          ],
          [
            -99.21251,
            18.8739,
            0
          ],
          [
            -99.21251,
            18.87391,
            0
          ],
          [
            -99.21251,
            18.87392,
            0
          ],
          [
            -99.21251,
            18.87393,
            0
          ],
          [
            -99.21251,
            18.87394,
            0
          ],
          [
            -99.21251,
            18.87395,
            0
          ],
          [
            -99.21235,
            18.87411,
            0
          ],
          [
            -99.21218,
            18.87427,
            0
          ],
          [
            -99.21208,
            18.87438,
            0
          ],
          [
            -99.21195,
            18.87452,
            0
          ],
          [
            -99.21179,
            18.87464,
            0
          ],
          [
            -99.21161,
            18.87476,
            0
          ],
          [
            -99.21126,
            18.87494,
            0
          ],
          [
            -99.21119,
            18.87497,
            0
          ],
          [
            -99.21114,
            18.87498,
            0
          ],
          [
            -99.21104,
            18.87502,
            0
          ],
          [
            -99.2109,
            18.87506,
            0
          ],
          [
            -99.21078,
            18.87509,
            0
          ],
          [
            -99.21057,
            18.87512,
            0
          ],
          [
            -99.21051,
            18.87513,
            0
          ],
          [
            -99.21035,
            18.87514,
            0
          ],
          [
            -99.21003,
            18.87514,
            0
          ],
          [
            -99.20994,
            18.87512,
            0
          ],
          [
            -99.20964,
            18.87509,
            0
          ],
          [
            -99.20938,
            18.87507,
            0
          ],
          [
            -99.20914,
            18.87507,
            0
          ],
          [
            -99.20891,
            18.87508,
            0
          ],
          [
            -99.20875,
            18.87508,
            0
          ],
          [
            -99.2084,
            18.87514,
            0
          ],
          [
            -99.20803,
            18.87524,
            0
          ],
          [
            -99.20742,
            18.87542,
            0
          ],
          [
            -99.20738,
            18.87544,
            0
          ],
          [
            -99.20692,
            18.87559,
            0
          ],
          [
            -99.20653,
            18.87568,
            0
          ],
          [
            -99.20622,
            18.87573,
            0
          ],
          [
            -99.20598,
            18.87573,
            0
          ],
          [
            -99.20568,
            18.87575,
            0
          ],
          [
            -99.20551,
            18.87573,
            0
          ],
          [
            -99.20536,
            18.87572,
            0
          ],
          [
            -99.2052,
            18.8757,
            0
          ],
          [
            -99.20504,
            18.87566,
            0
          ],
          [
            -99.20495,
            18.87564,
            0
          ],
          [
            -99.20478,
            18.8756,
            0
          ],
          [
            -99.20468,
            18.87557,
            0
          ],
          [
            -99.20465,
            18.87557,
            0
          ],
          [
            -99.20456,
            18.87555,
            0
          ],
          [
            -99.20442,
            18.87552,
            0
          ],
          [
            -99.20429,
            18.87551,
            0
          ],
          [
            -99.20417,
            18.87549,
            0
          ],
          [
            -99.20409,
            18.87548,
            0
          ],
          [
            -99.20389,
            18.87546,
            0
          ],
          [
            -99.20388,
            18.87527,
            0
          ],
          [
            -99.20386,
            18.87516,
            0
          ],
          [
            -99.20383,
            18.87503,
            0
          ],
          [
            -99.20379,
            18.87494,
            0
          ],
          [
            -99.20372,
            18.87482,
            0
          ],
          [
            -99.2037,
            18.8748,
            0
          ],
          [
            -99.20364,
            18.87474,
            0
          ],
          [
            -99.2035,
            18.87457,
            0
          ],
          [
            -99.2033,
            18.87442,
            0
          ],
          [
            -99.20315,
            18.87424,
            0
          ],
          [
            -99.20296,
            18.87406,
            0
          ],
          [
            -99.20289,
            18.87399,
            0
          ],
          [
            -99.20286,
            18.87396,
            0
          ],
          [
            -99.20285,
            18.87395,
            0
          ],
          [
            -99.20283,
            18.87394,
            0
          ],
          [
            -99.2028,
            18.87392,
            0
          ],
          [
            -99.20276,
            18.87391,
            0
          ],
          [
            -99.20269,
            18.87391,
            0
          ],
          [
            -99.20259,
            18.87392,
            0
          ],
          [
            -99.20247,
            18.87394,
            0
          ],
          [
            -99.20239,
            18.87396,
            0
          ],
          [
            -99.20227,
            18.87398,
            0
          ],
          [
            -99.20217,
            18.87402,
            0
          ],
          [
            -99.20209,
            18.87405,
            0
          ],
          [
            -99.20203,
            18.87408,
            0
          ],
          [
            -99.202,
            18.8741,
            0
          ],
          [
            -99.2019,
            18.87415,
            0
          ],
          [
            -99.20181,
            18.87421,
            0
          ],
          [
            -99.20171,
            18.87429,
            0
          ],
          [
            -99.2017,
            18.8743,
            0
          ],
          [
            -99.2016,
            18.87438,
            0
          ],
          [
            -99.20148,
            18.87452,
            0
          ],
          [
            -99.20146,
            18.87455,
            0
          ],
          [
            -99.20137,
            18.87468,
            0
          ],
          [
            -99.2013,
            18.87483,
            0
          ],
          [
            -99.20122,
            18.87504,
            0
          ],
          [
            -99.20122,
            18.87505,
            0
          ],
          [
            -99.20119,
            18.87526,
            0
          ],
          [
            -99.20116,
            18.87545,
            0
          ],
          [
            -99.20114,
            18.87553,
            0
          ],
          [
            -99.20112,
            18.87556,
            0
          ],
          [
            -99.2011,
            18.87559,
            0
          ],
          [
            -99.20104,
            18.87565,
            0
          ],
          [
            -99.20082,
            18.87586,
            0
          ],
          [
            -99.20077,
            18.87588,
            0
          ],
          [
            -99.20072,
            18.87589,
            0
          ],
          [
            -99.20069,
            18.87589,
            0
          ],
          [
            -99.20064,
            18.87589,
            0
          ],
          [
            -99.20055,
            18.87589,
            0
          ],
          [
            -99.20049,
            18.87589,
            0
          ],
          [
            -99.20043,
            18.87589,
            0
          ],
          [
            -99.20038,
            18.87588,
            0
          ],
          [
            -99.20022,
            18.87579,
            0
          ],
          [
            -99.19998,
            18.8756,
            0
          ],
          [
            -99.19989,
            18.87554,
            0
          ],
          [
            -99.19983,
            18.87551,
            0
          ],
          [
            -99.19981,
            18.8755,
            0
          ],
          [
            -99.19977,
            18.87549,
            0
          ],
          [
            -99.19976,
            18.87549,
            0
          ],
          [
            -99.19973,
            18.87548,
            0
          ],
          [
            -99.19969,
            18.87548,
            0
          ],
          [
            -99.19965,
            18.87547,
            0
          ],
          [
            -99.19962,
            18.87547,
            0
          ],
          [
            -99.19957,
            18.87547,
            0
          ],
          [
            -99.1993,
            18.87547,
            0
          ],
          [
            -99.19925,
            18.87547,
            0
          ],
          [
            -99.19918,
            18.87547,
            0
          ],
          [
            -99.19911,
            18.87546,
            0
          ],
          [
            -99.19886,
            18.87542,
            0
          ],
          [
            -99.19868,
            18.87538,
            0
          ],
          [
            -99.1981,
            18.8753,
            0
          ],
          [
            -99.19799,
            18.87529,
            0
          ],
          [
            -99.19792,
            18.87529,
            0
          ],
          [
            -99.19778,
            18.87527,
            0
          ],
          [
            -99.19768,
            18.87525,
            0
          ],
          [
            -99.19758,
            18.87522,
            0
          ],
          [
            -99.19745,
            18.87517,
            0
          ],
          [
            -99.19738,
            18.87513,
            0
          ],
          [
            -99.19732,
            18.87507,
            0
          ],
          [
            -99.19707,
            18.87487,
            0
          ],
          [
            -99.19629,
            18.87455,
            0
          ],
          [
            -99.19617,
            18.87452,
            0
          ],
          [
            -99.19611,
            18.8745,
            0
          ],
          [
            -99.19603,
            18.87449,
            0
          ],
          [
            -99.19589,
            18.87448,
            0
          ],
          [
            -99.19579,
            18.87447,
            0
          ],
          [
            -99.19568,
            18.87448,
            0
          ],
          [
            -99.1955,
            18.87449,
            0
          ],
          [
            -99.19518,
            18.87451,
            0
          ],
          [
            -99.19511,
            18.87451,
            0
          ],
          [
            -99.19494,
            18.87452,
            0
          ],
          [
            -99.19486,
            18.87451,
            0
          ],
          [
            -99.19482,
            18.87451,
            0
          ],
          [
            -99.19477,
            18.87449,
            0
          ],
          [
            -99.19439,
            18.87434,
            0
          ],
          [
            -99.19418,
            18.87429,
            0
          ],
          [
            -99.19406,
            18.87428,
            0
          ],
          [
            -99.19392,
            18.87427,
            0
          ],
          [
            -99.19377,
            18.87428,
            0
          ],
          [
            -99.19358,
            18.87431,
            0
          ],
          [
            -99.19347,
            18.87434,
            0
          ],
          [
            -99.19337,
            18.87437,
            0
          ],
          [
            -99.19329,
            18.87439,
            0
          ],
          [
            -99.19317,
            18.87444,
            0
          ],
          [
            -99.19303,
            18.8745,
            0
          ],
          [
            -99.19294,
            18.87457,
            0
          ],
          [
            -99.19293,
            18.87457,
            0
          ],
          [
            -99.19283,
            18.87465,
            0
          ],
          [
            -99.19263,
            18.87478,
            0
          ],
          [
            -99.19255,
            18.87455,
            0
          ],
          [
            -99.19244,
            18.8743,
            0
          ],
          [
            -99.19237,
            18.87408,
            0
          ],
          [
            -99.19227,
            18.87368,
            0
          ],
          [
            -99.19218,
            18.87323,
            0
          ],
          [
            -99.19216,
            18.87314,
            0
          ],
          [
            -99.19215,
            18.87304,
            0
          ],
          [
            -99.19213,
            18.87292,
            0
          ],
          [
            -99.19214,
            18.87274,
            0
          ],
          [
            -99.19216,
            18.87262,
            0
          ],
          [
            -99.19219,
            18.87245,
            0
          ],
          [
            -99.19224,
            18.87231,
            0
          ],
          [
            -99.19231,
            18.87215,
            0
          ],
          [
            -99.1924,
            18.87196,
            0
          ],
          [
            -99.1924,
            18.87191,
            0
          ],
          [
            -99.1924,
            18.87187,
            0
          ],
          [
            -99.19241,
            18.87184,
            0
          ],
          [
            -99.1924,
            18.87181,
            0
          ],
          [
            -99.19238,
            18.87178,
            0
          ],
          [
            -99.19237,
            18.87176,
            0
          ],
          [
            -99.19235,
            18.87174,
            0
          ],
          [
            -99.19232,
            18.87172,
            0
          ],
          [
            -99.19228,
            18.87169,
            0
          ],
          [
            -99.19225,
            18.87168,
            0
          ],
          [
            -99.1922,
            18.87166,
            0
          ],
          [
            -99.19216,
            18.87165,
            0
          ],
          [
            -99.19209,
            18.87165,
            0
          ],
          [
            -99.19203,
            18.87165,
            0
          ],
          [
            -99.19197,
            18.87165,
            0
          ],
          [
            -99.19193,
            18.87165,
            0
          ],
          [
            -99.19188,
            18.87166,
            0
          ],
          [
            -99.19183,
            18.87166,
            0
          ],
          [
            -99.19178,
            18.87166,
            0
          ],
          [
            -99.19173,
            18.87166,
            0
          ],
          [
            -99.1917,
            18.87166,
            0
          ],
          [
            -99.19164,
            18.87166,
            0
          ],
          [
            -99.19162,
            18.87166,
            0
          ],
          [
            -99.19161,
            18.87166,
            0
          ],
          [
            -99.1916,
            18.87166,
            0
          ],
          [
            -99.19158,
            18.87165,
            0
          ],
          [
            -99.19156,
            18.87164,
            0
          ],
          [
            -99.19155,
            18.87163,
            0
          ],
          [
            -99.19154,
            18.87162,
            0
          ],
          [
            -99.19153,
            18.8716,
            0
          ],
          [
            -99.19152,
            18.87159,
            0
          ],
          [
            -99.19152,
            18.87156,
            0
          ],
          [
            -99.19151,
            18.87154,
            0
          ],
          [
            -99.1915,
            18.87153,
            0
          ],
          [
            -99.19149,
            18.8715,
            0
          ],
          [
            -99.19148,
            18.87148,
            0
          ],
          [
            -99.19146,
            18.87147,
            0
          ],
          [
            -99.19145,
            18.87146,
            0
          ],
          [
            -99.19144,
            18.87146,
            0
          ],
          [
            -99.19142,
            18.87146,
            0
          ],
          [
            -99.19138,
            18.87145,
            0
          ],
          [
            -99.19135,
            18.87145,
            0
          ],
          [
            -99.1913,
            18.87144,
            0
          ],
          [
            -99.19124,
            18.87144,
            0
          ],
          [
            -99.19103,
            18.87141,
            0
          ],
          [
            -99.19075,
            18.87136,
            0
          ],
          [
            -99.19068,
            18.87135,
            0
          ],
          [
            -99.19062,
            18.87132,
            0
          ],
          [
            -99.1905,
            18.87124,
            0
          ],
          [
            -99.19041,
            18.8712,
            0
          ],
          [
            -99.19032,
            18.87117,
            0
          ],
          [
            -99.19026,
            18.87114,
            0
          ],
          [
            -99.1902,
            18.87111,
            0
          ],
          [
            -99.19017,
            18.87108,
            0
          ],
          [
            -99.19015,
            18.87105,
            0
          ],
          [
            -99.19012,
            18.87099,
            0
          ],
          [
            -99.18998,
            18.87078,
            0
          ],
          [
            -99.18989,
            18.87066,
            0
          ],
          [
            -99.18983,
            18.87058,
            0
          ],
          [
            -99.18978,
            18.87054,
            0
          ],
          [
            -99.18974,
            18.87049,
            0
          ],
          [
            -99.1897,
            18.87046,
            0
          ],
          [
            -99.18963,
            18.87041,
            0
          ],
          [
            -99.18961,
            18.8704,
            0
          ],
          [
            -99.18953,
            18.87035,
            0
          ],
          [
            -99.18946,
            18.87033,
            0
          ],
          [
            -99.1894,
            18.8703,
            0
          ],
          [
            -99.18932,
            18.87026,
            0
          ],
          [
            -99.18928,
            18.87025,
            0
          ],
          [
            -99.18927,
            18.87024,
            0
          ],
          [
            -99.18922,
            18.87024,
            0
          ],
          [
            -99.18917,
            18.87022,
            0
          ],
          [
            -99.18912,
            18.87022,
            0
          ],
          [
            -99.18907,
            18.87022,
            0
          ],
          [
            -99.18901,
            18.87022,
            0
          ],
          [
            -99.18895,
            18.87022,
            0
          ],
          [
            -99.18876,
            18.87026,
            0
          ],
          [
            -99.18872,
            18.87028,
            0
          ],
          [
            -99.18868,
            18.8703,
            0
          ],
          [
            -99.18856,
            18.87036,
            0
          ],
          [
            -99.1885,
            18.87027,
            0
          ]
        ]
      },
      "properties": {
        "name": "4. COL. CUAUHTEMOC-CHAMILPA-JIUTEPEC-JOYAS DEL AGUA",
        "description": {
          "@type": "html",
          "value": "descripción: <br>OID: 836<br>ZONA: CENTRO<br>RUTA: RUTA 18<br>ITINERARIO: 4. COL. CUAUHTEMOC-CHAMILPA-JIUTEPEC-JOYAS DEL AGUA<br>DESCRIPCIO: COL. CUAUHTEMOC-JOYAS DEL AGUA<br>AUTO-AMPL: ITINERARIO<br>DEFIN-PROV: DEFINITIVOS<br>DURACION: DEFINITIVA<br>FOLIO: SGG/DGT/SDP/000320/97<br>SGG/DGTT/SJ/747/99"
        },
        "styleUrl": "#line-0288D1-1200",
        "stroke-opacity": 1,
        "stroke": "#0288d1",
        "stroke-width": 1.2,
        "descripción": "",
        "OID": "836",
        "ZONA": "CENTRO",
        "RUTA": "RUTA 18",
        "ITINERARIO": "4. COL. CUAUHTEMOC-CHAMILPA-JIUTEPEC-JOYAS DEL AGUA",
        "DESCRIPCIO": "COL. CUAUHTEMOC-JOYAS DEL AGUA",
        "AUTO-AMPL": "ITINERARIO",
        "DEFIN-PROV": "DEFINITIVOS",
        "DURACION": "DEFINITIVA",
        "FOLIO": "SGG/DGT/SDP/000320/97\nSGG/DGTT/SJ/747/99"
      }
    },
    {
      "type": "Feature",
      "geometry": {
        "type": "LineString",
        "coordinates": [
          [
            -99.1885,
            18.87028,
            0
          ],
          [
            -99.18856,
            18.87036,
            0
          ],
          [
            -99.18868,
            18.8703,
            0
          ],
          [
            -99.18872,
            18.87028,
            0
          ],
          [
            -99.18876,
            18.87026,
            0
          ],
          [
            -99.18895,
            18.87022,
            0
          ],
          [
            -99.18901,
            18.87022,
            0
          ],
          [
            -99.18907,
            18.87022,
            0
          ],
          [
            -99.18912,
            18.87022,
            0
          ],
          [
            -99.18917,
            18.87022,
            0
          ],
          [
            -99.18922,
            18.87024,
            0
          ],
          [
            -99.18927,
            18.87024,
            0
          ],
          [
            -99.18928,
            18.87025,
            0
          ],
          [
            -99.18932,
            18.87026,
            0
          ],
          [
            -99.1894,
            18.8703,
            0
          ],
          [
            -99.18946,
            18.87033,
            0
          ],
          [
            -99.18953,
            18.87035,
            0
          ],
          [
            -99.18961,
            18.8704,
            0
          ],
          [
            -99.18963,
            18.87041,
            0
          ],
          [
            -99.1897,
            18.87046,
            0
          ],
          [
            -99.18974,
            18.87049,
            0
          ],
          [
            -99.18978,
            18.87054,
            0
          ],
          [
            -99.18983,
            18.87058,
            0
          ],
          [
            -99.18989,
            18.87066,
            0
          ],
          [
            -99.18998,
            18.87078,
            0
          ],
          [
            -99.19012,
            18.87099,
            0
          ],
          [
            -99.19015,
            18.87105,
            0
          ],
          [
            -99.19017,
            18.87108,
            0
          ],
          [
            -99.1902,
            18.87111,
            0
          ],
          [
            -99.19026,
            18.87114,
            0
          ],
          [
            -99.19032,
            18.87117,
            0
          ],
          [
            -99.19041,
            18.8712,
            0
          ],
          [
            -99.1905,
            18.87124,
            0
          ],
          [
            -99.19062,
            18.87132,
            0
          ],
          [
            -99.19068,
            18.87135,
            0
          ],
          [
            -99.19075,
            18.87136,
            0
          ],
          [
            -99.19103,
            18.87141,
            0
          ],
          [
            -99.19124,
            18.87144,
            0
          ],
          [
            -99.1913,
            18.87144,
            0
          ],
          [
            -99.19135,
            18.87145,
            0
          ],
          [
            -99.19138,
            18.87145,
            0
          ],
          [
            -99.19142,
            18.87146,
            0
          ],
          [
            -99.19144,
            18.87146,
            0
          ],
          [
            -99.19145,
            18.87146,
            0
          ],
          [
            -99.19146,
            18.87147,
            0
          ],
          [
            -99.19148,
            18.87148,
            0
          ],
          [
            -99.19149,
            18.8715,
            0
          ],
          [
            -99.1915,
            18.87153,
            0
          ],
          [
            -99.19151,
            18.87154,
            0
          ],
          [
            -99.19152,
            18.87156,
            0
          ],
          [
            -99.19152,
            18.87159,
            0
          ],
          [
            -99.19153,
            18.8716,
            0
          ],
          [
            -99.19154,
            18.87162,
            0
          ],
          [
            -99.19155,
            18.87163,
            0
          ],
          [
            -99.19156,
            18.87164,
            0
          ],
          [
            -99.19158,
            18.87165,
            0
          ],
          [
            -99.1916,
            18.87166,
            0
          ],
          [
            -99.19161,
            18.87166,
            0
          ],
          [
            -99.19162,
            18.87166,
            0
          ],
          [
            -99.19164,
            18.87166,
            0
          ],
          [
            -99.1917,
            18.87166,
            0
          ],
          [
            -99.19173,
            18.87166,
            0
          ],
          [
            -99.19178,
            18.87166,
            0
          ],
          [
            -99.19183,
            18.87166,
            0
          ],
          [
            -99.19188,
            18.87166,
            0
          ],
          [
            -99.19193,
            18.87165,
            0
          ],
          [
            -99.19197,
            18.87165,
            0
          ],
          [
            -99.19203,
            18.87165,
            0
          ],
          [
            -99.19209,
            18.87165,
            0
          ],
          [
            -99.19216,
            18.87165,
            0
          ],
          [
            -99.1922,
            18.87166,
            0
          ],
          [
            -99.19225,
            18.87168,
            0
          ],
          [
            -99.19228,
            18.87169,
            0
          ],
          [
            -99.19232,
            18.87172,
            0
          ],
          [
            -99.19235,
            18.87174,
            0
          ],
          [
            -99.19237,
            18.87176,
            0
          ],
          [
            -99.19238,
            18.87178,
            0
          ],
          [
            -99.1924,
            18.87181,
            0
          ],
          [
            -99.19241,
            18.87184,
            0
          ],
          [
            -99.1924,
            18.87187,
            0
          ],
          [
            -99.1924,
            18.87191,
            0
          ],
          [
            -99.1924,
            18.87196,
            0
          ],
          [
            -99.19231,
            18.87215,
            0
          ],
          [
            -99.19224,
            18.87231,
            0
          ],
          [
            -99.19219,
            18.87245,
            0
          ],
          [
            -99.19216,
            18.87262,
            0
          ],
          [
            -99.19214,
            18.87274,
            0
          ],
          [
            -99.19213,
            18.87292,
            0
          ],
          [
            -99.19215,
            18.87304,
            0
          ],
          [
            -99.19216,
            18.87314,
            0
          ],
          [
            -99.19218,
            18.87323,
            0
          ],
          [
            -99.19227,
            18.87368,
            0
          ],
          [
            -99.19237,
            18.87408,
            0
          ],
          [
            -99.19244,
            18.8743,
            0
          ],
          [
            -99.19255,
            18.87455,
            0
          ],
          [
            -99.19263,
            18.87478,
            0
          ],
          [
            -99.19283,
            18.87465,
            0
          ],
          [
            -99.19293,
            18.87457,
            0
          ],
          [
            -99.19294,
            18.87457,
            0
          ],
          [
            -99.19303,
            18.8745,
            0
          ],
          [
            -99.19317,
            18.87444,
            0
          ],
          [
            -99.19329,
            18.87439,
            0
          ],
          [
            -99.19337,
            18.87437,
            0
          ],
          [
            -99.19347,
            18.87434,
            0
          ],
          [
            -99.19358,
            18.87431,
            0
          ],
          [
            -99.19377,
            18.87428,
            0
          ],
          [
            -99.19392,
            18.87427,
            0
          ],
          [
            -99.19406,
            18.87428,
            0
          ],
          [
            -99.19418,
            18.87429,
            0
          ],
          [
            -99.19439,
            18.87434,
            0
          ],
          [
            -99.19477,
            18.87449,
            0
          ],
          [
            -99.19482,
            18.87451,
            0
          ],
          [
            -99.19486,
            18.87451,
            0
          ],
          [
            -99.19494,
            18.87452,
            0
          ],
          [
            -99.19511,
            18.87451,
            0
          ],
          [
            -99.19518,
            18.87451,
            0
          ],
          [
            -99.1955,
            18.87449,
            0
          ],
          [
            -99.19568,
            18.87448,
            0
          ],
          [
            -99.19579,
            18.87447,
            0
          ],
          [
            -99.19589,
            18.87448,
            0
          ],
          [
            -99.19603,
            18.87449,
            0
          ],
          [
            -99.19611,
            18.8745,
            0
          ],
          [
            -99.19617,
            18.87452,
            0
          ],
          [
            -99.19629,
            18.87455,
            0
          ],
          [
            -99.19707,
            18.87487,
            0
          ],
          [
            -99.19732,
            18.87507,
            0
          ],
          [
            -99.19738,
            18.87513,
            0
          ],
          [
            -99.19745,
            18.87517,
            0
          ],
          [
            -99.19758,
            18.87522,
            0
          ],
          [
            -99.19768,
            18.87525,
            0
          ],
          [
            -99.19778,
            18.87527,
            0
          ],
          [
            -99.19792,
            18.87529,
            0
          ],
          [
            -99.19799,
            18.87529,
            0
          ],
          [
            -99.1981,
            18.8753,
            0
          ],
          [
            -99.19868,
            18.87538,
            0
          ],
          [
            -99.19886,
            18.87542,
            0
          ],
          [
            -99.19911,
            18.87546,
            0
          ],
          [
            -99.19918,
            18.87547,
            0
          ],
          [
            -99.19925,
            18.87547,
            0
          ],
          [
            -99.1993,
            18.87547,
            0
          ],
          [
            -99.19957,
            18.87547,
            0
          ],
          [
            -99.19962,
            18.87547,
            0
          ],
          [
            -99.19965,
            18.87547,
            0
          ],
          [
            -99.19969,
            18.87548,
            0
          ],
          [
            -99.19973,
            18.87548,
            0
          ],
          [
            -99.19976,
            18.87549,
            0
          ],
          [
            -99.19977,
            18.87549,
            0
          ],
          [
            -99.19981,
            18.8755,
            0
          ],
          [
            -99.19983,
            18.87551,
            0
          ],
          [
            -99.19989,
            18.87554,
            0
          ],
          [
            -99.19998,
            18.8756,
            0
          ],
          [
            -99.20022,
            18.87579,
            0
          ],
          [
            -99.20038,
            18.87588,
            0
          ],
          [
            -99.20043,
            18.87589,
            0
          ],
          [
            -99.20049,
            18.87589,
            0
          ],
          [
            -99.20055,
            18.87589,
            0
          ],
          [
            -99.20064,
            18.87589,
            0
          ],
          [
            -99.20069,
            18.87589,
            0
          ],
          [
            -99.20072,
            18.87589,
            0
          ],
          [
            -99.20077,
            18.87588,
            0
          ],
          [
            -99.20082,
            18.87586,
            0
          ],
          [
            -99.20104,
            18.87565,
            0
          ],
          [
            -99.2011,
            18.87559,
            0
          ],
          [
            -99.20112,
            18.87556,
            0
          ],
          [
            -99.20114,
            18.87553,
            0
          ],
          [
            -99.20116,
            18.87545,
            0
          ],
          [
            -99.20119,
            18.87526,
            0
          ],
          [
            -99.20122,
            18.87505,
            0
          ],
          [
            -99.20122,
            18.87504,
            0
          ],
          [
            -99.2013,
            18.87483,
            0
          ],
          [
            -99.20137,
            18.87468,
            0
          ],
          [
            -99.20146,
            18.87455,
            0
          ],
          [
            -99.20148,
            18.87452,
            0
          ],
          [
            -99.2016,
            18.87438,
            0
          ],
          [
            -99.2017,
            18.8743,
            0
          ],
          [
            -99.20171,
            18.87429,
            0
          ],
          [
            -99.20181,
            18.87421,
            0
          ],
          [
            -99.2019,
            18.87415,
            0
          ],
          [
            -99.202,
            18.8741,
            0
          ],
          [
            -99.20203,
            18.87408,
            0
          ],
          [
            -99.20209,
            18.87405,
            0
          ],
          [
            -99.20217,
            18.87402,
            0
          ],
          [
            -99.20227,
            18.87398,
            0
          ],
          [
            -99.20239,
            18.87396,
            0
          ],
          [
            -99.20247,
            18.87394,
            0
          ],
          [
            -99.20259,
            18.87392,
            0
          ],
          [
            -99.20269,
            18.87391,
            0
          ],
          [
            -99.20276,
            18.87391,
            0
          ],
          [
            -99.2028,
            18.87392,
            0
          ],
          [
            -99.20283,
            18.87394,
            0
          ],
          [
            -99.20285,
            18.87395,
            0
          ],
          [
            -99.20286,
            18.87396,
            0
          ],
          [
            -99.20289,
            18.87399,
            0
          ],
          [
            -99.20296,
            18.87406,
            0
          ],
          [
            -99.20315,
            18.87424,
            0
          ],
          [
            -99.2033,
            18.87442,
            0
          ],
          [
            -99.2035,
            18.87457,
            0
          ],
          [
            -99.20364,
            18.87474,
            0
          ],
          [
            -99.2037,
            18.8748,
            0
          ],
          [
            -99.20372,
            18.87482,
            0
          ],
          [
            -99.20379,
            18.87494,
            0
          ],
          [
            -99.20383,
            18.87503,
            0
          ],
          [
            -99.20386,
            18.87516,
            0
          ],
          [
            -99.20388,
            18.87527,
            0
          ],
          [
            -99.20389,
            18.87546,
            0
          ],
          [
            -99.20388,
            18.87562,
            0
          ],
          [
            -99.20402,
            18.87563,
            0
          ],
          [
            -99.20418,
            18.87563,
            0
          ],
          [
            -99.20434,
            18.87565,
            0
          ],
          [
            -99.20452,
            18.87568,
            0
          ],
          [
            -99.20456,
            18.87569,
            0
          ],
          [
            -99.2047,
            18.87572,
            0
          ],
          [
            -99.20493,
            18.87577,
            0
          ],
          [
            -99.20518,
            18.87583,
            0
          ],
          [
            -99.20544,
            18.87587,
            0
          ],
          [
            -99.20568,
            18.87589,
            0
          ],
          [
            -99.20617,
            18.87588,
            0
          ],
          [
            -99.20634,
            18.87586,
            0
          ],
          [
            -99.20653,
            18.87583,
            0
          ],
          [
            -99.20674,
            18.87579,
            0
          ],
          [
            -99.20691,
            18.87575,
            0
          ],
          [
            -99.20706,
            18.8757,
            0
          ],
          [
            -99.20725,
            18.87564,
            0
          ],
          [
            -99.20743,
            18.87558,
            0
          ],
          [
            -99.20767,
            18.87551,
            0
          ],
          [
            -99.20794,
            18.87542,
            0
          ],
          [
            -99.20813,
            18.87536,
            0
          ],
          [
            -99.20828,
            18.87532,
            0
          ],
          [
            -99.20839,
            18.87529,
            0
          ],
          [
            -99.20852,
            18.87527,
            0
          ],
          [
            -99.20883,
            18.87522,
            0
          ],
          [
            -99.20889,
            18.87522,
            0
          ],
          [
            -99.20907,
            18.87521,
            0
          ],
          [
            -99.20928,
            18.87521,
            0
          ],
          [
            -99.20947,
            18.87522,
            0
          ],
          [
            -99.20977,
            18.87525,
            0
          ],
          [
            -99.21002,
            18.87528,
            0
          ],
          [
            -99.21023,
            18.87528,
            0
          ],
          [
            -99.21046,
            18.87528,
            0
          ],
          [
            -99.21067,
            18.87525,
            0
          ],
          [
            -99.21088,
            18.87521,
            0
          ],
          [
            -99.21105,
            18.87518,
            0
          ],
          [
            -99.21126,
            18.8751,
            0
          ],
          [
            -99.21143,
            18.87502,
            0
          ],
          [
            -99.21161,
            18.87493,
            0
          ],
          [
            -99.21181,
            18.87481,
            0
          ],
          [
            -99.21193,
            18.87473,
            0
          ],
          [
            -99.21204,
            18.87462,
            0
          ],
          [
            -99.21213,
            18.87454,
            0
          ],
          [
            -99.21229,
            18.8744,
            0
          ],
          [
            -99.2126,
            18.87405,
            0
          ],
          [
            -99.21263,
            18.87402,
            0
          ],
          [
            -99.21264,
            18.87401,
            0
          ],
          [
            -99.21265,
            18.87401,
            0
          ],
          [
            -99.21266,
            18.874,
            0
          ],
          [
            -99.21267,
            18.874,
            0
          ],
          [
            -99.21267,
            18.87399,
            0
          ],
          [
            -99.21268,
            18.87399,
            0
          ],
          [
            -99.21268,
            18.87398,
            0
          ],
          [
            -99.21269,
            18.87398,
            0
          ],
          [
            -99.21269,
            18.87397,
            0
          ],
          [
            -99.21269,
            18.87396,
            0
          ],
          [
            -99.2127,
            18.87396,
            0
          ],
          [
            -99.2127,
            18.87395,
            0
          ],
          [
            -99.2127,
            18.87394,
            0
          ],
          [
            -99.2127,
            18.87393,
            0
          ],
          [
            -99.2127,
            18.87392,
            0
          ],
          [
            -99.21279,
            18.87386,
            0
          ],
          [
            -99.2133,
            18.87376,
            0
          ],
          [
            -99.21492,
            18.87339,
            0
          ],
          [
            -99.21669,
            18.87297,
            0
          ],
          [
            -99.21742,
            18.87279,
            0
          ],
          [
            -99.21761,
            18.87275,
            0
          ],
          [
            -99.21769,
            18.87273,
            0
          ],
          [
            -99.2178,
            18.87271,
            0
          ],
          [
            -99.21791,
            18.8727,
            0
          ],
          [
            -99.21796,
            18.87269,
            0
          ],
          [
            -99.218,
            18.87269,
            0
          ],
          [
            -99.21805,
            18.8727,
            0
          ],
          [
            -99.21809,
            18.87271,
            0
          ],
          [
            -99.2182,
            18.87274,
            0
          ],
          [
            -99.21831,
            18.87279,
            0
          ],
          [
            -99.21844,
            18.87285,
            0
          ],
          [
            -99.21849,
            18.87288,
            0
          ],
          [
            -99.21864,
            18.87302,
            0
          ],
          [
            -99.21876,
            18.87335,
            0
          ],
          [
            -99.21874,
            18.87338,
            0
          ],
          [
            -99.21873,
            18.8734,
            0
          ],
          [
            -99.21872,
            18.87342,
            0
          ],
          [
            -99.21871,
            18.87345,
            0
          ],
          [
            -99.2187,
            18.87347,
            0
          ],
          [
            -99.2187,
            18.87349,
            0
          ],
          [
            -99.2187,
            18.87352,
            0
          ],
          [
            -99.2187,
            18.87354,
            0
          ],
          [
            -99.21871,
            18.87357,
            0
          ],
          [
            -99.21871,
            18.87359,
            0
          ],
          [
            -99.21872,
            18.87361,
            0
          ],
          [
            -99.21874,
            18.87364,
            0
          ],
          [
            -99.21875,
            18.87366,
            0
          ],
          [
            -99.21877,
            18.87368,
            0
          ],
          [
            -99.21879,
            18.87369,
            0
          ],
          [
            -99.21881,
            18.87371,
            0
          ],
          [
            -99.21883,
            18.87372,
            0
          ],
          [
            -99.21886,
            18.87373,
            0
          ],
          [
            -99.21888,
            18.87374,
            0
          ],
          [
            -99.21891,
            18.87374,
            0
          ],
          [
            -99.21893,
            18.87375,
            0
          ],
          [
            -99.21896,
            18.87375,
            0
          ],
          [
            -99.21898,
            18.87375,
            0
          ],
          [
            -99.21944,
            18.87464,
            0
          ],
          [
            -99.21953,
            18.87478,
            0
          ],
          [
            -99.21964,
            18.8749,
            0
          ],
          [
            -99.21971,
            18.87505,
            0
          ],
          [
            -99.21979,
            18.87518,
            0
          ],
          [
            -99.21982,
            18.87522,
            0
          ],
          [
            -99.21988,
            18.87527,
            0
          ],
          [
            -99.21991,
            18.87529,
            0
          ],
          [
            -99.21997,
            18.87531,
            0
          ],
          [
            -99.22006,
            18.87534,
            0
          ],
          [
            -99.22012,
            18.87537,
            0
          ],
          [
            -99.22056,
            18.87524,
            0
          ],
          [
            -99.22068,
            18.87521,
            0
          ],
          [
            -99.22075,
            18.87522,
            0
          ],
          [
            -99.22081,
            18.87523,
            0
          ],
          [
            -99.22091,
            18.87527,
            0
          ],
          [
            -99.22126,
            18.8754,
            0
          ],
          [
            -99.22136,
            18.87544,
            0
          ],
          [
            -99.22159,
            18.87551,
            0
          ],
          [
            -99.22167,
            18.87554,
            0
          ],
          [
            -99.22171,
            18.87555,
            0
          ],
          [
            -99.22172,
            18.87556,
            0
          ],
          [
            -99.22176,
            18.87558,
            0
          ],
          [
            -99.22183,
            18.87562,
            0
          ],
          [
            -99.22188,
            18.87567,
            0
          ],
          [
            -99.22202,
            18.87579,
            0
          ],
          [
            -99.22218,
            18.87593,
            0
          ],
          [
            -99.2222,
            18.87595,
            0
          ],
          [
            -99.22223,
            18.876,
            0
          ],
          [
            -99.22225,
            18.87602,
            0
          ],
          [
            -99.22227,
            18.87606,
            0
          ],
          [
            -99.22229,
            18.87609,
            0
          ],
          [
            -99.22231,
            18.87614,
            0
          ],
          [
            -99.22232,
            18.87618,
            0
          ],
          [
            -99.22233,
            18.87624,
            0
          ],
          [
            -99.22234,
            18.8763,
            0
          ],
          [
            -99.22235,
            18.87636,
            0
          ],
          [
            -99.22236,
            18.87644,
            0
          ],
          [
            -99.22237,
            18.8765,
            0
          ],
          [
            -99.22239,
            18.87657,
            0
          ],
          [
            -99.22241,
            18.87661,
            0
          ],
          [
            -99.22247,
            18.87671,
            0
          ],
          [
            -99.22251,
            18.8768,
            0
          ],
          [
            -99.22254,
            18.87684,
            0
          ],
          [
            -99.22257,
            18.87688,
            0
          ],
          [
            -99.22263,
            18.87694,
            0
          ],
          [
            -99.22268,
            18.87698,
            0
          ],
          [
            -99.22272,
            18.87689,
            0
          ],
          [
            -99.22273,
            18.87686,
            0
          ],
          [
            -99.22273,
            18.87684,
            0
          ],
          [
            -99.22274,
            18.87672,
            0
          ],
          [
            -99.22276,
            18.87649,
            0
          ],
          [
            -99.22277,
            18.87637,
            0
          ],
          [
            -99.22276,
            18.87626,
            0
          ],
          [
            -99.22276,
            18.87619,
            0
          ],
          [
            -99.22276,
            18.8761,
            0
          ],
          [
            -99.22275,
            18.87603,
            0
          ],
          [
            -99.22274,
            18.87597,
            0
          ],
          [
            -99.22273,
            18.87593,
            0
          ],
          [
            -99.22273,
            18.8759,
            0
          ],
          [
            -99.22272,
            18.87586,
            0
          ],
          [
            -99.2227,
            18.87577,
            0
          ],
          [
            -99.22267,
            18.87568,
            0
          ],
          [
            -99.22247,
            18.87512,
            0
          ],
          [
            -99.22245,
            18.87507,
            0
          ],
          [
            -99.22245,
            18.87504,
            0
          ],
          [
            -99.22245,
            18.875,
            0
          ],
          [
            -99.22245,
            18.87494,
            0
          ],
          [
            -99.22246,
            18.87476,
            0
          ],
          [
            -99.22248,
            18.87459,
            0
          ],
          [
            -99.22251,
            18.87431,
            0
          ],
          [
            -99.22259,
            18.87388,
            0
          ],
          [
            -99.22261,
            18.87381,
            0
          ],
          [
            -99.22264,
            18.87375,
            0
          ],
          [
            -99.22266,
            18.8737,
            0
          ],
          [
            -99.22269,
            18.87367,
            0
          ],
          [
            -99.22272,
            18.87364,
            0
          ],
          [
            -99.22276,
            18.8736,
            0
          ],
          [
            -99.22283,
            18.87356,
            0
          ],
          [
            -99.22297,
            18.8735,
            0
          ],
          [
            -99.22324,
            18.87346,
            0
          ],
          [
            -99.22343,
            18.87344,
            0
          ],
          [
            -99.22381,
            18.87338,
            0
          ],
          [
            -99.22393,
            18.87337,
            0
          ],
          [
            -99.22402,
            18.87337,
            0
          ],
          [
            -99.22411,
            18.87336,
            0
          ],
          [
            -99.22423,
            18.87333,
            0
          ],
          [
            -99.22453,
            18.87324,
            0
          ],
          [
            -99.22479,
            18.87318,
            0
          ],
          [
            -99.22495,
            18.87314,
            0
          ],
          [
            -99.22501,
            18.87313,
            0
          ],
          [
            -99.22507,
            18.87312,
            0
          ],
          [
            -99.22518,
            18.87312,
            0
          ],
          [
            -99.22523,
            18.87313,
            0
          ],
          [
            -99.22527,
            18.87314,
            0
          ],
          [
            -99.22531,
            18.87315,
            0
          ],
          [
            -99.22535,
            18.87317,
            0
          ],
          [
            -99.2254,
            18.8732,
            0
          ],
          [
            -99.22545,
            18.87322,
            0
          ],
          [
            -99.22548,
            18.87325,
            0
          ],
          [
            -99.22555,
            18.87331,
            0
          ],
          [
            -99.22566,
            18.87345,
            0
          ],
          [
            -99.2257,
            18.87352,
            0
          ],
          [
            -99.22571,
            18.87355,
            0
          ],
          [
            -99.22573,
            18.87359,
            0
          ],
          [
            -99.22575,
            18.87365,
            0
          ],
          [
            -99.22587,
            18.87406,
            0
          ],
          [
            -99.22602,
            18.87457,
            0
          ],
          [
            -99.22618,
            18.87503,
            0
          ],
          [
            -99.22622,
            18.87515,
            0
          ],
          [
            -99.22627,
            18.87527,
            0
          ],
          [
            -99.22637,
            18.87549,
            0
          ],
          [
            -99.22651,
            18.87585,
            0
          ],
          [
            -99.22669,
            18.87633,
            0
          ],
          [
            -99.22671,
            18.87637,
            0
          ],
          [
            -99.22714,
            18.87751,
            0
          ],
          [
            -99.22719,
            18.87769,
            0
          ],
          [
            -99.22722,
            18.87779,
            0
          ],
          [
            -99.22745,
            18.87841,
            0
          ],
          [
            -99.22755,
            18.87893,
            0
          ],
          [
            -99.22756,
            18.87896,
            0
          ],
          [
            -99.22756,
            18.87897,
            0
          ],
          [
            -99.22765,
            18.87935,
            0
          ],
          [
            -99.22786,
            18.8804,
            0
          ],
          [
            -99.22791,
            18.88072,
            0
          ],
          [
            -99.22795,
            18.88097,
            0
          ],
          [
            -99.22798,
            18.88119,
            0
          ],
          [
            -99.2281,
            18.88181,
            0
          ],
          [
            -99.22817,
            18.88221,
            0
          ],
          [
            -99.22823,
            18.88251,
            0
          ],
          [
            -99.22831,
            18.88297,
            0
          ],
          [
            -99.22835,
            18.88323,
            0
          ],
          [
            -99.2285,
            18.88399,
            0
          ],
          [
            -99.22859,
            18.88468,
            0
          ],
          [
            -99.22862,
            18.88497,
            0
          ],
          [
            -99.22863,
            18.88519,
            0
          ],
          [
            -99.22862,
            18.8855,
            0
          ],
          [
            -99.22862,
            18.88576,
            0
          ],
          [
            -99.22859,
            18.88686,
            0
          ],
          [
            -99.22858,
            18.88717,
            0
          ],
          [
            -99.22854,
            18.8875,
            0
          ],
          [
            -99.22852,
            18.88756,
            0
          ],
          [
            -99.2285,
            18.88765,
            0
          ],
          [
            -99.22849,
            18.88768,
            0
          ],
          [
            -99.22846,
            18.88773,
            0
          ],
          [
            -99.22839,
            18.88784,
            0
          ],
          [
            -99.2283,
            18.88798,
            0
          ],
          [
            -99.22827,
            18.8882,
            0
          ],
          [
            -99.22827,
            18.88845,
            0
          ],
          [
            -99.22827,
            18.88868,
            0
          ],
          [
            -99.22824,
            18.88891,
            0
          ],
          [
            -99.22822,
            18.88909,
            0
          ],
          [
            -99.22821,
            18.8893,
            0
          ],
          [
            -99.22825,
            18.8896,
            0
          ],
          [
            -99.22818,
            18.88979,
            0
          ],
          [
            -99.22808,
            18.88999,
            0
          ],
          [
            -99.22803,
            18.89008,
            0
          ],
          [
            -99.22798,
            18.89017,
            0
          ],
          [
            -99.22789,
            18.8903,
            0
          ],
          [
            -99.22774,
            18.89048,
            0
          ],
          [
            -99.22772,
            18.89054,
            0
          ],
          [
            -99.22771,
            18.89057,
            0
          ],
          [
            -99.2277,
            18.89059,
            0
          ],
          [
            -99.22767,
            18.89064,
            0
          ],
          [
            -99.22762,
            18.89072,
            0
          ],
          [
            -99.22749,
            18.89088,
            0
          ],
          [
            -99.22739,
            18.89098,
            0
          ],
          [
            -99.22733,
            18.89104,
            0
          ],
          [
            -99.22719,
            18.89122,
            0
          ],
          [
            -99.22713,
            18.8913,
            0
          ],
          [
            -99.227,
            18.89145,
            0
          ],
          [
            -99.22694,
            18.89153,
            0
          ],
          [
            -99.22691,
            18.89157,
            0
          ],
          [
            -99.22688,
            18.89163,
            0
          ],
          [
            -99.22687,
            18.89169,
            0
          ],
          [
            -99.22686,
            18.89173,
            0
          ],
          [
            -99.22685,
            18.89178,
            0
          ],
          [
            -99.22685,
            18.89183,
            0
          ],
          [
            -99.22686,
            18.89188,
            0
          ],
          [
            -99.22688,
            18.89197,
            0
          ],
          [
            -99.22689,
            18.892,
            0
          ],
          [
            -99.22691,
            18.89203,
            0
          ],
          [
            -99.22695,
            18.89208,
            0
          ],
          [
            -99.227,
            18.89214,
            0
          ],
          [
            -99.22707,
            18.89219,
            0
          ],
          [
            -99.22726,
            18.89231,
            0
          ],
          [
            -99.22733,
            18.89235,
            0
          ],
          [
            -99.22735,
            18.89236,
            0
          ],
          [
            -99.22738,
            18.89238,
            0
          ],
          [
            -99.22739,
            18.89238,
            0
          ],
          [
            -99.22749,
            18.89244,
            0
          ],
          [
            -99.22759,
            18.8925,
            0
          ],
          [
            -99.22781,
            18.89265,
            0
          ],
          [
            -99.22798,
            18.89281,
            0
          ],
          [
            -99.22809,
            18.89298,
            0
          ],
          [
            -99.22819,
            18.89318,
            0
          ],
          [
            -99.22824,
            18.8933,
            0
          ],
          [
            -99.22825,
            18.89333,
            0
          ],
          [
            -99.22826,
            18.89336,
            0
          ],
          [
            -99.22831,
            18.89346,
            0
          ],
          [
            -99.22833,
            18.89347,
            0
          ],
          [
            -99.22836,
            18.8935,
            0
          ],
          [
            -99.22847,
            18.89375,
            0
          ],
          [
            -99.22851,
            18.89385,
            0
          ],
          [
            -99.22866,
            18.89419,
            0
          ],
          [
            -99.22883,
            18.89459,
            0
          ],
          [
            -99.2291,
            18.89518,
            0
          ],
          [
            -99.22911,
            18.89519,
            0
          ],
          [
            -99.2294,
            18.89582,
            0
          ],
          [
            -99.22955,
            18.89614,
            0
          ],
          [
            -99.22983,
            18.89672,
            0
          ],
          [
            -99.23004,
            18.89718,
            0
          ],
          [
            -99.23008,
            18.89726,
            0
          ],
          [
            -99.23019,
            18.89751,
            0
          ],
          [
            -99.23033,
            18.89782,
            0
          ],
          [
            -99.23056,
            18.89847,
            0
          ],
          [
            -99.23088,
            18.89942,
            0
          ],
          [
            -99.23105,
            18.89993,
            0
          ],
          [
            -99.23119,
            18.90043,
            0
          ],
          [
            -99.23133,
            18.90094,
            0
          ],
          [
            -99.23141,
            18.90127,
            0
          ],
          [
            -99.23143,
            18.90147,
            0
          ],
          [
            -99.23147,
            18.90192,
            0
          ],
          [
            -99.23154,
            18.90289,
            0
          ],
          [
            -99.23158,
            18.90329,
            0
          ],
          [
            -99.23161,
            18.90364,
            0
          ],
          [
            -99.23163,
            18.90386,
            0
          ],
          [
            -99.23168,
            18.90438,
            0
          ],
          [
            -99.23177,
            18.90501,
            0
          ],
          [
            -99.23187,
            18.90573,
            0
          ],
          [
            -99.23192,
            18.90597,
            0
          ],
          [
            -99.23193,
            18.90601,
            0
          ],
          [
            -99.23197,
            18.90626,
            0
          ],
          [
            -99.23202,
            18.90657,
            0
          ],
          [
            -99.23204,
            18.90666,
            0
          ],
          [
            -99.23206,
            18.90672,
            0
          ],
          [
            -99.23208,
            18.90682,
            0
          ],
          [
            -99.23219,
            18.90703,
            0
          ],
          [
            -99.23227,
            18.9072,
            0
          ],
          [
            -99.23247,
            18.90757,
            0
          ],
          [
            -99.23263,
            18.90787,
            0
          ],
          [
            -99.23316,
            18.90877,
            0
          ],
          [
            -99.23356,
            18.90944,
            0
          ],
          [
            -99.23385,
            18.90996,
            0
          ],
          [
            -99.23399,
            18.9102,
            0
          ],
          [
            -99.23402,
            18.91025,
            0
          ],
          [
            -99.23412,
            18.91042,
            0
          ],
          [
            -99.23418,
            18.91053,
            0
          ],
          [
            -99.23458,
            18.91121,
            0
          ],
          [
            -99.23511,
            18.91213,
            0
          ],
          [
            -99.23561,
            18.91299,
            0
          ],
          [
            -99.23593,
            18.91376,
            0
          ],
          [
            -99.23613,
            18.91422,
            0
          ],
          [
            -99.2365,
            18.91495,
            0
          ],
          [
            -99.23684,
            18.91568,
            0
          ],
          [
            -99.23701,
            18.91604,
            0
          ],
          [
            -99.23705,
            18.91626,
            0
          ],
          [
            -99.23709,
            18.91654,
            0
          ],
          [
            -99.2371,
            18.91656,
            0
          ],
          [
            -99.23712,
            18.91707,
            0
          ],
          [
            -99.23715,
            18.91724,
            0
          ],
          [
            -99.23722,
            18.91801,
            0
          ],
          [
            -99.23727,
            18.91875,
            0
          ],
          [
            -99.23727,
            18.91886,
            0
          ],
          [
            -99.23738,
            18.9196,
            0
          ],
          [
            -99.2374,
            18.91987,
            0
          ],
          [
            -99.23747,
            18.92059,
            0
          ],
          [
            -99.23755,
            18.92114,
            0
          ],
          [
            -99.2377,
            18.92204,
            0
          ],
          [
            -99.23778,
            18.9226,
            0
          ],
          [
            -99.23787,
            18.92328,
            0
          ],
          [
            -99.2379,
            18.92352,
            0
          ],
          [
            -99.23794,
            18.92386,
            0
          ],
          [
            -99.23801,
            18.92446,
            0
          ],
          [
            -99.23804,
            18.92465,
            0
          ],
          [
            -99.23811,
            18.92508,
            0
          ],
          [
            -99.23812,
            18.92514,
            0
          ],
          [
            -99.23814,
            18.9253,
            0
          ],
          [
            -99.23819,
            18.92564,
            0
          ],
          [
            -99.23822,
            18.92583,
            0
          ],
          [
            -99.23825,
            18.926,
            0
          ],
          [
            -99.23829,
            18.92632,
            0
          ],
          [
            -99.23833,
            18.9266,
            0
          ],
          [
            -99.23835,
            18.92685,
            0
          ],
          [
            -99.23836,
            18.92719,
            0
          ],
          [
            -99.23839,
            18.92748,
            0
          ],
          [
            -99.23858,
            18.92875,
            0
          ],
          [
            -99.23842,
            18.92882,
            0
          ],
          [
            -99.23836,
            18.92885,
            0
          ],
          [
            -99.23833,
            18.92886,
            0
          ],
          [
            -99.2383,
            18.92887,
            0
          ],
          [
            -99.23785,
            18.92892,
            0
          ],
          [
            -99.23783,
            18.92893,
            0
          ],
          [
            -99.2378,
            18.92894,
            0
          ],
          [
            -99.23778,
            18.92896,
            0
          ],
          [
            -99.23777,
            18.92899,
            0
          ],
          [
            -99.23776,
            18.92902,
            0
          ],
          [
            -99.23777,
            18.92904,
            0
          ],
          [
            -99.23778,
            18.92907,
            0
          ],
          [
            -99.2378,
            18.9291,
            0
          ],
          [
            -99.23784,
            18.92914,
            0
          ],
          [
            -99.2379,
            18.92917,
            0
          ],
          [
            -99.23801,
            18.92921,
            0
          ],
          [
            -99.23806,
            18.92924,
            0
          ],
          [
            -99.23808,
            18.92925,
            0
          ],
          [
            -99.23809,
            18.92927,
            0
          ],
          [
            -99.2381,
            18.92929,
            0
          ],
          [
            -99.2381,
            18.92931,
            0
          ],
          [
            -99.2381,
            18.92933,
            0
          ],
          [
            -99.2381,
            18.92935,
            0
          ],
          [
            -99.2381,
            18.92937,
            0
          ],
          [
            -99.23808,
            18.92939,
            0
          ],
          [
            -99.23805,
            18.92941,
            0
          ],
          [
            -99.23803,
            18.92942,
            0
          ],
          [
            -99.23799,
            18.92944,
            0
          ],
          [
            -99.23794,
            18.92946,
            0
          ],
          [
            -99.23785,
            18.92946,
            0
          ],
          [
            -99.23784,
            18.92936,
            0
          ],
          [
            -99.23783,
            18.92932,
            0
          ],
          [
            -99.23782,
            18.92927,
            0
          ],
          [
            -99.2378,
            18.92923,
            0
          ],
          [
            -99.23777,
            18.92921,
            0
          ],
          [
            -99.23749,
            18.92898,
            0
          ],
          [
            -99.23744,
            18.92893,
            0
          ],
          [
            -99.23741,
            18.9289,
            0
          ],
          [
            -99.23739,
            18.92887,
            0
          ],
          [
            -99.23738,
            18.92881,
            0
          ],
          [
            -99.23737,
            18.9287,
            0
          ],
          [
            -99.23732,
            18.92802,
            0
          ],
          [
            -99.23729,
            18.92748,
            0
          ],
          [
            -99.23733,
            18.92726,
            0
          ],
          [
            -99.23734,
            18.92722,
            0
          ],
          [
            -99.23735,
            18.92718,
            0
          ],
          [
            -99.23744,
            18.92697,
            0
          ],
          [
            -99.23741,
            18.92687,
            0
          ],
          [
            -99.23739,
            18.9268,
            0
          ],
          [
            -99.23709,
            18.92614,
            0
          ],
          [
            -99.23698,
            18.92591,
            0
          ],
          [
            -99.2369,
            18.92574,
            0
          ],
          [
            -99.23684,
            18.92552,
            0
          ],
          [
            -99.2367,
            18.92489,
            0
          ],
          [
            -99.23661,
            18.92454,
            0
          ],
          [
            -99.23624,
            18.9246,
            0
          ],
          [
            -99.23574,
            18.92468,
            0
          ],
          [
            -99.23528,
            18.92472,
            0
          ],
          [
            -99.2352,
            18.92472,
            0
          ],
          [
            -99.23523,
            18.92478,
            0
          ],
          [
            -99.23529,
            18.92496,
            0
          ],
          [
            -99.23547,
            18.92569,
            0
          ],
          [
            -99.23553,
            18.92596,
            0
          ],
          [
            -99.2356,
            18.92618,
            0
          ],
          [
            -99.23566,
            18.92635,
            0
          ],
          [
            -99.23568,
            18.9264,
            0
          ],
          [
            -99.23571,
            18.92645,
            0
          ],
          [
            -99.23594,
            18.92684,
            0
          ],
          [
            -99.23598,
            18.92693,
            0
          ],
          [
            -99.23611,
            18.92715,
            0
          ],
          [
            -99.23631,
            18.92747,
            0
          ],
          [
            -99.23634,
            18.92751,
            0
          ],
          [
            -99.23639,
            18.92762,
            0
          ],
          [
            -99.23645,
            18.92775,
            0
          ],
          [
            -99.23651,
            18.92789,
            0
          ],
          [
            -99.23652,
            18.92793,
            0
          ],
          [
            -99.23652,
            18.92797,
            0
          ],
          [
            -99.23652,
            18.92802,
            0
          ],
          [
            -99.23651,
            18.92808,
            0
          ],
          [
            -99.2365,
            18.92814,
            0
          ],
          [
            -99.23648,
            18.92817,
            0
          ],
          [
            -99.23647,
            18.92819,
            0
          ],
          [
            -99.23645,
            18.92821,
            0
          ],
          [
            -99.23641,
            18.92824,
            0
          ],
          [
            -99.23636,
            18.92826,
            0
          ],
          [
            -99.23632,
            18.92827,
            0
          ],
          [
            -99.23629,
            18.92828,
            0
          ],
          [
            -99.23624,
            18.92828,
            0
          ],
          [
            -99.23619,
            18.92829,
            0
          ],
          [
            -99.23613,
            18.92828,
            0
          ],
          [
            -99.23611,
            18.92827,
            0
          ],
          [
            -99.23609,
            18.92825,
            0
          ],
          [
            -99.23606,
            18.92823,
            0
          ],
          [
            -99.23589,
            18.928,
            0
          ],
          [
            -99.23583,
            18.92795,
            0
          ],
          [
            -99.23576,
            18.92791,
            0
          ],
          [
            -99.23568,
            18.92787,
            0
          ],
          [
            -99.23563,
            18.92786,
            0
          ],
          [
            -99.23559,
            18.92785,
            0
          ],
          [
            -99.23554,
            18.92785,
            0
          ],
          [
            -99.23551,
            18.92786,
            0
          ],
          [
            -99.23548,
            18.92787,
            0
          ],
          [
            -99.23543,
            18.92789,
            0
          ],
          [
            -99.23527,
            18.92798,
            0
          ],
          [
            -99.23519,
            18.92804,
            0
          ],
          [
            -99.23496,
            18.92818,
            0
          ],
          [
            -99.23471,
            18.92832,
            0
          ],
          [
            -99.23464,
            18.92838,
            0
          ],
          [
            -99.23459,
            18.92843,
            0
          ],
          [
            -99.23456,
            18.92847,
            0
          ],
          [
            -99.23454,
            18.92851,
            0
          ],
          [
            -99.23453,
            18.92854,
            0
          ],
          [
            -99.23435,
            18.9291,
            0
          ],
          [
            -99.2343,
            18.92933,
            0
          ],
          [
            -99.23428,
            18.92945,
            0
          ],
          [
            -99.23425,
            18.92991,
            0
          ],
          [
            -99.23422,
            18.93006,
            0
          ],
          [
            -99.23421,
            18.9301,
            0
          ],
          [
            -99.2342,
            18.93014,
            0
          ],
          [
            -99.23416,
            18.9302,
            0
          ],
          [
            -99.23412,
            18.93027,
            0
          ],
          [
            -99.23405,
            18.93039,
            0
          ],
          [
            -99.23298,
            18.93076,
            0
          ],
          [
            -99.23294,
            18.93078,
            0
          ],
          [
            -99.23284,
            18.93081,
            0
          ],
          [
            -99.23286,
            18.93086,
            0
          ],
          [
            -99.23286,
            18.93087,
            0
          ],
          [
            -99.23286,
            18.93088,
            0
          ],
          [
            -99.23285,
            18.9309,
            0
          ],
          [
            -99.23273,
            18.93113,
            0
          ],
          [
            -99.23237,
            18.93182,
            0
          ],
          [
            -99.23237,
            18.93183,
            0
          ],
          [
            -99.23233,
            18.93191,
            0
          ],
          [
            -99.23228,
            18.93204,
            0
          ],
          [
            -99.23236,
            18.93204,
            0
          ],
          [
            -99.23255,
            18.93205,
            0
          ],
          [
            -99.23263,
            18.93205,
            0
          ],
          [
            -99.23288,
            18.93206,
            0
          ],
          [
            -99.23295,
            18.93208,
            0
          ],
          [
            -99.23303,
            18.93209,
            0
          ],
          [
            -99.2331,
            18.93212,
            0
          ],
          [
            -99.23328,
            18.93221,
            0
          ],
          [
            -99.23337,
            18.93227,
            0
          ],
          [
            -99.23347,
            18.93235,
            0
          ],
          [
            -99.23366,
            18.93257,
            0
          ],
          [
            -99.23377,
            18.93285,
            0
          ],
          [
            -99.2338,
            18.93294,
            0
          ],
          [
            -99.23384,
            18.93306,
            0
          ],
          [
            -99.23391,
            18.93325,
            0
          ],
          [
            -99.23394,
            18.93332,
            0
          ],
          [
            -99.23402,
            18.93344,
            0
          ],
          [
            -99.23409,
            18.93353,
            0
          ],
          [
            -99.23415,
            18.9336,
            0
          ],
          [
            -99.23434,
            18.93377,
            0
          ],
          [
            -99.23478,
            18.93413,
            0
          ],
          [
            -99.23498,
            18.9343,
            0
          ],
          [
            -99.23452,
            18.93487,
            0
          ],
          [
            -99.23451,
            18.93489,
            0
          ],
          [
            -99.23424,
            18.93522,
            0
          ],
          [
            -99.23421,
            18.93525,
            0
          ],
          [
            -99.23395,
            18.93557,
            0
          ],
          [
            -99.23384,
            18.93572,
            0
          ],
          [
            -99.23377,
            18.93584,
            0
          ],
          [
            -99.23375,
            18.93589,
            0
          ],
          [
            -99.23373,
            18.93601,
            0
          ],
          [
            -99.23372,
            18.93606,
            0
          ],
          [
            -99.23373,
            18.93618,
            0
          ],
          [
            -99.23378,
            18.93641,
            0
          ],
          [
            -99.23385,
            18.93663,
            0
          ],
          [
            -99.23398,
            18.93725,
            0
          ],
          [
            -99.23403,
            18.93747,
            0
          ],
          [
            -99.23404,
            18.93751,
            0
          ],
          [
            -99.23406,
            18.93756,
            0
          ],
          [
            -99.23408,
            18.9376,
            0
          ],
          [
            -99.23411,
            18.93763,
            0
          ],
          [
            -99.23422,
            18.93773,
            0
          ],
          [
            -99.23444,
            18.93791,
            0
          ],
          [
            -99.23447,
            18.93796,
            0
          ],
          [
            -99.23452,
            18.93804,
            0
          ],
          [
            -99.23454,
            18.9381,
            0
          ],
          [
            -99.23454,
            18.93815,
            0
          ],
          [
            -99.23455,
            18.93821,
            0
          ],
          [
            -99.23454,
            18.93827,
            0
          ],
          [
            -99.23452,
            18.93845,
            0
          ],
          [
            -99.23447,
            18.93872,
            0
          ],
          [
            -99.23443,
            18.939,
            0
          ],
          [
            -99.23437,
            18.93935,
            0
          ],
          [
            -99.23437,
            18.93943,
            0
          ],
          [
            -99.23437,
            18.93948,
            0
          ],
          [
            -99.23438,
            18.93951,
            0
          ],
          [
            -99.23447,
            18.93971,
            0
          ],
          [
            -99.23456,
            18.93986,
            0
          ],
          [
            -99.2349,
            18.94047,
            0
          ],
          [
            -99.23507,
            18.94078,
            0
          ],
          [
            -99.2351,
            18.94086,
            0
          ],
          [
            -99.23511,
            18.94091,
            0
          ],
          [
            -99.23511,
            18.94094,
            0
          ],
          [
            -99.23512,
            18.94111,
            0
          ],
          [
            -99.23515,
            18.94197,
            0
          ],
          [
            -99.23517,
            18.94243,
            0
          ],
          [
            -99.23516,
            18.94285,
            0
          ],
          [
            -99.2352,
            18.94409,
            0
          ],
          [
            -99.23521,
            18.9449,
            0
          ],
          [
            -99.23521,
            18.94511,
            0
          ],
          [
            -99.23523,
            18.94539,
            0
          ],
          [
            -99.23523,
            18.94572,
            0
          ],
          [
            -99.23525,
            18.94611,
            0
          ],
          [
            -99.23525,
            18.9464,
            0
          ],
          [
            -99.23526,
            18.94671,
            0
          ],
          [
            -99.23527,
            18.94772,
            0
          ],
          [
            -99.23528,
            18.9482,
            0
          ],
          [
            -99.23529,
            18.94831,
            0
          ],
          [
            -99.23532,
            18.94935,
            0
          ],
          [
            -99.2354,
            18.9502,
            0
          ],
          [
            -99.23528,
            18.95021,
            0
          ],
          [
            -99.23513,
            18.95024,
            0
          ],
          [
            -99.23542,
            18.95114,
            0
          ],
          [
            -99.2355,
            18.95142,
            0
          ],
          [
            -99.23555,
            18.95158,
            0
          ],
          [
            -99.23566,
            18.95195,
            0
          ],
          [
            -99.23585,
            18.95259,
            0
          ],
          [
            -99.23595,
            18.95295,
            0
          ],
          [
            -99.23598,
            18.95304,
            0
          ],
          [
            -99.23605,
            18.95325,
            0
          ],
          [
            -99.23635,
            18.95435,
            0
          ],
          [
            -99.23659,
            18.95518,
            0
          ],
          [
            -99.23676,
            18.95569,
            0
          ],
          [
            -99.23685,
            18.95598,
            0
          ],
          [
            -99.23689,
            18.95613,
            0
          ],
          [
            -99.23692,
            18.95622,
            0
          ],
          [
            -99.23715,
            18.95704,
            0
          ],
          [
            -99.23716,
            18.9571,
            0
          ],
          [
            -99.23719,
            18.95722,
            0
          ],
          [
            -99.23721,
            18.95728,
            0
          ],
          [
            -99.23732,
            18.95773,
            0
          ],
          [
            -99.23752,
            18.95851,
            0
          ],
          [
            -99.23821,
            18.96082,
            0
          ],
          [
            -99.23825,
            18.96095,
            0
          ],
          [
            -99.23846,
            18.96156,
            0
          ],
          [
            -99.23852,
            18.96173,
            0
          ],
          [
            -99.23872,
            18.9625,
            0
          ],
          [
            -99.23887,
            18.96298,
            0
          ],
          [
            -99.23902,
            18.96344,
            0
          ],
          [
            -99.23906,
            18.96359,
            0
          ],
          [
            -99.2391,
            18.96375,
            0
          ],
          [
            -99.23913,
            18.96385,
            0
          ],
          [
            -99.23916,
            18.96397,
            0
          ],
          [
            -99.23923,
            18.9642,
            0
          ],
          [
            -99.2395,
            18.96518,
            0
          ],
          [
            -99.23952,
            18.96525,
            0
          ],
          [
            -99.23965,
            18.96569,
            0
          ],
          [
            -99.23974,
            18.96601,
            0
          ],
          [
            -99.23981,
            18.96624,
            0
          ],
          [
            -99.23992,
            18.9666,
            0
          ],
          [
            -99.24013,
            18.96716,
            0
          ],
          [
            -99.24015,
            18.96724,
            0
          ],
          [
            -99.2402,
            18.96743,
            0
          ],
          [
            -99.24012,
            18.9676,
            0
          ],
          [
            -99.24011,
            18.96763,
            0
          ],
          [
            -99.24008,
            18.96766,
            0
          ],
          [
            -99.24004,
            18.9677,
            0
          ],
          [
            -99.24001,
            18.96772,
            0
          ],
          [
            -99.24,
            18.96773,
            0
          ],
          [
            -99.23994,
            18.96776,
            0
          ],
          [
            -99.23984,
            18.96776,
            0
          ],
          [
            -99.23968,
            18.96778,
            0
          ],
          [
            -99.23962,
            18.96778,
            0
          ],
          [
            -99.23927,
            18.9678,
            0
          ],
          [
            -99.23905,
            18.9678,
            0
          ],
          [
            -99.23895,
            18.96779,
            0
          ],
          [
            -99.23878,
            18.96776,
            0
          ],
          [
            -99.23875,
            18.96775,
            0
          ],
          [
            -99.23856,
            18.96768,
            0
          ],
          [
            -99.23846,
            18.96764,
            0
          ],
          [
            -99.23816,
            18.96753,
            0
          ],
          [
            -99.23804,
            18.96748,
            0
          ],
          [
            -99.2378,
            18.9674,
            0
          ],
          [
            -99.23769,
            18.96737,
            0
          ],
          [
            -99.23732,
            18.96726,
            0
          ],
          [
            -99.23718,
            18.96723,
            0
          ],
          [
            -99.23671,
            18.96707,
            0
          ],
          [
            -99.23669,
            18.96706,
            0
          ],
          [
            -99.23652,
            18.967,
            0
          ],
          [
            -99.2365,
            18.96699,
            0
          ],
          [
            -99.23645,
            18.96697,
            0
          ],
          [
            -99.23634,
            18.96693,
            0
          ],
          [
            -99.23618,
            18.96688,
            0
          ],
          [
            -99.23611,
            18.96685,
            0
          ],
          [
            -99.23583,
            18.96674,
            0
          ],
          [
            -99.23582,
            18.96674,
            0
          ],
          [
            -99.23569,
            18.96669,
            0
          ],
          [
            -99.23565,
            18.96668,
            0
          ],
          [
            -99.23548,
            18.96661,
            0
          ],
          [
            -99.2353,
            18.96655,
            0
          ],
          [
            -99.2352,
            18.96651,
            0
          ],
          [
            -99.23509,
            18.96649,
            0
          ],
          [
            -99.23498,
            18.96647,
            0
          ],
          [
            -99.23489,
            18.96647,
            0
          ],
          [
            -99.23483,
            18.96647,
            0
          ],
          [
            -99.23471,
            18.96648,
            0
          ],
          [
            -99.2346,
            18.96649,
            0
          ],
          [
            -99.23448,
            18.96651,
            0
          ],
          [
            -99.23443,
            18.96653,
            0
          ],
          [
            -99.23406,
            18.96663,
            0
          ],
          [
            -99.23399,
            18.96666,
            0
          ],
          [
            -99.23385,
            18.96666,
            0
          ],
          [
            -99.2336,
            18.96673,
            0
          ],
          [
            -99.23341,
            18.96679,
            0
          ],
          [
            -99.23323,
            18.96684,
            0
          ],
          [
            -99.23306,
            18.96689,
            0
          ],
          [
            -99.2329,
            18.96694,
            0
          ],
          [
            -99.23266,
            18.96701,
            0
          ],
          [
            -99.23246,
            18.96707,
            0
          ],
          [
            -99.23235,
            18.9671,
            0
          ],
          [
            -99.23234,
            18.9671,
            0
          ],
          [
            -99.23228,
            18.96712,
            0
          ],
          [
            -99.23201,
            18.9672,
            0
          ],
          [
            -99.23201,
            18.96732,
            0
          ],
          [
            -99.23204,
            18.96765,
            0
          ],
          [
            -99.23204,
            18.96793,
            0
          ],
          [
            -99.23204,
            18.96818,
            0
          ],
          [
            -99.23203,
            18.96826,
            0
          ],
          [
            -99.23202,
            18.96832,
            0
          ],
          [
            -99.23201,
            18.96839,
            0
          ],
          [
            -99.23198,
            18.9686,
            0
          ],
          [
            -99.23196,
            18.96874,
            0
          ],
          [
            -99.23194,
            18.96883,
            0
          ],
          [
            -99.23193,
            18.96892,
            0
          ],
          [
            -99.23191,
            18.96914,
            0
          ],
          [
            -99.2319,
            18.96927,
            0
          ],
          [
            -99.23188,
            18.96954,
            0
          ],
          [
            -99.23188,
            18.9696,
            0
          ],
          [
            -99.23185,
            18.96996,
            0
          ],
          [
            -99.23181,
            18.97022,
            0
          ],
          [
            -99.23178,
            18.9704,
            0
          ],
          [
            -99.23175,
            18.97061,
            0
          ],
          [
            -99.23173,
            18.97077,
            0
          ],
          [
            -99.2317,
            18.97103,
            0
          ],
          [
            -99.23167,
            18.97125,
            0
          ],
          [
            -99.23166,
            18.97139,
            0
          ],
          [
            -99.23164,
            18.97152,
            0
          ],
          [
            -99.23161,
            18.97176,
            0
          ],
          [
            -99.23156,
            18.97216,
            0
          ],
          [
            -99.23153,
            18.97236,
            0
          ],
          [
            -99.2315,
            18.97256,
            0
          ],
          [
            -99.23149,
            18.9726,
            0
          ],
          [
            -99.23145,
            18.97273,
            0
          ],
          [
            -99.23143,
            18.97279,
            0
          ],
          [
            -99.23141,
            18.97284,
            0
          ],
          [
            -99.23139,
            18.97287,
            0
          ],
          [
            -99.23133,
            18.97297,
            0
          ],
          [
            -99.23126,
            18.97309,
            0
          ],
          [
            -99.23105,
            18.97339,
            0
          ],
          [
            -99.23101,
            18.97346,
            0
          ],
          [
            -99.2307,
            18.97389,
            0
          ],
          [
            -99.23057,
            18.97407,
            0
          ],
          [
            -99.23049,
            18.97419,
            0
          ],
          [
            -99.23043,
            18.97428,
            0
          ],
          [
            -99.23028,
            18.97451,
            0
          ],
          [
            -99.23023,
            18.97458,
            0
          ],
          [
            -99.23018,
            18.9747,
            0
          ],
          [
            -99.23012,
            18.97483,
            0
          ],
          [
            -99.2301,
            18.97486,
            0
          ],
          [
            -99.23003,
            18.97508,
            0
          ],
          [
            -99.22985,
            18.97563,
            0
          ],
          [
            -99.22973,
            18.97589,
            0
          ],
          [
            -99.22971,
            18.97596,
            0
          ],
          [
            -99.22968,
            18.97604,
            0
          ],
          [
            -99.22969,
            18.97611,
            0
          ],
          [
            -99.2297,
            18.97617,
            0
          ],
          [
            -99.2297,
            18.97622,
            0
          ],
          [
            -99.2297,
            18.97623,
            0
          ],
          [
            -99.22973,
            18.97649,
            0
          ],
          [
            -99.22982,
            18.97748,
            0
          ],
          [
            -99.23047,
            18.97743,
            0
          ],
          [
            -99.23049,
            18.97762,
            0
          ]
        ]
      },
      "properties": {
        "name": "4. COL. CUAUHTEMOC-CHAMILPA-JIUTEPEC-JOYAS DEL AGUA",
        "description": {
          "@type": "html",
          "value": "descripción: <br>OID: 879<br>ZONA: CENTRO<br>RUTA: RUTA 18<br>ITINERARIO: 4. COL. CUAUHTEMOC-CHAMILPA-JIUTEPEC-JOYAS DEL AGUA<br>DESCRIPCIO: JOYAS DEL AGUA-COL. CUAUHTEMOC<br>AUTO-AMPL: ITINERARIO<br>DEFIN-PROV: DEFINITIVOS<br>DURACION: DEFINITIVA<br>FOLIO: SGG/DGT/SDP/000320/97<br>SGG/DGTT/SJ/747/99"
        },
        "styleUrl": "#line-E65100-1200",
        "stroke-opacity": 1,
        "stroke": "#e65100",
        "stroke-width": 1.2,
        "descripción": "",
        "OID": "879",
        "ZONA": "CENTRO",
        "RUTA": "RUTA 18",
        "ITINERARIO": "4. COL. CUAUHTEMOC-CHAMILPA-JIUTEPEC-JOYAS DEL AGUA",
        "DESCRIPCIO": "JOYAS DEL AGUA-COL. CUAUHTEMOC",
        "AUTO-AMPL": "ITINERARIO",
        "DEFIN-PROV": "DEFINITIVOS",
        "DURACION": "DEFINITIVA",
        "FOLIO": "SGG/DGT/SDP/000320/97\nSGG/DGTT/SJ/747/99"
      }
    },
    {
      "type": "Feature",
      "geometry": {
        "type": "LineString",
        "coordinates": [
          [
            -99.19819,
            18.87531,
            0
          ],
          [
            -99.1981,
            18.8753,
            0
          ],
          [
            -99.19809,
            18.87522,
            0
          ],
          [
            -99.19809,
            18.87515,
            0
          ],
          [
            -99.19809,
            18.87509,
            0
          ],
          [
            -99.19809,
            18.87504,
            0
          ],
          [
            -99.19809,
            18.87503,
            0
          ],
          [
            -99.19813,
            18.87493,
            0
          ],
          [
            -99.19822,
            18.87466,
            0
          ],
          [
            -99.19822,
            18.87464,
            0
          ],
          [
            -99.19836,
            18.87419,
            0
          ],
          [
            -99.19842,
            18.87397,
            0
          ],
          [
            -99.1984,
            18.87384,
            0
          ],
          [
            -99.19841,
            18.87381,
            0
          ],
          [
            -99.19848,
            18.87353,
            0
          ],
          [
            -99.1986,
            18.8731,
            0
          ],
          [
            -99.19873,
            18.87267,
            0
          ],
          [
            -99.19886,
            18.87225,
            0
          ],
          [
            -99.19901,
            18.87181,
            0
          ],
          [
            -99.19914,
            18.87138,
            0
          ],
          [
            -99.19924,
            18.87096,
            0
          ],
          [
            -99.19926,
            18.87051,
            0
          ],
          [
            -99.19924,
            18.86978,
            0
          ],
          [
            -99.19922,
            18.8693,
            0
          ],
          [
            -99.19921,
            18.86914,
            0
          ],
          [
            -99.19921,
            18.86895,
            0
          ],
          [
            -99.19921,
            18.86853,
            0
          ],
          [
            -99.19921,
            18.8683,
            0
          ],
          [
            -99.19918,
            18.86788,
            0
          ]
        ]
      },
      "properties": {
        "name": "COL. LOMAS DE JIUTEPEC",
        "description": {
          "@type": "html",
          "value": "descripción: <br>OID: 1248<br>ZONA: CENTRO<br>RUTA: RUTA 18<br>ITINERARIO: AMPL. COL. LOMAS DE JIUTEPEC<br>DESCRIPCIO: COL. LOMAS DE JIUTEPEC<br>AUTO-AMPL: AMPLIACION<br>DEFIN-PROV: DEFINITIVOS<br>DURACION: DEFINITIVA<br>FOLIO: SG/DGT/SDP/2640/X/2010<br>SG/DGT/SDP/1966/VII/2011<br>SG/DGT/SDP/3339/IX/2012"
        },
        "styleUrl": "#line-0F9D58-1200",
        "stroke-opacity": 1,
        "stroke": "#0f9d58",
        "stroke-width": 1.2,
        "descripción": "",
        "OID": "1248",
        "ZONA": "CENTRO",
        "RUTA": "RUTA 18",
        "ITINERARIO": "AMPL. COL. LOMAS DE JIUTEPEC",
        "DESCRIPCIO": "COL. LOMAS DE JIUTEPEC",
        "AUTO-AMPL": "AMPLIACION",
        "DEFIN-PROV": "DEFINITIVOS",
        "DURACION": "DEFINITIVA",
        "FOLIO": "SG/DGT/SDP/2640/X/2010\nSG/DGT/SDP/1966/VII/2011\nSG/DGT/SDP/3339/IX/2012"
      }
    },
    {
      "type": "Feature",
      "geometry": {
        "type": "LineString",
        "coordinates": [
          [
            -99.23187,
            18.96963,
            0
          ],
          [
            -99.23185,
            18.96996,
            0
          ],
          [
            -99.23129,
            18.96991,
            0
          ],
          [
            -99.23072,
            18.96985,
            0
          ],
          [
            -99.23044,
            18.96982,
            0
          ],
          [
            -99.23017,
            18.96979,
            0
          ],
          [
            -99.22969,
            18.96974,
            0
          ],
          [
            -99.2295,
            18.96972,
            0
          ],
          [
            -99.22912,
            18.96968,
            0
          ],
          [
            -99.22897,
            18.96967,
            0
          ],
          [
            -99.22903,
            18.97029,
            0
          ],
          [
            -99.22905,
            18.9705,
            0
          ],
          [
            -99.22906,
            18.9707,
            0
          ],
          [
            -99.2291,
            18.97107,
            0
          ],
          [
            -99.22914,
            18.97151,
            0
          ],
          [
            -99.22919,
            18.97202,
            0
          ],
          [
            -99.2292,
            18.97228,
            0
          ],
          [
            -99.22923,
            18.97264,
            0
          ],
          [
            -99.22924,
            18.9728,
            0
          ],
          [
            -99.22924,
            18.97288,
            0
          ],
          [
            -99.22926,
            18.9732,
            0
          ],
          [
            -99.22927,
            18.97334,
            0
          ],
          [
            -99.22928,
            18.97341,
            0
          ],
          [
            -99.22933,
            18.97387,
            0
          ],
          [
            -99.22937,
            18.97417,
            0
          ],
          [
            -99.22937,
            18.97424,
            0
          ],
          [
            -99.22925,
            18.97442,
            0
          ],
          [
            -99.2292,
            18.97448,
            0
          ],
          [
            -99.22902,
            18.97473,
            0
          ],
          [
            -99.22885,
            18.97497,
            0
          ],
          [
            -99.22868,
            18.9752,
            0
          ],
          [
            -99.22847,
            18.97549,
            0
          ],
          [
            -99.2283,
            18.9757,
            0
          ],
          [
            -99.2283,
            18.97575,
            0
          ],
          [
            -99.22829,
            18.97578,
            0
          ],
          [
            -99.22829,
            18.9758,
            0
          ],
          [
            -99.22828,
            18.97583,
            0
          ],
          [
            -99.22827,
            18.97585,
            0
          ],
          [
            -99.22826,
            18.97588,
            0
          ],
          [
            -99.22825,
            18.9759,
            0
          ],
          [
            -99.22822,
            18.97595,
            0
          ],
          [
            -99.22797,
            18.97629,
            0
          ],
          [
            -99.22791,
            18.97636,
            0
          ],
          [
            -99.22782,
            18.97649,
            0
          ],
          [
            -99.22762,
            18.97678,
            0
          ],
          [
            -99.22748,
            18.97696,
            0
          ],
          [
            -99.22722,
            18.97732,
            0
          ]
        ]
      },
      "properties": {
        "name": "COL. OCOTEPEC",
        "description": {
          "@type": "html",
          "value": "descripción: <br>OID: 1279<br>ZONA: CENTRO<br>RUTA: RUTA 18<br>ITINERARIO: AMPL. COL. OCOTEPEC<br>DESCRIPCIO: COL. OCOTEPEC<br>AUTO-AMPL: AMPLIACION<br>DEFIN-PROV: DEFINITIVOS<br>DURACION: DEFINITIVA<br>FOLIO: SG/DGT/SDP/4686/XI/2006<br>SG/DGT/SDP/1412/VI/2009"
        },
        "styleUrl": "#line-880E4F-1200",
        "stroke-opacity": 1,
        "stroke": "#880e4f",
        "stroke-width": 1.2,
        "descripción": "",
        "OID": "1279",
        "ZONA": "CENTRO",
        "RUTA": "RUTA 18",
        "ITINERARIO": "AMPL. COL. OCOTEPEC",
        "DESCRIPCIO": "COL. OCOTEPEC",
        "AUTO-AMPL": "AMPLIACION",
        "DEFIN-PROV": "DEFINITIVOS",
        "DURACION": "DEFINITIVA",
        "FOLIO": "SG/DGT/SDP/4686/XI/2006\nSG/DGT/SDP/1412/VI/2009"
      }
    }
  ]
}