{
  "type": "FeatureCollection",
  "features": [
    {
      "type": "Feature",
      "geometry": {
        "type": "LineString",
        "coordinates": [
          [
            -99.23039,
            18.9765,
            0
          ],
          [
            -99.23039,
            18.97645,
            0
          ],
          [
            -99.22973,
            18.97649,
            0
          ],
          [
            -99.2297,
            18.97623,
            0
          ],
          [
            -99.2297,
            18.97617,
            0
          ],
          [
            -99.22968,
            18.97604,
            0
          ],
          [
            -99.22973,
            18.97589,
            0
          ],
          [
            -99.22985,
            18.97563,
            0
          ],
          [
            -99.2301,
            18.97486,
            0
          ],
          [
            -99.23012,
            18.97483,
            0
          ],
          [
            -99.23023,
            18.97458,
            0
          ],
          [
            -99.23101,
            18.97346,
            0
          ],
          [
            -99.23105,
            18.97339,
            0
          ],
          [
            -99.23126,
            18.97309,
            0
          ],
          [
            -99.23141,
            18.97284,
            0
          ],
          [
            -99.2315,
            18.97256,
            0
          ],
          [
            -99.23166,
            18.97139,
            0
          ],
          [
            -99.23167,
            18.97125,
            0
          ],
          [
            -99.23185,
            18.96996,
            0
          ],
          [
            -99.23194,
            18.96883,
            0
          ],
          [
            -99.23204,
            18.96818,
            0
          ],
          [
            -99.23204,
            18.96765,
            0
          ],
          [
            -99.23201,
            18.96732,
            0
          ],
          [
            -99.23391,
            18.96671,
            0
          ],
          [
            -99.23399,
            18.96666,
            0
          ],
          [
            -99.23406,
            18.96663,
            0
          ],
          [
            -99.23443,
            18.96653,
            0
          ],
          [
            -99.23448,
            18.96651,
            0
          ],
          [
            -99.23483,
            18.96647,
            0
          ],
          [
            -99.23498,
            18.96647,
            0
          ],
          [
            -99.2352,
            18.96651,
            0
          ],
          [
            -99.23582,
            18.96674,
            0
          ],
          [
            -99.23583,
            18.96674,
            0
          ],
          [
            -99.23618,
            18.96688,
            0
          ],
          [
            -99.23718,
            18.96723,
            0
          ],
          [
            -99.23827,
            18.96765,
            0
          ],
          [
            -99.23828,
            18.96765,
            0
          ],
          [
            -99.23879,
            18.96783,
            0
          ],
          [
            -99.23902,
            18.96787,
            0
          ],
          [
            -99.23969,
            18.96785,
            0
          ],
          [
            -99.23975,
            18.96786,
            0
          ],
          [
            -99.2398,
            18.96788,
            0
          ],
          [
            -99.23984,
            18.96791,
            0
          ],
          [
            -99.23989,
            18.96793,
            0
          ],
          [
            -99.24001,
            18.96796,
            0
          ],
          [
            -99.24,
            18.96798,
            0
          ],
          [
            -99.23999,
            18.96799,
            0
          ],
          [
            -99.23999,
            18.96801,
            0
          ],
          [
            -99.23998,
            18.96802,
            0
          ],
          [
            -99.23998,
            18.96809,
            0
          ],
          [
            -99.24,
            18.96814,
            0
          ],
          [
            -99.24002,
            18.96815,
            0
          ],
          [
            -99.24004,
            18.96817,
            0
          ],
          [
            -99.24005,
            18.96819,
            0
          ],
          [
            -99.24018,
            18.96824,
            0
          ],
          [
            -99.24022,
            18.96824,
            0
          ],
          [
            -99.24025,
            18.96823,
            0
          ],
          [
            -99.24028,
            18.96823,
            0
          ],
          [
            -99.2403,
            18.96822,
            0
          ],
          [
            -99.24031,
            18.96822,
            0
          ],
          [
            -99.24034,
            18.9682,
            0
          ],
          [
            -99.24037,
            18.96819,
            0
          ],
          [
            -99.2404,
            18.96817,
            0
          ],
          [
            -99.24045,
            18.96811,
            0
          ],
          [
            -99.24046,
            18.96808,
            0
          ],
          [
            -99.24048,
            18.96806,
            0
          ],
          [
            -99.24048,
            18.96803,
            0
          ],
          [
            -99.24049,
            18.96801,
            0
          ],
          [
            -99.24049,
            18.96793,
            0
          ],
          [
            -99.24048,
            18.9679,
            0
          ],
          [
            -99.24048,
            18.96789,
            0
          ],
          [
            -99.24047,
            18.96789,
            0
          ],
          [
            -99.24046,
            18.96788,
            0
          ],
          [
            -99.24046,
            18.96787,
            0
          ],
          [
            -99.24045,
            18.96787,
            0
          ],
          [
            -99.24044,
            18.96786,
            0
          ],
          [
            -99.24043,
            18.96786,
            0
          ],
          [
            -99.24043,
            18.96785,
            0
          ],
          [
            -99.24037,
            18.9676,
            0
          ],
          [
            -99.24027,
            18.96732,
            0
          ],
          [
            -99.24024,
            18.96714,
            0
          ],
          [
            -99.23839,
            18.96084,
            0
          ],
          [
            -99.23835,
            18.96074,
            0
          ],
          [
            -99.23806,
            18.95963,
            0
          ],
          [
            -99.23767,
            18.95846,
            0
          ],
          [
            -99.23742,
            18.95742,
            0
          ],
          [
            -99.23735,
            18.95719,
            0
          ],
          [
            -99.23731,
            18.95711,
            0
          ],
          [
            -99.23704,
            18.95619,
            0
          ],
          [
            -99.23702,
            18.95608,
            0
          ],
          [
            -99.23693,
            18.95584,
            0
          ],
          [
            -99.23565,
            18.95145,
            0
          ],
          [
            -99.23557,
            18.95112,
            0
          ],
          [
            -99.23528,
            18.95021,
            0
          ],
          [
            -99.2354,
            18.9502,
            0
          ],
          [
            -99.23532,
            18.94935,
            0
          ],
          [
            -99.23523,
            18.94539,
            0
          ],
          [
            -99.23521,
            18.94511,
            0
          ],
          [
            -99.23516,
            18.94285,
            0
          ],
          [
            -99.23517,
            18.94243,
            0
          ],
          [
            -99.23511,
            18.94091,
            0
          ],
          [
            -99.2351,
            18.94086,
            0
          ],
          [
            -99.23507,
            18.94078,
            0
          ],
          [
            -99.23447,
            18.93971,
            0
          ],
          [
            -99.23437,
            18.93948,
            0
          ],
          [
            -99.23437,
            18.93935,
            0
          ],
          [
            -99.23455,
            18.93821,
            0
          ],
          [
            -99.23454,
            18.93815,
            0
          ],
          [
            -99.23454,
            18.9381,
            0
          ],
          [
            -99.23452,
            18.93804,
            0
          ],
          [
            -99.23444,
            18.93791,
            0
          ],
          [
            -99.23408,
            18.9376,
            0
          ],
          [
            -99.23404,
            18.93751,
            0
          ],
          [
            -99.23385,
            18.93663,
            0
          ],
          [
            -99.23378,
            18.93641,
            0
          ],
          [
            -99.23373,
            18.93618,
            0
          ],
          [
            -99.23372,
            18.93606,
            0
          ],
          [
            -99.23375,
            18.93589,
            0
          ],
          [
            -99.23377,
            18.93584,
            0
          ],
          [
            -99.23384,
            18.93572,
            0
          ],
          [
            -99.23451,
            18.93489,
            0
          ],
          [
            -99.23452,
            18.93487,
            0
          ],
          [
            -99.23498,
            18.9343,
            0
          ],
          [
            -99.23415,
            18.9336,
            0
          ],
          [
            -99.23402,
            18.93344,
            0
          ],
          [
            -99.23394,
            18.93332,
            0
          ],
          [
            -99.23366,
            18.93257,
            0
          ],
          [
            -99.23347,
            18.93235,
            0
          ],
          [
            -99.23328,
            18.93221,
            0
          ],
          [
            -99.23303,
            18.93209,
            0
          ],
          [
            -99.23295,
            18.93208,
            0
          ],
          [
            -99.23288,
            18.93206,
            0
          ],
          [
            -99.23255,
            18.93205,
            0
          ],
          [
            -99.23267,
            18.9319,
            0
          ],
          [
            -99.23273,
            18.93185,
            0
          ],
          [
            -99.2328,
            18.93181,
            0
          ],
          [
            -99.23316,
            18.93154,
            0
          ],
          [
            -99.23328,
            18.93149,
            0
          ],
          [
            -99.2335,
            18.93144,
            0
          ],
          [
            -99.23357,
            18.93144,
            0
          ],
          [
            -99.23365,
            18.93146,
            0
          ],
          [
            -99.23375,
            18.9315,
            0
          ],
          [
            -99.23385,
            18.93158,
            0
          ],
          [
            -99.23394,
            18.93168,
            0
          ],
          [
            -99.23396,
            18.93173,
            0
          ],
          [
            -99.23417,
            18.9321,
            0
          ],
          [
            -99.2342,
            18.93213,
            0
          ],
          [
            -99.23426,
            18.93217,
            0
          ],
          [
            -99.23432,
            18.9322,
            0
          ],
          [
            -99.23445,
            18.93223,
            0
          ],
          [
            -99.23456,
            18.93224,
            0
          ],
          [
            -99.23471,
            18.93221,
            0
          ],
          [
            -99.23484,
            18.93216,
            0
          ],
          [
            -99.23496,
            18.93209,
            0
          ],
          [
            -99.23501,
            18.93204,
            0
          ],
          [
            -99.23507,
            18.93196,
            0
          ],
          [
            -99.2351,
            18.93189,
            0
          ],
          [
            -99.23501,
            18.93064,
            0
          ],
          [
            -99.23504,
            18.93027,
            0
          ],
          [
            -99.23512,
            18.92986,
            0
          ],
          [
            -99.23513,
            18.92976,
            0
          ],
          [
            -99.23513,
            18.92958,
            0
          ],
          [
            -99.23504,
            18.92901,
            0
          ],
          [
            -99.23504,
            18.92891,
            0
          ],
          [
            -99.23506,
            18.92879,
            0
          ],
          [
            -99.23508,
            18.92874,
            0
          ],
          [
            -99.23513,
            18.92866,
            0
          ],
          [
            -99.23521,
            18.92859,
            0
          ],
          [
            -99.23537,
            18.92854,
            0
          ],
          [
            -99.23543,
            18.92854,
            0
          ],
          [
            -99.2355,
            18.92851,
            0
          ],
          [
            -99.23554,
            18.92853,
            0
          ],
          [
            -99.23555,
            18.92853,
            0
          ],
          [
            -99.23568,
            18.92863,
            0
          ],
          [
            -99.23574,
            18.92869,
            0
          ],
          [
            -99.23612,
            18.9292,
            0
          ],
          [
            -99.23626,
            18.92933,
            0
          ],
          [
            -99.23655,
            18.92956,
            0
          ],
          [
            -99.23711,
            18.9299,
            0
          ],
          [
            -99.23716,
            18.92991,
            0
          ],
          [
            -99.2373,
            18.92991,
            0
          ],
          [
            -99.23737,
            18.92989,
            0
          ],
          [
            -99.23754,
            18.92997,
            0
          ],
          [
            -99.23767,
            18.92983,
            0
          ],
          [
            -99.23773,
            18.92964,
            0
          ],
          [
            -99.23785,
            18.92946,
            0
          ],
          [
            -99.23784,
            18.92936,
            0
          ],
          [
            -99.23782,
            18.92927,
            0
          ],
          [
            -99.2378,
            18.92923,
            0
          ],
          [
            -99.23749,
            18.92898,
            0
          ],
          [
            -99.23741,
            18.9289,
            0
          ],
          [
            -99.23739,
            18.92887,
            0
          ],
          [
            -99.23738,
            18.92881,
            0
          ],
          [
            -99.23729,
            18.92748,
            0
          ],
          [
            -99.23735,
            18.92718,
            0
          ],
          [
            -99.23744,
            18.92697,
            0
          ],
          [
            -99.23739,
            18.9268,
            0
          ],
          [
            -99.2369,
            18.92574,
            0
          ],
          [
            -99.23656,
            18.92437,
            0
          ],
          [
            -99.23651,
            18.92426,
            0
          ],
          [
            -99.23561,
            18.92287,
            0
          ],
          [
            -99.23543,
            18.92267,
            0
          ],
          [
            -99.23532,
            18.92258,
            0
          ],
          [
            -99.23512,
            18.92113,
            0
          ],
          [
            -99.2351,
            18.92083,
            0
          ],
          [
            -99.23508,
            18.91889,
            0
          ],
          [
            -99.23511,
            18.91889,
            0
          ],
          [
            -99.23504,
            18.91577,
            0
          ],
          [
            -99.23488,
            18.91425,
            0
          ],
          [
            -99.23468,
            18.91353,
            0
          ],
          [
            -99.2346,
            18.91332,
            0
          ],
          [
            -99.23449,
            18.91311,
            0
          ],
          [
            -99.23434,
            18.9129,
            0
          ],
          [
            -99.23381,
            18.912,
            0
          ],
          [
            -99.23356,
            18.91152,
            0
          ],
          [
            -99.23313,
            18.91054,
            0
          ],
          [
            -99.23263,
            18.90919,
            0
          ],
          [
            -99.23249,
            18.90872,
            0
          ],
          [
            -99.23242,
            18.90853,
            0
          ],
          [
            -99.23217,
            18.9076,
            0
          ],
          [
            -99.2321,
            18.90707,
            0
          ],
          [
            -99.23219,
            18.90703,
            0
          ],
          [
            -99.23208,
            18.90682,
            0
          ],
          [
            -99.23206,
            18.90672,
            0
          ],
          [
            -99.23204,
            18.90666,
            0
          ],
          [
            -99.23187,
            18.90573,
            0
          ],
          [
            -99.23168,
            18.90438,
            0
          ],
          [
            -99.23141,
            18.90127,
            0
          ],
          [
            -99.23105,
            18.89993,
            0
          ],
          [
            -99.23033,
            18.89782,
            0
          ],
          [
            -99.22911,
            18.89519,
            0
          ],
          [
            -99.2291,
            18.89518,
            0
          ],
          [
            -99.22836,
            18.8935,
            0
          ],
          [
            -99.22836,
            18.89345,
            0
          ],
          [
            -99.22832,
            18.8933,
            0
          ],
          [
            -99.22832,
            18.89325,
            0
          ],
          [
            -99.2283,
            18.89318,
            0
          ],
          [
            -99.22818,
            18.89289,
            0
          ],
          [
            -99.22804,
            18.89234,
            0
          ],
          [
            -99.22797,
            18.89194,
            0
          ],
          [
            -99.22795,
            18.89168,
            0
          ],
          [
            -99.22796,
            18.89142,
            0
          ],
          [
            -99.22798,
            18.89127,
            0
          ],
          [
            -99.22804,
            18.89099,
            0
          ],
          [
            -99.22803,
            18.89094,
            0
          ],
          [
            -99.22803,
            18.89089,
            0
          ],
          [
            -99.22801,
            18.89081,
            0
          ],
          [
            -99.22825,
            18.89013,
            0
          ],
          [
            -99.22834,
            18.88994,
            0
          ],
          [
            -99.22847,
            18.88955,
            0
          ],
          [
            -99.22848,
            18.88954,
            0
          ],
          [
            -99.22894,
            18.88839,
            0
          ],
          [
            -99.22867,
            18.88735,
            0
          ],
          [
            -99.22858,
            18.88717,
            0
          ],
          [
            -99.22863,
            18.88519,
            0
          ],
          [
            -99.22862,
            18.88497,
            0
          ],
          [
            -99.2285,
            18.88399,
            0
          ],
          [
            -99.22798,
            18.88119,
            0
          ],
          [
            -99.22786,
            18.8804,
            0
          ],
          [
            -99.22745,
            18.87841,
            0
          ],
          [
            -99.22722,
            18.87779,
            0
          ],
          [
            -99.22714,
            18.87751,
            0
          ],
          [
            -99.22637,
            18.87549,
            0
          ],
          [
            -99.22622,
            18.87515,
            0
          ],
          [
            -99.22602,
            18.87457,
            0
          ],
          [
            -99.22573,
            18.87359,
            0
          ],
          [
            -99.2257,
            18.87352,
            0
          ],
          [
            -99.22566,
            18.87345,
            0
          ],
          [
            -99.22555,
            18.87331,
            0
          ],
          [
            -99.22545,
            18.87322,
            0
          ],
          [
            -99.2254,
            18.8732,
            0
          ],
          [
            -99.22531,
            18.87315,
            0
          ],
          [
            -99.22518,
            18.87312,
            0
          ],
          [
            -99.22507,
            18.87312,
            0
          ],
          [
            -99.22495,
            18.87314,
            0
          ],
          [
            -99.22411,
            18.87336,
            0
          ],
          [
            -99.22381,
            18.87338,
            0
          ],
          [
            -99.22297,
            18.8735,
            0
          ],
          [
            -99.22283,
            18.87356,
            0
          ],
          [
            -99.22276,
            18.8736,
            0
          ],
          [
            -99.22266,
            18.8737,
            0
          ],
          [
            -99.22261,
            18.87381,
            0
          ],
          [
            -99.22259,
            18.87388,
            0
          ],
          [
            -99.22251,
            18.87431,
            0
          ],
          [
            -99.22246,
            18.87476,
            0
          ],
          [
            -99.22245,
            18.87507,
            0
          ],
          [
            -99.2227,
            18.87577,
            0
          ],
          [
            -99.22273,
            18.8759,
            0
          ],
          [
            -99.22273,
            18.87593,
            0
          ],
          [
            -99.22276,
            18.8761,
            0
          ],
          [
            -99.22276,
            18.87626,
            0
          ],
          [
            -99.22277,
            18.87637,
            0
          ],
          [
            -99.22273,
            18.87686,
            0
          ],
          [
            -99.22268,
            18.87698,
            0
          ],
          [
            -99.22257,
            18.87688,
            0
          ],
          [
            -99.22251,
            18.8768,
            0
          ],
          [
            -99.22247,
            18.87671,
            0
          ],
          [
            -99.22239,
            18.87657,
            0
          ],
          [
            -99.22237,
            18.8765,
            0
          ],
          [
            -99.22231,
            18.87614,
            0
          ],
          [
            -99.22229,
            18.87609,
            0
          ],
          [
            -99.22225,
            18.87602,
            0
          ],
          [
            -99.22223,
            18.876,
            0
          ],
          [
            -99.2222,
            18.87595,
            0
          ],
          [
            -99.22183,
            18.87562,
            0
          ],
          [
            -99.22172,
            18.87556,
            0
          ],
          [
            -99.22171,
            18.87555,
            0
          ],
          [
            -99.22136,
            18.87544,
            0
          ],
          [
            -99.22081,
            18.87523,
            0
          ],
          [
            -99.22068,
            18.87521,
            0
          ],
          [
            -99.22012,
            18.87537,
            0
          ],
          [
            -99.22006,
            18.87534,
            0
          ],
          [
            -99.21991,
            18.87529,
            0
          ],
          [
            -99.21982,
            18.87522,
            0
          ],
          [
            -99.21971,
            18.87505,
            0
          ],
          [
            -99.21964,
            18.8749,
            0
          ],
          [
            -99.21962,
            18.87474,
            0
          ],
          [
            -99.21951,
            18.87447,
            0
          ],
          [
            -99.21911,
            18.87369,
            0
          ],
          [
            -99.21912,
            18.87368,
            0
          ],
          [
            -99.21913,
            18.87368,
            0
          ],
          [
            -99.21916,
            18.87365,
            0
          ],
          [
            -99.21916,
            18.87364,
            0
          ],
          [
            -99.21918,
            18.87362,
            0
          ],
          [
            -99.21919,
            18.87359,
            0
          ],
          [
            -99.21919,
            18.87356,
            0
          ],
          [
            -99.2192,
            18.87354,
            0
          ],
          [
            -99.2192,
            18.87351,
            0
          ],
          [
            -99.21919,
            18.87349,
            0
          ],
          [
            -99.21919,
            18.87346,
            0
          ],
          [
            -99.21916,
            18.87339,
            0
          ],
          [
            -99.21912,
            18.87335,
            0
          ],
          [
            -99.2191,
            18.87334,
            0
          ],
          [
            -99.21908,
            18.87332,
            0
          ],
          [
            -99.219,
            18.87329,
            0
          ],
          [
            -99.21898,
            18.87329,
            0
          ],
          [
            -99.21895,
            18.87328,
            0
          ],
          [
            -99.21892,
            18.87328,
            0
          ],
          [
            -99.21886,
            18.87317,
            0
          ],
          [
            -99.21864,
            18.87302,
            0
          ],
          [
            -99.21849,
            18.87288,
            0
          ],
          [
            -99.21844,
            18.87285,
            0
          ],
          [
            -99.2182,
            18.87274,
            0
          ],
          [
            -99.218,
            18.87269,
            0
          ],
          [
            -99.2178,
            18.87271,
            0
          ],
          [
            -99.2133,
            18.87376,
            0
          ],
          [
            -99.21279,
            18.87386,
            0
          ],
          [
            -99.2127,
            18.87392,
            0
          ],
          [
            -99.2127,
            18.8739,
            0
          ],
          [
            -99.21269,
            18.87389,
            0
          ],
          [
            -99.21269,
            18.87388,
            0
          ],
          [
            -99.21267,
            18.87386,
            0
          ],
          [
            -99.21266,
            18.87386,
            0
          ],
          [
            -99.21266,
            18.87385,
            0
          ],
          [
            -99.21265,
            18.87385,
            0
          ],
          [
            -99.21264,
            18.87384,
            0
          ],
          [
            -99.21257,
            18.87384,
            0
          ],
          [
            -99.21256,
            18.87385,
            0
          ],
          [
            -99.21255,
            18.87385,
            0
          ],
          [
            -99.21255,
            18.87386,
            0
          ],
          [
            -99.21254,
            18.87386,
            0
          ],
          [
            -99.21252,
            18.87388,
            0
          ],
          [
            -99.21252,
            18.8739,
            0
          ],
          [
            -99.21251,
            18.8739,
            0
          ],
          [
            -99.21251,
            18.87395,
            0
          ],
          [
            -99.21218,
            18.87427,
            0
          ],
          [
            -99.21195,
            18.87452,
            0
          ],
          [
            -99.21161,
            18.87476,
            0
          ],
          [
            -99.21119,
            18.87497,
            0
          ],
          [
            -99.21114,
            18.87498,
            0
          ],
          [
            -99.21104,
            18.87502,
            0
          ],
          [
            -99.21078,
            18.87509,
            0
          ],
          [
            -99.21051,
            18.87513,
            0
          ],
          [
            -99.21003,
            18.87514,
            0
          ],
          [
            -99.20994,
            18.87512,
            0
          ],
          [
            -99.20938,
            18.87507,
            0
          ],
          [
            -99.20875,
            18.87508,
            0
          ],
          [
            -99.2084,
            18.87514,
            0
          ],
          [
            -99.20742,
            18.87542,
            0
          ],
          [
            -99.20738,
            18.87544,
            0
          ],
          [
            -99.20692,
            18.87559,
            0
          ],
          [
            -99.20653,
            18.87568,
            0
          ],
          [
            -99.20622,
            18.87573,
            0
          ],
          [
            -99.20598,
            18.87573,
            0
          ],
          [
            -99.20568,
            18.87575,
            0
          ],
          [
            -99.2052,
            18.8757,
            0
          ],
          [
            -99.20468,
            18.87557,
            0
          ],
          [
            -99.20465,
            18.87557,
            0
          ],
          [
            -99.20442,
            18.87552,
            0
          ],
          [
            -99.20389,
            18.87546,
            0
          ],
          [
            -99.20388,
            18.87527,
            0
          ],
          [
            -99.20383,
            18.87503,
            0
          ],
          [
            -99.20379,
            18.87494,
            0
          ],
          [
            -99.20372,
            18.87482,
            0
          ],
          [
            -99.20364,
            18.87474,
            0
          ],
          [
            -99.2035,
            18.87457,
            0
          ],
          [
            -99.2033,
            18.87442,
            0
          ],
          [
            -99.20315,
            18.87424,
            0
          ],
          [
            -99.20285,
            18.87395,
            0
          ],
          [
            -99.2028,
            18.87392,
            0
          ],
          [
            -99.20276,
            18.87391,
            0
          ],
          [
            -99.20269,
            18.87391,
            0
          ],
          [
            -99.20227,
            18.87398,
            0
          ],
          [
            -99.20209,
            18.87405,
            0
          ],
          [
            -99.2019,
            18.87415,
            0
          ],
          [
            -99.20181,
            18.87421,
            0
          ],
          [
            -99.2016,
            18.87438,
            0
          ],
          [
            -99.20148,
            18.87452,
            0
          ],
          [
            -99.20137,
            18.87468,
            0
          ],
          [
            -99.20122,
            18.87504,
            0
          ],
          [
            -99.20116,
            18.87545,
            0
          ],
          [
            -99.20114,
            18.87553,
            0
          ],
          [
            -99.2011,
            18.87559,
            0
          ],
          [
            -99.20082,
            18.87586,
            0
          ],
          [
            -99.20077,
            18.87588,
            0
          ],
          [
            -99.20072,
            18.87589,
            0
          ],
          [
            -99.20043,
            18.87589,
            0
          ],
          [
            -99.20038,
            18.87588,
            0
          ],
          [
            -99.20022,
            18.87579,
            0
          ],
          [
            -99.19998,
            18.8756,
            0
          ],
          [
            -99.19989,
            18.87554,
            0
          ],
          [
            -99.19981,
            18.8755,
            0
          ],
          [
            -99.19973,
            18.87548,
            0
          ],
          [
            -99.19969,
            18.87548,
            0
          ],
          [
            -99.19965,
            18.87547,
            0
          ],
          [
            -99.19918,
            18.87547,
            0
          ],
          [
            -99.19868,
            18.87538,
            0
          ],
          [
            -99.19799,
            18.87529,
            0
          ],
          [
            -99.19792,
            18.87529,
            0
          ],
          [
            -99.19768,
            18.87525,
            0
          ],
          [
            -99.19745,
            18.87517,
            0
          ],
          [
            -99.19738,
            18.87513,
            0
          ],
          [
            -99.19732,
            18.87507,
            0
          ],
          [
            -99.19707,
            18.87487,
            0
          ],
          [
            -99.19629,
            18.87455,
            0
          ],
          [
            -99.19611,
            18.8745,
            0
          ],
          [
            -99.19579,
            18.87447,
            0
          ],
          [
            -99.19494,
            18.87452,
            0
          ],
          [
            -99.19482,
            18.87451,
            0
          ],
          [
            -99.19439,
            18.87434,
            0
          ],
          [
            -99.19418,
            18.87429,
            0
          ],
          [
            -99.19392,
            18.87427,
            0
          ],
          [
            -99.19377,
            18.87428,
            0
          ],
          [
            -99.19358,
            18.87431,
            0
          ],
          [
            -99.19329,
            18.87439,
            0
          ],
          [
            -99.19303,
            18.8745,
            0
          ],
          [
            -99.19294,
            18.87457,
            0
          ],
          [
            -99.19293,
            18.87457,
            0
          ],
          [
            -99.19283,
            18.87465,
            0
          ],
          [
            -99.19263,
            18.87478,
            0
          ],
          [
            -99.19268,
            18.87504,
            0
          ],
          [
            -99.19292,
            18.87586,
            0
          ],
          [
            -99.19292,
            18.87588,
            0
          ],
          [
            -99.19291,
            18.8759,
            0
          ],
          [
            -99.19291,
            18.87592,
            0
          ],
          [
            -99.19288,
            18.87595,
            0
          ],
          [
            -99.1928,
            18.87601,
            0
          ],
          [
            -99.19268,
            18.87608,
            0
          ],
          [
            -99.19259,
            18.87615,
            0
          ],
          [
            -99.19258,
            18.87615,
            0
          ],
          [
            -99.19252,
            18.87618,
            0
          ],
          [
            -99.19241,
            18.87621,
            0
          ],
          [
            -99.19184,
            18.87625,
            0
          ],
          [
            -99.19136,
            18.87624,
            0
          ],
          [
            -99.19129,
            18.87625,
            0
          ],
          [
            -99.19126,
            18.87628,
            0
          ],
          [
            -99.19123,
            18.87636,
            0
          ],
          [
            -99.19114,
            18.87705,
            0
          ],
          [
            -99.19111,
            18.87716,
            0
          ],
          [
            -99.19105,
            18.87725,
            0
          ],
          [
            -99.19102,
            18.87728,
            0
          ],
          [
            -99.19031,
            18.87758,
            0
          ],
          [
            -99.19026,
            18.87761,
            0
          ],
          [
            -99.19004,
            18.87769,
            0
          ],
          [
            -99.18955,
            18.87779,
            0
          ],
          [
            -99.18914,
            18.87799,
            0
          ],
          [
            -99.18904,
            18.87805,
            0
          ],
          [
            -99.18831,
            18.87837,
            0
          ],
          [
            -99.18823,
            18.87842,
            0
          ],
          [
            -99.18816,
            18.87848,
            0
          ],
          [
            -99.18813,
            18.87852,
            0
          ],
          [
            -99.18809,
            18.87866,
            0
          ],
          [
            -99.18806,
            18.87908,
            0
          ],
          [
            -99.18807,
            18.87972,
            0
          ],
          [
            -99.18804,
            18.87979,
            0
          ],
          [
            -99.18801,
            18.87982,
            0
          ],
          [
            -99.18747,
            18.88025,
            0
          ],
          [
            -99.1874,
            18.88033,
            0
          ],
          [
            -99.18737,
            18.88038,
            0
          ],
          [
            -99.18734,
            18.88045,
            0
          ],
          [
            -99.1873,
            18.88061,
            0
          ],
          [
            -99.1871,
            18.88188,
            0
          ],
          [
            -99.18706,
            18.88192,
            0
          ],
          [
            -99.18694,
            18.88201,
            0
          ],
          [
            -99.18679,
            18.88204,
            0
          ],
          [
            -99.18596,
            18.8819,
            0
          ],
          [
            -99.18563,
            18.88178,
            0
          ],
          [
            -99.1855,
            18.88176,
            0
          ],
          [
            -99.18522,
            18.88174,
            0
          ],
          [
            -99.18486,
            18.88177,
            0
          ],
          [
            -99.18472,
            18.8818,
            0
          ],
          [
            -99.18458,
            18.88186,
            0
          ],
          [
            -99.1842,
            18.88206,
            0
          ],
          [
            -99.1839,
            18.88218,
            0
          ],
          [
            -99.18345,
            18.88223,
            0
          ],
          [
            -99.18321,
            18.88224,
            0
          ],
          [
            -99.18228,
            18.88223,
            0
          ],
          [
            -99.18223,
            18.88224,
            0
          ],
          [
            -99.1818,
            18.88248,
            0
          ],
          [
            -99.1817,
            18.88256,
            0
          ],
          [
            -99.18158,
            18.8827,
            0
          ],
          [
            -99.18149,
            18.88283,
            0
          ],
          [
            -99.18144,
            18.88288,
            0
          ],
          [
            -99.18125,
            18.883,
            0
          ],
          [
            -99.18097,
            18.88312,
            0
          ],
          [
            -99.18085,
            18.88311,
            0
          ],
          [
            -99.18047,
            18.88302,
            0
          ],
          [
            -99.18049,
            18.88277,
            0
          ],
          [
            -99.18049,
            18.88259,
            0
          ],
          [
            -99.18019,
            18.88076,
            0
          ],
          [
            -99.18016,
            18.88067,
            0
          ],
          [
            -99.1801,
            18.88055,
            0
          ],
          [
            -99.17999,
            18.88041,
            0
          ],
          [
            -99.17888,
            18.87923,
            0
          ],
          [
            -99.17882,
            18.87927,
            0
          ],
          [
            -99.17861,
            18.87899,
            0
          ],
          [
            -99.17829,
            18.87861,
            0
          ],
          [
            -99.17339,
            18.87732,
            0
          ],
          [
            -99.17317,
            18.87721,
            0
          ],
          [
            -99.17299,
            18.87706,
            0
          ],
          [
            -99.17286,
            18.8769,
            0
          ],
          [
            -99.17276,
            18.8767,
            0
          ],
          [
            -99.17271,
            18.87655,
            0
          ],
          [
            -99.17269,
            18.87644,
            0
          ],
          [
            -99.17257,
            18.87366,
            0
          ],
          [
            -99.17261,
            18.87309,
            0
          ],
          [
            -99.17268,
            18.87274,
            0
          ],
          [
            -99.17282,
            18.87225,
            0
          ],
          [
            -99.17291,
            18.872,
            0
          ],
          [
            -99.17332,
            18.87102,
            0
          ],
          [
            -99.17218,
            18.87051,
            0
          ],
          [
            -99.17185,
            18.87033,
            0
          ],
          [
            -99.17264,
            18.86945,
            0
          ],
          [
            -99.17254,
            18.86938,
            0
          ],
          [
            -99.17278,
            18.86902,
            0
          ],
          [
            -99.17261,
            18.86881,
            0
          ],
          [
            -99.17237,
            18.86856,
            0
          ],
          [
            -99.17228,
            18.86851,
            0
          ],
          [
            -99.17185,
            18.86844,
            0
          ],
          [
            -99.17156,
            18.86831,
            0
          ],
          [
            -99.17121,
            18.86813,
            0
          ],
          [
            -99.17,
            18.86744,
            0
          ],
          [
            -99.16978,
            18.86733,
            0
          ],
          [
            -99.16968,
            18.86726,
            0
          ],
          [
            -99.16968,
            18.86717,
            0
          ],
          [
            -99.16969,
            18.86712,
            0
          ],
          [
            -99.16982,
            18.86681,
            0
          ],
          [
            -99.16983,
            18.86675,
            0
          ],
          [
            -99.16983,
            18.86669,
            0
          ],
          [
            -99.16982,
            18.86665,
            0
          ],
          [
            -99.1698,
            18.86661,
            0
          ],
          [
            -99.16976,
            18.86646,
            0
          ],
          [
            -99.16976,
            18.8664,
            0
          ],
          [
            -99.16977,
            18.86634,
            0
          ],
          [
            -99.16981,
            18.86625,
            0
          ],
          [
            -99.17006,
            18.86548,
            0
          ],
          [
            -99.17009,
            18.86535,
            0
          ],
          [
            -99.17009,
            18.86532,
            0
          ],
          [
            -99.17008,
            18.8653,
            0
          ],
          [
            -99.17005,
            18.86527,
            0
          ],
          [
            -99.16988,
            18.86516,
            0
          ],
          [
            -99.17018,
            18.86447,
            0
          ],
          [
            -99.17021,
            18.86444,
            0
          ],
          [
            -99.17026,
            18.86437,
            0
          ],
          [
            -99.17052,
            18.86374,
            0
          ],
          [
            -99.17052,
            18.86367,
            0
          ],
          [
            -99.17044,
            18.86351,
            0
          ],
          [
            -99.16992,
            18.86266,
            0
          ],
          [
            -99.16991,
            18.86265,
            0
          ],
          [
            -99.16991,
            18.86263,
            0
          ],
          [
            -99.16992,
            18.86259,
            0
          ],
          [
            -99.17006,
            18.86224,
            0
          ],
          [
            -99.17029,
            18.86234,
            0
          ],
          [
            -99.17083,
            18.86123,
            0
          ],
          [
            -99.17093,
            18.86082,
            0
          ],
          [
            -99.17098,
            18.86038,
            0
          ],
          [
            -99.17102,
            18.86017,
            0
          ],
          [
            -99.17102,
            18.86013,
            0
          ],
          [
            -99.17103,
            18.8601,
            0
          ],
          [
            -99.17108,
            18.86001,
            0
          ],
          [
            -99.17206,
            18.85895,
            0
          ],
          [
            -99.17249,
            18.85854,
            0
          ],
          [
            -99.17258,
            18.85847,
            0
          ],
          [
            -99.17262,
            18.85843,
            0
          ],
          [
            -99.17264,
            18.85839,
            0
          ],
          [
            -99.17266,
            18.85833,
            0
          ],
          [
            -99.17268,
            18.85818,
            0
          ],
          [
            -99.17268,
            18.85812,
            0
          ],
          [
            -99.17269,
            18.85806,
            0
          ],
          [
            -99.17273,
            18.85794,
            0
          ],
          [
            -99.17277,
            18.85788,
            0
          ],
          [
            -99.17283,
            18.85781,
            0
          ],
          [
            -99.1729,
            18.85778,
            0
          ],
          [
            -99.17353,
            18.85767,
            0
          ],
          [
            -99.17366,
            18.85772,
            0
          ],
          [
            -99.17427,
            18.85807,
            0
          ],
          [
            -99.17488,
            18.85846,
            0
          ],
          [
            -99.17534,
            18.85872,
            0
          ]
        ]
      },
      "properties": {
        "name": "1. COL. CUAUHTEMOC-CHAMILPA-JIUTEPEC-COL. FRANCISCO VILLA",
        "description": {
          "@type": "html",
          "value": "descripción: <br>OID: 113<br>ZONA: CENTRO<br>RUTA: RUTA 18<br>ITINERARIO: 1. COL. CUAUHTEMOC-CHAMILPA-JIUTEPEC-COL. FRANCISCO VILLA<br>DESCRIPCIO: COL. CUAUHTEMOC-COL. FRANCISCO VILLA<br>AUTO-AMPL: ITINERARIO<br>DEFIN-PROV: DEFINITIVOS<br>DURACION: DEFINITIVA<br>FOLIO: SGG/DGT/SDP/000320/97<br>SGG/DGTT/SJ/747/99"
        },
        "styleUrl": "#line-AFB42B-1200",
        "stroke-opacity": 1,
        "stroke": "#afb42b",
        "stroke-width": 1.2,
        "descripción": "",
        "OID": "113",
        "ZONA": "CENTRO",
        "RUTA": "RUTA 18",
        "ITINERARIO": "1. COL. CUAUHTEMOC-CHAMILPA-JIUTEPEC-COL. FRANCISCO VILLA",
        "DESCRIPCIO": "COL. CUAUHTEMOC-COL. FRANCISCO VILLA",
        "AUTO-AMPL": "ITINERARIO",
        "DEFIN-PROV": "DEFINITIVOS",
        "DURACION": "DEFINITIVA",
        "FOLIO": "SGG/DGT/SDP/000320/97\nSGG/DGTT/SJ/747/99"
      }
    },
    {
      "type": "Feature",
      "geometry": {
        "type": "LineString",
        "coordinates": [
          [
            -99.17542,
            18.85876,
            0
          ],
          [
            -99.17488,
            18.85846,
            0
          ],
          [
            -99.17427,
            18.85807,
            0
          ],
          [
            -99.17366,
            18.85772,
            0
          ],
          [
            -99.17353,
            18.85767,
            0
          ],
          [
            -99.1729,
            18.85778,
            0
          ],
          [
            -99.17283,
            18.85781,
            0
          ],
          [
            -99.17277,
            18.85788,
            0
          ],
          [
            -99.17273,
            18.85794,
            0
          ],
          [
            -99.17269,
            18.85806,
            0
          ],
          [
            -99.17268,
            18.85812,
            0
          ],
          [
            -99.17268,
            18.85818,
            0
          ],
          [
            -99.17266,
            18.85833,
            0
          ],
          [
            -99.17264,
            18.85839,
            0
          ],
          [
            -99.17262,
            18.85843,
            0
          ],
          [
            -99.17258,
            18.85847,
            0
          ],
          [
            -99.17249,
            18.85854,
            0
          ],
          [
            -99.17206,
            18.85895,
            0
          ],
          [
            -99.17108,
            18.86001,
            0
          ],
          [
            -99.17103,
            18.8601,
            0
          ],
          [
            -99.17102,
            18.86013,
            0
          ],
          [
            -99.17102,
            18.86017,
            0
          ],
          [
            -99.17098,
            18.86038,
            0
          ],
          [
            -99.17093,
            18.86082,
            0
          ],
          [
            -99.17083,
            18.86123,
            0
          ],
          [
            -99.17029,
            18.86234,
            0
          ],
          [
            -99.17006,
            18.86224,
            0
          ],
          [
            -99.16992,
            18.86259,
            0
          ],
          [
            -99.16991,
            18.86263,
            0
          ],
          [
            -99.16991,
            18.86265,
            0
          ],
          [
            -99.16992,
            18.86266,
            0
          ],
          [
            -99.17044,
            18.86351,
            0
          ],
          [
            -99.17052,
            18.86367,
            0
          ],
          [
            -99.17052,
            18.86374,
            0
          ],
          [
            -99.17026,
            18.86437,
            0
          ],
          [
            -99.17021,
            18.86444,
            0
          ],
          [
            -99.17018,
            18.86447,
            0
          ],
          [
            -99.16988,
            18.86516,
            0
          ],
          [
            -99.17005,
            18.86527,
            0
          ],
          [
            -99.17008,
            18.8653,
            0
          ],
          [
            -99.17009,
            18.86532,
            0
          ],
          [
            -99.17009,
            18.86535,
            0
          ],
          [
            -99.17006,
            18.86548,
            0
          ],
          [
            -99.16981,
            18.86625,
            0
          ],
          [
            -99.16977,
            18.86634,
            0
          ],
          [
            -99.16976,
            18.8664,
            0
          ],
          [
            -99.16976,
            18.86646,
            0
          ],
          [
            -99.1698,
            18.86661,
            0
          ],
          [
            -99.16982,
            18.86665,
            0
          ],
          [
            -99.16983,
            18.86669,
            0
          ],
          [
            -99.16983,
            18.86675,
            0
          ],
          [
            -99.16982,
            18.86681,
            0
          ],
          [
            -99.16969,
            18.86712,
            0
          ],
          [
            -99.16968,
            18.86717,
            0
          ],
          [
            -99.16968,
            18.86726,
            0
          ],
          [
            -99.16978,
            18.86733,
            0
          ],
          [
            -99.17,
            18.86744,
            0
          ],
          [
            -99.17121,
            18.86813,
            0
          ],
          [
            -99.17156,
            18.86831,
            0
          ],
          [
            -99.17185,
            18.86844,
            0
          ],
          [
            -99.17205,
            18.86848,
            0
          ],
          [
            -99.17228,
            18.86851,
            0
          ],
          [
            -99.17237,
            18.86856,
            0
          ],
          [
            -99.17261,
            18.86881,
            0
          ],
          [
            -99.17278,
            18.86902,
            0
          ],
          [
            -99.17254,
            18.86938,
            0
          ],
          [
            -99.17264,
            18.86945,
            0
          ],
          [
            -99.17185,
            18.87033,
            0
          ],
          [
            -99.17218,
            18.87051,
            0
          ],
          [
            -99.17332,
            18.87102,
            0
          ],
          [
            -99.17291,
            18.872,
            0
          ],
          [
            -99.17282,
            18.87225,
            0
          ],
          [
            -99.17268,
            18.87274,
            0
          ],
          [
            -99.17261,
            18.87309,
            0
          ],
          [
            -99.17259,
            18.87327,
            0
          ],
          [
            -99.17257,
            18.87366,
            0
          ],
          [
            -99.17269,
            18.87644,
            0
          ],
          [
            -99.17271,
            18.87655,
            0
          ],
          [
            -99.17276,
            18.8767,
            0
          ],
          [
            -99.17286,
            18.8769,
            0
          ],
          [
            -99.17299,
            18.87706,
            0
          ],
          [
            -99.17317,
            18.87721,
            0
          ],
          [
            -99.17334,
            18.8773,
            0
          ],
          [
            -99.17339,
            18.87732,
            0
          ],
          [
            -99.17467,
            18.87766,
            0
          ],
          [
            -99.17313,
            18.88203,
            0
          ],
          [
            -99.17458,
            18.88248,
            0
          ],
          [
            -99.1754,
            18.88276,
            0
          ],
          [
            -99.17631,
            18.88303,
            0
          ],
          [
            -99.17736,
            18.88338,
            0
          ],
          [
            -99.17765,
            18.88346,
            0
          ],
          [
            -99.17802,
            18.8824,
            0
          ],
          [
            -99.17808,
            18.88245,
            0
          ],
          [
            -99.1786,
            18.88261,
            0
          ],
          [
            -99.17947,
            18.88283,
            0
          ],
          [
            -99.1795,
            18.88283,
            0
          ],
          [
            -99.18005,
            18.88292,
            0
          ],
          [
            -99.18085,
            18.88311,
            0
          ],
          [
            -99.18097,
            18.88312,
            0
          ],
          [
            -99.18125,
            18.883,
            0
          ],
          [
            -99.18144,
            18.88288,
            0
          ],
          [
            -99.18149,
            18.88283,
            0
          ],
          [
            -99.18158,
            18.8827,
            0
          ],
          [
            -99.1817,
            18.88256,
            0
          ],
          [
            -99.1818,
            18.88248,
            0
          ],
          [
            -99.18223,
            18.88224,
            0
          ],
          [
            -99.18228,
            18.88223,
            0
          ],
          [
            -99.18321,
            18.88224,
            0
          ],
          [
            -99.18345,
            18.88223,
            0
          ],
          [
            -99.1839,
            18.88218,
            0
          ],
          [
            -99.1842,
            18.88206,
            0
          ],
          [
            -99.18458,
            18.88186,
            0
          ],
          [
            -99.18472,
            18.8818,
            0
          ],
          [
            -99.18486,
            18.88177,
            0
          ],
          [
            -99.18522,
            18.88174,
            0
          ],
          [
            -99.1855,
            18.88176,
            0
          ],
          [
            -99.18563,
            18.88178,
            0
          ],
          [
            -99.18596,
            18.8819,
            0
          ],
          [
            -99.18679,
            18.88204,
            0
          ],
          [
            -99.18694,
            18.88201,
            0
          ],
          [
            -99.18706,
            18.88192,
            0
          ],
          [
            -99.1871,
            18.88188,
            0
          ],
          [
            -99.1873,
            18.88061,
            0
          ],
          [
            -99.18734,
            18.88045,
            0
          ],
          [
            -99.18737,
            18.88038,
            0
          ],
          [
            -99.1874,
            18.88033,
            0
          ],
          [
            -99.18747,
            18.88025,
            0
          ],
          [
            -99.18801,
            18.87982,
            0
          ],
          [
            -99.18804,
            18.87979,
            0
          ],
          [
            -99.18807,
            18.87972,
            0
          ],
          [
            -99.18806,
            18.87908,
            0
          ],
          [
            -99.18809,
            18.87866,
            0
          ],
          [
            -99.18813,
            18.87852,
            0
          ],
          [
            -99.18816,
            18.87848,
            0
          ],
          [
            -99.18823,
            18.87842,
            0
          ],
          [
            -99.18831,
            18.87837,
            0
          ],
          [
            -99.18904,
            18.87805,
            0
          ],
          [
            -99.18914,
            18.87799,
            0
          ],
          [
            -99.18955,
            18.87779,
            0
          ],
          [
            -99.19004,
            18.87769,
            0
          ],
          [
            -99.19026,
            18.87761,
            0
          ],
          [
            -99.19031,
            18.87758,
            0
          ],
          [
            -99.19102,
            18.87728,
            0
          ],
          [
            -99.19105,
            18.87725,
            0
          ],
          [
            -99.19111,
            18.87716,
            0
          ],
          [
            -99.19114,
            18.87705,
            0
          ],
          [
            -99.19123,
            18.87636,
            0
          ],
          [
            -99.19126,
            18.87628,
            0
          ],
          [
            -99.19129,
            18.87625,
            0
          ],
          [
            -99.19136,
            18.87624,
            0
          ],
          [
            -99.19184,
            18.87625,
            0
          ],
          [
            -99.19241,
            18.87621,
            0
          ],
          [
            -99.19252,
            18.87618,
            0
          ],
          [
            -99.19258,
            18.87615,
            0
          ],
          [
            -99.19259,
            18.87615,
            0
          ],
          [
            -99.19268,
            18.87608,
            0
          ],
          [
            -99.1928,
            18.87601,
            0
          ],
          [
            -99.19288,
            18.87595,
            0
          ],
          [
            -99.19291,
            18.87592,
            0
          ],
          [
            -99.19291,
            18.8759,
            0
          ],
          [
            -99.19292,
            18.87588,
            0
          ],
          [
            -99.19292,
            18.87586,
            0
          ],
          [
            -99.19268,
            18.87504,
            0
          ],
          [
            -99.19263,
            18.87478,
            0
          ],
          [
            -99.19283,
            18.87465,
            0
          ],
          [
            -99.19293,
            18.87457,
            0
          ],
          [
            -99.19294,
            18.87457,
            0
          ],
          [
            -99.19303,
            18.8745,
            0
          ],
          [
            -99.19329,
            18.87439,
            0
          ],
          [
            -99.19358,
            18.87431,
            0
          ],
          [
            -99.19377,
            18.87428,
            0
          ],
          [
            -99.19392,
            18.87427,
            0
          ],
          [
            -99.19418,
            18.87429,
            0
          ],
          [
            -99.19439,
            18.87434,
            0
          ],
          [
            -99.19482,
            18.87451,
            0
          ],
          [
            -99.19494,
            18.87452,
            0
          ],
          [
            -99.19579,
            18.87447,
            0
          ],
          [
            -99.19611,
            18.8745,
            0
          ],
          [
            -99.19629,
            18.87455,
            0
          ],
          [
            -99.19707,
            18.87487,
            0
          ],
          [
            -99.19732,
            18.87507,
            0
          ],
          [
            -99.19738,
            18.87513,
            0
          ],
          [
            -99.19745,
            18.87517,
            0
          ],
          [
            -99.19768,
            18.87525,
            0
          ],
          [
            -99.19792,
            18.87529,
            0
          ],
          [
            -99.19799,
            18.87529,
            0
          ],
          [
            -99.19868,
            18.87538,
            0
          ],
          [
            -99.19886,
            18.87542,
            0
          ],
          [
            -99.19918,
            18.87547,
            0
          ],
          [
            -99.19965,
            18.87547,
            0
          ],
          [
            -99.19969,
            18.87548,
            0
          ],
          [
            -99.19973,
            18.87548,
            0
          ],
          [
            -99.19976,
            18.87549,
            0
          ],
          [
            -99.19977,
            18.87549,
            0
          ],
          [
            -99.19981,
            18.8755,
            0
          ],
          [
            -99.19989,
            18.87554,
            0
          ],
          [
            -99.19998,
            18.8756,
            0
          ],
          [
            -99.20022,
            18.87579,
            0
          ],
          [
            -99.20038,
            18.87588,
            0
          ],
          [
            -99.20043,
            18.87589,
            0
          ],
          [
            -99.20072,
            18.87589,
            0
          ],
          [
            -99.20077,
            18.87588,
            0
          ],
          [
            -99.20082,
            18.87586,
            0
          ],
          [
            -99.2011,
            18.87559,
            0
          ],
          [
            -99.20114,
            18.87553,
            0
          ],
          [
            -99.20116,
            18.87545,
            0
          ],
          [
            -99.20122,
            18.87504,
            0
          ],
          [
            -99.2013,
            18.87483,
            0
          ],
          [
            -99.20137,
            18.87468,
            0
          ],
          [
            -99.20148,
            18.87452,
            0
          ],
          [
            -99.2016,
            18.87438,
            0
          ],
          [
            -99.20181,
            18.87421,
            0
          ],
          [
            -99.2019,
            18.87415,
            0
          ],
          [
            -99.20209,
            18.87405,
            0
          ],
          [
            -99.20227,
            18.87398,
            0
          ],
          [
            -99.20269,
            18.87391,
            0
          ],
          [
            -99.20276,
            18.87391,
            0
          ],
          [
            -99.2028,
            18.87392,
            0
          ],
          [
            -99.20285,
            18.87395,
            0
          ],
          [
            -99.20315,
            18.87424,
            0
          ],
          [
            -99.2033,
            18.87442,
            0
          ],
          [
            -99.2035,
            18.87457,
            0
          ],
          [
            -99.20364,
            18.87474,
            0
          ],
          [
            -99.20372,
            18.87482,
            0
          ],
          [
            -99.20379,
            18.87494,
            0
          ],
          [
            -99.20383,
            18.87503,
            0
          ],
          [
            -99.20388,
            18.87527,
            0
          ],
          [
            -99.20389,
            18.87546,
            0
          ],
          [
            -99.20388,
            18.87562,
            0
          ],
          [
            -99.20418,
            18.87563,
            0
          ],
          [
            -99.20452,
            18.87568,
            0
          ],
          [
            -99.20518,
            18.87583,
            0
          ],
          [
            -99.20544,
            18.87587,
            0
          ],
          [
            -99.20568,
            18.87589,
            0
          ],
          [
            -99.20617,
            18.87588,
            0
          ],
          [
            -99.20674,
            18.87579,
            0
          ],
          [
            -99.20691,
            18.87575,
            0
          ],
          [
            -99.20813,
            18.87536,
            0
          ],
          [
            -99.20839,
            18.87529,
            0
          ],
          [
            -99.20883,
            18.87522,
            0
          ],
          [
            -99.20928,
            18.87521,
            0
          ],
          [
            -99.20947,
            18.87522,
            0
          ],
          [
            -99.21002,
            18.87528,
            0
          ],
          [
            -99.21046,
            18.87528,
            0
          ],
          [
            -99.21105,
            18.87518,
            0
          ],
          [
            -99.21126,
            18.8751,
            0
          ],
          [
            -99.21161,
            18.87493,
            0
          ],
          [
            -99.21193,
            18.87473,
            0
          ],
          [
            -99.21229,
            18.8744,
            0
          ],
          [
            -99.21264,
            18.87401,
            0
          ],
          [
            -99.21265,
            18.87401,
            0
          ],
          [
            -99.21266,
            18.874,
            0
          ],
          [
            -99.21267,
            18.874,
            0
          ],
          [
            -99.21267,
            18.87399,
            0
          ],
          [
            -99.21268,
            18.87399,
            0
          ],
          [
            -99.21268,
            18.87398,
            0
          ],
          [
            -99.21269,
            18.87398,
            0
          ],
          [
            -99.21269,
            18.87396,
            0
          ],
          [
            -99.2127,
            18.87396,
            0
          ],
          [
            -99.2127,
            18.87392,
            0
          ],
          [
            -99.21279,
            18.87386,
            0
          ],
          [
            -99.2133,
            18.87376,
            0
          ],
          [
            -99.2178,
            18.87271,
            0
          ],
          [
            -99.21796,
            18.87269,
            0
          ],
          [
            -99.218,
            18.87269,
            0
          ],
          [
            -99.2182,
            18.87274,
            0
          ],
          [
            -99.21844,
            18.87285,
            0
          ],
          [
            -99.21849,
            18.87288,
            0
          ],
          [
            -99.21864,
            18.87302,
            0
          ],
          [
            -99.21876,
            18.87335,
            0
          ],
          [
            -99.21874,
            18.87338,
            0
          ],
          [
            -99.2187,
            18.87347,
            0
          ],
          [
            -99.2187,
            18.87354,
            0
          ],
          [
            -99.21871,
            18.87357,
            0
          ],
          [
            -99.21871,
            18.87359,
            0
          ],
          [
            -99.21875,
            18.87366,
            0
          ],
          [
            -99.21877,
            18.87368,
            0
          ],
          [
            -99.21879,
            18.87369,
            0
          ],
          [
            -99.21881,
            18.87371,
            0
          ],
          [
            -99.21888,
            18.87374,
            0
          ],
          [
            -99.21891,
            18.87374,
            0
          ],
          [
            -99.21893,
            18.87375,
            0
          ],
          [
            -99.21898,
            18.87375,
            0
          ],
          [
            -99.21944,
            18.87464,
            0
          ],
          [
            -99.21953,
            18.87478,
            0
          ],
          [
            -99.21964,
            18.8749,
            0
          ],
          [
            -99.21971,
            18.87505,
            0
          ],
          [
            -99.21982,
            18.87522,
            0
          ],
          [
            -99.21991,
            18.87529,
            0
          ],
          [
            -99.22006,
            18.87534,
            0
          ],
          [
            -99.22012,
            18.87537,
            0
          ],
          [
            -99.22068,
            18.87521,
            0
          ],
          [
            -99.22081,
            18.87523,
            0
          ],
          [
            -99.22136,
            18.87544,
            0
          ],
          [
            -99.22171,
            18.87555,
            0
          ],
          [
            -99.22172,
            18.87556,
            0
          ],
          [
            -99.22183,
            18.87562,
            0
          ],
          [
            -99.2222,
            18.87595,
            0
          ],
          [
            -99.22223,
            18.876,
            0
          ],
          [
            -99.22225,
            18.87602,
            0
          ],
          [
            -99.22229,
            18.87609,
            0
          ],
          [
            -99.22231,
            18.87614,
            0
          ],
          [
            -99.22237,
            18.8765,
            0
          ],
          [
            -99.22239,
            18.87657,
            0
          ],
          [
            -99.22247,
            18.87671,
            0
          ],
          [
            -99.22251,
            18.8768,
            0
          ],
          [
            -99.22257,
            18.87688,
            0
          ],
          [
            -99.22263,
            18.87694,
            0
          ],
          [
            -99.22268,
            18.87698,
            0
          ],
          [
            -99.22273,
            18.87686,
            0
          ],
          [
            -99.22277,
            18.87637,
            0
          ],
          [
            -99.22276,
            18.87626,
            0
          ],
          [
            -99.22276,
            18.8761,
            0
          ],
          [
            -99.22273,
            18.87593,
            0
          ],
          [
            -99.22273,
            18.8759,
            0
          ],
          [
            -99.2227,
            18.87577,
            0
          ],
          [
            -99.22245,
            18.87507,
            0
          ],
          [
            -99.22246,
            18.87476,
            0
          ],
          [
            -99.22251,
            18.87431,
            0
          ],
          [
            -99.22259,
            18.87388,
            0
          ],
          [
            -99.22261,
            18.87381,
            0
          ],
          [
            -99.22266,
            18.8737,
            0
          ],
          [
            -99.22276,
            18.8736,
            0
          ],
          [
            -99.22283,
            18.87356,
            0
          ],
          [
            -99.22297,
            18.8735,
            0
          ],
          [
            -99.22381,
            18.87338,
            0
          ],
          [
            -99.22411,
            18.87336,
            0
          ],
          [
            -99.22495,
            18.87314,
            0
          ],
          [
            -99.22507,
            18.87312,
            0
          ],
          [
            -99.22518,
            18.87312,
            0
          ],
          [
            -99.22531,
            18.87315,
            0
          ],
          [
            -99.2254,
            18.8732,
            0
          ],
          [
            -99.22545,
            18.87322,
            0
          ],
          [
            -99.22555,
            18.87331,
            0
          ],
          [
            -99.22566,
            18.87345,
            0
          ],
          [
            -99.2257,
            18.87352,
            0
          ],
          [
            -99.22573,
            18.87359,
            0
          ],
          [
            -99.22602,
            18.87457,
            0
          ],
          [
            -99.22622,
            18.87515,
            0
          ],
          [
            -99.22637,
            18.87549,
            0
          ],
          [
            -99.22714,
            18.87751,
            0
          ],
          [
            -99.22722,
            18.87779,
            0
          ],
          [
            -99.22745,
            18.87841,
            0
          ],
          [
            -99.22786,
            18.8804,
            0
          ],
          [
            -99.22798,
            18.88119,
            0
          ],
          [
            -99.2285,
            18.88399,
            0
          ],
          [
            -99.22862,
            18.88497,
            0
          ],
          [
            -99.22863,
            18.88519,
            0
          ],
          [
            -99.22858,
            18.88717,
            0
          ],
          [
            -99.22854,
            18.8875,
            0
          ],
          [
            -99.22849,
            18.88768,
            0
          ],
          [
            -99.2283,
            18.88798,
            0
          ],
          [
            -99.22827,
            18.8882,
            0
          ],
          [
            -99.22827,
            18.88868,
            0
          ],
          [
            -99.22822,
            18.88909,
            0
          ],
          [
            -99.22821,
            18.8893,
            0
          ],
          [
            -99.22825,
            18.8896,
            0
          ],
          [
            -99.22818,
            18.88979,
            0
          ],
          [
            -99.22798,
            18.89017,
            0
          ],
          [
            -99.22789,
            18.8903,
            0
          ],
          [
            -99.22774,
            18.89048,
            0
          ],
          [
            -99.22771,
            18.89057,
            0
          ],
          [
            -99.22762,
            18.89072,
            0
          ],
          [
            -99.22749,
            18.89088,
            0
          ],
          [
            -99.22733,
            18.89104,
            0
          ],
          [
            -99.22691,
            18.89157,
            0
          ],
          [
            -99.22688,
            18.89163,
            0
          ],
          [
            -99.22685,
            18.89178,
            0
          ],
          [
            -99.22685,
            18.89183,
            0
          ],
          [
            -99.22689,
            18.892,
            0
          ],
          [
            -99.227,
            18.89214,
            0
          ],
          [
            -99.22738,
            18.89238,
            0
          ],
          [
            -99.22739,
            18.89238,
            0
          ],
          [
            -99.22781,
            18.89265,
            0
          ],
          [
            -99.22798,
            18.89281,
            0
          ],
          [
            -99.22809,
            18.89298,
            0
          ],
          [
            -99.22819,
            18.89318,
            0
          ],
          [
            -99.22826,
            18.89336,
            0
          ],
          [
            -99.22831,
            18.89346,
            0
          ],
          [
            -99.22833,
            18.89347,
            0
          ],
          [
            -99.22836,
            18.8935,
            0
          ],
          [
            -99.2291,
            18.89518,
            0
          ],
          [
            -99.22911,
            18.89519,
            0
          ],
          [
            -99.23033,
            18.89782,
            0
          ],
          [
            -99.23105,
            18.89993,
            0
          ],
          [
            -99.23141,
            18.90127,
            0
          ],
          [
            -99.23168,
            18.90438,
            0
          ],
          [
            -99.23187,
            18.90573,
            0
          ],
          [
            -99.23204,
            18.90666,
            0
          ],
          [
            -99.23206,
            18.90672,
            0
          ],
          [
            -99.23208,
            18.90682,
            0
          ],
          [
            -99.23263,
            18.90787,
            0
          ],
          [
            -99.23561,
            18.91299,
            0
          ],
          [
            -99.23613,
            18.91422,
            0
          ],
          [
            -99.2365,
            18.91495,
            0
          ],
          [
            -99.23701,
            18.91604,
            0
          ],
          [
            -99.23709,
            18.91654,
            0
          ],
          [
            -99.2371,
            18.91656,
            0
          ],
          [
            -99.23712,
            18.91707,
            0
          ],
          [
            -99.23715,
            18.91724,
            0
          ],
          [
            -99.23727,
            18.91875,
            0
          ],
          [
            -99.23727,
            18.91886,
            0
          ],
          [
            -99.23738,
            18.9196,
            0
          ],
          [
            -99.23747,
            18.92059,
            0
          ],
          [
            -99.2377,
            18.92204,
            0
          ],
          [
            -99.23801,
            18.92446,
            0
          ],
          [
            -99.23833,
            18.9266,
            0
          ],
          [
            -99.23836,
            18.92719,
            0
          ],
          [
            -99.23839,
            18.92748,
            0
          ],
          [
            -99.23858,
            18.92875,
            0
          ],
          [
            -99.23836,
            18.92885,
            0
          ],
          [
            -99.2383,
            18.92887,
            0
          ],
          [
            -99.23785,
            18.92892,
            0
          ],
          [
            -99.2378,
            18.92894,
            0
          ],
          [
            -99.23778,
            18.92896,
            0
          ],
          [
            -99.23776,
            18.92902,
            0
          ],
          [
            -99.23778,
            18.92907,
            0
          ],
          [
            -99.2378,
            18.9291,
            0
          ],
          [
            -99.23784,
            18.92914,
            0
          ],
          [
            -99.2379,
            18.92917,
            0
          ],
          [
            -99.23801,
            18.92921,
            0
          ],
          [
            -99.23808,
            18.92925,
            0
          ],
          [
            -99.2381,
            18.92929,
            0
          ],
          [
            -99.2381,
            18.92937,
            0
          ],
          [
            -99.23808,
            18.92939,
            0
          ],
          [
            -99.23805,
            18.92941,
            0
          ],
          [
            -99.23794,
            18.92946,
            0
          ],
          [
            -99.23785,
            18.92946,
            0
          ],
          [
            -99.23784,
            18.92936,
            0
          ],
          [
            -99.23782,
            18.92927,
            0
          ],
          [
            -99.2378,
            18.92923,
            0
          ],
          [
            -99.23749,
            18.92898,
            0
          ],
          [
            -99.23741,
            18.9289,
            0
          ],
          [
            -99.23739,
            18.92887,
            0
          ],
          [
            -99.23738,
            18.92881,
            0
          ],
          [
            -99.23724,
            18.92698,
            0
          ],
          [
            -99.23722,
            18.92694,
            0
          ],
          [
            -99.23635,
            18.92615,
            0
          ],
          [
            -99.23625,
            18.92604,
            0
          ],
          [
            -99.23606,
            18.92586,
            0
          ],
          [
            -99.23574,
            18.92468,
            0
          ],
          [
            -99.23528,
            18.92472,
            0
          ],
          [
            -99.2352,
            18.92472,
            0
          ],
          [
            -99.23523,
            18.92478,
            0
          ],
          [
            -99.23529,
            18.92496,
            0
          ],
          [
            -99.23553,
            18.92596,
            0
          ],
          [
            -99.23568,
            18.9264,
            0
          ],
          [
            -99.23594,
            18.92684,
            0
          ],
          [
            -99.23598,
            18.92693,
            0
          ],
          [
            -99.23634,
            18.92751,
            0
          ],
          [
            -99.23651,
            18.92789,
            0
          ],
          [
            -99.23652,
            18.92793,
            0
          ],
          [
            -99.23652,
            18.92802,
            0
          ],
          [
            -99.2365,
            18.92814,
            0
          ],
          [
            -99.23647,
            18.92819,
            0
          ],
          [
            -99.23641,
            18.92824,
            0
          ],
          [
            -99.23629,
            18.92828,
            0
          ],
          [
            -99.23624,
            18.92828,
            0
          ],
          [
            -99.23619,
            18.92829,
            0
          ],
          [
            -99.23613,
            18.92828,
            0
          ],
          [
            -99.23611,
            18.92827,
            0
          ],
          [
            -99.23609,
            18.92825,
            0
          ],
          [
            -99.23606,
            18.92823,
            0
          ],
          [
            -99.23589,
            18.928,
            0
          ],
          [
            -99.23583,
            18.92795,
            0
          ],
          [
            -99.23568,
            18.92787,
            0
          ],
          [
            -99.23559,
            18.92785,
            0
          ],
          [
            -99.23554,
            18.92785,
            0
          ],
          [
            -99.23543,
            18.92789,
            0
          ],
          [
            -99.23527,
            18.92798,
            0
          ],
          [
            -99.23519,
            18.92804,
            0
          ],
          [
            -99.23471,
            18.92832,
            0
          ],
          [
            -99.23459,
            18.92843,
            0
          ],
          [
            -99.23456,
            18.92847,
            0
          ],
          [
            -99.23454,
            18.92851,
            0
          ],
          [
            -99.23435,
            18.9291,
            0
          ],
          [
            -99.23428,
            18.92945,
            0
          ],
          [
            -99.23425,
            18.92991,
            0
          ],
          [
            -99.2342,
            18.93014,
            0
          ],
          [
            -99.23405,
            18.93039,
            0
          ],
          [
            -99.23298,
            18.93076,
            0
          ],
          [
            -99.23294,
            18.93078,
            0
          ],
          [
            -99.23284,
            18.93081,
            0
          ],
          [
            -99.23286,
            18.93086,
            0
          ],
          [
            -99.23286,
            18.93088,
            0
          ],
          [
            -99.23237,
            18.93182,
            0
          ],
          [
            -99.23237,
            18.93183,
            0
          ],
          [
            -99.23233,
            18.93191,
            0
          ],
          [
            -99.23228,
            18.93204,
            0
          ],
          [
            -99.23288,
            18.93206,
            0
          ],
          [
            -99.23295,
            18.93208,
            0
          ],
          [
            -99.23303,
            18.93209,
            0
          ],
          [
            -99.23328,
            18.93221,
            0
          ],
          [
            -99.23337,
            18.93227,
            0
          ],
          [
            -99.23347,
            18.93235,
            0
          ],
          [
            -99.23366,
            18.93257,
            0
          ],
          [
            -99.23394,
            18.93332,
            0
          ],
          [
            -99.23402,
            18.93344,
            0
          ],
          [
            -99.23415,
            18.9336,
            0
          ],
          [
            -99.23498,
            18.9343,
            0
          ],
          [
            -99.23452,
            18.93487,
            0
          ],
          [
            -99.23451,
            18.93489,
            0
          ],
          [
            -99.23384,
            18.93572,
            0
          ],
          [
            -99.23377,
            18.93584,
            0
          ],
          [
            -99.23375,
            18.93589,
            0
          ],
          [
            -99.23372,
            18.93606,
            0
          ],
          [
            -99.23373,
            18.93618,
            0
          ],
          [
            -99.23378,
            18.93641,
            0
          ],
          [
            -99.23385,
            18.93663,
            0
          ],
          [
            -99.23404,
            18.93751,
            0
          ],
          [
            -99.23408,
            18.9376,
            0
          ],
          [
            -99.23422,
            18.93773,
            0
          ],
          [
            -99.23444,
            18.93791,
            0
          ],
          [
            -99.23452,
            18.93804,
            0
          ],
          [
            -99.23454,
            18.9381,
            0
          ],
          [
            -99.23454,
            18.93815,
            0
          ],
          [
            -99.23455,
            18.93821,
            0
          ],
          [
            -99.23437,
            18.93935,
            0
          ],
          [
            -99.23437,
            18.93948,
            0
          ],
          [
            -99.23447,
            18.93971,
            0
          ],
          [
            -99.23507,
            18.94078,
            0
          ],
          [
            -99.2351,
            18.94086,
            0
          ],
          [
            -99.23511,
            18.94091,
            0
          ],
          [
            -99.23517,
            18.94243,
            0
          ],
          [
            -99.23516,
            18.94285,
            0
          ],
          [
            -99.23521,
            18.94511,
            0
          ],
          [
            -99.23523,
            18.94539,
            0
          ],
          [
            -99.23532,
            18.94935,
            0
          ],
          [
            -99.2354,
            18.9502,
            0
          ],
          [
            -99.23528,
            18.95021,
            0
          ],
          [
            -99.23513,
            18.95024,
            0
          ],
          [
            -99.23605,
            18.95325,
            0
          ],
          [
            -99.23659,
            18.95518,
            0
          ],
          [
            -99.23685,
            18.95598,
            0
          ],
          [
            -99.23715,
            18.95704,
            0
          ],
          [
            -99.23752,
            18.95851,
            0
          ],
          [
            -99.23825,
            18.96095,
            0
          ],
          [
            -99.23852,
            18.96173,
            0
          ],
          [
            -99.23872,
            18.9625,
            0
          ],
          [
            -99.23902,
            18.96344,
            0
          ],
          [
            -99.23992,
            18.9666,
            0
          ],
          [
            -99.24013,
            18.96716,
            0
          ],
          [
            -99.2402,
            18.96743,
            0
          ],
          [
            -99.24011,
            18.96763,
            0
          ],
          [
            -99.24004,
            18.9677,
            0
          ],
          [
            -99.24,
            18.96773,
            0
          ],
          [
            -99.23994,
            18.96776,
            0
          ],
          [
            -99.23984,
            18.96776,
            0
          ],
          [
            -99.23968,
            18.96778,
            0
          ],
          [
            -99.23905,
            18.9678,
            0
          ],
          [
            -99.23878,
            18.96776,
            0
          ],
          [
            -99.23804,
            18.96748,
            0
          ],
          [
            -99.23732,
            18.96726,
            0
          ],
          [
            -99.23718,
            18.96723,
            0
          ],
          [
            -99.23618,
            18.96688,
            0
          ],
          [
            -99.23583,
            18.96674,
            0
          ],
          [
            -99.23582,
            18.96674,
            0
          ],
          [
            -99.23569,
            18.96669,
            0
          ],
          [
            -99.23565,
            18.96668,
            0
          ],
          [
            -99.2352,
            18.96651,
            0
          ],
          [
            -99.23498,
            18.96647,
            0
          ],
          [
            -99.23483,
            18.96647,
            0
          ],
          [
            -99.2346,
            18.96649,
            0
          ],
          [
            -99.23448,
            18.96651,
            0
          ],
          [
            -99.23443,
            18.96653,
            0
          ],
          [
            -99.23406,
            18.96663,
            0
          ],
          [
            -99.23399,
            18.96666,
            0
          ],
          [
            -99.23385,
            18.96666,
            0
          ],
          [
            -99.23235,
            18.9671,
            0
          ],
          [
            -99.23234,
            18.9671,
            0
          ],
          [
            -99.23201,
            18.9672,
            0
          ],
          [
            -99.23201,
            18.96732,
            0
          ],
          [
            -99.23204,
            18.96765,
            0
          ],
          [
            -99.23204,
            18.96818,
            0
          ],
          [
            -99.23196,
            18.96874,
            0
          ],
          [
            -99.23194,
            18.96883,
            0
          ],
          [
            -99.23185,
            18.96996,
            0
          ],
          [
            -99.23167,
            18.97125,
            0
          ],
          [
            -99.23166,
            18.97139,
            0
          ],
          [
            -99.2315,
            18.97256,
            0
          ],
          [
            -99.23141,
            18.97284,
            0
          ],
          [
            -99.23126,
            18.97309,
            0
          ],
          [
            -99.23105,
            18.97339,
            0
          ],
          [
            -99.23101,
            18.97346,
            0
          ],
          [
            -99.23057,
            18.97407,
            0
          ],
          [
            -99.23023,
            18.97458,
            0
          ],
          [
            -99.23012,
            18.97483,
            0
          ],
          [
            -99.2301,
            18.97486,
            0
          ],
          [
            -99.22985,
            18.97563,
            0
          ],
          [
            -99.22973,
            18.97589,
            0
          ],
          [
            -99.22968,
            18.97604,
            0
          ],
          [
            -99.2297,
            18.97617,
            0
          ],
          [
            -99.2297,
            18.97623,
            0
          ],
          [
            -99.22973,
            18.97649,
            0
          ],
          [
            -99.23039,
            18.97645,
            0
          ],
          [
            -99.23039,
            18.9765,
            0
          ]
        ]
      },
      "properties": {
        "name": "1. COL. CUAUHTEMOC-CHAMILPA-JIUTEPEC-COL. FRANCISCO VILLA",
        "description": {
          "@type": "html",
          "value": "descripción: <br>OID: 122<br>ZONA: CENTRO<br>RUTA: RUTA 18<br>ITINERARIO: 1. COL. CUAUHTEMOC-CHAMILPA-JIUTEPEC-COL. FRANCISCO VILLA<br>DESCRIPCIO: COL. FRANCISCO VILLA-COL. CUAUHTEMOC<br>AUTO-AMPL: ITINERARIO<br>DEFIN-PROV: DEFINITIVOS<br>DURACION: DEFINITIVA<br>FOLIO: SGG/DGT/SDP/000320/97<br>SGG/DGTT/SJ/747/99"
        },
        "styleUrl": "#line-A52714-1200",
        "stroke-opacity": 1,
        "stroke": "#a52714",
        "stroke-width": 1.2,
        "descripción": "",
        "OID": "122",
        "ZONA": "CENTRO",
        "RUTA": "RUTA 18",
        "ITINERARIO": "1. COL. CUAUHTEMOC-CHAMILPA-JIUTEPEC-COL. FRANCISCO VILLA",
        "DESCRIPCIO": "COL. FRANCISCO VILLA-COL. CUAUHTEMOC",
        "AUTO-AMPL": "ITINERARIO",
        "DEFIN-PROV": "DEFINITIVOS",
        "DURACION": "DEFINITIVA",
        "FOLIO": "SGG/DGT/SDP/000320/97\nSGG/DGTT/SJ/747/99"
      }
    },
    {
      "type": "Feature",
      "geometry": {
        "type": "LineString",
        "coordinates": [
          [
            -99.19819,
            18.87531,
            0
          ],
          [
            -99.1981,
            18.8753,
            0
          ],
          [
            -99.19809,
            18.87522,
            0
          ],
          [
            -99.19809,
            18.87515,
            0
          ],
          [
            -99.19809,
            18.87509,
            0
          ],
          [
            -99.19809,
            18.87504,
            0
          ],
          [
            -99.19809,
            18.87503,
            0
          ],
          [
            -99.19813,
            18.87493,
            0
          ],
          [
            -99.19822,
            18.87466,
            0
          ],
          [
            -99.19822,
            18.87464,
            0
          ],
          [
            -99.19836,
            18.87419,
            0
          ],
          [
            -99.19842,
            18.87397,
            0
          ],
          [
            -99.1984,
            18.87384,
            0
          ],
          [
            -99.19841,
            18.87381,
            0
          ],
          [
            -99.19848,
            18.87353,
            0
          ],
          [
            -99.1986,
            18.8731,
            0
          ],
          [
            -99.19873,
            18.87267,
            0
          ],
          [
            -99.19886,
            18.87225,
            0
          ],
          [
            -99.19901,
            18.87181,
            0
          ],
          [
            -99.19914,
            18.87138,
            0
          ],
          [
            -99.19924,
            18.87096,
            0
          ],
          [
            -99.19926,
            18.87051,
            0
          ],
          [
            -99.19924,
            18.86978,
            0
          ],
          [
            -99.19922,
            18.8693,
            0
          ],
          [
            -99.19921,
            18.86914,
            0
          ],
          [
            -99.19921,
            18.86895,
            0
          ],
          [
            -99.19921,
            18.86853,
            0
          ],
          [
            -99.19921,
            18.8683,
            0
          ],
          [
            -99.19918,
            18.86788,
            0
          ]
        ]
      },
      "properties": {
        "name": "COL. LOMAS DE JIUTEPEC",
        "description": {
          "@type": "html",
          "value": "descripción: <br>OID: 1248<br>ZONA: CENTRO<br>RUTA: RUTA 18<br>ITINERARIO: AMPL. COL. LOMAS DE JIUTEPEC<br>DESCRIPCIO: COL. LOMAS DE JIUTEPEC<br>AUTO-AMPL: AMPLIACION<br>DEFIN-PROV: DEFINITIVOS<br>DURACION: DEFINITIVA<br>FOLIO: SG/DGT/SDP/2640/X/2010<br>SG/DGT/SDP/1966/VII/2011<br>SG/DGT/SDP/3339/IX/2012"
        },
        "styleUrl": "#line-4E342E-1200",
        "stroke-opacity": 1,
        "stroke": "#4e342e",
        "stroke-width": 1.2,
        "descripción": "",
        "OID": "1248",
        "ZONA": "CENTRO",
        "RUTA": "RUTA 18",
        "ITINERARIO": "AMPL. COL. LOMAS DE JIUTEPEC",
        "DESCRIPCIO": "COL. LOMAS DE JIUTEPEC",
        "AUTO-AMPL": "AMPLIACION",
        "DEFIN-PROV": "DEFINITIVOS",
        "DURACION": "DEFINITIVA",
        "FOLIO": "SG/DGT/SDP/2640/X/2010\nSG/DGT/SDP/1966/VII/2011\nSG/DGT/SDP/3339/IX/2012"
      }
    },
    {
      "type": "Feature",
      "geometry": {
        "type": "LineString",
        "coordinates": [
          [
            -99.18296,
            18.88224,
            0
          ],
          [
            -99.18321,
            18.88224,
            0
          ],
          [
            -99.18345,
            18.88223,
            0
          ],
          [
            -99.18375,
            18.8822,
            0
          ],
          [
            -99.1839,
            18.88218,
            0
          ],
          [
            -99.18404,
            18.88213,
            0
          ],
          [
            -99.1842,
            18.88206,
            0
          ],
          [
            -99.18458,
            18.88186,
            0
          ],
          [
            -99.18472,
            18.8818,
            0
          ],
          [
            -99.18486,
            18.88177,
            0
          ],
          [
            -99.18503,
            18.88175,
            0
          ],
          [
            -99.1851,
            18.88175,
            0
          ],
          [
            -99.18522,
            18.88174,
            0
          ],
          [
            -99.18539,
            18.88175,
            0
          ],
          [
            -99.1855,
            18.88176,
            0
          ],
          [
            -99.18563,
            18.88178,
            0
          ],
          [
            -99.18578,
            18.88184,
            0
          ],
          [
            -99.18596,
            18.8819,
            0
          ],
          [
            -99.18607,
            18.88192,
            0
          ],
          [
            -99.18618,
            18.88194,
            0
          ],
          [
            -99.18679,
            18.88204,
            0
          ],
          [
            -99.18686,
            18.88203,
            0
          ],
          [
            -99.18694,
            18.88201,
            0
          ],
          [
            -99.18701,
            18.88196,
            0
          ],
          [
            -99.18706,
            18.88192,
            0
          ],
          [
            -99.1871,
            18.88188,
            0
          ],
          [
            -99.18724,
            18.88098,
            0
          ],
          [
            -99.1873,
            18.88061,
            0
          ],
          [
            -99.18734,
            18.88045,
            0
          ],
          [
            -99.18737,
            18.88038,
            0
          ],
          [
            -99.1874,
            18.88033,
            0
          ],
          [
            -99.18747,
            18.88025,
            0
          ],
          [
            -99.18748,
            18.88025,
            0
          ]
        ]
      },
      "properties": {
        "name": "U.H. TEZONTEPEC",
        "description": {
          "@type": "html",
          "value": "descripción: <br>OID: 1271<br>ZONA: CENTRO<br>RUTA: RUTA 18<br>ITINERARIO: AMPL. U.H. TEZONTEPEC<br>DESCRIPCIO: U.H. TEZONTEPEC<br>AUTO-AMPL: AMPLIACION<br>DEFIN-PROV: DEFINITIVOS<br>DURACION: DEFINITIVA<br>FOLIO: SG/DGT/SDP/3623/IX/2012"
        },
        "styleUrl": "#line-9C27B0-1200",
        "stroke-opacity": 1,
        "stroke": "#9c27b0",
        "stroke-width": 1.2,
        "descripción": "",
        "OID": "1271",
        "ZONA": "CENTRO",
        "RUTA": "RUTA 18",
        "ITINERARIO": "AMPL. U.H. TEZONTEPEC",
        "DESCRIPCIO": "U.H. TEZONTEPEC",
        "AUTO-AMPL": "AMPLIACION",
        "DEFIN-PROV": "DEFINITIVOS",
        "DURACION": "DEFINITIVA",
        "FOLIO": "SG/DGT/SDP/3623/IX/2012"
      }
    },
    {
      "type": "Feature",
      "geometry": {
        "type": "LineString",
        "coordinates": [
          [
            -99.23187,
            18.96963,
            0
          ],
          [
            -99.23185,
            18.96996,
            0
          ],
          [
            -99.23129,
            18.96991,
            0
          ],
          [
            -99.23072,
            18.96985,
            0
          ],
          [
            -99.23044,
            18.96982,
            0
          ],
          [
            -99.23017,
            18.96979,
            0
          ],
          [
            -99.22969,
            18.96974,
            0
          ],
          [
            -99.2295,
            18.96972,
            0
          ],
          [
            -99.22912,
            18.96968,
            0
          ],
          [
            -99.22897,
            18.96967,
            0
          ],
          [
            -99.22903,
            18.97029,
            0
          ],
          [
            -99.22905,
            18.9705,
            0
          ],
          [
            -99.22906,
            18.9707,
            0
          ],
          [
            -99.2291,
            18.97107,
            0
          ],
          [
            -99.22914,
            18.97151,
            0
          ],
          [
            -99.22919,
            18.97202,
            0
          ],
          [
            -99.2292,
            18.97228,
            0
          ],
          [
            -99.22923,
            18.97264,
            0
          ],
          [
            -99.22924,
            18.9728,
            0
          ],
          [
            -99.22924,
            18.97288,
            0
          ],
          [
            -99.22926,
            18.9732,
            0
          ],
          [
            -99.22927,
            18.97334,
            0
          ],
          [
            -99.22928,
            18.97341,
            0
          ],
          [
            -99.22933,
            18.97387,
            0
          ],
          [
            -99.22937,
            18.97417,
            0
          ],
          [
            -99.22937,
            18.97424,
            0
          ],
          [
            -99.22925,
            18.97442,
            0
          ],
          [
            -99.2292,
            18.97448,
            0
          ],
          [
            -99.22902,
            18.97473,
            0
          ],
          [
            -99.22885,
            18.97497,
            0
          ],
          [
            -99.22868,
            18.9752,
            0
          ],
          [
            -99.22847,
            18.97549,
            0
          ],
          [
            -99.2283,
            18.9757,
            0
          ],
          [
            -99.2283,
            18.97575,
            0
          ],
          [
            -99.22829,
            18.97578,
            0
          ],
          [
            -99.22829,
            18.9758,
            0
          ],
          [
            -99.22828,
            18.97583,
            0
          ],
          [
            -99.22827,
            18.97585,
            0
          ],
          [
            -99.22826,
            18.97588,
            0
          ],
          [
            -99.22825,
            18.9759,
            0
          ],
          [
            -99.22822,
            18.97595,
            0
          ],
          [
            -99.22797,
            18.97629,
            0
          ],
          [
            -99.22791,
            18.97636,
            0
          ],
          [
            -99.22782,
            18.97649,
            0
          ],
          [
            -99.22762,
            18.97678,
            0
          ],
          [
            -99.22748,
            18.97696,
            0
          ],
          [
            -99.22722,
            18.97732,
            0
          ]
        ]
      },
      "properties": {
        "name": "COL. OCOTEPEC",
        "description": {
          "@type": "html",
          "value": "descripción: <br>OID: 1279<br>ZONA: CENTRO<br>RUTA: RUTA 18<br>ITINERARIO: AMPL. COL. OCOTEPEC<br>DESCRIPCIO: COL. OCOTEPEC<br>AUTO-AMPL: AMPLIACION<br>DEFIN-PROV: DEFINITIVOS<br>DURACION: DEFINITIVA<br>FOLIO: SG/DGT/SDP/4686/XI/2006<br>SG/DGT/SDP/1412/VI/2009"
        },
        "styleUrl": "#line-F57C00-1200",
        "stroke-opacity": 1,
        "stroke": "#f57c00",
        "stroke-width": 1.2,
        "descripción": "",
        "OID": "1279",
        "ZONA": "CENTRO",
        "RUTA": "RUTA 18",
        "ITINERARIO": "AMPL. COL. OCOTEPEC",
        "DESCRIPCIO": "COL. OCOTEPEC",
        "AUTO-AMPL": "AMPLIACION",
        "DEFIN-PROV": "DEFINITIVOS",
        "DURACION": "DEFINITIVA",
        "FOLIO": "SG/DGT/SDP/4686/XI/2006\nSG/DGT/SDP/1412/VI/2009"
      }
    },
    {
      "type": "Feature",
      "geometry": {
        "type": "LineString",
        "coordinates": [
          [
            -99.17193,
            18.87025,
            0
          ],
          [
            -99.17232,
            18.86982,
            0
          ],
          [
            -99.17264,
            18.86945,
            0
          ],
          [
            -99.17288,
            18.86909,
            0
          ],
          [
            -99.17317,
            18.86865,
            0
          ],
          [
            -99.17328,
            18.86845,
            0
          ],
          [
            -99.17359,
            18.86785,
            0
          ],
          [
            -99.17364,
            18.86774,
            0
          ],
          [
            -99.17376,
            18.86736,
            0
          ],
          [
            -99.17381,
            18.86716,
            0
          ],
          [
            -99.17397,
            18.8664,
            0
          ],
          [
            -99.17402,
            18.86612,
            0
          ],
          [
            -99.17403,
            18.86607,
            0
          ],
          [
            -99.17404,
            18.86601,
            0
          ],
          [
            -99.17404,
            18.86591,
            0
          ],
          [
            -99.17408,
            18.86571,
            0
          ],
          [
            -99.17409,
            18.86563,
            0
          ],
          [
            -99.17411,
            18.8655,
            0
          ],
          [
            -99.17416,
            18.86528,
            0
          ],
          [
            -99.17419,
            18.86516,
            0
          ],
          [
            -99.17425,
            18.86483,
            0
          ],
          [
            -99.17432,
            18.86444,
            0
          ],
          [
            -99.17438,
            18.86415,
            0
          ],
          [
            -99.17445,
            18.86389,
            0
          ],
          [
            -99.17454,
            18.86369,
            0
          ],
          [
            -99.17469,
            18.86343,
            0
          ],
          [
            -99.17476,
            18.86333,
            0
          ],
          [
            -99.17483,
            18.86326,
            0
          ],
          [
            -99.17525,
            18.8628,
            0
          ],
          [
            -99.17651,
            18.86135,
            0
          ],
          [
            -99.1768,
            18.86103,
            0
          ],
          [
            -99.17738,
            18.86034,
            0
          ],
          [
            -99.17797,
            18.85969,
            0
          ],
          [
            -99.1781,
            18.85954,
            0
          ],
          [
            -99.17823,
            18.8594,
            0
          ],
          [
            -99.17843,
            18.85917,
            0
          ],
          [
            -99.17852,
            18.85904,
            0
          ],
          [
            -99.17852,
            18.85903,
            0
          ],
          [
            -99.1786,
            18.85891,
            0
          ],
          [
            -99.17867,
            18.85875,
            0
          ],
          [
            -99.17871,
            18.85864,
            0
          ],
          [
            -99.17874,
            18.85852,
            0
          ],
          [
            -99.17877,
            18.85841,
            0
          ],
          [
            -99.17879,
            18.85831,
            0
          ],
          [
            -99.1788,
            18.85819,
            0
          ],
          [
            -99.17879,
            18.85807,
            0
          ],
          [
            -99.17879,
            18.85802,
            0
          ],
          [
            -99.17878,
            18.85785,
            0
          ],
          [
            -99.17876,
            18.85778,
            0
          ],
          [
            -99.17873,
            18.85769,
            0
          ],
          [
            -99.17868,
            18.85756,
            0
          ],
          [
            -99.17857,
            18.85731,
            0
          ],
          [
            -99.17854,
            18.85726,
            0
          ],
          [
            -99.17849,
            18.85721,
            0
          ],
          [
            -99.17841,
            18.8571,
            0
          ],
          [
            -99.17827,
            18.85695,
            0
          ],
          [
            -99.17817,
            18.85684,
            0
          ],
          [
            -99.1781,
            18.85678,
            0
          ],
          [
            -99.17801,
            18.85664,
            0
          ],
          [
            -99.17777,
            18.85647,
            0
          ],
          [
            -99.1773,
            18.85612,
            0
          ],
          [
            -99.17727,
            18.85609,
            0
          ],
          [
            -99.17697,
            18.85586,
            0
          ],
          [
            -99.17664,
            18.85558,
            0
          ],
          [
            -99.176,
            18.85505,
            0
          ],
          [
            -99.17581,
            18.85491,
            0
          ],
          [
            -99.17534,
            18.85453,
            0
          ],
          [
            -99.17437,
            18.85373,
            0
          ],
          [
            -99.17356,
            18.85306,
            0
          ],
          [
            -99.17335,
            18.8529,
            0
          ],
          [
            -99.17258,
            18.85229,
            0
          ],
          [
            -99.17167,
            18.85154,
            0
          ],
          [
            -99.17102,
            18.85099,
            0
          ],
          [
            -99.16919,
            18.84949,
            0
          ],
          [
            -99.16905,
            18.84938,
            0
          ],
          [
            -99.16775,
            18.84832,
            0
          ],
          [
            -99.16766,
            18.84824,
            0
          ],
          [
            -99.16757,
            18.84815,
            0
          ],
          [
            -99.16747,
            18.84805,
            0
          ],
          [
            -99.16735,
            18.84789,
            0
          ],
          [
            -99.16723,
            18.84772,
            0
          ],
          [
            -99.16712,
            18.84755,
            0
          ],
          [
            -99.16704,
            18.84738,
            0
          ],
          [
            -99.16697,
            18.84717,
            0
          ],
          [
            -99.16691,
            18.84697,
            0
          ],
          [
            -99.16687,
            18.84682,
            0
          ],
          [
            -99.16685,
            18.8467,
            0
          ],
          [
            -99.16685,
            18.84656,
            0
          ],
          [
            -99.16685,
            18.84613,
            0
          ],
          [
            -99.16686,
            18.84598,
            0
          ],
          [
            -99.16688,
            18.84584,
            0
          ],
          [
            -99.16692,
            18.84565,
            0
          ],
          [
            -99.16698,
            18.84548,
            0
          ],
          [
            -99.16706,
            18.84528,
            0
          ],
          [
            -99.16714,
            18.84511,
            0
          ],
          [
            -99.1672,
            18.84501,
            0
          ],
          [
            -99.16726,
            18.8449,
            0
          ],
          [
            -99.16741,
            18.84471,
            0
          ],
          [
            -99.1675,
            18.8446,
            0
          ],
          [
            -99.16759,
            18.84452,
            0
          ],
          [
            -99.16771,
            18.84443,
            0
          ],
          [
            -99.16783,
            18.84431,
            0
          ],
          [
            -99.16796,
            18.84422,
            0
          ],
          [
            -99.17134,
            18.84236,
            0
          ],
          [
            -99.17226,
            18.84187,
            0
          ],
          [
            -99.17329,
            18.84131,
            0
          ],
          [
            -99.1733,
            18.8413,
            0
          ],
          [
            -99.17452,
            18.84063,
            0
          ],
          [
            -99.17682,
            18.83937,
            0
          ],
          [
            -99.1775,
            18.83899,
            0
          ],
          [
            -99.17774,
            18.83888,
            0
          ],
          [
            -99.1781,
            18.83868,
            0
          ],
          [
            -99.17864,
            18.83836,
            0
          ],
          [
            -99.17899,
            18.83814,
            0
          ],
          [
            -99.17911,
            18.83804,
            0
          ],
          [
            -99.17922,
            18.83794,
            0
          ],
          [
            -99.17927,
            18.83788,
            0
          ],
          [
            -99.17955,
            18.83756,
            0
          ],
          [
            -99.17978,
            18.83724,
            0
          ],
          [
            -99.17985,
            18.83713,
            0
          ],
          [
            -99.17989,
            18.83705,
            0
          ],
          [
            -99.18007,
            18.83672,
            0
          ],
          [
            -99.1801,
            18.83663,
            0
          ],
          [
            -99.18014,
            18.83654,
            0
          ],
          [
            -99.18017,
            18.83641,
            0
          ],
          [
            -99.1802,
            18.83624,
            0
          ],
          [
            -99.18024,
            18.83593,
            0
          ],
          [
            -99.1803,
            18.8356,
            0
          ],
          [
            -99.18035,
            18.83523,
            0
          ],
          [
            -99.18037,
            18.83504,
            0
          ],
          [
            -99.18038,
            18.83469,
            0
          ],
          [
            -99.18041,
            18.83439,
            0
          ],
          [
            -99.18044,
            18.83418,
            0
          ],
          [
            -99.18047,
            18.83403,
            0
          ],
          [
            -99.18065,
            18.8327,
            0
          ],
          [
            -99.18069,
            18.83232,
            0
          ],
          [
            -99.18073,
            18.83202,
            0
          ],
          [
            -99.18079,
            18.8314,
            0
          ],
          [
            -99.18083,
            18.83119,
            0
          ],
          [
            -99.18092,
            18.83057,
            0
          ],
          [
            -99.18101,
            18.82963,
            0
          ],
          [
            -99.18112,
            18.82866,
            0
          ],
          [
            -99.18117,
            18.82815,
            0
          ],
          [
            -99.18119,
            18.82777,
            0
          ],
          [
            -99.18107,
            18.8278,
            0
          ],
          [
            -99.18105,
            18.82782,
            0
          ]
        ]
      },
      "properties": {
        "name": "COL. EL AMATE",
        "description": {
          "@type": "html",
          "value": "descripción: <br>OID: 1332<br>ZONA: CENTRO<br>RUTA: RUTA 18<br>ITINERARIO: AMPL. COL. EL AMATE<br>DESCRIPCIO: COL. EL AMATE<br>AUTO-AMPL: AMPLIACION<br>DEFIN-PROV: DEFINITIVOS<br>DURACION: DEFINITIVA<br>FOLIO: SG/DGT/SDP/2181/VIII/2010<br>SG/DGT/SDP/1965/VII/2011<br>SG/DGT/SDP/2769/XI/2011<br>SG/DGT/SDP/3338/IX/2012"
        },
        "styleUrl": "#line-0F9D58-1200",
        "stroke-opacity": 1,
        "stroke": "#0f9d58",
        "stroke-width": 1.2,
        "descripción": "",
        "OID": "1332",
        "ZONA": "CENTRO",
        "RUTA": "RUTA 18",
        "ITINERARIO": "AMPL. COL. EL AMATE",
        "DESCRIPCIO": "COL. EL AMATE",
        "AUTO-AMPL": "AMPLIACION",
        "DEFIN-PROV": "DEFINITIVOS",
        "DURACION": "DEFINITIVA",
        "FOLIO": "SG/DGT/SDP/2181/VIII/2010\nSG/DGT/SDP/1965/VII/2011\nSG/DGT/SDP/2769/XI/2011\nSG/DGT/SDP/3338/IX/2012"
      }
    },
    {
      "type": "Feature",
      "geometry": {
        "type": "LineString",
        "coordinates": [
          [
            -99.17574,
            18.85499,
            0
          ],
          [
            -99.17577,
            18.85495,
            0
          ],
          [
            -99.17581,
            18.85491,
            0
          ],
          [
            -99.17534,
            18.85453,
            0
          ],
          [
            -99.17437,
            18.85373,
            0
          ],
          [
            -99.17356,
            18.85306,
            0
          ],
          [
            -99.17335,
            18.8529,
            0
          ],
          [
            -99.17258,
            18.85229,
            0
          ],
          [
            -99.17167,
            18.85154,
            0
          ],
          [
            -99.17102,
            18.85099,
            0
          ],
          [
            -99.16919,
            18.84949,
            0
          ],
          [
            -99.16905,
            18.84938,
            0
          ],
          [
            -99.16775,
            18.84832,
            0
          ],
          [
            -99.16766,
            18.84824,
            0
          ],
          [
            -99.16757,
            18.84815,
            0
          ],
          [
            -99.16747,
            18.84805,
            0
          ],
          [
            -99.16735,
            18.84789,
            0
          ],
          [
            -99.16723,
            18.84772,
            0
          ],
          [
            -99.16712,
            18.84755,
            0
          ],
          [
            -99.16704,
            18.84738,
            0
          ],
          [
            -99.16697,
            18.84717,
            0
          ],
          [
            -99.16691,
            18.84697,
            0
          ],
          [
            -99.16687,
            18.84682,
            0
          ],
          [
            -99.16685,
            18.8467,
            0
          ],
          [
            -99.16685,
            18.84656,
            0
          ],
          [
            -99.16685,
            18.84613,
            0
          ],
          [
            -99.16686,
            18.84598,
            0
          ],
          [
            -99.16688,
            18.84584,
            0
          ],
          [
            -99.16692,
            18.84565,
            0
          ],
          [
            -99.16698,
            18.84548,
            0
          ],
          [
            -99.16706,
            18.84528,
            0
          ],
          [
            -99.16714,
            18.84511,
            0
          ],
          [
            -99.1672,
            18.84501,
            0
          ],
          [
            -99.16726,
            18.8449,
            0
          ],
          [
            -99.16741,
            18.84471,
            0
          ],
          [
            -99.1675,
            18.8446,
            0
          ],
          [
            -99.16759,
            18.84452,
            0
          ],
          [
            -99.16771,
            18.84443,
            0
          ],
          [
            -99.16783,
            18.84431,
            0
          ],
          [
            -99.16796,
            18.84422,
            0
          ],
          [
            -99.17134,
            18.84236,
            0
          ],
          [
            -99.17226,
            18.84187,
            0
          ],
          [
            -99.17329,
            18.84131,
            0
          ],
          [
            -99.1733,
            18.8413,
            0
          ],
          [
            -99.17452,
            18.84063,
            0
          ],
          [
            -99.17682,
            18.83937,
            0
          ],
          [
            -99.1775,
            18.83899,
            0
          ],
          [
            -99.17746,
            18.83894,
            0
          ]
        ]
      },
      "properties": {
        "name": "COL. TOMATAL",
        "description": {
          "@type": "html",
          "value": "descripción: <br>OID: 1347<br>ZONA: CENTRO<br>RUTA: RUTA 18<br>ITINERARIO: AMPL. COL. TOMATAL<br>DESCRIPCIO: COL. TOMATAL<br>AUTO-AMPL: AMPLIACION<br>DEFIN-PROV: DEFINITIVOS<br>DURACION: DEFINITIVA<br>FOLIO: SG/DGT/SDP/1962/VIII/2008"
        },
        "styleUrl": "#line-795548-1200",
        "stroke-opacity": 1,
        "stroke": "#795548",
        "stroke-width": 1.2,
        "descripción": "",
        "OID": "1347",
        "ZONA": "CENTRO",
        "RUTA": "RUTA 18",
        "ITINERARIO": "AMPL. COL. TOMATAL",
        "DESCRIPCIO": "COL. TOMATAL",
        "AUTO-AMPL": "AMPLIACION",
        "DEFIN-PROV": "DEFINITIVOS",
        "DURACION": "DEFINITIVA",
        "FOLIO": "SG/DGT/SDP/1962/VIII/2008"
      }
    }
  ]
}