{
  "type": "FeatureCollection",
  "features": [
    {
      "type": "Feature",
      "geometry": {
        "type": "LineString",
        "coordinates": [
          [
            -99.23264,
            18.92523,
            0
          ],
          [
            -99.23221,
            18.92552,
            0
          ],
          [
            -99.23214,
            18.92558,
            0
          ],
          [
            -99.23206,
            18.92563,
            0
          ],
          [
            -99.23201,
            18.92566,
            0
          ],
          [
            -99.23206,
            18.92575,
            0
          ],
          [
            -99.23213,
            18.92589,
            0
          ],
          [
            -99.23217,
            18.92599,
            0
          ],
          [
            -99.23228,
            18.9263,
            0
          ],
          [
            -99.23232,
            18.92645,
            0
          ],
          [
            -99.23232,
            18.92647,
            0
          ],
          [
            -99.23232,
            18.92649,
            0
          ],
          [
            -99.23232,
            18.92651,
            0
          ],
          [
            -99.23231,
            18.92655,
            0
          ],
          [
            -99.23231,
            18.92657,
            0
          ],
          [
            -99.23217,
            18.92694,
            0
          ],
          [
            -99.23204,
            18.92721,
            0
          ],
          [
            -99.23189,
            18.92743,
            0
          ],
          [
            -99.23185,
            18.92748,
            0
          ],
          [
            -99.23182,
            18.92752,
            0
          ],
          [
            -99.23177,
            18.92756,
            0
          ],
          [
            -99.2316,
            18.92765,
            0
          ],
          [
            -99.23156,
            18.92767,
            0
          ],
          [
            -99.23155,
            18.92767,
            0
          ],
          [
            -99.23153,
            18.92768,
            0
          ],
          [
            -99.23151,
            18.92768,
            0
          ],
          [
            -99.23149,
            18.92769,
            0
          ],
          [
            -99.23147,
            18.92769,
            0
          ],
          [
            -99.23144,
            18.9277,
            0
          ],
          [
            -99.23143,
            18.9277,
            0
          ],
          [
            -99.23141,
            18.9277,
            0
          ],
          [
            -99.23139,
            18.9277,
            0
          ],
          [
            -99.23136,
            18.9277,
            0
          ],
          [
            -99.23135,
            18.9277,
            0
          ],
          [
            -99.23093,
            18.92767,
            0
          ],
          [
            -99.23091,
            18.92766,
            0
          ],
          [
            -99.23089,
            18.92766,
            0
          ],
          [
            -99.23087,
            18.92766,
            0
          ],
          [
            -99.23083,
            18.92766,
            0
          ],
          [
            -99.23081,
            18.92766,
            0
          ],
          [
            -99.23078,
            18.92766,
            0
          ],
          [
            -99.23075,
            18.92767,
            0
          ],
          [
            -99.23072,
            18.92768,
            0
          ],
          [
            -99.23068,
            18.92769,
            0
          ],
          [
            -99.23065,
            18.92769,
            0
          ],
          [
            -99.23057,
            18.92772,
            0
          ],
          [
            -99.23055,
            18.92772,
            0
          ],
          [
            -99.23019,
            18.92784,
            0
          ],
          [
            -99.23008,
            18.92786,
            0
          ],
          [
            -99.23001,
            18.92787,
            0
          ],
          [
            -99.22992,
            18.92787,
            0
          ],
          [
            -99.22988,
            18.92781,
            0
          ],
          [
            -99.22982,
            18.92768,
            0
          ],
          [
            -99.22952,
            18.92698,
            0
          ],
          [
            -99.22948,
            18.92691,
            0
          ],
          [
            -99.22939,
            18.92675,
            0
          ],
          [
            -99.22935,
            18.92669,
            0
          ],
          [
            -99.22913,
            18.92642,
            0
          ],
          [
            -99.22898,
            18.92627,
            0
          ],
          [
            -99.22888,
            18.92618,
            0
          ],
          [
            -99.22882,
            18.92613,
            0
          ],
          [
            -99.2287,
            18.92603,
            0
          ],
          [
            -99.22851,
            18.92591,
            0
          ],
          [
            -99.22839,
            18.92583,
            0
          ],
          [
            -99.22829,
            18.92578,
            0
          ],
          [
            -99.22804,
            18.92567,
            0
          ],
          [
            -99.22794,
            18.92562,
            0
          ],
          [
            -99.22776,
            18.92559,
            0
          ],
          [
            -99.22684,
            18.92537,
            0
          ],
          [
            -99.22563,
            18.92509,
            0
          ],
          [
            -99.22546,
            18.92506,
            0
          ],
          [
            -99.22496,
            18.92494,
            0
          ],
          [
            -99.22418,
            18.92476,
            0
          ],
          [
            -99.22336,
            18.92456,
            0
          ],
          [
            -99.22327,
            18.92455,
            0
          ],
          [
            -99.22218,
            18.92432,
            0
          ],
          [
            -99.2216,
            18.92418,
            0
          ],
          [
            -99.2215,
            18.92416,
            0
          ],
          [
            -99.22106,
            18.92405,
            0
          ],
          [
            -99.22078,
            18.92402,
            0
          ],
          [
            -99.22041,
            18.924,
            0
          ],
          [
            -99.22015,
            18.924,
            0
          ],
          [
            -99.21989,
            18.924,
            0
          ],
          [
            -99.21894,
            18.92402,
            0
          ],
          [
            -99.21868,
            18.92403,
            0
          ],
          [
            -99.21865,
            18.92403,
            0
          ],
          [
            -99.21852,
            18.92403,
            0
          ],
          [
            -99.21798,
            18.92402,
            0
          ],
          [
            -99.21765,
            18.92402,
            0
          ],
          [
            -99.21693,
            18.92404,
            0
          ],
          [
            -99.2167,
            18.92404,
            0
          ],
          [
            -99.21655,
            18.92404,
            0
          ],
          [
            -99.21592,
            18.92403,
            0
          ],
          [
            -99.21591,
            18.92403,
            0
          ],
          [
            -99.21519,
            18.92403,
            0
          ],
          [
            -99.21462,
            18.92403,
            0
          ],
          [
            -99.21399,
            18.92402,
            0
          ],
          [
            -99.21366,
            18.92402,
            0
          ],
          [
            -99.21306,
            18.92391,
            0
          ],
          [
            -99.21273,
            18.92382,
            0
          ],
          [
            -99.21212,
            18.92368,
            0
          ],
          [
            -99.21183,
            18.9236,
            0
          ],
          [
            -99.21156,
            18.92354,
            0
          ],
          [
            -99.21133,
            18.92349,
            0
          ],
          [
            -99.2108,
            18.92335,
            0
          ],
          [
            -99.21042,
            18.92326,
            0
          ],
          [
            -99.21026,
            18.92322,
            0
          ],
          [
            -99.21016,
            18.92318,
            0
          ],
          [
            -99.20993,
            18.92312,
            0
          ],
          [
            -99.20983,
            18.92309,
            0
          ],
          [
            -99.20941,
            18.92299,
            0
          ],
          [
            -99.20922,
            18.92294,
            0
          ],
          [
            -99.20912,
            18.92291,
            0
          ],
          [
            -99.20903,
            18.92286,
            0
          ],
          [
            -99.2089,
            18.92278,
            0
          ],
          [
            -99.20868,
            18.92263,
            0
          ],
          [
            -99.20828,
            18.92228,
            0
          ],
          [
            -99.20826,
            18.92227,
            0
          ],
          [
            -99.20801,
            18.92208,
            0
          ],
          [
            -99.20799,
            18.92207,
            0
          ],
          [
            -99.20791,
            18.92201,
            0
          ],
          [
            -99.20781,
            18.92194,
            0
          ],
          [
            -99.20775,
            18.92191,
            0
          ],
          [
            -99.20767,
            18.92187,
            0
          ],
          [
            -99.2075,
            18.92177,
            0
          ],
          [
            -99.20742,
            18.92174,
            0
          ],
          [
            -99.20732,
            18.9217,
            0
          ],
          [
            -99.20723,
            18.92168,
            0
          ],
          [
            -99.20721,
            18.92168,
            0
          ],
          [
            -99.20708,
            18.92165,
            0
          ],
          [
            -99.20691,
            18.92162,
            0
          ],
          [
            -99.20652,
            18.92157,
            0
          ],
          [
            -99.2062,
            18.92153,
            0
          ],
          [
            -99.20599,
            18.92151,
            0
          ],
          [
            -99.20582,
            18.92148,
            0
          ],
          [
            -99.20566,
            18.92144,
            0
          ],
          [
            -99.20528,
            18.92134,
            0
          ],
          [
            -99.20481,
            18.92126,
            0
          ],
          [
            -99.20469,
            18.92125,
            0
          ],
          [
            -99.20465,
            18.92125,
            0
          ],
          [
            -99.20454,
            18.92125,
            0
          ],
          [
            -99.20409,
            18.92118,
            0
          ],
          [
            -99.20396,
            18.92113,
            0
          ],
          [
            -99.20386,
            18.9211,
            0
          ],
          [
            -99.2038,
            18.92109,
            0
          ],
          [
            -99.20353,
            18.92103,
            0
          ],
          [
            -99.20304,
            18.92096,
            0
          ],
          [
            -99.20263,
            18.92091,
            0
          ],
          [
            -99.20248,
            18.9209,
            0
          ],
          [
            -99.20239,
            18.92089,
            0
          ],
          [
            -99.20215,
            18.9209,
            0
          ],
          [
            -99.20198,
            18.92088,
            0
          ],
          [
            -99.20189,
            18.92078,
            0
          ],
          [
            -99.20186,
            18.92077,
            0
          ],
          [
            -99.20184,
            18.92076,
            0
          ],
          [
            -99.20179,
            18.92074,
            0
          ],
          [
            -99.20168,
            18.92071,
            0
          ],
          [
            -99.20159,
            18.92069,
            0
          ],
          [
            -99.20123,
            18.92076,
            0
          ],
          [
            -99.20107,
            18.92078,
            0
          ],
          [
            -99.20079,
            18.92083,
            0
          ],
          [
            -99.20072,
            18.92083,
            0
          ],
          [
            -99.20071,
            18.92083,
            0
          ],
          [
            -99.20064,
            18.92083,
            0
          ],
          [
            -99.20059,
            18.92083,
            0
          ],
          [
            -99.20054,
            18.92083,
            0
          ],
          [
            -99.20033,
            18.92082,
            0
          ],
          [
            -99.20023,
            18.92081,
            0
          ],
          [
            -99.20015,
            18.9208,
            0
          ],
          [
            -99.19997,
            18.92076,
            0
          ],
          [
            -99.1999,
            18.92074,
            0
          ],
          [
            -99.19968,
            18.92068,
            0
          ],
          [
            -99.19859,
            18.92024,
            0
          ],
          [
            -99.19849,
            18.9202,
            0
          ],
          [
            -99.19788,
            18.91995,
            0
          ],
          [
            -99.19724,
            18.9198,
            0
          ],
          [
            -99.19627,
            18.91962,
            0
          ],
          [
            -99.19611,
            18.91959,
            0
          ],
          [
            -99.19595,
            18.91957,
            0
          ],
          [
            -99.1959,
            18.91957,
            0
          ],
          [
            -99.19576,
            18.91956,
            0
          ],
          [
            -99.1957,
            18.91956,
            0
          ],
          [
            -99.19565,
            18.91957,
            0
          ],
          [
            -99.19553,
            18.91957,
            0
          ],
          [
            -99.19544,
            18.91958,
            0
          ],
          [
            -99.19534,
            18.9196,
            0
          ],
          [
            -99.19533,
            18.9196,
            0
          ],
          [
            -99.19523,
            18.91962,
            0
          ],
          [
            -99.19522,
            18.91962,
            0
          ],
          [
            -99.19521,
            18.91963,
            0
          ],
          [
            -99.19512,
            18.91971,
            0
          ],
          [
            -99.19475,
            18.9198,
            0
          ],
          [
            -99.19445,
            18.91988,
            0
          ],
          [
            -99.19433,
            18.91989,
            0
          ],
          [
            -99.19427,
            18.9199,
            0
          ],
          [
            -99.19414,
            18.9199,
            0
          ],
          [
            -99.194,
            18.91989,
            0
          ],
          [
            -99.19389,
            18.91988,
            0
          ],
          [
            -99.19377,
            18.91985,
            0
          ],
          [
            -99.19366,
            18.91983,
            0
          ],
          [
            -99.19351,
            18.91978,
            0
          ],
          [
            -99.19307,
            18.91964,
            0
          ],
          [
            -99.19261,
            18.91949,
            0
          ],
          [
            -99.1912,
            18.91906,
            0
          ],
          [
            -99.19113,
            18.91903,
            0
          ],
          [
            -99.19021,
            18.91875,
            0
          ],
          [
            -99.18947,
            18.91853,
            0
          ],
          [
            -99.18924,
            18.91846,
            0
          ],
          [
            -99.18916,
            18.91844,
            0
          ],
          [
            -99.18904,
            18.9184,
            0
          ],
          [
            -99.18882,
            18.91833,
            0
          ],
          [
            -99.18871,
            18.91828,
            0
          ],
          [
            -99.18867,
            18.91826,
            0
          ],
          [
            -99.18862,
            18.91824,
            0
          ],
          [
            -99.18853,
            18.9182,
            0
          ],
          [
            -99.18844,
            18.91815,
            0
          ],
          [
            -99.18835,
            18.91809,
            0
          ],
          [
            -99.18828,
            18.91804,
            0
          ],
          [
            -99.1882,
            18.91798,
            0
          ],
          [
            -99.18802,
            18.91782,
            0
          ],
          [
            -99.18771,
            18.91754,
            0
          ],
          [
            -99.18703,
            18.91695,
            0
          ],
          [
            -99.18694,
            18.91687,
            0
          ],
          [
            -99.18671,
            18.91666,
            0
          ],
          [
            -99.18663,
            18.91659,
            0
          ],
          [
            -99.18651,
            18.91648,
            0
          ],
          [
            -99.18634,
            18.91632,
            0
          ],
          [
            -99.18585,
            18.9159,
            0
          ],
          [
            -99.18551,
            18.91559,
            0
          ],
          [
            -99.1853,
            18.91539,
            0
          ],
          [
            -99.18479,
            18.91494,
            0
          ],
          [
            -99.18468,
            18.91482,
            0
          ],
          [
            -99.18451,
            18.91465,
            0
          ],
          [
            -99.18434,
            18.91447,
            0
          ],
          [
            -99.18422,
            18.91434,
            0
          ],
          [
            -99.18397,
            18.91408,
            0
          ],
          [
            -99.18359,
            18.91367,
            0
          ],
          [
            -99.18325,
            18.91331,
            0
          ],
          [
            -99.18286,
            18.9129,
            0
          ],
          [
            -99.18259,
            18.9126,
            0
          ],
          [
            -99.18239,
            18.91239,
            0
          ],
          [
            -99.18227,
            18.91227,
            0
          ],
          [
            -99.18209,
            18.91207,
            0
          ],
          [
            -99.18176,
            18.91172,
            0
          ],
          [
            -99.18165,
            18.91159,
            0
          ],
          [
            -99.18144,
            18.91132,
            0
          ],
          [
            -99.18134,
            18.91114,
            0
          ],
          [
            -99.18131,
            18.91109,
            0
          ],
          [
            -99.18126,
            18.91098,
            0
          ],
          [
            -99.18119,
            18.91079,
            0
          ],
          [
            -99.18113,
            18.91062,
            0
          ],
          [
            -99.18086,
            18.9099,
            0
          ],
          [
            -99.18081,
            18.90978,
            0
          ],
          [
            -99.18071,
            18.9095,
            0
          ],
          [
            -99.18054,
            18.90906,
            0
          ],
          [
            -99.18038,
            18.90867,
            0
          ],
          [
            -99.1803,
            18.90851,
            0
          ],
          [
            -99.18018,
            18.90833,
            0
          ],
          [
            -99.18009,
            18.90821,
            0
          ],
          [
            -99.17999,
            18.90809,
            0
          ],
          [
            -99.17973,
            18.90782,
            0
          ],
          [
            -99.17972,
            18.90781,
            0
          ],
          [
            -99.17967,
            18.90775,
            0
          ],
          [
            -99.17958,
            18.90766,
            0
          ],
          [
            -99.17932,
            18.90741,
            0
          ],
          [
            -99.17925,
            18.90734,
            0
          ],
          [
            -99.17895,
            18.90704,
            0
          ],
          [
            -99.1785,
            18.90659,
            0
          ],
          [
            -99.17814,
            18.90623,
            0
          ],
          [
            -99.17811,
            18.9062,
            0
          ],
          [
            -99.17766,
            18.90575,
            0
          ],
          [
            -99.17715,
            18.90523,
            0
          ],
          [
            -99.17705,
            18.90513,
            0
          ],
          [
            -99.17702,
            18.90511,
            0
          ],
          [
            -99.17698,
            18.90507,
            0
          ],
          [
            -99.17697,
            18.90505,
            0
          ],
          [
            -99.17682,
            18.90491,
            0
          ],
          [
            -99.1768,
            18.90489,
            0
          ],
          [
            -99.17678,
            18.90487,
            0
          ],
          [
            -99.17611,
            18.90421,
            0
          ],
          [
            -99.17538,
            18.90352,
            0
          ],
          [
            -99.17533,
            18.90347,
            0
          ],
          [
            -99.17505,
            18.90318,
            0
          ],
          [
            -99.17485,
            18.90298,
            0
          ],
          [
            -99.17442,
            18.90255,
            0
          ],
          [
            -99.1743,
            18.90243,
            0
          ],
          [
            -99.17424,
            18.90237,
            0
          ],
          [
            -99.17389,
            18.902,
            0
          ],
          [
            -99.17379,
            18.90191,
            0
          ],
          [
            -99.17365,
            18.90177,
            0
          ],
          [
            -99.17322,
            18.90136,
            0
          ],
          [
            -99.1728,
            18.90092,
            0
          ],
          [
            -99.17275,
            18.90087,
            0
          ],
          [
            -99.17271,
            18.90082,
            0
          ],
          [
            -99.17265,
            18.90077,
            0
          ],
          [
            -99.17238,
            18.90051,
            0
          ],
          [
            -99.17227,
            18.9004,
            0
          ],
          [
            -99.17194,
            18.90009,
            0
          ],
          [
            -99.17178,
            18.89994,
            0
          ],
          [
            -99.17148,
            18.89965,
            0
          ],
          [
            -99.17137,
            18.89955,
            0
          ],
          [
            -99.17136,
            18.8995,
            0
          ],
          [
            -99.17136,
            18.89949,
            0
          ],
          [
            -99.17135,
            18.89947,
            0
          ],
          [
            -99.17134,
            18.89945,
            0
          ],
          [
            -99.17096,
            18.89906,
            0
          ],
          [
            -99.17041,
            18.89852,
            0
          ],
          [
            -99.16991,
            18.89804,
            0
          ],
          [
            -99.16974,
            18.89787,
            0
          ],
          [
            -99.1695,
            18.89763,
            0
          ],
          [
            -99.16923,
            18.89736,
            0
          ],
          [
            -99.16925,
            18.89731,
            0
          ],
          [
            -99.16942,
            18.89699,
            0
          ],
          [
            -99.16952,
            18.89681,
            0
          ],
          [
            -99.16966,
            18.89654,
            0
          ],
          [
            -99.16972,
            18.89641,
            0
          ],
          [
            -99.16981,
            18.89624,
            0
          ],
          [
            -99.1704,
            18.89513,
            0
          ],
          [
            -99.17071,
            18.89459,
            0
          ],
          [
            -99.17086,
            18.89431,
            0
          ],
          [
            -99.17092,
            18.89419,
            0
          ],
          [
            -99.17099,
            18.89405,
            0
          ],
          [
            -99.17115,
            18.89375,
            0
          ],
          [
            -99.17162,
            18.89288,
            0
          ],
          [
            -99.17183,
            18.89247,
            0
          ],
          [
            -99.17241,
            18.89138,
            0
          ],
          [
            -99.17292,
            18.89042,
            0
          ],
          [
            -99.17297,
            18.89043,
            0
          ],
          [
            -99.17301,
            18.89043,
            0
          ],
          [
            -99.17308,
            18.89043,
            0
          ],
          [
            -99.1732,
            18.89042,
            0
          ],
          [
            -99.17338,
            18.8904,
            0
          ],
          [
            -99.17363,
            18.89039,
            0
          ],
          [
            -99.17393,
            18.8904,
            0
          ],
          [
            -99.1741,
            18.89042,
            0
          ],
          [
            -99.17424,
            18.89044,
            0
          ],
          [
            -99.17436,
            18.89048,
            0
          ],
          [
            -99.17451,
            18.89053,
            0
          ],
          [
            -99.17477,
            18.89064,
            0
          ],
          [
            -99.17481,
            18.89056,
            0
          ],
          [
            -99.17486,
            18.89047,
            0
          ],
          [
            -99.17502,
            18.89018,
            0
          ],
          [
            -99.17548,
            18.88927,
            0
          ],
          [
            -99.17556,
            18.88911,
            0
          ],
          [
            -99.17587,
            18.8885,
            0
          ],
          [
            -99.17591,
            18.88843,
            0
          ],
          [
            -99.17605,
            18.88814,
            0
          ],
          [
            -99.17613,
            18.88796,
            0
          ],
          [
            -99.1762,
            18.8878,
            0
          ],
          [
            -99.17628,
            18.88756,
            0
          ],
          [
            -99.17656,
            18.88678,
            0
          ],
          [
            -99.17673,
            18.88626,
            0
          ],
          [
            -99.17683,
            18.88598,
            0
          ],
          [
            -99.17696,
            18.88559,
            0
          ],
          [
            -99.17701,
            18.88546,
            0
          ],
          [
            -99.17706,
            18.8853,
            0
          ],
          [
            -99.17719,
            18.88491,
            0
          ],
          [
            -99.17751,
            18.88394,
            0
          ],
          [
            -99.17765,
            18.88346,
            0
          ],
          [
            -99.17777,
            18.88312,
            0
          ],
          [
            -99.17802,
            18.8824,
            0
          ],
          [
            -99.17824,
            18.88179,
            0
          ],
          [
            -99.17827,
            18.8817,
            0
          ],
          [
            -99.1784,
            18.88134,
            0
          ],
          [
            -99.17853,
            18.88093,
            0
          ],
          [
            -99.17854,
            18.88089,
            0
          ],
          [
            -99.17856,
            18.88085,
            0
          ],
          [
            -99.17868,
            18.88051,
            0
          ],
          [
            -99.17871,
            18.88042,
            0
          ],
          [
            -99.17876,
            18.88028,
            0
          ],
          [
            -99.17886,
            18.87998,
            0
          ],
          [
            -99.17889,
            18.87989,
            0
          ],
          [
            -99.1789,
            18.87986,
            0
          ],
          [
            -99.1789,
            18.87984,
            0
          ],
          [
            -99.1789,
            18.8798,
            0
          ],
          [
            -99.17889,
            18.87974,
            0
          ],
          [
            -99.17888,
            18.87961,
            0
          ],
          [
            -99.17886,
            18.87947,
            0
          ],
          [
            -99.17885,
            18.87937,
            0
          ],
          [
            -99.17884,
            18.87933,
            0
          ],
          [
            -99.17882,
            18.87927,
            0
          ],
          [
            -99.17861,
            18.87899,
            0
          ],
          [
            -99.17843,
            18.87877,
            0
          ],
          [
            -99.17829,
            18.87861,
            0
          ],
          [
            -99.17824,
            18.8786,
            0
          ],
          [
            -99.17814,
            18.87857,
            0
          ],
          [
            -99.17774,
            18.87847,
            0
          ],
          [
            -99.17719,
            18.87834,
            0
          ],
          [
            -99.17552,
            18.87788,
            0
          ],
          [
            -99.17537,
            18.87784,
            0
          ],
          [
            -99.17505,
            18.87776,
            0
          ],
          [
            -99.17467,
            18.87766,
            0
          ],
          [
            -99.17423,
            18.87754,
            0
          ],
          [
            -99.1739,
            18.87745,
            0
          ],
          [
            -99.17349,
            18.87734,
            0
          ],
          [
            -99.17339,
            18.87732,
            0
          ],
          [
            -99.17334,
            18.8773,
            0
          ],
          [
            -99.17326,
            18.87726,
            0
          ],
          [
            -99.17317,
            18.87721,
            0
          ],
          [
            -99.17312,
            18.87717,
            0
          ],
          [
            -99.17303,
            18.87709,
            0
          ],
          [
            -99.17299,
            18.87706,
            0
          ],
          [
            -99.17296,
            18.87702,
            0
          ],
          [
            -99.17292,
            18.87697,
            0
          ],
          [
            -99.17286,
            18.8769,
            0
          ],
          [
            -99.17282,
            18.87682,
            0
          ],
          [
            -99.17276,
            18.8767,
            0
          ],
          [
            -99.17271,
            18.87655,
            0
          ],
          [
            -99.1727,
            18.87648,
            0
          ],
          [
            -99.17269,
            18.87644,
            0
          ],
          [
            -99.17268,
            18.87619,
            0
          ],
          [
            -99.17265,
            18.87561,
            0
          ],
          [
            -99.17263,
            18.87491,
            0
          ],
          [
            -99.17261,
            18.87455,
            0
          ],
          [
            -99.1726,
            18.87442,
            0
          ],
          [
            -99.17258,
            18.87401,
            0
          ],
          [
            -99.17257,
            18.87366,
            0
          ],
          [
            -99.17258,
            18.8735,
            0
          ],
          [
            -99.17259,
            18.87327,
            0
          ],
          [
            -99.17261,
            18.87309,
            0
          ],
          [
            -99.17263,
            18.87299,
            0
          ],
          [
            -99.17268,
            18.87274,
            0
          ],
          [
            -99.17274,
            18.87252,
            0
          ],
          [
            -99.17282,
            18.87225,
            0
          ],
          [
            -99.17291,
            18.872,
            0
          ],
          [
            -99.173,
            18.87178,
            0
          ],
          [
            -99.17311,
            18.87152,
            0
          ],
          [
            -99.17332,
            18.87102,
            0
          ],
          [
            -99.17345,
            18.87076,
            0
          ],
          [
            -99.17358,
            18.87043,
            0
          ],
          [
            -99.17363,
            18.87026,
            0
          ],
          [
            -99.17368,
            18.8701,
            0
          ],
          [
            -99.17369,
            18.87003,
            0
          ],
          [
            -99.1737,
            18.86995,
            0
          ],
          [
            -99.17369,
            18.86976,
            0
          ],
          [
            -99.17367,
            18.86964,
            0
          ],
          [
            -99.17364,
            18.86947,
            0
          ],
          [
            -99.17361,
            18.86929,
            0
          ],
          [
            -99.17354,
            18.86904,
            0
          ],
          [
            -99.17353,
            18.86896,
            0
          ],
          [
            -99.17352,
            18.86881,
            0
          ],
          [
            -99.17354,
            18.86864,
            0
          ],
          [
            -99.17359,
            18.86839,
            0
          ],
          [
            -99.17361,
            18.86829,
            0
          ],
          [
            -99.17367,
            18.8681,
            0
          ],
          [
            -99.17374,
            18.86791,
            0
          ],
          [
            -99.1738,
            18.86771,
            0
          ],
          [
            -99.17384,
            18.86758,
            0
          ],
          [
            -99.1739,
            18.8674,
            0
          ],
          [
            -99.17396,
            18.86711,
            0
          ],
          [
            -99.17398,
            18.86701,
            0
          ],
          [
            -99.17399,
            18.86697,
            0
          ],
          [
            -99.17405,
            18.86671,
            0
          ],
          [
            -99.17417,
            18.86625,
            0
          ],
          [
            -99.17428,
            18.86589,
            0
          ],
          [
            -99.17429,
            18.8658,
            0
          ],
          [
            -99.17436,
            18.86556,
            0
          ],
          [
            -99.17446,
            18.8652,
            0
          ],
          [
            -99.17448,
            18.86511,
            0
          ],
          [
            -99.1746,
            18.86469,
            0
          ],
          [
            -99.17463,
            18.86458,
            0
          ],
          [
            -99.17468,
            18.86447,
            0
          ],
          [
            -99.17474,
            18.86432,
            0
          ],
          [
            -99.17478,
            18.86426,
            0
          ],
          [
            -99.17488,
            18.86409,
            0
          ],
          [
            -99.17497,
            18.86394,
            0
          ],
          [
            -99.17525,
            18.86354,
            0
          ],
          [
            -99.1753,
            18.86347,
            0
          ],
          [
            -99.17558,
            18.86305,
            0
          ],
          [
            -99.17616,
            18.86221,
            0
          ],
          [
            -99.17631,
            18.862,
            0
          ],
          [
            -99.17654,
            18.8617,
            0
          ],
          [
            -99.17675,
            18.86146,
            0
          ],
          [
            -99.17694,
            18.86125,
            0
          ],
          [
            -99.17724,
            18.86097,
            0
          ],
          [
            -99.17727,
            18.86093,
            0
          ],
          [
            -99.1778,
            18.86041,
            0
          ],
          [
            -99.17795,
            18.86026,
            0
          ],
          [
            -99.17805,
            18.86012,
            0
          ],
          [
            -99.17812,
            18.86002,
            0
          ],
          [
            -99.17812,
            18.86001,
            0
          ],
          [
            -99.17821,
            18.85986,
            0
          ],
          [
            -99.17841,
            18.85948,
            0
          ],
          [
            -99.17849,
            18.85935,
            0
          ],
          [
            -99.1786,
            18.85914,
            0
          ],
          [
            -99.17874,
            18.85891,
            0
          ],
          [
            -99.17877,
            18.85886,
            0
          ],
          [
            -99.1788,
            18.85883,
            0
          ],
          [
            -99.17884,
            18.85878,
            0
          ],
          [
            -99.17895,
            18.85868,
            0
          ],
          [
            -99.17904,
            18.85861,
            0
          ],
          [
            -99.17918,
            18.8585,
            0
          ],
          [
            -99.1795,
            18.85826,
            0
          ],
          [
            -99.17963,
            18.85817,
            0
          ],
          [
            -99.17973,
            18.85809,
            0
          ],
          [
            -99.17975,
            18.85807,
            0
          ],
          [
            -99.17982,
            18.85801,
            0
          ],
          [
            -99.17987,
            18.85796,
            0
          ],
          [
            -99.17996,
            18.85786,
            0
          ],
          [
            -99.18001,
            18.85779,
            0
          ],
          [
            -99.18007,
            18.8577,
            0
          ],
          [
            -99.1801,
            18.85765,
            0
          ],
          [
            -99.18013,
            18.8576,
            0
          ],
          [
            -99.18016,
            18.85755,
            0
          ],
          [
            -99.1802,
            18.85743,
            0
          ],
          [
            -99.18022,
            18.85736,
            0
          ],
          [
            -99.18024,
            18.85723,
            0
          ],
          [
            -99.18025,
            18.85708,
            0
          ],
          [
            -99.18025,
            18.85692,
            0
          ],
          [
            -99.18024,
            18.85685,
            0
          ],
          [
            -99.18023,
            18.85679,
            0
          ],
          [
            -99.1802,
            18.85669,
            0
          ],
          [
            -99.18017,
            18.8566,
            0
          ],
          [
            -99.18014,
            18.85654,
            0
          ],
          [
            -99.18002,
            18.85635,
            0
          ],
          [
            -99.17983,
            18.85606,
            0
          ],
          [
            -99.17979,
            18.856,
            0
          ],
          [
            -99.17964,
            18.8558,
            0
          ],
          [
            -99.17928,
            18.85531,
            0
          ],
          [
            -99.17919,
            18.85518,
            0
          ],
          [
            -99.17896,
            18.85486,
            0
          ],
          [
            -99.17876,
            18.85457,
            0
          ],
          [
            -99.17851,
            18.85421,
            0
          ],
          [
            -99.1784,
            18.85405,
            0
          ],
          [
            -99.17835,
            18.85397,
            0
          ],
          [
            -99.1783,
            18.85385,
            0
          ],
          [
            -99.17821,
            18.8536,
            0
          ],
          [
            -99.17819,
            18.85352,
            0
          ],
          [
            -99.17818,
            18.85341,
            0
          ],
          [
            -99.17816,
            18.8533,
            0
          ],
          [
            -99.17815,
            18.85313,
            0
          ],
          [
            -99.17815,
            18.85288,
            0
          ],
          [
            -99.17815,
            18.85282,
            0
          ],
          [
            -99.17817,
            18.85259,
            0
          ],
          [
            -99.17819,
            18.85248,
            0
          ],
          [
            -99.17821,
            18.8524,
            0
          ],
          [
            -99.17836,
            18.85172,
            0
          ],
          [
            -99.1784,
            18.85154,
            0
          ],
          [
            -99.17856,
            18.85072,
            0
          ],
          [
            -99.1786,
            18.8505,
            0
          ],
          [
            -99.17864,
            18.85036,
            0
          ],
          [
            -99.17868,
            18.85021,
            0
          ],
          [
            -99.17869,
            18.85017,
            0
          ],
          [
            -99.17887,
            18.84971,
            0
          ],
          [
            -99.17899,
            18.84943,
            0
          ],
          [
            -99.17917,
            18.84913,
            0
          ],
          [
            -99.17927,
            18.84892,
            0
          ],
          [
            -99.17933,
            18.84881,
            0
          ],
          [
            -99.17944,
            18.8486,
            0
          ],
          [
            -99.17964,
            18.84815,
            0
          ],
          [
            -99.17967,
            18.84809,
            0
          ],
          [
            -99.17974,
            18.84797,
            0
          ],
          [
            -99.17982,
            18.84786,
            0
          ],
          [
            -99.18014,
            18.84746,
            0
          ],
          [
            -99.18022,
            18.84736,
            0
          ],
          [
            -99.18028,
            18.84728,
            0
          ],
          [
            -99.18039,
            18.84717,
            0
          ],
          [
            -99.1805,
            18.84702,
            0
          ],
          [
            -99.18054,
            18.84695,
            0
          ],
          [
            -99.18059,
            18.84691,
            0
          ],
          [
            -99.18065,
            18.84687,
            0
          ],
          [
            -99.18068,
            18.84686,
            0
          ],
          [
            -99.18071,
            18.84684,
            0
          ],
          [
            -99.18079,
            18.84682,
            0
          ],
          [
            -99.18086,
            18.84683,
            0
          ],
          [
            -99.18127,
            18.84685,
            0
          ],
          [
            -99.18136,
            18.84679,
            0
          ],
          [
            -99.18145,
            18.84671,
            0
          ],
          [
            -99.18159,
            18.84656,
            0
          ],
          [
            -99.18174,
            18.84639,
            0
          ],
          [
            -99.18178,
            18.84634,
            0
          ],
          [
            -99.18225,
            18.84578,
            0
          ],
          [
            -99.18254,
            18.84545,
            0
          ],
          [
            -99.18264,
            18.84527,
            0
          ],
          [
            -99.18275,
            18.84503,
            0
          ],
          [
            -99.18284,
            18.84476,
            0
          ],
          [
            -99.18301,
            18.84432,
            0
          ],
          [
            -99.18303,
            18.84429,
            0
          ],
          [
            -99.18314,
            18.84398,
            0
          ],
          [
            -99.18336,
            18.84327,
            0
          ],
          [
            -99.18344,
            18.84303,
            0
          ],
          [
            -99.18356,
            18.84261,
            0
          ],
          [
            -99.18363,
            18.84231,
            0
          ],
          [
            -99.18372,
            18.84204,
            0
          ],
          [
            -99.18376,
            18.84192,
            0
          ],
          [
            -99.18378,
            18.84187,
            0
          ],
          [
            -99.18381,
            18.84181,
            0
          ],
          [
            -99.18386,
            18.84176,
            0
          ],
          [
            -99.18394,
            18.84167,
            0
          ],
          [
            -99.18412,
            18.84144,
            0
          ],
          [
            -99.18417,
            18.84138,
            0
          ],
          [
            -99.18434,
            18.84115,
            0
          ],
          [
            -99.18443,
            18.84103,
            0
          ],
          [
            -99.18454,
            18.84077,
            0
          ],
          [
            -99.18459,
            18.84063,
            0
          ],
          [
            -99.18458,
            18.84051,
            0
          ],
          [
            -99.1846,
            18.84044,
            0
          ],
          [
            -99.18461,
            18.84038,
            0
          ],
          [
            -99.18464,
            18.84032,
            0
          ],
          [
            -99.1847,
            18.84022,
            0
          ],
          [
            -99.18441,
            18.84001,
            0
          ],
          [
            -99.18414,
            18.83983,
            0
          ],
          [
            -99.18383,
            18.8396,
            0
          ],
          [
            -99.1838,
            18.83958,
            0
          ],
          [
            -99.18379,
            18.83957,
            0
          ],
          [
            -99.18347,
            18.83949,
            0
          ],
          [
            -99.18344,
            18.83939,
            0
          ],
          [
            -99.18343,
            18.83934,
            0
          ],
          [
            -99.18343,
            18.83927,
            0
          ],
          [
            -99.18343,
            18.83912,
            0
          ],
          [
            -99.18344,
            18.83902,
            0
          ],
          [
            -99.18347,
            18.83889,
            0
          ],
          [
            -99.18354,
            18.83866,
            0
          ],
          [
            -99.1836,
            18.83846,
            0
          ],
          [
            -99.18363,
            18.83838,
            0
          ],
          [
            -99.18365,
            18.83826,
            0
          ],
          [
            -99.18363,
            18.83815,
            0
          ],
          [
            -99.18362,
            18.83811,
            0
          ],
          [
            -99.18358,
            18.83804,
            0
          ],
          [
            -99.18368,
            18.83804,
            0
          ],
          [
            -99.18377,
            18.83804,
            0
          ],
          [
            -99.18385,
            18.83805,
            0
          ],
          [
            -99.18393,
            18.83806,
            0
          ],
          [
            -99.18408,
            18.83811,
            0
          ],
          [
            -99.18422,
            18.83816,
            0
          ],
          [
            -99.18426,
            18.83816,
            0
          ],
          [
            -99.18431,
            18.83817,
            0
          ],
          [
            -99.18435,
            18.83816,
            0
          ],
          [
            -99.18438,
            18.83816,
            0
          ],
          [
            -99.18439,
            18.83816,
            0
          ],
          [
            -99.18444,
            18.83814,
            0
          ],
          [
            -99.18455,
            18.83809,
            0
          ],
          [
            -99.18457,
            18.83809,
            0
          ],
          [
            -99.18471,
            18.83802,
            0
          ],
          [
            -99.18489,
            18.83794,
            0
          ],
          [
            -99.18494,
            18.83792,
            0
          ],
          [
            -99.18498,
            18.83791,
            0
          ],
          [
            -99.185,
            18.83791,
            0
          ],
          [
            -99.18503,
            18.83791,
            0
          ],
          [
            -99.18505,
            18.83791,
            0
          ],
          [
            -99.18514,
            18.83792,
            0
          ],
          [
            -99.18517,
            18.83792,
            0
          ],
          [
            -99.1852,
            18.83793,
            0
          ],
          [
            -99.18525,
            18.83795,
            0
          ],
          [
            -99.18531,
            18.83799,
            0
          ],
          [
            -99.18534,
            18.83801,
            0
          ],
          [
            -99.18539,
            18.83805,
            0
          ],
          [
            -99.18542,
            18.83808,
            0
          ],
          [
            -99.18545,
            18.8381,
            0
          ],
          [
            -99.18546,
            18.83813,
            0
          ],
          [
            -99.18548,
            18.83815,
            0
          ],
          [
            -99.18549,
            18.83819,
            0
          ],
          [
            -99.1855,
            18.83823,
            0
          ],
          [
            -99.18552,
            18.83836,
            0
          ],
          [
            -99.1855,
            18.83844,
            0
          ],
          [
            -99.18549,
            18.8385,
            0
          ],
          [
            -99.18548,
            18.83852,
            0
          ],
          [
            -99.18548,
            18.83853,
            0
          ],
          [
            -99.18643,
            18.8386,
            0
          ],
          [
            -99.1868,
            18.83865,
            0
          ],
          [
            -99.18689,
            18.83866,
            0
          ],
          [
            -99.18698,
            18.83868,
            0
          ],
          [
            -99.18713,
            18.83872,
            0
          ],
          [
            -99.18745,
            18.83884,
            0
          ],
          [
            -99.1878,
            18.83896,
            0
          ],
          [
            -99.18798,
            18.83901,
            0
          ],
          [
            -99.18812,
            18.83903,
            0
          ],
          [
            -99.1882,
            18.83903,
            0
          ],
          [
            -99.18847,
            18.83907,
            0
          ],
          [
            -99.18872,
            18.83909,
            0
          ],
          [
            -99.18891,
            18.83911,
            0
          ],
          [
            -99.18903,
            18.83913,
            0
          ],
          [
            -99.18917,
            18.83915,
            0
          ],
          [
            -99.18921,
            18.83917,
            0
          ],
          [
            -99.18924,
            18.83918,
            0
          ],
          [
            -99.18932,
            18.8392,
            0
          ],
          [
            -99.18961,
            18.83933,
            0
          ],
          [
            -99.19012,
            18.83956,
            0
          ],
          [
            -99.19016,
            18.83958,
            0
          ],
          [
            -99.19069,
            18.83979,
            0
          ],
          [
            -99.19096,
            18.83987,
            0
          ],
          [
            -99.19133,
            18.83996,
            0
          ],
          [
            -99.19162,
            18.84004,
            0
          ],
          [
            -99.1918,
            18.84009,
            0
          ],
          [
            -99.19191,
            18.84013,
            0
          ],
          [
            -99.19201,
            18.84019,
            0
          ],
          [
            -99.19223,
            18.8404,
            0
          ],
          [
            -99.19232,
            18.84049,
            0
          ],
          [
            -99.19238,
            18.84053,
            0
          ],
          [
            -99.19243,
            18.84057,
            0
          ],
          [
            -99.1926,
            18.84066,
            0
          ],
          [
            -99.19268,
            18.84069,
            0
          ],
          [
            -99.1929,
            18.84078,
            0
          ],
          [
            -99.193,
            18.84082,
            0
          ],
          [
            -99.19309,
            18.84087,
            0
          ],
          [
            -99.19321,
            18.84098,
            0
          ],
          [
            -99.19355,
            18.84131,
            0
          ],
          [
            -99.19376,
            18.84153,
            0
          ],
          [
            -99.19384,
            18.84157,
            0
          ],
          [
            -99.19397,
            18.84167,
            0
          ],
          [
            -99.19403,
            18.84169,
            0
          ],
          [
            -99.19406,
            18.8417,
            0
          ],
          [
            -99.19411,
            18.8417,
            0
          ],
          [
            -99.19416,
            18.8417,
            0
          ],
          [
            -99.19422,
            18.84169,
            0
          ],
          [
            -99.19428,
            18.84167,
            0
          ],
          [
            -99.19435,
            18.84165,
            0
          ],
          [
            -99.19445,
            18.8416,
            0
          ],
          [
            -99.19455,
            18.84157,
            0
          ],
          [
            -99.19463,
            18.84155,
            0
          ],
          [
            -99.19471,
            18.84155,
            0
          ],
          [
            -99.19478,
            18.84157,
            0
          ],
          [
            -99.19483,
            18.8416,
            0
          ],
          [
            -99.19491,
            18.84166,
            0
          ],
          [
            -99.19503,
            18.84178,
            0
          ],
          [
            -99.19519,
            18.84196,
            0
          ],
          [
            -99.19538,
            18.84216,
            0
          ],
          [
            -99.19554,
            18.84234,
            0
          ],
          [
            -99.19557,
            18.84237,
            0
          ],
          [
            -99.1956,
            18.84239,
            0
          ],
          [
            -99.19564,
            18.84241,
            0
          ],
          [
            -99.19572,
            18.84242,
            0
          ],
          [
            -99.19583,
            18.84242,
            0
          ],
          [
            -99.1959,
            18.84241,
            0
          ],
          [
            -99.19595,
            18.8424,
            0
          ],
          [
            -99.19635,
            18.84228,
            0
          ],
          [
            -99.19682,
            18.84212,
            0
          ],
          [
            -99.19695,
            18.84212,
            0
          ],
          [
            -99.19702,
            18.84213,
            0
          ],
          [
            -99.1971,
            18.84215,
            0
          ],
          [
            -99.19717,
            18.84218,
            0
          ],
          [
            -99.19726,
            18.84224,
            0
          ],
          [
            -99.19744,
            18.84237,
            0
          ],
          [
            -99.19748,
            18.84239,
            0
          ],
          [
            -99.19793,
            18.84273,
            0
          ],
          [
            -99.19803,
            18.84279,
            0
          ],
          [
            -99.19806,
            18.8428,
            0
          ],
          [
            -99.19813,
            18.84282,
            0
          ],
          [
            -99.19818,
            18.84284,
            0
          ],
          [
            -99.19829,
            18.84284,
            0
          ],
          [
            -99.19844,
            18.84284,
            0
          ],
          [
            -99.19873,
            18.84282,
            0
          ],
          [
            -99.19881,
            18.84282,
            0
          ],
          [
            -99.19894,
            18.84281,
            0
          ],
          [
            -99.19916,
            18.8428,
            0
          ],
          [
            -99.19934,
            18.84277,
            0
          ],
          [
            -99.19952,
            18.84275,
            0
          ],
          [
            -99.19977,
            18.84272,
            0
          ],
          [
            -99.20002,
            18.84271,
            0
          ],
          [
            -99.20017,
            18.8427,
            0
          ],
          [
            -99.20032,
            18.84269,
            0
          ],
          [
            -99.20068,
            18.84268,
            0
          ],
          [
            -99.20099,
            18.84271,
            0
          ],
          [
            -99.20107,
            18.84271,
            0
          ],
          [
            -99.20168,
            18.84276,
            0
          ],
          [
            -99.20173,
            18.84277,
            0
          ],
          [
            -99.20173,
            18.84278,
            0
          ],
          [
            -99.20173,
            18.84279,
            0
          ],
          [
            -99.20173,
            18.8428,
            0
          ],
          [
            -99.20174,
            18.84281,
            0
          ],
          [
            -99.20174,
            18.84282,
            0
          ],
          [
            -99.20174,
            18.84283,
            0
          ],
          [
            -99.20175,
            18.84284,
            0
          ],
          [
            -99.20175,
            18.84285,
            0
          ],
          [
            -99.20176,
            18.84285,
            0
          ],
          [
            -99.20176,
            18.84286,
            0
          ],
          [
            -99.20176,
            18.84287,
            0
          ],
          [
            -99.20177,
            18.84287,
            0
          ],
          [
            -99.20177,
            18.84288,
            0
          ],
          [
            -99.20178,
            18.84288,
            0
          ],
          [
            -99.20179,
            18.84289,
            0
          ],
          [
            -99.2018,
            18.8429,
            0
          ],
          [
            -99.20181,
            18.8429,
            0
          ],
          [
            -99.20182,
            18.84291,
            0
          ],
          [
            -99.20183,
            18.84291,
            0
          ],
          [
            -99.20184,
            18.84291,
            0
          ],
          [
            -99.20185,
            18.84292,
            0
          ],
          [
            -99.20186,
            18.84292,
            0
          ],
          [
            -99.20187,
            18.84292,
            0
          ],
          [
            -99.20188,
            18.84292,
            0
          ],
          [
            -99.20189,
            18.84292,
            0
          ],
          [
            -99.2019,
            18.84291,
            0
          ],
          [
            -99.20191,
            18.84291,
            0
          ],
          [
            -99.20192,
            18.84291,
            0
          ],
          [
            -99.20193,
            18.8429,
            0
          ],
          [
            -99.20194,
            18.8429,
            0
          ],
          [
            -99.20195,
            18.84289,
            0
          ],
          [
            -99.20196,
            18.84289,
            0
          ],
          [
            -99.20196,
            18.84288,
            0
          ],
          [
            -99.20197,
            18.84288,
            0
          ],
          [
            -99.20198,
            18.84287,
            0
          ],
          [
            -99.20199,
            18.84286,
            0
          ],
          [
            -99.202,
            18.84285,
            0
          ],
          [
            -99.202,
            18.84284,
            0
          ],
          [
            -99.20201,
            18.84284,
            0
          ],
          [
            -99.20201,
            18.84283,
            0
          ],
          [
            -99.20201,
            18.84282,
            0
          ],
          [
            -99.20202,
            18.84282,
            0
          ],
          [
            -99.20202,
            18.84281,
            0
          ],
          [
            -99.20202,
            18.8428,
            0
          ],
          [
            -99.20202,
            18.84279,
            0
          ],
          [
            -99.20203,
            18.84278,
            0
          ],
          [
            -99.20203,
            18.84277,
            0
          ],
          [
            -99.20262,
            18.84283,
            0
          ],
          [
            -99.20266,
            18.84284,
            0
          ],
          [
            -99.20292,
            18.84287,
            0
          ],
          [
            -99.20301,
            18.84289,
            0
          ],
          [
            -99.20309,
            18.84291,
            0
          ],
          [
            -99.20314,
            18.84293,
            0
          ],
          [
            -99.20321,
            18.84297,
            0
          ],
          [
            -99.20345,
            18.84318,
            0
          ],
          [
            -99.20349,
            18.84321,
            0
          ],
          [
            -99.20353,
            18.84324,
            0
          ],
          [
            -99.2036,
            18.84327,
            0
          ],
          [
            -99.20363,
            18.84327,
            0
          ],
          [
            -99.20369,
            18.84328,
            0
          ],
          [
            -99.20401,
            18.8433,
            0
          ],
          [
            -99.20411,
            18.84331,
            0
          ],
          [
            -99.20414,
            18.84332,
            0
          ],
          [
            -99.20434,
            18.84339,
            0
          ],
          [
            -99.20442,
            18.8434,
            0
          ],
          [
            -99.20459,
            18.84344,
            0
          ],
          [
            -99.20471,
            18.84347,
            0
          ],
          [
            -99.20492,
            18.84356,
            0
          ],
          [
            -99.2051,
            18.84366,
            0
          ],
          [
            -99.20519,
            18.84372,
            0
          ],
          [
            -99.20532,
            18.84387,
            0
          ],
          [
            -99.20535,
            18.84391,
            0
          ],
          [
            -99.20543,
            18.84402,
            0
          ],
          [
            -99.2055,
            18.84415,
            0
          ],
          [
            -99.20553,
            18.84419,
            0
          ],
          [
            -99.20557,
            18.84424,
            0
          ],
          [
            -99.20558,
            18.84424,
            0
          ],
          [
            -99.20562,
            18.84428,
            0
          ],
          [
            -99.20567,
            18.84431,
            0
          ],
          [
            -99.20572,
            18.84433,
            0
          ],
          [
            -99.20574,
            18.84433,
            0
          ],
          [
            -99.20578,
            18.84434,
            0
          ],
          [
            -99.20584,
            18.84435,
            0
          ],
          [
            -99.2059,
            18.84435,
            0
          ],
          [
            -99.20596,
            18.84434,
            0
          ],
          [
            -99.20602,
            18.84433,
            0
          ],
          [
            -99.20612,
            18.8443,
            0
          ],
          [
            -99.2062,
            18.84427,
            0
          ],
          [
            -99.2063,
            18.84424,
            0
          ],
          [
            -99.2064,
            18.84421,
            0
          ],
          [
            -99.20647,
            18.84418,
            0
          ],
          [
            -99.20682,
            18.84404,
            0
          ],
          [
            -99.20755,
            18.84369,
            0
          ],
          [
            -99.20765,
            18.84364,
            0
          ],
          [
            -99.2081,
            18.84344,
            0
          ],
          [
            -99.20874,
            18.84318,
            0
          ],
          [
            -99.20912,
            18.84303,
            0
          ],
          [
            -99.20918,
            18.84301,
            0
          ],
          [
            -99.20967,
            18.84292,
            0
          ],
          [
            -99.21072,
            18.84274,
            0
          ],
          [
            -99.21109,
            18.84268,
            0
          ],
          [
            -99.21121,
            18.84268,
            0
          ],
          [
            -99.21145,
            18.84269,
            0
          ],
          [
            -99.21174,
            18.84272,
            0
          ],
          [
            -99.21188,
            18.84274,
            0
          ],
          [
            -99.21203,
            18.84275,
            0
          ],
          [
            -99.21231,
            18.84279,
            0
          ],
          [
            -99.21248,
            18.8428,
            0
          ],
          [
            -99.21258,
            18.8428,
            0
          ],
          [
            -99.2127,
            18.8428,
            0
          ],
          [
            -99.21284,
            18.84278,
            0
          ],
          [
            -99.21302,
            18.84274,
            0
          ],
          [
            -99.21319,
            18.8427,
            0
          ],
          [
            -99.21376,
            18.84254,
            0
          ],
          [
            -99.21383,
            18.84252,
            0
          ],
          [
            -99.21392,
            18.84248,
            0
          ],
          [
            -99.21404,
            18.84241,
            0
          ],
          [
            -99.21467,
            18.84207,
            0
          ],
          [
            -99.21483,
            18.84199,
            0
          ],
          [
            -99.21492,
            18.84195,
            0
          ],
          [
            -99.21504,
            18.8419,
            0
          ],
          [
            -99.2151,
            18.84188,
            0
          ],
          [
            -99.21516,
            18.84186,
            0
          ],
          [
            -99.21523,
            18.84185,
            0
          ],
          [
            -99.2153,
            18.84184,
            0
          ],
          [
            -99.21543,
            18.84184,
            0
          ],
          [
            -99.21599,
            18.8418,
            0
          ],
          [
            -99.2162,
            18.8418,
            0
          ],
          [
            -99.21627,
            18.84181,
            0
          ],
          [
            -99.21634,
            18.84183,
            0
          ],
          [
            -99.21718,
            18.84199,
            0
          ],
          [
            -99.21737,
            18.84203,
            0
          ],
          [
            -99.21748,
            18.84205,
            0
          ],
          [
            -99.21749,
            18.84206,
            0
          ],
          [
            -99.21751,
            18.84206,
            0
          ],
          [
            -99.21752,
            18.84206,
            0
          ],
          [
            -99.21755,
            18.84206,
            0
          ],
          [
            -99.2176,
            18.84207,
            0
          ],
          [
            -99.21761,
            18.84208,
            0
          ],
          [
            -99.21762,
            18.84208,
            0
          ],
          [
            -99.21785,
            18.84212,
            0
          ],
          [
            -99.21792,
            18.84214,
            0
          ],
          [
            -99.21796,
            18.84215,
            0
          ],
          [
            -99.21807,
            18.84218,
            0
          ],
          [
            -99.21816,
            18.84222,
            0
          ],
          [
            -99.21825,
            18.84228,
            0
          ],
          [
            -99.21837,
            18.84239,
            0
          ],
          [
            -99.21848,
            18.84248,
            0
          ],
          [
            -99.21862,
            18.8426,
            0
          ],
          [
            -99.21871,
            18.84267,
            0
          ],
          [
            -99.21879,
            18.84274,
            0
          ],
          [
            -99.21916,
            18.84306,
            0
          ],
          [
            -99.21955,
            18.84338,
            0
          ],
          [
            -99.22015,
            18.84388,
            0
          ],
          [
            -99.2203,
            18.84401,
            0
          ],
          [
            -99.22048,
            18.84417,
            0
          ],
          [
            -99.22061,
            18.84428,
            0
          ],
          [
            -99.22063,
            18.8443,
            0
          ],
          [
            -99.22064,
            18.84432,
            0
          ],
          [
            -99.22066,
            18.84435,
            0
          ],
          [
            -99.22073,
            18.84445,
            0
          ],
          [
            -99.22093,
            18.84478,
            0
          ],
          [
            -99.22102,
            18.84491,
            0
          ],
          [
            -99.2211,
            18.84503,
            0
          ],
          [
            -99.2212,
            18.84516,
            0
          ],
          [
            -99.22133,
            18.84529,
            0
          ],
          [
            -99.22142,
            18.84538,
            0
          ],
          [
            -99.22146,
            18.84541,
            0
          ],
          [
            -99.2215,
            18.84544,
            0
          ],
          [
            -99.22153,
            18.84546,
            0
          ],
          [
            -99.22157,
            18.84547,
            0
          ],
          [
            -99.22161,
            18.84548,
            0
          ],
          [
            -99.22169,
            18.84548,
            0
          ],
          [
            -99.22182,
            18.84546,
            0
          ],
          [
            -99.22193,
            18.84545,
            0
          ],
          [
            -99.22201,
            18.84544,
            0
          ],
          [
            -99.22323,
            18.8452,
            0
          ],
          [
            -99.22375,
            18.84504,
            0
          ],
          [
            -99.22384,
            18.84505,
            0
          ],
          [
            -99.22399,
            18.84426,
            0
          ],
          [
            -99.22418,
            18.84346,
            0
          ],
          [
            -99.22425,
            18.84311,
            0
          ],
          [
            -99.22427,
            18.84303,
            0
          ],
          [
            -99.22432,
            18.84273,
            0
          ],
          [
            -99.22442,
            18.84225,
            0
          ],
          [
            -99.22445,
            18.84215,
            0
          ],
          [
            -99.22452,
            18.8419,
            0
          ],
          [
            -99.22469,
            18.84131,
            0
          ],
          [
            -99.22473,
            18.84118,
            0
          ],
          [
            -99.22477,
            18.84105,
            0
          ],
          [
            -99.22484,
            18.84077,
            0
          ],
          [
            -99.2249,
            18.84045,
            0
          ],
          [
            -99.22496,
            18.8401,
            0
          ],
          [
            -99.22502,
            18.83984,
            0
          ],
          [
            -99.22509,
            18.83949,
            0
          ],
          [
            -99.22515,
            18.83925,
            0
          ],
          [
            -99.22522,
            18.83893,
            0
          ],
          [
            -99.22523,
            18.83884,
            0
          ],
          [
            -99.22537,
            18.83813,
            0
          ],
          [
            -99.22545,
            18.83771,
            0
          ],
          [
            -99.22549,
            18.83751,
            0
          ],
          [
            -99.22552,
            18.8373,
            0
          ],
          [
            -99.22555,
            18.83719,
            0
          ],
          [
            -99.22569,
            18.83654,
            0
          ],
          [
            -99.2258,
            18.83599,
            0
          ],
          [
            -99.22582,
            18.8359,
            0
          ],
          [
            -99.22584,
            18.83579,
            0
          ],
          [
            -99.226,
            18.83503,
            0
          ],
          [
            -99.2261,
            18.83464,
            0
          ],
          [
            -99.22615,
            18.8344,
            0
          ],
          [
            -99.22627,
            18.83383,
            0
          ],
          [
            -99.22636,
            18.83338,
            0
          ],
          [
            -99.22639,
            18.83321,
            0
          ],
          [
            -99.22646,
            18.8332,
            0
          ]
        ]
      },
      "properties": {
        "name": "2. TEMIXCO-PALO ESCRITO-ZAPATA-JIUTEPEC-CENTRO",
        "description": {
          "@type": "html",
          "value": "descripción: <br>OID: 424<br>ZONA: CENTRO<br>RUTA: RUTA 20<br>ITINERARIO: 2. TEMIXCO-PALO ESCRITO-ZAPATA-JIUTEPEC-CENTRO<br>DESCRIPCIO: CENTRO-TEMIXCO<br>AUTO-AMPL: ITINERARIO<br>DEFIN-PROV: DEFINITIVOS<br>DURACION: DEFINITIVA<br>FOLIO: SG/DGT/SDP/000540/97"
        },
        "styleUrl": "#line-4E342E-1200",
        "stroke-opacity": 1,
        "stroke": "#4e342e",
        "stroke-width": 1.2,
        "descripción": "",
        "OID": "424",
        "ZONA": "CENTRO",
        "RUTA": "RUTA 20",
        "ITINERARIO": "2. TEMIXCO-PALO ESCRITO-ZAPATA-JIUTEPEC-CENTRO",
        "DESCRIPCIO": "CENTRO-TEMIXCO",
        "AUTO-AMPL": "ITINERARIO",
        "DEFIN-PROV": "DEFINITIVOS",
        "DURACION": "DEFINITIVA",
        "FOLIO": "SG/DGT/SDP/000540/97"
      }
    },
    {
      "type": "Feature",
      "geometry": {
        "type": "LineString",
        "coordinates": [
          [
            -99.22644,
            18.8332,
            0
          ],
          [
            -99.22639,
            18.83321,
            0
          ],
          [
            -99.22631,
            18.83322,
            0
          ],
          [
            -99.22628,
            18.83336,
            0
          ],
          [
            -99.22618,
            18.83384,
            0
          ],
          [
            -99.22606,
            18.83438,
            0
          ],
          [
            -99.22601,
            18.83464,
            0
          ],
          [
            -99.22592,
            18.83501,
            0
          ],
          [
            -99.22574,
            18.83577,
            0
          ],
          [
            -99.22572,
            18.83589,
            0
          ],
          [
            -99.22569,
            18.83598,
            0
          ],
          [
            -99.22559,
            18.83652,
            0
          ],
          [
            -99.22546,
            18.83717,
            0
          ],
          [
            -99.22544,
            18.83726,
            0
          ],
          [
            -99.2254,
            18.83748,
            0
          ],
          [
            -99.22534,
            18.83771,
            0
          ],
          [
            -99.22526,
            18.83809,
            0
          ],
          [
            -99.22517,
            18.83854,
            0
          ],
          [
            -99.22512,
            18.83881,
            0
          ],
          [
            -99.22509,
            18.83891,
            0
          ],
          [
            -99.22502,
            18.83923,
            0
          ],
          [
            -99.22497,
            18.83948,
            0
          ],
          [
            -99.2249,
            18.83984,
            0
          ],
          [
            -99.22485,
            18.84012,
            0
          ],
          [
            -99.22482,
            18.8403,
            0
          ],
          [
            -99.2248,
            18.84039,
            0
          ],
          [
            -99.2248,
            18.84044,
            0
          ],
          [
            -99.22474,
            18.84075,
            0
          ],
          [
            -99.22466,
            18.84114,
            0
          ],
          [
            -99.22461,
            18.8413,
            0
          ],
          [
            -99.22444,
            18.84188,
            0
          ],
          [
            -99.22436,
            18.84214,
            0
          ],
          [
            -99.22433,
            18.84224,
            0
          ],
          [
            -99.22424,
            18.84272,
            0
          ],
          [
            -99.22415,
            18.8431,
            0
          ],
          [
            -99.22408,
            18.84345,
            0
          ],
          [
            -99.22391,
            18.84425,
            0
          ],
          [
            -99.22375,
            18.84504,
            0
          ],
          [
            -99.22323,
            18.8452,
            0
          ],
          [
            -99.22201,
            18.84544,
            0
          ],
          [
            -99.22193,
            18.84545,
            0
          ],
          [
            -99.22182,
            18.84546,
            0
          ],
          [
            -99.22169,
            18.84548,
            0
          ],
          [
            -99.22161,
            18.84548,
            0
          ],
          [
            -99.22157,
            18.84547,
            0
          ],
          [
            -99.22153,
            18.84546,
            0
          ],
          [
            -99.2215,
            18.84544,
            0
          ],
          [
            -99.22146,
            18.84541,
            0
          ],
          [
            -99.22142,
            18.84538,
            0
          ],
          [
            -99.22133,
            18.84529,
            0
          ],
          [
            -99.2212,
            18.84516,
            0
          ],
          [
            -99.2211,
            18.84503,
            0
          ],
          [
            -99.22102,
            18.84491,
            0
          ],
          [
            -99.22093,
            18.84478,
            0
          ],
          [
            -99.22073,
            18.84445,
            0
          ],
          [
            -99.22066,
            18.84435,
            0
          ],
          [
            -99.22064,
            18.84432,
            0
          ],
          [
            -99.22063,
            18.8443,
            0
          ],
          [
            -99.22061,
            18.84428,
            0
          ],
          [
            -99.22048,
            18.84417,
            0
          ],
          [
            -99.2203,
            18.84401,
            0
          ],
          [
            -99.22015,
            18.84388,
            0
          ],
          [
            -99.21955,
            18.84338,
            0
          ],
          [
            -99.21916,
            18.84306,
            0
          ],
          [
            -99.21879,
            18.84274,
            0
          ],
          [
            -99.21871,
            18.84267,
            0
          ],
          [
            -99.21862,
            18.8426,
            0
          ],
          [
            -99.21848,
            18.84248,
            0
          ],
          [
            -99.21837,
            18.84239,
            0
          ],
          [
            -99.21825,
            18.84228,
            0
          ],
          [
            -99.21816,
            18.84222,
            0
          ],
          [
            -99.21807,
            18.84218,
            0
          ],
          [
            -99.21796,
            18.84215,
            0
          ],
          [
            -99.21792,
            18.84214,
            0
          ],
          [
            -99.21785,
            18.84212,
            0
          ],
          [
            -99.21762,
            18.84208,
            0
          ],
          [
            -99.21761,
            18.84208,
            0
          ],
          [
            -99.2176,
            18.84207,
            0
          ],
          [
            -99.21755,
            18.84206,
            0
          ],
          [
            -99.21752,
            18.84206,
            0
          ],
          [
            -99.21751,
            18.84206,
            0
          ],
          [
            -99.21749,
            18.84206,
            0
          ],
          [
            -99.21748,
            18.84205,
            0
          ],
          [
            -99.21737,
            18.84203,
            0
          ],
          [
            -99.21718,
            18.84199,
            0
          ],
          [
            -99.21634,
            18.84183,
            0
          ],
          [
            -99.21627,
            18.84181,
            0
          ],
          [
            -99.2162,
            18.8418,
            0
          ],
          [
            -99.21599,
            18.8418,
            0
          ],
          [
            -99.21543,
            18.84184,
            0
          ],
          [
            -99.2153,
            18.84184,
            0
          ],
          [
            -99.21523,
            18.84185,
            0
          ],
          [
            -99.21516,
            18.84186,
            0
          ],
          [
            -99.2151,
            18.84188,
            0
          ],
          [
            -99.21504,
            18.8419,
            0
          ],
          [
            -99.21492,
            18.84195,
            0
          ],
          [
            -99.21483,
            18.84199,
            0
          ],
          [
            -99.21467,
            18.84207,
            0
          ],
          [
            -99.21404,
            18.84241,
            0
          ],
          [
            -99.21392,
            18.84248,
            0
          ],
          [
            -99.21383,
            18.84252,
            0
          ],
          [
            -99.21376,
            18.84254,
            0
          ],
          [
            -99.21319,
            18.8427,
            0
          ],
          [
            -99.21302,
            18.84274,
            0
          ],
          [
            -99.21284,
            18.84278,
            0
          ],
          [
            -99.2127,
            18.8428,
            0
          ],
          [
            -99.21258,
            18.8428,
            0
          ],
          [
            -99.21248,
            18.8428,
            0
          ],
          [
            -99.21231,
            18.84279,
            0
          ],
          [
            -99.21203,
            18.84275,
            0
          ],
          [
            -99.21188,
            18.84274,
            0
          ],
          [
            -99.21174,
            18.84272,
            0
          ],
          [
            -99.21145,
            18.84269,
            0
          ],
          [
            -99.21121,
            18.84268,
            0
          ],
          [
            -99.21109,
            18.84268,
            0
          ],
          [
            -99.21072,
            18.84274,
            0
          ],
          [
            -99.20967,
            18.84292,
            0
          ],
          [
            -99.20918,
            18.84301,
            0
          ],
          [
            -99.20912,
            18.84303,
            0
          ],
          [
            -99.20874,
            18.84318,
            0
          ],
          [
            -99.2081,
            18.84344,
            0
          ],
          [
            -99.20765,
            18.84364,
            0
          ],
          [
            -99.20755,
            18.84369,
            0
          ],
          [
            -99.20682,
            18.84404,
            0
          ],
          [
            -99.20647,
            18.84418,
            0
          ],
          [
            -99.2064,
            18.84421,
            0
          ],
          [
            -99.2063,
            18.84424,
            0
          ],
          [
            -99.2062,
            18.84427,
            0
          ],
          [
            -99.20612,
            18.8443,
            0
          ],
          [
            -99.20602,
            18.84433,
            0
          ],
          [
            -99.20596,
            18.84434,
            0
          ],
          [
            -99.2059,
            18.84435,
            0
          ],
          [
            -99.20584,
            18.84435,
            0
          ],
          [
            -99.20578,
            18.84434,
            0
          ],
          [
            -99.20574,
            18.84433,
            0
          ],
          [
            -99.20572,
            18.84433,
            0
          ],
          [
            -99.20567,
            18.84431,
            0
          ],
          [
            -99.20562,
            18.84428,
            0
          ],
          [
            -99.20558,
            18.84424,
            0
          ],
          [
            -99.20557,
            18.84424,
            0
          ],
          [
            -99.20553,
            18.84419,
            0
          ],
          [
            -99.2055,
            18.84415,
            0
          ],
          [
            -99.20543,
            18.84402,
            0
          ],
          [
            -99.20535,
            18.84391,
            0
          ],
          [
            -99.20532,
            18.84387,
            0
          ],
          [
            -99.20519,
            18.84372,
            0
          ],
          [
            -99.2051,
            18.84366,
            0
          ],
          [
            -99.20492,
            18.84356,
            0
          ],
          [
            -99.20471,
            18.84347,
            0
          ],
          [
            -99.20459,
            18.84344,
            0
          ],
          [
            -99.20442,
            18.8434,
            0
          ],
          [
            -99.20434,
            18.84339,
            0
          ],
          [
            -99.20414,
            18.84332,
            0
          ],
          [
            -99.20411,
            18.84331,
            0
          ],
          [
            -99.20401,
            18.8433,
            0
          ],
          [
            -99.20369,
            18.84328,
            0
          ],
          [
            -99.20363,
            18.84327,
            0
          ],
          [
            -99.2036,
            18.84327,
            0
          ],
          [
            -99.20353,
            18.84324,
            0
          ],
          [
            -99.20349,
            18.84321,
            0
          ],
          [
            -99.20345,
            18.84318,
            0
          ],
          [
            -99.20321,
            18.84297,
            0
          ],
          [
            -99.20314,
            18.84293,
            0
          ],
          [
            -99.20309,
            18.84291,
            0
          ],
          [
            -99.20301,
            18.84289,
            0
          ],
          [
            -99.20292,
            18.84287,
            0
          ],
          [
            -99.20266,
            18.84284,
            0
          ],
          [
            -99.20262,
            18.84283,
            0
          ],
          [
            -99.20203,
            18.84277,
            0
          ],
          [
            -99.20202,
            18.84276,
            0
          ],
          [
            -99.20202,
            18.84275,
            0
          ],
          [
            -99.20202,
            18.84274,
            0
          ],
          [
            -99.20201,
            18.84273,
            0
          ],
          [
            -99.20201,
            18.84272,
            0
          ],
          [
            -99.202,
            18.84271,
            0
          ],
          [
            -99.20199,
            18.8427,
            0
          ],
          [
            -99.20199,
            18.84269,
            0
          ],
          [
            -99.20198,
            18.84269,
            0
          ],
          [
            -99.20198,
            18.84268,
            0
          ],
          [
            -99.20197,
            18.84268,
            0
          ],
          [
            -99.20196,
            18.84267,
            0
          ],
          [
            -99.20195,
            18.84267,
            0
          ],
          [
            -99.20194,
            18.84266,
            0
          ],
          [
            -99.20193,
            18.84266,
            0
          ],
          [
            -99.20192,
            18.84265,
            0
          ],
          [
            -99.20191,
            18.84265,
            0
          ],
          [
            -99.2019,
            18.84265,
            0
          ],
          [
            -99.20189,
            18.84265,
            0
          ],
          [
            -99.20188,
            18.84265,
            0
          ],
          [
            -99.20187,
            18.84265,
            0
          ],
          [
            -99.20186,
            18.84265,
            0
          ],
          [
            -99.20185,
            18.84265,
            0
          ],
          [
            -99.20184,
            18.84266,
            0
          ],
          [
            -99.20183,
            18.84266,
            0
          ],
          [
            -99.20182,
            18.84266,
            0
          ],
          [
            -99.20182,
            18.84267,
            0
          ],
          [
            -99.20181,
            18.84267,
            0
          ],
          [
            -99.2018,
            18.84268,
            0
          ],
          [
            -99.20179,
            18.84268,
            0
          ],
          [
            -99.20178,
            18.84269,
            0
          ],
          [
            -99.20177,
            18.8427,
            0
          ],
          [
            -99.20176,
            18.84271,
            0
          ],
          [
            -99.20176,
            18.84272,
            0
          ],
          [
            -99.20175,
            18.84272,
            0
          ],
          [
            -99.20175,
            18.84273,
            0
          ],
          [
            -99.20174,
            18.84274,
            0
          ],
          [
            -99.20174,
            18.84275,
            0
          ],
          [
            -99.20174,
            18.84276,
            0
          ],
          [
            -99.20173,
            18.84276,
            0
          ],
          [
            -99.20173,
            18.84277,
            0
          ],
          [
            -99.20168,
            18.84276,
            0
          ],
          [
            -99.20107,
            18.84271,
            0
          ],
          [
            -99.20099,
            18.84271,
            0
          ],
          [
            -99.20068,
            18.84268,
            0
          ],
          [
            -99.20032,
            18.84269,
            0
          ],
          [
            -99.20017,
            18.8427,
            0
          ],
          [
            -99.20002,
            18.84271,
            0
          ],
          [
            -99.19977,
            18.84272,
            0
          ],
          [
            -99.19952,
            18.84275,
            0
          ],
          [
            -99.19934,
            18.84277,
            0
          ],
          [
            -99.19916,
            18.8428,
            0
          ],
          [
            -99.19894,
            18.84281,
            0
          ],
          [
            -99.19881,
            18.84282,
            0
          ],
          [
            -99.19873,
            18.84282,
            0
          ],
          [
            -99.19844,
            18.84284,
            0
          ],
          [
            -99.19829,
            18.84284,
            0
          ],
          [
            -99.19818,
            18.84284,
            0
          ],
          [
            -99.19813,
            18.84282,
            0
          ],
          [
            -99.19806,
            18.8428,
            0
          ],
          [
            -99.19803,
            18.84279,
            0
          ],
          [
            -99.19793,
            18.84273,
            0
          ],
          [
            -99.19748,
            18.84239,
            0
          ],
          [
            -99.19744,
            18.84237,
            0
          ],
          [
            -99.19726,
            18.84224,
            0
          ],
          [
            -99.19717,
            18.84218,
            0
          ],
          [
            -99.1971,
            18.84215,
            0
          ],
          [
            -99.19702,
            18.84213,
            0
          ],
          [
            -99.19695,
            18.84212,
            0
          ],
          [
            -99.19682,
            18.84212,
            0
          ],
          [
            -99.19635,
            18.84228,
            0
          ],
          [
            -99.19595,
            18.8424,
            0
          ],
          [
            -99.1959,
            18.84241,
            0
          ],
          [
            -99.19583,
            18.84242,
            0
          ],
          [
            -99.19572,
            18.84242,
            0
          ],
          [
            -99.19564,
            18.84241,
            0
          ],
          [
            -99.1956,
            18.84239,
            0
          ],
          [
            -99.19557,
            18.84237,
            0
          ],
          [
            -99.19554,
            18.84234,
            0
          ],
          [
            -99.19538,
            18.84216,
            0
          ],
          [
            -99.19519,
            18.84196,
            0
          ],
          [
            -99.19503,
            18.84178,
            0
          ],
          [
            -99.19491,
            18.84166,
            0
          ],
          [
            -99.19483,
            18.8416,
            0
          ],
          [
            -99.19478,
            18.84157,
            0
          ],
          [
            -99.19471,
            18.84155,
            0
          ],
          [
            -99.19463,
            18.84155,
            0
          ],
          [
            -99.19455,
            18.84157,
            0
          ],
          [
            -99.19445,
            18.8416,
            0
          ],
          [
            -99.19435,
            18.84165,
            0
          ],
          [
            -99.19428,
            18.84167,
            0
          ],
          [
            -99.19422,
            18.84169,
            0
          ],
          [
            -99.19416,
            18.8417,
            0
          ],
          [
            -99.19411,
            18.8417,
            0
          ],
          [
            -99.19406,
            18.8417,
            0
          ],
          [
            -99.19403,
            18.84169,
            0
          ],
          [
            -99.19397,
            18.84167,
            0
          ],
          [
            -99.19384,
            18.84157,
            0
          ],
          [
            -99.19376,
            18.84153,
            0
          ],
          [
            -99.19355,
            18.84131,
            0
          ],
          [
            -99.19321,
            18.84098,
            0
          ],
          [
            -99.19309,
            18.84087,
            0
          ],
          [
            -99.193,
            18.84082,
            0
          ],
          [
            -99.1929,
            18.84078,
            0
          ],
          [
            -99.19268,
            18.84069,
            0
          ],
          [
            -99.1926,
            18.84066,
            0
          ],
          [
            -99.19243,
            18.84057,
            0
          ],
          [
            -99.19238,
            18.84053,
            0
          ],
          [
            -99.19232,
            18.84049,
            0
          ],
          [
            -99.19223,
            18.8404,
            0
          ],
          [
            -99.19201,
            18.84019,
            0
          ],
          [
            -99.19191,
            18.84013,
            0
          ],
          [
            -99.1918,
            18.84009,
            0
          ],
          [
            -99.19162,
            18.84004,
            0
          ],
          [
            -99.19133,
            18.83996,
            0
          ],
          [
            -99.19096,
            18.83987,
            0
          ],
          [
            -99.19069,
            18.83979,
            0
          ],
          [
            -99.19016,
            18.83958,
            0
          ],
          [
            -99.19012,
            18.83956,
            0
          ],
          [
            -99.18961,
            18.83933,
            0
          ],
          [
            -99.18932,
            18.8392,
            0
          ],
          [
            -99.18924,
            18.83918,
            0
          ],
          [
            -99.18921,
            18.83917,
            0
          ],
          [
            -99.18917,
            18.83915,
            0
          ],
          [
            -99.18903,
            18.83913,
            0
          ],
          [
            -99.18891,
            18.83911,
            0
          ],
          [
            -99.18872,
            18.83909,
            0
          ],
          [
            -99.18847,
            18.83907,
            0
          ],
          [
            -99.1882,
            18.83903,
            0
          ],
          [
            -99.18812,
            18.83903,
            0
          ],
          [
            -99.18798,
            18.83901,
            0
          ],
          [
            -99.1878,
            18.83896,
            0
          ],
          [
            -99.18745,
            18.83884,
            0
          ],
          [
            -99.18713,
            18.83872,
            0
          ],
          [
            -99.18698,
            18.83868,
            0
          ],
          [
            -99.18689,
            18.83866,
            0
          ],
          [
            -99.1868,
            18.83865,
            0
          ],
          [
            -99.18643,
            18.8386,
            0
          ],
          [
            -99.18548,
            18.83853,
            0
          ],
          [
            -99.18522,
            18.83885,
            0
          ],
          [
            -99.18481,
            18.83924,
            0
          ],
          [
            -99.18474,
            18.83931,
            0
          ],
          [
            -99.18472,
            18.83935,
            0
          ],
          [
            -99.1847,
            18.83938,
            0
          ],
          [
            -99.18466,
            18.83945,
            0
          ],
          [
            -99.18463,
            18.83954,
            0
          ],
          [
            -99.18462,
            18.83962,
            0
          ],
          [
            -99.18463,
            18.83971,
            0
          ],
          [
            -99.18457,
            18.83981,
            0
          ],
          [
            -99.18451,
            18.8399,
            0
          ],
          [
            -99.18446,
            18.83996,
            0
          ],
          [
            -99.18441,
            18.84001,
            0
          ],
          [
            -99.18435,
            18.84008,
            0
          ],
          [
            -99.18429,
            18.84015,
            0
          ],
          [
            -99.18424,
            18.84025,
            0
          ],
          [
            -99.18403,
            18.84065,
            0
          ],
          [
            -99.18394,
            18.84079,
            0
          ],
          [
            -99.1839,
            18.84086,
            0
          ],
          [
            -99.18375,
            18.84105,
            0
          ],
          [
            -99.18353,
            18.84133,
            0
          ],
          [
            -99.18338,
            18.84157,
            0
          ],
          [
            -99.18309,
            18.842,
            0
          ],
          [
            -99.1829,
            18.84236,
            0
          ],
          [
            -99.18282,
            18.84251,
            0
          ],
          [
            -99.18265,
            18.84279,
            0
          ],
          [
            -99.18244,
            18.84311,
            0
          ],
          [
            -99.18226,
            18.84344,
            0
          ],
          [
            -99.18201,
            18.84388,
            0
          ],
          [
            -99.18197,
            18.84394,
            0
          ],
          [
            -99.18178,
            18.84431,
            0
          ],
          [
            -99.1815,
            18.84502,
            0
          ],
          [
            -99.18122,
            18.84564,
            0
          ],
          [
            -99.18064,
            18.84664,
            0
          ],
          [
            -99.18059,
            18.84672,
            0
          ],
          [
            -99.18042,
            18.84697,
            0
          ],
          [
            -99.18031,
            18.84712,
            0
          ],
          [
            -99.18028,
            18.84728,
            0
          ],
          [
            -99.18022,
            18.84736,
            0
          ],
          [
            -99.18014,
            18.84746,
            0
          ],
          [
            -99.17982,
            18.84786,
            0
          ],
          [
            -99.17974,
            18.84797,
            0
          ],
          [
            -99.17967,
            18.84809,
            0
          ],
          [
            -99.17964,
            18.84815,
            0
          ],
          [
            -99.17944,
            18.8486,
            0
          ],
          [
            -99.17933,
            18.84881,
            0
          ],
          [
            -99.17927,
            18.84892,
            0
          ],
          [
            -99.17917,
            18.84913,
            0
          ],
          [
            -99.17899,
            18.84943,
            0
          ],
          [
            -99.17887,
            18.84971,
            0
          ],
          [
            -99.17869,
            18.85017,
            0
          ],
          [
            -99.17868,
            18.85021,
            0
          ],
          [
            -99.17864,
            18.85036,
            0
          ],
          [
            -99.1786,
            18.8505,
            0
          ],
          [
            -99.17856,
            18.85072,
            0
          ],
          [
            -99.1784,
            18.85154,
            0
          ],
          [
            -99.17836,
            18.85172,
            0
          ],
          [
            -99.17821,
            18.8524,
            0
          ],
          [
            -99.17819,
            18.85248,
            0
          ],
          [
            -99.17817,
            18.85259,
            0
          ],
          [
            -99.17815,
            18.85282,
            0
          ],
          [
            -99.17815,
            18.85288,
            0
          ],
          [
            -99.17815,
            18.85313,
            0
          ],
          [
            -99.17816,
            18.8533,
            0
          ],
          [
            -99.17818,
            18.85341,
            0
          ],
          [
            -99.17819,
            18.85352,
            0
          ],
          [
            -99.17821,
            18.8536,
            0
          ],
          [
            -99.1783,
            18.85385,
            0
          ],
          [
            -99.17835,
            18.85397,
            0
          ],
          [
            -99.1784,
            18.85405,
            0
          ],
          [
            -99.17851,
            18.85421,
            0
          ],
          [
            -99.17876,
            18.85457,
            0
          ],
          [
            -99.17896,
            18.85486,
            0
          ],
          [
            -99.17919,
            18.85518,
            0
          ],
          [
            -99.17928,
            18.85531,
            0
          ],
          [
            -99.17964,
            18.8558,
            0
          ],
          [
            -99.17979,
            18.856,
            0
          ],
          [
            -99.17983,
            18.85606,
            0
          ],
          [
            -99.18002,
            18.85635,
            0
          ],
          [
            -99.18014,
            18.85654,
            0
          ],
          [
            -99.18017,
            18.8566,
            0
          ],
          [
            -99.1802,
            18.85669,
            0
          ],
          [
            -99.18023,
            18.85679,
            0
          ],
          [
            -99.18024,
            18.85685,
            0
          ],
          [
            -99.18025,
            18.85692,
            0
          ],
          [
            -99.18025,
            18.85708,
            0
          ],
          [
            -99.18024,
            18.85723,
            0
          ],
          [
            -99.18022,
            18.85736,
            0
          ],
          [
            -99.1802,
            18.85743,
            0
          ],
          [
            -99.18016,
            18.85755,
            0
          ],
          [
            -99.18013,
            18.8576,
            0
          ],
          [
            -99.1801,
            18.85765,
            0
          ],
          [
            -99.18007,
            18.8577,
            0
          ],
          [
            -99.18001,
            18.85779,
            0
          ],
          [
            -99.17996,
            18.85786,
            0
          ],
          [
            -99.17987,
            18.85796,
            0
          ],
          [
            -99.17982,
            18.85801,
            0
          ],
          [
            -99.17975,
            18.85807,
            0
          ],
          [
            -99.17973,
            18.85809,
            0
          ],
          [
            -99.17963,
            18.85817,
            0
          ],
          [
            -99.1795,
            18.85826,
            0
          ],
          [
            -99.17918,
            18.8585,
            0
          ],
          [
            -99.17904,
            18.85861,
            0
          ],
          [
            -99.17895,
            18.85868,
            0
          ],
          [
            -99.17884,
            18.85878,
            0
          ],
          [
            -99.1788,
            18.85883,
            0
          ],
          [
            -99.17877,
            18.85886,
            0
          ],
          [
            -99.17874,
            18.85891,
            0
          ],
          [
            -99.1786,
            18.85914,
            0
          ],
          [
            -99.17849,
            18.85935,
            0
          ],
          [
            -99.17841,
            18.85948,
            0
          ],
          [
            -99.17821,
            18.85986,
            0
          ],
          [
            -99.17812,
            18.86001,
            0
          ],
          [
            -99.17812,
            18.86002,
            0
          ],
          [
            -99.17805,
            18.86012,
            0
          ],
          [
            -99.17795,
            18.86026,
            0
          ],
          [
            -99.1778,
            18.86041,
            0
          ],
          [
            -99.17727,
            18.86093,
            0
          ],
          [
            -99.17724,
            18.86097,
            0
          ],
          [
            -99.17694,
            18.86125,
            0
          ],
          [
            -99.17675,
            18.86146,
            0
          ],
          [
            -99.17654,
            18.8617,
            0
          ],
          [
            -99.17631,
            18.862,
            0
          ],
          [
            -99.17616,
            18.86221,
            0
          ],
          [
            -99.17558,
            18.86305,
            0
          ],
          [
            -99.1753,
            18.86347,
            0
          ],
          [
            -99.17525,
            18.86354,
            0
          ],
          [
            -99.17497,
            18.86394,
            0
          ],
          [
            -99.17488,
            18.86409,
            0
          ],
          [
            -99.17478,
            18.86426,
            0
          ],
          [
            -99.17474,
            18.86432,
            0
          ],
          [
            -99.17468,
            18.86447,
            0
          ],
          [
            -99.17463,
            18.86458,
            0
          ],
          [
            -99.1746,
            18.86469,
            0
          ],
          [
            -99.17448,
            18.86511,
            0
          ],
          [
            -99.17446,
            18.8652,
            0
          ],
          [
            -99.17436,
            18.86556,
            0
          ],
          [
            -99.17429,
            18.8658,
            0
          ],
          [
            -99.17428,
            18.86589,
            0
          ],
          [
            -99.17417,
            18.86625,
            0
          ],
          [
            -99.17405,
            18.86671,
            0
          ],
          [
            -99.17399,
            18.86697,
            0
          ],
          [
            -99.17398,
            18.86701,
            0
          ],
          [
            -99.17396,
            18.86711,
            0
          ],
          [
            -99.1739,
            18.8674,
            0
          ],
          [
            -99.17384,
            18.86758,
            0
          ],
          [
            -99.1738,
            18.86771,
            0
          ],
          [
            -99.17374,
            18.86791,
            0
          ],
          [
            -99.17367,
            18.8681,
            0
          ],
          [
            -99.17361,
            18.86829,
            0
          ],
          [
            -99.17359,
            18.86839,
            0
          ],
          [
            -99.17354,
            18.86864,
            0
          ],
          [
            -99.17352,
            18.86881,
            0
          ],
          [
            -99.17353,
            18.86896,
            0
          ],
          [
            -99.17354,
            18.86904,
            0
          ],
          [
            -99.17361,
            18.86929,
            0
          ],
          [
            -99.17364,
            18.86947,
            0
          ],
          [
            -99.17367,
            18.86964,
            0
          ],
          [
            -99.17369,
            18.86976,
            0
          ],
          [
            -99.1737,
            18.86995,
            0
          ],
          [
            -99.17369,
            18.87003,
            0
          ],
          [
            -99.17368,
            18.8701,
            0
          ],
          [
            -99.17363,
            18.87026,
            0
          ],
          [
            -99.17358,
            18.87043,
            0
          ],
          [
            -99.17345,
            18.87076,
            0
          ],
          [
            -99.17332,
            18.87102,
            0
          ],
          [
            -99.17311,
            18.87152,
            0
          ],
          [
            -99.173,
            18.87178,
            0
          ],
          [
            -99.17291,
            18.872,
            0
          ],
          [
            -99.17282,
            18.87225,
            0
          ],
          [
            -99.17274,
            18.87252,
            0
          ],
          [
            -99.17268,
            18.87274,
            0
          ],
          [
            -99.17263,
            18.87299,
            0
          ],
          [
            -99.17261,
            18.87309,
            0
          ],
          [
            -99.17259,
            18.87327,
            0
          ],
          [
            -99.17258,
            18.8735,
            0
          ],
          [
            -99.17257,
            18.87366,
            0
          ],
          [
            -99.17258,
            18.87401,
            0
          ],
          [
            -99.1726,
            18.87442,
            0
          ],
          [
            -99.17261,
            18.87455,
            0
          ],
          [
            -99.17263,
            18.87491,
            0
          ],
          [
            -99.17265,
            18.87561,
            0
          ],
          [
            -99.17268,
            18.87619,
            0
          ],
          [
            -99.17269,
            18.87644,
            0
          ],
          [
            -99.1727,
            18.87648,
            0
          ],
          [
            -99.17271,
            18.87655,
            0
          ],
          [
            -99.17276,
            18.8767,
            0
          ],
          [
            -99.17282,
            18.87682,
            0
          ],
          [
            -99.17286,
            18.8769,
            0
          ],
          [
            -99.17292,
            18.87697,
            0
          ],
          [
            -99.17296,
            18.87702,
            0
          ],
          [
            -99.17299,
            18.87706,
            0
          ],
          [
            -99.17303,
            18.87709,
            0
          ],
          [
            -99.17312,
            18.87717,
            0
          ],
          [
            -99.17317,
            18.87721,
            0
          ],
          [
            -99.17326,
            18.87726,
            0
          ],
          [
            -99.17334,
            18.8773,
            0
          ],
          [
            -99.17339,
            18.87732,
            0
          ],
          [
            -99.17349,
            18.87734,
            0
          ],
          [
            -99.1739,
            18.87745,
            0
          ],
          [
            -99.17423,
            18.87754,
            0
          ],
          [
            -99.17467,
            18.87766,
            0
          ],
          [
            -99.17426,
            18.87885,
            0
          ],
          [
            -99.17413,
            18.87924,
            0
          ],
          [
            -99.17411,
            18.87929,
            0
          ],
          [
            -99.17401,
            18.87957,
            0
          ],
          [
            -99.17389,
            18.87991,
            0
          ],
          [
            -99.17361,
            18.8807,
            0
          ],
          [
            -99.17354,
            18.88091,
            0
          ],
          [
            -99.17425,
            18.88117,
            0
          ],
          [
            -99.17442,
            18.88122,
            0
          ],
          [
            -99.17493,
            18.88139,
            0
          ],
          [
            -99.17484,
            18.88167,
            0
          ],
          [
            -99.17458,
            18.88248,
            0
          ],
          [
            -99.17496,
            18.88261,
            0
          ],
          [
            -99.1754,
            18.88276,
            0
          ],
          [
            -99.17598,
            18.88294,
            0
          ],
          [
            -99.17631,
            18.88303,
            0
          ],
          [
            -99.1763,
            18.88303,
            0
          ],
          [
            -99.17584,
            18.88438,
            0
          ],
          [
            -99.17548,
            18.88534,
            0
          ],
          [
            -99.1753,
            18.88585,
            0
          ],
          [
            -99.17519,
            18.88614,
            0
          ],
          [
            -99.17509,
            18.8864,
            0
          ],
          [
            -99.17497,
            18.8866,
            0
          ],
          [
            -99.17451,
            18.88743,
            0
          ],
          [
            -99.17437,
            18.88771,
            0
          ],
          [
            -99.17427,
            18.88791,
            0
          ],
          [
            -99.17422,
            18.888,
            0
          ],
          [
            -99.174,
            18.8884,
            0
          ],
          [
            -99.17388,
            18.88864,
            0
          ],
          [
            -99.17385,
            18.88869,
            0
          ],
          [
            -99.1737,
            18.88898,
            0
          ],
          [
            -99.17363,
            18.88911,
            0
          ],
          [
            -99.17352,
            18.88931,
            0
          ],
          [
            -99.17348,
            18.88938,
            0
          ],
          [
            -99.1734,
            18.88953,
            0
          ],
          [
            -99.1733,
            18.88973,
            0
          ],
          [
            -99.17312,
            18.89007,
            0
          ],
          [
            -99.17299,
            18.89032,
            0
          ],
          [
            -99.17292,
            18.89042,
            0
          ],
          [
            -99.17241,
            18.89138,
            0
          ],
          [
            -99.17183,
            18.89247,
            0
          ],
          [
            -99.17162,
            18.89288,
            0
          ],
          [
            -99.17115,
            18.89375,
            0
          ],
          [
            -99.17099,
            18.89405,
            0
          ],
          [
            -99.17092,
            18.89419,
            0
          ],
          [
            -99.17086,
            18.89431,
            0
          ],
          [
            -99.17071,
            18.89459,
            0
          ],
          [
            -99.1704,
            18.89513,
            0
          ],
          [
            -99.16981,
            18.89624,
            0
          ],
          [
            -99.16972,
            18.89641,
            0
          ],
          [
            -99.16966,
            18.89654,
            0
          ],
          [
            -99.16917,
            18.89605,
            0
          ],
          [
            -99.16912,
            18.89598,
            0
          ],
          [
            -99.1686,
            18.89551,
            0
          ],
          [
            -99.16814,
            18.89506,
            0
          ],
          [
            -99.1681,
            18.89502,
            0
          ],
          [
            -99.16806,
            18.89507,
            0
          ],
          [
            -99.16772,
            18.8957,
            0
          ],
          [
            -99.16771,
            18.89572,
            0
          ],
          [
            -99.16765,
            18.89578,
            0
          ],
          [
            -99.16749,
            18.89594,
            0
          ],
          [
            -99.16758,
            18.89603,
            0
          ],
          [
            -99.16776,
            18.89623,
            0
          ],
          [
            -99.16817,
            18.89667,
            0
          ],
          [
            -99.16859,
            18.89708,
            0
          ],
          [
            -99.16867,
            18.89717,
            0
          ],
          [
            -99.16883,
            18.89732,
            0
          ],
          [
            -99.16896,
            18.89745,
            0
          ],
          [
            -99.16899,
            18.89748,
            0
          ],
          [
            -99.16901,
            18.89751,
            0
          ],
          [
            -99.16911,
            18.89762,
            0
          ],
          [
            -99.16928,
            18.89781,
            0
          ],
          [
            -99.16982,
            18.8983,
            0
          ],
          [
            -99.17032,
            18.8988,
            0
          ],
          [
            -99.17074,
            18.89923,
            0
          ],
          [
            -99.17079,
            18.89927,
            0
          ],
          [
            -99.17102,
            18.8995,
            0
          ],
          [
            -99.17108,
            18.89955,
            0
          ],
          [
            -99.17112,
            18.89958,
            0
          ],
          [
            -99.17116,
            18.8996,
            0
          ],
          [
            -99.17122,
            18.89964,
            0
          ],
          [
            -99.17135,
            18.89978,
            0
          ],
          [
            -99.17162,
            18.90004,
            0
          ],
          [
            -99.17206,
            18.90045,
            0
          ],
          [
            -99.17243,
            18.90084,
            0
          ],
          [
            -99.17252,
            18.90092,
            0
          ],
          [
            -99.17256,
            18.90096,
            0
          ],
          [
            -99.17352,
            18.90193,
            0
          ],
          [
            -99.17367,
            18.90208,
            0
          ],
          [
            -99.17398,
            18.90238,
            0
          ],
          [
            -99.17416,
            18.90258,
            0
          ],
          [
            -99.17427,
            18.90269,
            0
          ],
          [
            -99.1745,
            18.9029,
            0
          ],
          [
            -99.17519,
            18.90358,
            0
          ],
          [
            -99.17526,
            18.90364,
            0
          ],
          [
            -99.1753,
            18.90368,
            0
          ],
          [
            -99.17631,
            18.90468,
            0
          ],
          [
            -99.17636,
            18.90473,
            0
          ],
          [
            -99.17654,
            18.90491,
            0
          ],
          [
            -99.17661,
            18.90498,
            0
          ],
          [
            -99.17663,
            18.905,
            0
          ],
          [
            -99.17684,
            18.90521,
            0
          ],
          [
            -99.17689,
            18.90527,
            0
          ],
          [
            -99.17752,
            18.90591,
            0
          ],
          [
            -99.1776,
            18.90598,
            0
          ],
          [
            -99.17796,
            18.90634,
            0
          ],
          [
            -99.17799,
            18.90637,
            0
          ],
          [
            -99.17856,
            18.90693,
            0
          ],
          [
            -99.17906,
            18.90743,
            0
          ],
          [
            -99.17922,
            18.90758,
            0
          ],
          [
            -99.1793,
            18.90766,
            0
          ],
          [
            -99.1794,
            18.90777,
            0
          ],
          [
            -99.17946,
            18.90784,
            0
          ],
          [
            -99.17978,
            18.90816,
            0
          ],
          [
            -99.17988,
            18.90829,
            0
          ],
          [
            -99.17997,
            18.90841,
            0
          ],
          [
            -99.18009,
            18.9086,
            0
          ],
          [
            -99.18016,
            18.90873,
            0
          ],
          [
            -99.18017,
            18.90875,
            0
          ],
          [
            -99.1803,
            18.90905,
            0
          ],
          [
            -99.18034,
            18.90915,
            0
          ],
          [
            -99.18036,
            18.90921,
            0
          ],
          [
            -99.18056,
            18.90974,
            0
          ],
          [
            -99.18061,
            18.90986,
            0
          ],
          [
            -99.18062,
            18.90989,
            0
          ],
          [
            -99.18081,
            18.91039,
            0
          ],
          [
            -99.1809,
            18.91063,
            0
          ],
          [
            -99.18092,
            18.91069,
            0
          ],
          [
            -99.18097,
            18.9108,
            0
          ],
          [
            -99.18098,
            18.91083,
            0
          ],
          [
            -99.18111,
            18.91111,
            0
          ],
          [
            -99.18115,
            18.91118,
            0
          ],
          [
            -99.18129,
            18.91141,
            0
          ],
          [
            -99.18135,
            18.91151,
            0
          ],
          [
            -99.18158,
            18.9118,
            0
          ],
          [
            -99.18164,
            18.91187,
            0
          ],
          [
            -99.18198,
            18.91224,
            0
          ],
          [
            -99.18244,
            18.91273,
            0
          ],
          [
            -99.18273,
            18.91304,
            0
          ],
          [
            -99.1831,
            18.91342,
            0
          ],
          [
            -99.18344,
            18.91379,
            0
          ],
          [
            -99.1839,
            18.91429,
            0
          ],
          [
            -99.18423,
            18.91463,
            0
          ],
          [
            -99.18437,
            18.91476,
            0
          ],
          [
            -99.18452,
            18.91492,
            0
          ],
          [
            -99.18472,
            18.91512,
            0
          ],
          [
            -99.18496,
            18.91533,
            0
          ],
          [
            -99.18512,
            18.91547,
            0
          ],
          [
            -99.18571,
            18.916,
            0
          ],
          [
            -99.18593,
            18.91621,
            0
          ],
          [
            -99.18617,
            18.91643,
            0
          ],
          [
            -99.18637,
            18.91662,
            0
          ],
          [
            -99.18649,
            18.91672,
            0
          ],
          [
            -99.18657,
            18.91679,
            0
          ],
          [
            -99.18657,
            18.9168,
            0
          ],
          [
            -99.18675,
            18.91696,
            0
          ],
          [
            -99.18704,
            18.91721,
            0
          ],
          [
            -99.1873,
            18.91746,
            0
          ],
          [
            -99.18757,
            18.9177,
            0
          ],
          [
            -99.18805,
            18.91811,
            0
          ],
          [
            -99.18821,
            18.91823,
            0
          ],
          [
            -99.18831,
            18.9183,
            0
          ],
          [
            -99.18838,
            18.91834,
            0
          ],
          [
            -99.18854,
            18.91841,
            0
          ],
          [
            -99.1886,
            18.91844,
            0
          ],
          [
            -99.18872,
            18.91849,
            0
          ],
          [
            -99.18896,
            18.91858,
            0
          ],
          [
            -99.18946,
            18.91874,
            0
          ],
          [
            -99.19093,
            18.91918,
            0
          ],
          [
            -99.19185,
            18.91946,
            0
          ],
          [
            -99.19257,
            18.91968,
            0
          ],
          [
            -99.19346,
            18.91995,
            0
          ],
          [
            -99.19363,
            18.92,
            0
          ],
          [
            -99.19386,
            18.92004,
            0
          ],
          [
            -99.19397,
            18.92005,
            0
          ],
          [
            -99.19408,
            18.92005,
            0
          ],
          [
            -99.19422,
            18.92005,
            0
          ],
          [
            -99.19437,
            18.92002,
            0
          ],
          [
            -99.19451,
            18.91999,
            0
          ],
          [
            -99.19459,
            18.91997,
            0
          ],
          [
            -99.19477,
            18.91991,
            0
          ],
          [
            -99.1951,
            18.9198,
            0
          ],
          [
            -99.19519,
            18.91983,
            0
          ],
          [
            -99.19523,
            18.91983,
            0
          ],
          [
            -99.19528,
            18.91983,
            0
          ],
          [
            -99.19534,
            18.91982,
            0
          ],
          [
            -99.19569,
            18.9198,
            0
          ],
          [
            -99.1958,
            18.9198,
            0
          ],
          [
            -99.19594,
            18.9198,
            0
          ],
          [
            -99.19608,
            18.91982,
            0
          ],
          [
            -99.19609,
            18.91982,
            0
          ],
          [
            -99.19623,
            18.91984,
            0
          ],
          [
            -99.19712,
            18.92001,
            0
          ],
          [
            -99.19725,
            18.92004,
            0
          ],
          [
            -99.1978,
            18.92019,
            0
          ],
          [
            -99.19833,
            18.92041,
            0
          ],
          [
            -99.19884,
            18.92061,
            0
          ],
          [
            -99.19891,
            18.92072,
            0
          ],
          [
            -99.19903,
            18.92078,
            0
          ],
          [
            -99.19909,
            18.92081,
            0
          ],
          [
            -99.19914,
            18.92086,
            0
          ],
          [
            -99.19918,
            18.9209,
            0
          ],
          [
            -99.19922,
            18.92094,
            0
          ],
          [
            -99.19927,
            18.92103,
            0
          ],
          [
            -99.19931,
            18.92112,
            0
          ],
          [
            -99.19937,
            18.92118,
            0
          ],
          [
            -99.19945,
            18.92122,
            0
          ],
          [
            -99.19963,
            18.92116,
            0
          ],
          [
            -99.19977,
            18.92112,
            0
          ],
          [
            -99.19984,
            18.92111,
            0
          ],
          [
            -99.20002,
            18.92109,
            0
          ],
          [
            -99.20013,
            18.92107,
            0
          ],
          [
            -99.20024,
            18.92105,
            0
          ],
          [
            -99.20045,
            18.92108,
            0
          ],
          [
            -99.20058,
            18.9211,
            0
          ],
          [
            -99.20064,
            18.92113,
            0
          ],
          [
            -99.20069,
            18.92114,
            0
          ],
          [
            -99.2008,
            18.92114,
            0
          ],
          [
            -99.20084,
            18.92115,
            0
          ],
          [
            -99.20086,
            18.92115,
            0
          ],
          [
            -99.2009,
            18.92116,
            0
          ],
          [
            -99.20104,
            18.9212,
            0
          ],
          [
            -99.20118,
            18.92123,
            0
          ],
          [
            -99.20131,
            18.92125,
            0
          ],
          [
            -99.20142,
            18.92125,
            0
          ],
          [
            -99.20155,
            18.92124,
            0
          ],
          [
            -99.20182,
            18.92116,
            0
          ],
          [
            -99.202,
            18.92111,
            0
          ],
          [
            -99.20206,
            18.9211,
            0
          ],
          [
            -99.20219,
            18.92107,
            0
          ],
          [
            -99.2023,
            18.92106,
            0
          ],
          [
            -99.20242,
            18.92106,
            0
          ],
          [
            -99.2026,
            18.92106,
            0
          ],
          [
            -99.20277,
            18.92106,
            0
          ],
          [
            -99.2028,
            18.92106,
            0
          ],
          [
            -99.20284,
            18.92105,
            0
          ],
          [
            -99.20293,
            18.92103,
            0
          ],
          [
            -99.20317,
            18.92109,
            0
          ],
          [
            -99.20336,
            18.92113,
            0
          ],
          [
            -99.20369,
            18.92122,
            0
          ],
          [
            -99.20387,
            18.92126,
            0
          ],
          [
            -99.20411,
            18.92134,
            0
          ],
          [
            -99.2044,
            18.92148,
            0
          ],
          [
            -99.20445,
            18.92152,
            0
          ],
          [
            -99.2047,
            18.92162,
            0
          ],
          [
            -99.20476,
            18.92165,
            0
          ],
          [
            -99.20483,
            18.92167,
            0
          ],
          [
            -99.20491,
            18.92169,
            0
          ],
          [
            -99.205,
            18.92171,
            0
          ],
          [
            -99.2051,
            18.92171,
            0
          ],
          [
            -99.20522,
            18.9217,
            0
          ],
          [
            -99.20529,
            18.92169,
            0
          ],
          [
            -99.20569,
            18.92168,
            0
          ],
          [
            -99.20612,
            18.92166,
            0
          ],
          [
            -99.20625,
            18.92166,
            0
          ],
          [
            -99.20636,
            18.92167,
            0
          ],
          [
            -99.20655,
            18.92169,
            0
          ],
          [
            -99.2069,
            18.92174,
            0
          ],
          [
            -99.20705,
            18.92176,
            0
          ],
          [
            -99.20714,
            18.92178,
            0
          ],
          [
            -99.20724,
            18.92181,
            0
          ],
          [
            -99.20739,
            18.92186,
            0
          ],
          [
            -99.20762,
            18.92196,
            0
          ],
          [
            -99.20774,
            18.92203,
            0
          ],
          [
            -99.20785,
            18.9221,
            0
          ],
          [
            -99.20798,
            18.92221,
            0
          ],
          [
            -99.20814,
            18.92234,
            0
          ],
          [
            -99.20836,
            18.92252,
            0
          ],
          [
            -99.20861,
            18.92273,
            0
          ],
          [
            -99.20873,
            18.92282,
            0
          ],
          [
            -99.20887,
            18.9229,
            0
          ],
          [
            -99.20899,
            18.92296,
            0
          ],
          [
            -99.20912,
            18.92302,
            0
          ],
          [
            -99.20925,
            18.92307,
            0
          ],
          [
            -99.20938,
            18.92312,
            0
          ],
          [
            -99.20972,
            18.92321,
            0
          ],
          [
            -99.20978,
            18.92323,
            0
          ],
          [
            -99.21013,
            18.92331,
            0
          ],
          [
            -99.21041,
            18.92334,
            0
          ],
          [
            -99.2108,
            18.92343,
            0
          ],
          [
            -99.21131,
            18.92357,
            0
          ],
          [
            -99.21157,
            18.92363,
            0
          ],
          [
            -99.2118,
            18.92368,
            0
          ],
          [
            -99.21211,
            18.92378,
            0
          ],
          [
            -99.21271,
            18.92392,
            0
          ],
          [
            -99.21318,
            18.92403,
            0
          ],
          [
            -99.21365,
            18.9241,
            0
          ],
          [
            -99.21399,
            18.92412,
            0
          ],
          [
            -99.2146,
            18.92413,
            0
          ],
          [
            -99.21462,
            18.92413,
            0
          ],
          [
            -99.21481,
            18.92413,
            0
          ],
          [
            -99.21499,
            18.92413,
            0
          ],
          [
            -99.2152,
            18.92413,
            0
          ],
          [
            -99.21592,
            18.92413,
            0
          ],
          [
            -99.21646,
            18.92413,
            0
          ],
          [
            -99.21656,
            18.92413,
            0
          ],
          [
            -99.21694,
            18.92414,
            0
          ],
          [
            -99.2176,
            18.92412,
            0
          ],
          [
            -99.21798,
            18.92411,
            0
          ],
          [
            -99.21861,
            18.9241,
            0
          ],
          [
            -99.21877,
            18.9241,
            0
          ],
          [
            -99.2201,
            18.92407,
            0
          ],
          [
            -99.22033,
            18.92408,
            0
          ],
          [
            -99.22076,
            18.92409,
            0
          ],
          [
            -99.22106,
            18.92413,
            0
          ],
          [
            -99.22153,
            18.92425,
            0
          ],
          [
            -99.22163,
            18.92428,
            0
          ],
          [
            -99.22251,
            18.92448,
            0
          ],
          [
            -99.22325,
            18.92465,
            0
          ],
          [
            -99.22336,
            18.92467,
            0
          ],
          [
            -99.22339,
            18.92468,
            0
          ],
          [
            -99.22416,
            18.92485,
            0
          ],
          [
            -99.22492,
            18.92502,
            0
          ],
          [
            -99.22544,
            18.92514,
            0
          ],
          [
            -99.22584,
            18.92523,
            0
          ],
          [
            -99.22611,
            18.92529,
            0
          ],
          [
            -99.22732,
            18.92557,
            0
          ],
          [
            -99.22769,
            18.92566,
            0
          ],
          [
            -99.22774,
            18.92567,
            0
          ],
          [
            -99.22793,
            18.92572,
            0
          ],
          [
            -99.2281,
            18.92578,
            0
          ],
          [
            -99.22824,
            18.92584,
            0
          ],
          [
            -99.22842,
            18.92594,
            0
          ],
          [
            -99.22864,
            18.92608,
            0
          ],
          [
            -99.22874,
            18.92616,
            0
          ],
          [
            -99.22878,
            18.92619,
            0
          ],
          [
            -99.22888,
            18.92628,
            0
          ],
          [
            -99.22908,
            18.92649,
            0
          ],
          [
            -99.22925,
            18.92669,
            0
          ],
          [
            -99.22934,
            18.92681,
            0
          ],
          [
            -99.22943,
            18.92698,
            0
          ],
          [
            -99.22951,
            18.92712,
            0
          ],
          [
            -99.22963,
            18.92741,
            0
          ],
          [
            -99.22981,
            18.92784,
            0
          ],
          [
            -99.22983,
            18.92792,
            0
          ],
          [
            -99.22995,
            18.92795,
            0
          ],
          [
            -99.23007,
            18.92796,
            0
          ],
          [
            -99.23023,
            18.92795,
            0
          ],
          [
            -99.23027,
            18.92794,
            0
          ],
          [
            -99.23061,
            18.92782,
            0
          ],
          [
            -99.23079,
            18.92776,
            0
          ],
          [
            -99.23084,
            18.92775,
            0
          ],
          [
            -99.23088,
            18.92775,
            0
          ],
          [
            -99.23089,
            18.92775,
            0
          ],
          [
            -99.23093,
            18.92775,
            0
          ],
          [
            -99.23095,
            18.92775,
            0
          ],
          [
            -99.23098,
            18.92776,
            0
          ],
          [
            -99.23101,
            18.92776,
            0
          ],
          [
            -99.23108,
            18.92777,
            0
          ],
          [
            -99.23127,
            18.92781,
            0
          ],
          [
            -99.2313,
            18.92781,
            0
          ],
          [
            -99.23135,
            18.92782,
            0
          ],
          [
            -99.23139,
            18.92781,
            0
          ],
          [
            -99.23142,
            18.92781,
            0
          ],
          [
            -99.23148,
            18.9278,
            0
          ],
          [
            -99.23153,
            18.92778,
            0
          ],
          [
            -99.23156,
            18.92777,
            0
          ],
          [
            -99.23162,
            18.92775,
            0
          ],
          [
            -99.23177,
            18.92767,
            0
          ],
          [
            -99.23201,
            18.92748,
            0
          ],
          [
            -99.23222,
            18.92732,
            0
          ],
          [
            -99.23238,
            18.92722,
            0
          ],
          [
            -99.23255,
            18.92724,
            0
          ],
          [
            -99.23261,
            18.92725,
            0
          ],
          [
            -99.23279,
            18.92727,
            0
          ],
          [
            -99.23288,
            18.92728,
            0
          ],
          [
            -99.23392,
            18.92742,
            0
          ],
          [
            -99.23462,
            18.92748,
            0
          ],
          [
            -99.23467,
            18.92749,
            0
          ],
          [
            -99.23471,
            18.92749,
            0
          ],
          [
            -99.23477,
            18.92744,
            0
          ],
          [
            -99.23484,
            18.92739,
            0
          ],
          [
            -99.23488,
            18.92734,
            0
          ],
          [
            -99.23497,
            18.92724,
            0
          ],
          [
            -99.23496,
            18.92715,
            0
          ],
          [
            -99.23492,
            18.92697,
            0
          ],
          [
            -99.23491,
            18.92692,
            0
          ],
          [
            -99.23489,
            18.92688,
            0
          ],
          [
            -99.23486,
            18.92683,
            0
          ],
          [
            -99.23451,
            18.92638,
            0
          ],
          [
            -99.23428,
            18.92612,
            0
          ],
          [
            -99.23425,
            18.92608,
            0
          ],
          [
            -99.23381,
            18.92554,
            0
          ],
          [
            -99.23355,
            18.92529,
            0
          ],
          [
            -99.2333,
            18.92504,
            0
          ],
          [
            -99.23323,
            18.92497,
            0
          ],
          [
            -99.23321,
            18.92495,
            0
          ],
          [
            -99.23313,
            18.92488,
            0
          ],
          [
            -99.23263,
            18.92523,
            0
          ]
        ]
      },
      "properties": {
        "name": "2. TEMIXCO-PALO ESCRITO-ZAPATA-JIUTEPEC-CENTRO",
        "description": {
          "@type": "html",
          "value": "descripción: <br>OID: 580<br>ZONA: CENTRO<br>RUTA: RUTA 20<br>ITINERARIO: 2. TEMIXCO-PALO ESCRITO-ZAPATA-JIUTEPEC-CENTRO<br>DESCRIPCIO: TEMIXCO-CENTRO<br>AUTO-AMPL: ITINERARIO<br>DEFIN-PROV: DEFINITIVOS<br>DURACION: DEFINITIVA<br>FOLIO: SG/DGT/SDP/000540/97"
        },
        "styleUrl": "#line-01579B-1200",
        "stroke-opacity": 1,
        "stroke": "#01579b",
        "stroke-width": 1.2,
        "descripción": "",
        "OID": "580",
        "ZONA": "CENTRO",
        "RUTA": "RUTA 20",
        "ITINERARIO": "2. TEMIXCO-PALO ESCRITO-ZAPATA-JIUTEPEC-CENTRO",
        "DESCRIPCIO": "TEMIXCO-CENTRO",
        "AUTO-AMPL": "ITINERARIO",
        "DEFIN-PROV": "DEFINITIVOS",
        "DURACION": "DEFINITIVA",
        "FOLIO": "SG/DGT/SDP/000540/97"
      }
    },
    {
      "type": "Feature",
      "geometry": {
        "type": "LineString",
        "coordinates": [
          [
            -99.21786,
            18.84218,
            0
          ],
          [
            -99.21789,
            18.8423,
            0
          ],
          [
            -99.21791,
            18.84236,
            0
          ],
          [
            -99.2183,
            18.84365,
            0
          ],
          [
            -99.21844,
            18.84411,
            0
          ],
          [
            -99.2186,
            18.84466,
            0
          ],
          [
            -99.21862,
            18.84472,
            0
          ],
          [
            -99.21864,
            18.84477,
            0
          ],
          [
            -99.21865,
            18.84479,
            0
          ],
          [
            -99.21866,
            18.84481,
            0
          ],
          [
            -99.21868,
            18.84482,
            0
          ],
          [
            -99.21869,
            18.84482,
            0
          ],
          [
            -99.21874,
            18.84485,
            0
          ],
          [
            -99.21889,
            18.84494,
            0
          ],
          [
            -99.21893,
            18.84497,
            0
          ],
          [
            -99.21894,
            18.84498,
            0
          ],
          [
            -99.21896,
            18.84499,
            0
          ],
          [
            -99.21898,
            18.84503,
            0
          ],
          [
            -99.21904,
            18.8452,
            0
          ],
          [
            -99.21921,
            18.84577,
            0
          ],
          [
            -99.21939,
            18.84637,
            0
          ],
          [
            -99.21953,
            18.84681,
            0
          ],
          [
            -99.21955,
            18.84686,
            0
          ],
          [
            -99.21956,
            18.84688,
            0
          ],
          [
            -99.21956,
            18.84689,
            0
          ],
          [
            -99.21957,
            18.8469,
            0
          ],
          [
            -99.21958,
            18.84691,
            0
          ],
          [
            -99.2196,
            18.84692,
            0
          ],
          [
            -99.21961,
            18.84692,
            0
          ],
          [
            -99.21963,
            18.84693,
            0
          ],
          [
            -99.21964,
            18.84693,
            0
          ],
          [
            -99.21966,
            18.84693,
            0
          ],
          [
            -99.21968,
            18.84693,
            0
          ],
          [
            -99.21971,
            18.84692,
            0
          ],
          [
            -99.21973,
            18.84691,
            0
          ],
          [
            -99.21977,
            18.8469,
            0
          ],
          [
            -99.22028,
            18.84676,
            0
          ],
          [
            -99.22046,
            18.84733,
            0
          ],
          [
            -99.2201,
            18.84743,
            0
          ],
          [
            -99.21985,
            18.8475,
            0
          ]
        ]
      },
      "properties": {
        "name": "AV. MIGUEL HIDALGO",
        "description": {
          "@type": "html",
          "value": "descripción: <br>OID: 1257<br>ZONA: CENTRO<br>RUTA: RUTA 20<br>ITINERARIO: AMPL. AV. MIGUEL HIDALGO<br>DESCRIPCIO: AV. MIGUEL HIDALGO<br>AUTO-AMPL: AMPLIACION<br>DEFIN-PROV: DEFINITIVOS<br>DURACION: DEFINITIVA<br>FOLIO: SMYT/DGTPP/111/05/2016"
        },
        "styleUrl": "#line-FBC02D-1200",
        "stroke-opacity": 1,
        "stroke": "#fbc02d",
        "stroke-width": 1.2,
        "descripción": "",
        "OID": "1257",
        "ZONA": "CENTRO",
        "RUTA": "RUTA 20",
        "ITINERARIO": "AMPL. AV. MIGUEL HIDALGO",
        "DESCRIPCIO": "AV. MIGUEL HIDALGO",
        "AUTO-AMPL": "AMPLIACION",
        "DEFIN-PROV": "DEFINITIVOS",
        "DURACION": "DEFINITIVA",
        "FOLIO": "SMYT/DGTPP/111/05/2016"
      }
    },
    {
      "type": "Feature",
      "geometry": {
        "type": "LineString",
        "coordinates": [
          [
            -99.21497,
            18.83742,
            0
          ],
          [
            -99.21499,
            18.83746,
            0
          ],
          [
            -99.21494,
            18.83749,
            0
          ],
          [
            -99.21486,
            18.83753,
            0
          ],
          [
            -99.21453,
            18.83757,
            0
          ],
          [
            -99.21444,
            18.83758,
            0
          ],
          [
            -99.21413,
            18.8376,
            0
          ],
          [
            -99.21363,
            18.83764,
            0
          ],
          [
            -99.21355,
            18.83765,
            0
          ],
          [
            -99.21293,
            18.83772,
            0
          ],
          [
            -99.21289,
            18.83773,
            0
          ],
          [
            -99.21211,
            18.83785,
            0
          ],
          [
            -99.2116,
            18.83792,
            0
          ],
          [
            -99.21155,
            18.83792,
            0
          ],
          [
            -99.21126,
            18.83792,
            0
          ],
          [
            -99.21039,
            18.8378,
            0
          ],
          [
            -99.21008,
            18.83774,
            0
          ],
          [
            -99.2084,
            18.83743,
            0
          ],
          [
            -99.20814,
            18.83737,
            0
          ],
          [
            -99.20802,
            18.83734,
            0
          ],
          [
            -99.208,
            18.83734,
            0
          ],
          [
            -99.20724,
            18.8372,
            0
          ],
          [
            -99.20649,
            18.83707,
            0
          ],
          [
            -99.20632,
            18.83705,
            0
          ],
          [
            -99.20575,
            18.83694,
            0
          ],
          [
            -99.20526,
            18.83686,
            0
          ],
          [
            -99.20476,
            18.83676,
            0
          ],
          [
            -99.20458,
            18.8367,
            0
          ],
          [
            -99.204,
            18.83659,
            0
          ],
          [
            -99.20367,
            18.83652,
            0
          ],
          [
            -99.20308,
            18.8364,
            0
          ],
          [
            -99.20298,
            18.83638,
            0
          ],
          [
            -99.20269,
            18.83632,
            0
          ],
          [
            -99.20259,
            18.8363,
            0
          ],
          [
            -99.20255,
            18.83629,
            0
          ],
          [
            -99.20236,
            18.83624,
            0
          ],
          [
            -99.20216,
            18.83619,
            0
          ],
          [
            -99.20198,
            18.83613,
            0
          ],
          [
            -99.20181,
            18.83608,
            0
          ],
          [
            -99.20138,
            18.83594,
            0
          ],
          [
            -99.20118,
            18.83588,
            0
          ],
          [
            -99.20099,
            18.83586,
            0
          ],
          [
            -99.20084,
            18.83587,
            0
          ],
          [
            -99.20072,
            18.83588,
            0
          ],
          [
            -99.20057,
            18.83593,
            0
          ],
          [
            -99.20043,
            18.83599,
            0
          ],
          [
            -99.20035,
            18.83603,
            0
          ],
          [
            -99.20026,
            18.83607,
            0
          ],
          [
            -99.2002,
            18.83611,
            0
          ],
          [
            -99.20015,
            18.83615,
            0
          ],
          [
            -99.20012,
            18.83617,
            0
          ],
          [
            -99.20004,
            18.83628,
            0
          ],
          [
            -99.19998,
            18.8364,
            0
          ],
          [
            -99.19991,
            18.83654,
            0
          ],
          [
            -99.19989,
            18.83662,
            0
          ],
          [
            -99.19988,
            18.83666,
            0
          ],
          [
            -99.19986,
            18.83686,
            0
          ],
          [
            -99.1998,
            18.83754,
            0
          ],
          [
            -99.19981,
            18.83764,
            0
          ],
          [
            -99.19982,
            18.83771,
            0
          ],
          [
            -99.19984,
            18.83784,
            0
          ],
          [
            -99.19988,
            18.83794,
            0
          ],
          [
            -99.19994,
            18.83803,
            0
          ],
          [
            -99.20006,
            18.83822,
            0
          ],
          [
            -99.20011,
            18.83825,
            0
          ],
          [
            -99.20018,
            18.83835,
            0
          ],
          [
            -99.20023,
            18.83843,
            0
          ],
          [
            -99.20052,
            18.83884,
            0
          ],
          [
            -99.20075,
            18.83916,
            0
          ],
          [
            -99.20118,
            18.83978,
            0
          ],
          [
            -99.20147,
            18.84015,
            0
          ],
          [
            -99.20188,
            18.84076,
            0
          ],
          [
            -99.20197,
            18.84088,
            0
          ],
          [
            -99.20203,
            18.84108,
            0
          ],
          [
            -99.20203,
            18.84109,
            0
          ],
          [
            -99.20207,
            18.84126,
            0
          ],
          [
            -99.20208,
            18.84162,
            0
          ],
          [
            -99.202,
            18.84224,
            0
          ],
          [
            -99.20194,
            18.84256,
            0
          ],
          [
            -99.20194,
            18.84258,
            0
          ]
        ]
      },
      "properties": {
        "name": "DESARROLLO INDUSTRIAL ZAPATA",
        "description": {
          "@type": "html",
          "value": "descripción: <br>OID: 1268<br>ZONA: CENTRO<br>RUTA: RUTA 20<br>ITINERARIO: AMPL. DESARROLLO INDUSTRIAL ZAPATA<br>DESCRIPCIO: DESARROLLO INDUSTRIAL ZAPATA<br>AUTO-AMPL: AMPLIACION<br>DEFIN-PROV: DEFINITIVOS<br>DURACION: DEFINITIVA<br>FOLIO: SMYT/DGTPP/110/05/2016"
        },
        "styleUrl": "#line-7CB342-1200",
        "stroke-opacity": 1,
        "stroke": "#7cb342",
        "stroke-width": 1.2,
        "descripción": "",
        "OID": "1268",
        "ZONA": "CENTRO",
        "RUTA": "RUTA 20",
        "ITINERARIO": "AMPL. DESARROLLO INDUSTRIAL ZAPATA",
        "DESCRIPCIO": "DESARROLLO INDUSTRIAL ZAPATA",
        "AUTO-AMPL": "AMPLIACION",
        "DEFIN-PROV": "DEFINITIVOS",
        "DURACION": "DEFINITIVA",
        "FOLIO": "SMYT/DGTPP/110/05/2016"
      }
    },
    {
      "type": "Feature",
      "geometry": {
        "type": "LineString",
        "coordinates": [
          [
            -99.22555,
            18.8359,
            0
          ],
          [
            -99.22537,
            18.83592,
            0
          ],
          [
            -99.2252,
            18.83595,
            0
          ],
          [
            -99.22444,
            18.83609,
            0
          ],
          [
            -99.22443,
            18.83609,
            0
          ],
          [
            -99.22391,
            18.83618,
            0
          ],
          [
            -99.22344,
            18.83627,
            0
          ],
          [
            -99.22334,
            18.83629,
            0
          ],
          [
            -99.22294,
            18.83636,
            0
          ],
          [
            -99.22279,
            18.8364,
            0
          ],
          [
            -99.22264,
            18.83644,
            0
          ],
          [
            -99.22249,
            18.8365,
            0
          ],
          [
            -99.22231,
            18.83659,
            0
          ],
          [
            -99.22217,
            18.83669,
            0
          ],
          [
            -99.22208,
            18.83678,
            0
          ],
          [
            -99.222,
            18.83686,
            0
          ],
          [
            -99.22179,
            18.83712,
            0
          ],
          [
            -99.22177,
            18.83715,
            0
          ],
          [
            -99.22163,
            18.83733,
            0
          ],
          [
            -99.22155,
            18.83742,
            0
          ],
          [
            -99.22148,
            18.83748,
            0
          ],
          [
            -99.22139,
            18.83755,
            0
          ],
          [
            -99.22122,
            18.83765,
            0
          ],
          [
            -99.22106,
            18.83773,
            0
          ],
          [
            -99.22104,
            18.83774,
            0
          ],
          [
            -99.22092,
            18.83779,
            0
          ],
          [
            -99.22081,
            18.83782,
            0
          ],
          [
            -99.2207,
            18.83783,
            0
          ],
          [
            -99.22045,
            18.83784,
            0
          ],
          [
            -99.22032,
            18.83783,
            0
          ],
          [
            -99.21999,
            18.83781,
            0
          ],
          [
            -99.21967,
            18.83775,
            0
          ],
          [
            -99.21911,
            18.8377,
            0
          ],
          [
            -99.21869,
            18.83766,
            0
          ],
          [
            -99.2186,
            18.83765,
            0
          ],
          [
            -99.2185,
            18.83765,
            0
          ]
        ]
      },
      "properties": {
        "name": "DISTRIBUIDOR VIAL EMILIANO ZAPATA",
        "description": {
          "@type": "html",
          "value": "descripción: <br>OID: 1283<br>ZONA: CENTRO<br>RUTA: RUTA 20<br>ITINERARIO: AMPL. DISTRIBUIDOR VIAL EMILIANO ZAPATA<br>DESCRIPCIO: DISTRIBUIDOR VIAL EMILIANO ZAPATA<br>AUTO-AMPL: AMPLIACION<br>DEFIN-PROV: DEFINITIVOS<br>DURACION: DEFINITIVA<br>FOLIO: SMYT/DGTPP/108/05/2016"
        },
        "styleUrl": "#line-795548-1200",
        "stroke-opacity": 1,
        "stroke": "#795548",
        "stroke-width": 1.2,
        "descripción": "",
        "OID": "1283",
        "ZONA": "CENTRO",
        "RUTA": "RUTA 20",
        "ITINERARIO": "AMPL. DISTRIBUIDOR VIAL EMILIANO ZAPATA",
        "DESCRIPCIO": "DISTRIBUIDOR VIAL EMILIANO ZAPATA",
        "AUTO-AMPL": "AMPLIACION",
        "DEFIN-PROV": "DEFINITIVOS",
        "DURACION": "DEFINITIVA",
        "FOLIO": "SMYT/DGTPP/108/05/2016"
      }
    }
  ]
}