{
  "type": "FeatureCollection",
  "features": [
    {
      "type": "Feature",
      "geometry": {
        "type": "LineString",
        "coordinates": [
          [
            -99.23253,
            18.9253,
            0
          ],
          [
            -99.23221,
            18.92552,
            0
          ],
          [
            -99.23214,
            18.92558,
            0
          ],
          [
            -99.23206,
            18.92563,
            0
          ],
          [
            -99.23201,
            18.92566,
            0
          ],
          [
            -99.23206,
            18.92575,
            0
          ],
          [
            -99.23213,
            18.92589,
            0
          ],
          [
            -99.23217,
            18.92599,
            0
          ],
          [
            -99.23228,
            18.9263,
            0
          ],
          [
            -99.23232,
            18.92645,
            0
          ],
          [
            -99.23232,
            18.92647,
            0
          ],
          [
            -99.23232,
            18.92649,
            0
          ],
          [
            -99.23232,
            18.92651,
            0
          ],
          [
            -99.23231,
            18.92655,
            0
          ],
          [
            -99.23231,
            18.92657,
            0
          ],
          [
            -99.23217,
            18.92694,
            0
          ],
          [
            -99.23204,
            18.92721,
            0
          ],
          [
            -99.23189,
            18.92743,
            0
          ],
          [
            -99.23185,
            18.92748,
            0
          ],
          [
            -99.23182,
            18.92752,
            0
          ],
          [
            -99.23177,
            18.92756,
            0
          ],
          [
            -99.2316,
            18.92765,
            0
          ],
          [
            -99.23156,
            18.92767,
            0
          ],
          [
            -99.23155,
            18.92767,
            0
          ],
          [
            -99.23153,
            18.92768,
            0
          ],
          [
            -99.23151,
            18.92768,
            0
          ],
          [
            -99.23149,
            18.92769,
            0
          ],
          [
            -99.23147,
            18.92769,
            0
          ],
          [
            -99.23144,
            18.9277,
            0
          ],
          [
            -99.23143,
            18.9277,
            0
          ],
          [
            -99.23141,
            18.9277,
            0
          ],
          [
            -99.23139,
            18.9277,
            0
          ],
          [
            -99.23136,
            18.9277,
            0
          ],
          [
            -99.23135,
            18.9277,
            0
          ],
          [
            -99.23093,
            18.92767,
            0
          ],
          [
            -99.23091,
            18.92766,
            0
          ],
          [
            -99.23089,
            18.92766,
            0
          ],
          [
            -99.23087,
            18.92766,
            0
          ],
          [
            -99.23083,
            18.92766,
            0
          ],
          [
            -99.23081,
            18.92766,
            0
          ],
          [
            -99.23078,
            18.92766,
            0
          ],
          [
            -99.23075,
            18.92767,
            0
          ],
          [
            -99.23072,
            18.92768,
            0
          ],
          [
            -99.23068,
            18.92769,
            0
          ],
          [
            -99.23065,
            18.92769,
            0
          ],
          [
            -99.23057,
            18.92772,
            0
          ],
          [
            -99.23055,
            18.92772,
            0
          ],
          [
            -99.23019,
            18.92784,
            0
          ],
          [
            -99.23008,
            18.92786,
            0
          ],
          [
            -99.23001,
            18.92787,
            0
          ],
          [
            -99.22992,
            18.92787,
            0
          ],
          [
            -99.22988,
            18.92781,
            0
          ],
          [
            -99.22982,
            18.92768,
            0
          ],
          [
            -99.22952,
            18.92698,
            0
          ],
          [
            -99.22948,
            18.92691,
            0
          ],
          [
            -99.22939,
            18.92675,
            0
          ],
          [
            -99.22935,
            18.92669,
            0
          ],
          [
            -99.22913,
            18.92642,
            0
          ],
          [
            -99.22898,
            18.92627,
            0
          ],
          [
            -99.22888,
            18.92618,
            0
          ],
          [
            -99.22882,
            18.92613,
            0
          ],
          [
            -99.2287,
            18.92603,
            0
          ],
          [
            -99.22851,
            18.92591,
            0
          ],
          [
            -99.22839,
            18.92583,
            0
          ],
          [
            -99.22829,
            18.92578,
            0
          ],
          [
            -99.22804,
            18.92567,
            0
          ],
          [
            -99.22794,
            18.92562,
            0
          ],
          [
            -99.22776,
            18.92559,
            0
          ],
          [
            -99.22684,
            18.92537,
            0
          ],
          [
            -99.22563,
            18.92509,
            0
          ],
          [
            -99.22546,
            18.92506,
            0
          ],
          [
            -99.22496,
            18.92494,
            0
          ],
          [
            -99.22418,
            18.92476,
            0
          ],
          [
            -99.22336,
            18.92456,
            0
          ],
          [
            -99.22327,
            18.92455,
            0
          ],
          [
            -99.22218,
            18.92432,
            0
          ],
          [
            -99.2216,
            18.92418,
            0
          ],
          [
            -99.2215,
            18.92416,
            0
          ],
          [
            -99.22106,
            18.92405,
            0
          ],
          [
            -99.22078,
            18.92402,
            0
          ],
          [
            -99.22041,
            18.924,
            0
          ],
          [
            -99.22015,
            18.924,
            0
          ],
          [
            -99.21989,
            18.924,
            0
          ],
          [
            -99.21894,
            18.92402,
            0
          ],
          [
            -99.21868,
            18.92403,
            0
          ],
          [
            -99.21865,
            18.92403,
            0
          ],
          [
            -99.21852,
            18.92403,
            0
          ],
          [
            -99.21798,
            18.92402,
            0
          ],
          [
            -99.21765,
            18.92402,
            0
          ],
          [
            -99.21693,
            18.92404,
            0
          ],
          [
            -99.2167,
            18.92404,
            0
          ],
          [
            -99.21655,
            18.92404,
            0
          ],
          [
            -99.21592,
            18.92403,
            0
          ],
          [
            -99.21591,
            18.92403,
            0
          ],
          [
            -99.21519,
            18.92403,
            0
          ],
          [
            -99.21462,
            18.92403,
            0
          ],
          [
            -99.21399,
            18.92402,
            0
          ],
          [
            -99.21366,
            18.92402,
            0
          ],
          [
            -99.21306,
            18.92391,
            0
          ],
          [
            -99.21273,
            18.92382,
            0
          ],
          [
            -99.21212,
            18.92368,
            0
          ],
          [
            -99.21183,
            18.9236,
            0
          ],
          [
            -99.21156,
            18.92354,
            0
          ],
          [
            -99.21133,
            18.92349,
            0
          ],
          [
            -99.2108,
            18.92335,
            0
          ],
          [
            -99.21042,
            18.92326,
            0
          ],
          [
            -99.21026,
            18.92322,
            0
          ],
          [
            -99.21016,
            18.92318,
            0
          ],
          [
            -99.20993,
            18.92312,
            0
          ],
          [
            -99.20983,
            18.92309,
            0
          ],
          [
            -99.20941,
            18.92299,
            0
          ],
          [
            -99.20922,
            18.92294,
            0
          ],
          [
            -99.20912,
            18.92291,
            0
          ],
          [
            -99.20903,
            18.92286,
            0
          ],
          [
            -99.2089,
            18.92278,
            0
          ],
          [
            -99.20868,
            18.92263,
            0
          ],
          [
            -99.20828,
            18.92228,
            0
          ],
          [
            -99.20826,
            18.92227,
            0
          ],
          [
            -99.20801,
            18.92208,
            0
          ],
          [
            -99.20799,
            18.92207,
            0
          ],
          [
            -99.20791,
            18.92201,
            0
          ],
          [
            -99.20781,
            18.92194,
            0
          ],
          [
            -99.20775,
            18.92191,
            0
          ],
          [
            -99.20767,
            18.92187,
            0
          ],
          [
            -99.2075,
            18.92177,
            0
          ],
          [
            -99.20742,
            18.92174,
            0
          ],
          [
            -99.20732,
            18.9217,
            0
          ],
          [
            -99.20723,
            18.92168,
            0
          ],
          [
            -99.20721,
            18.92168,
            0
          ],
          [
            -99.20708,
            18.92165,
            0
          ],
          [
            -99.20691,
            18.92162,
            0
          ],
          [
            -99.20652,
            18.92157,
            0
          ],
          [
            -99.2062,
            18.92153,
            0
          ],
          [
            -99.20599,
            18.92151,
            0
          ],
          [
            -99.20582,
            18.92148,
            0
          ],
          [
            -99.20566,
            18.92144,
            0
          ],
          [
            -99.20528,
            18.92134,
            0
          ],
          [
            -99.20481,
            18.92126,
            0
          ],
          [
            -99.20469,
            18.92125,
            0
          ],
          [
            -99.20465,
            18.92125,
            0
          ],
          [
            -99.20454,
            18.92125,
            0
          ],
          [
            -99.20409,
            18.92118,
            0
          ],
          [
            -99.20396,
            18.92113,
            0
          ],
          [
            -99.20386,
            18.9211,
            0
          ],
          [
            -99.2038,
            18.92109,
            0
          ],
          [
            -99.20353,
            18.92103,
            0
          ],
          [
            -99.20304,
            18.92096,
            0
          ],
          [
            -99.20263,
            18.92091,
            0
          ],
          [
            -99.20248,
            18.9209,
            0
          ],
          [
            -99.20239,
            18.92089,
            0
          ],
          [
            -99.20215,
            18.9209,
            0
          ],
          [
            -99.20198,
            18.92088,
            0
          ],
          [
            -99.20189,
            18.92078,
            0
          ],
          [
            -99.20186,
            18.92077,
            0
          ],
          [
            -99.20184,
            18.92076,
            0
          ],
          [
            -99.20179,
            18.92074,
            0
          ],
          [
            -99.20168,
            18.92071,
            0
          ],
          [
            -99.20159,
            18.92069,
            0
          ],
          [
            -99.20123,
            18.92076,
            0
          ],
          [
            -99.20107,
            18.92078,
            0
          ],
          [
            -99.20079,
            18.92083,
            0
          ],
          [
            -99.20072,
            18.92083,
            0
          ],
          [
            -99.20071,
            18.92083,
            0
          ],
          [
            -99.20064,
            18.92083,
            0
          ],
          [
            -99.20059,
            18.92083,
            0
          ],
          [
            -99.20054,
            18.92083,
            0
          ],
          [
            -99.20033,
            18.92082,
            0
          ],
          [
            -99.20023,
            18.92081,
            0
          ],
          [
            -99.20015,
            18.9208,
            0
          ],
          [
            -99.19997,
            18.92076,
            0
          ],
          [
            -99.1999,
            18.92074,
            0
          ],
          [
            -99.19968,
            18.92068,
            0
          ],
          [
            -99.19859,
            18.92024,
            0
          ],
          [
            -99.19849,
            18.9202,
            0
          ],
          [
            -99.19788,
            18.91995,
            0
          ],
          [
            -99.19724,
            18.9198,
            0
          ],
          [
            -99.19627,
            18.91962,
            0
          ],
          [
            -99.19611,
            18.91959,
            0
          ],
          [
            -99.19595,
            18.91957,
            0
          ],
          [
            -99.1959,
            18.91957,
            0
          ],
          [
            -99.19576,
            18.91956,
            0
          ],
          [
            -99.1957,
            18.91956,
            0
          ],
          [
            -99.19565,
            18.91957,
            0
          ],
          [
            -99.19553,
            18.91957,
            0
          ],
          [
            -99.19544,
            18.91958,
            0
          ],
          [
            -99.19534,
            18.9196,
            0
          ],
          [
            -99.19533,
            18.9196,
            0
          ],
          [
            -99.19523,
            18.91962,
            0
          ],
          [
            -99.19522,
            18.91962,
            0
          ],
          [
            -99.19521,
            18.91963,
            0
          ],
          [
            -99.19512,
            18.91971,
            0
          ],
          [
            -99.19475,
            18.9198,
            0
          ],
          [
            -99.19445,
            18.91988,
            0
          ],
          [
            -99.19433,
            18.91989,
            0
          ],
          [
            -99.19427,
            18.9199,
            0
          ],
          [
            -99.19414,
            18.9199,
            0
          ],
          [
            -99.194,
            18.91989,
            0
          ],
          [
            -99.19389,
            18.91988,
            0
          ],
          [
            -99.19377,
            18.91985,
            0
          ],
          [
            -99.19366,
            18.91983,
            0
          ],
          [
            -99.19351,
            18.91978,
            0
          ],
          [
            -99.19307,
            18.91964,
            0
          ],
          [
            -99.19261,
            18.91949,
            0
          ],
          [
            -99.1912,
            18.91906,
            0
          ],
          [
            -99.19113,
            18.91903,
            0
          ],
          [
            -99.19021,
            18.91875,
            0
          ],
          [
            -99.18947,
            18.91853,
            0
          ],
          [
            -99.18924,
            18.91846,
            0
          ],
          [
            -99.18916,
            18.91844,
            0
          ],
          [
            -99.18904,
            18.9184,
            0
          ],
          [
            -99.18882,
            18.91833,
            0
          ],
          [
            -99.18871,
            18.91828,
            0
          ],
          [
            -99.18867,
            18.91826,
            0
          ],
          [
            -99.18862,
            18.91824,
            0
          ],
          [
            -99.18853,
            18.9182,
            0
          ],
          [
            -99.18844,
            18.91815,
            0
          ],
          [
            -99.18835,
            18.91809,
            0
          ],
          [
            -99.18828,
            18.91804,
            0
          ],
          [
            -99.1882,
            18.91798,
            0
          ],
          [
            -99.18802,
            18.91782,
            0
          ],
          [
            -99.18771,
            18.91754,
            0
          ],
          [
            -99.18703,
            18.91695,
            0
          ],
          [
            -99.18694,
            18.91687,
            0
          ],
          [
            -99.18671,
            18.91666,
            0
          ],
          [
            -99.18663,
            18.91659,
            0
          ],
          [
            -99.18651,
            18.91648,
            0
          ],
          [
            -99.18634,
            18.91632,
            0
          ],
          [
            -99.18585,
            18.9159,
            0
          ],
          [
            -99.18551,
            18.91559,
            0
          ],
          [
            -99.1853,
            18.91539,
            0
          ],
          [
            -99.18479,
            18.91494,
            0
          ],
          [
            -99.18468,
            18.91482,
            0
          ],
          [
            -99.18451,
            18.91465,
            0
          ],
          [
            -99.18434,
            18.91447,
            0
          ],
          [
            -99.18422,
            18.91434,
            0
          ],
          [
            -99.18397,
            18.91408,
            0
          ],
          [
            -99.18359,
            18.91367,
            0
          ],
          [
            -99.18325,
            18.91331,
            0
          ],
          [
            -99.18286,
            18.9129,
            0
          ],
          [
            -99.18259,
            18.9126,
            0
          ],
          [
            -99.18239,
            18.91239,
            0
          ],
          [
            -99.18227,
            18.91227,
            0
          ],
          [
            -99.18209,
            18.91207,
            0
          ],
          [
            -99.18176,
            18.91172,
            0
          ],
          [
            -99.18165,
            18.91159,
            0
          ],
          [
            -99.18144,
            18.91132,
            0
          ],
          [
            -99.18134,
            18.91114,
            0
          ],
          [
            -99.18131,
            18.91109,
            0
          ],
          [
            -99.18126,
            18.91098,
            0
          ],
          [
            -99.18119,
            18.91079,
            0
          ],
          [
            -99.18113,
            18.91062,
            0
          ],
          [
            -99.18086,
            18.9099,
            0
          ],
          [
            -99.18081,
            18.90978,
            0
          ],
          [
            -99.18071,
            18.9095,
            0
          ],
          [
            -99.18054,
            18.90906,
            0
          ],
          [
            -99.18038,
            18.90867,
            0
          ],
          [
            -99.1803,
            18.90851,
            0
          ],
          [
            -99.18018,
            18.90833,
            0
          ],
          [
            -99.18009,
            18.90821,
            0
          ],
          [
            -99.17999,
            18.90809,
            0
          ],
          [
            -99.17973,
            18.90782,
            0
          ],
          [
            -99.17972,
            18.90781,
            0
          ],
          [
            -99.17967,
            18.90775,
            0
          ],
          [
            -99.17958,
            18.90766,
            0
          ],
          [
            -99.17932,
            18.90741,
            0
          ],
          [
            -99.17925,
            18.90734,
            0
          ],
          [
            -99.17895,
            18.90704,
            0
          ],
          [
            -99.1785,
            18.90659,
            0
          ],
          [
            -99.17814,
            18.90623,
            0
          ],
          [
            -99.17811,
            18.9062,
            0
          ],
          [
            -99.17766,
            18.90575,
            0
          ],
          [
            -99.17715,
            18.90523,
            0
          ],
          [
            -99.17705,
            18.90513,
            0
          ],
          [
            -99.17702,
            18.90511,
            0
          ],
          [
            -99.17698,
            18.90507,
            0
          ],
          [
            -99.17697,
            18.90505,
            0
          ],
          [
            -99.17682,
            18.90491,
            0
          ],
          [
            -99.1768,
            18.90489,
            0
          ],
          [
            -99.17678,
            18.90487,
            0
          ],
          [
            -99.17611,
            18.90421,
            0
          ],
          [
            -99.17538,
            18.90352,
            0
          ],
          [
            -99.17533,
            18.90347,
            0
          ],
          [
            -99.17505,
            18.90318,
            0
          ],
          [
            -99.17485,
            18.90298,
            0
          ],
          [
            -99.17442,
            18.90255,
            0
          ],
          [
            -99.1743,
            18.90243,
            0
          ],
          [
            -99.17424,
            18.90237,
            0
          ],
          [
            -99.17389,
            18.902,
            0
          ],
          [
            -99.17379,
            18.90191,
            0
          ],
          [
            -99.17365,
            18.90177,
            0
          ],
          [
            -99.17322,
            18.90136,
            0
          ],
          [
            -99.1728,
            18.90092,
            0
          ],
          [
            -99.17275,
            18.90087,
            0
          ],
          [
            -99.17271,
            18.90082,
            0
          ],
          [
            -99.17265,
            18.90077,
            0
          ],
          [
            -99.17238,
            18.90051,
            0
          ],
          [
            -99.17227,
            18.9004,
            0
          ],
          [
            -99.17194,
            18.90009,
            0
          ],
          [
            -99.17178,
            18.89994,
            0
          ],
          [
            -99.17148,
            18.89965,
            0
          ],
          [
            -99.17137,
            18.89955,
            0
          ],
          [
            -99.17136,
            18.8995,
            0
          ],
          [
            -99.17136,
            18.89949,
            0
          ],
          [
            -99.17135,
            18.89947,
            0
          ],
          [
            -99.17134,
            18.89945,
            0
          ],
          [
            -99.17096,
            18.89906,
            0
          ],
          [
            -99.17041,
            18.89852,
            0
          ],
          [
            -99.16991,
            18.89804,
            0
          ],
          [
            -99.16974,
            18.89787,
            0
          ],
          [
            -99.1695,
            18.89763,
            0
          ],
          [
            -99.16923,
            18.89736,
            0
          ],
          [
            -99.16925,
            18.89731,
            0
          ],
          [
            -99.16942,
            18.89699,
            0
          ],
          [
            -99.16952,
            18.89681,
            0
          ],
          [
            -99.16966,
            18.89654,
            0
          ],
          [
            -99.16972,
            18.89641,
            0
          ],
          [
            -99.16981,
            18.89624,
            0
          ],
          [
            -99.1704,
            18.89513,
            0
          ],
          [
            -99.17071,
            18.89459,
            0
          ],
          [
            -99.17086,
            18.89431,
            0
          ],
          [
            -99.17092,
            18.89419,
            0
          ],
          [
            -99.17099,
            18.89405,
            0
          ],
          [
            -99.17115,
            18.89375,
            0
          ],
          [
            -99.17162,
            18.89288,
            0
          ],
          [
            -99.17183,
            18.89247,
            0
          ],
          [
            -99.17241,
            18.89138,
            0
          ],
          [
            -99.17292,
            18.89042,
            0
          ],
          [
            -99.17297,
            18.89043,
            0
          ],
          [
            -99.17301,
            18.89043,
            0
          ],
          [
            -99.17308,
            18.89043,
            0
          ],
          [
            -99.1732,
            18.89042,
            0
          ],
          [
            -99.17338,
            18.8904,
            0
          ],
          [
            -99.17363,
            18.89039,
            0
          ],
          [
            -99.17393,
            18.8904,
            0
          ],
          [
            -99.1741,
            18.89042,
            0
          ],
          [
            -99.17424,
            18.89044,
            0
          ],
          [
            -99.17436,
            18.89048,
            0
          ],
          [
            -99.17451,
            18.89053,
            0
          ],
          [
            -99.17477,
            18.89064,
            0
          ],
          [
            -99.17481,
            18.89056,
            0
          ],
          [
            -99.17486,
            18.89047,
            0
          ],
          [
            -99.17502,
            18.89018,
            0
          ],
          [
            -99.17548,
            18.88927,
            0
          ],
          [
            -99.17556,
            18.88911,
            0
          ],
          [
            -99.17587,
            18.8885,
            0
          ],
          [
            -99.17591,
            18.88843,
            0
          ],
          [
            -99.17605,
            18.88814,
            0
          ],
          [
            -99.17613,
            18.88796,
            0
          ],
          [
            -99.1762,
            18.8878,
            0
          ],
          [
            -99.17628,
            18.88756,
            0
          ],
          [
            -99.17656,
            18.88678,
            0
          ],
          [
            -99.17673,
            18.88626,
            0
          ],
          [
            -99.17683,
            18.88598,
            0
          ],
          [
            -99.17696,
            18.88559,
            0
          ],
          [
            -99.17701,
            18.88546,
            0
          ],
          [
            -99.17706,
            18.8853,
            0
          ],
          [
            -99.17719,
            18.88491,
            0
          ],
          [
            -99.17751,
            18.88394,
            0
          ],
          [
            -99.17765,
            18.88346,
            0
          ],
          [
            -99.17777,
            18.88312,
            0
          ],
          [
            -99.17802,
            18.8824,
            0
          ],
          [
            -99.17824,
            18.88179,
            0
          ],
          [
            -99.17827,
            18.8817,
            0
          ],
          [
            -99.1784,
            18.88134,
            0
          ],
          [
            -99.17853,
            18.88093,
            0
          ],
          [
            -99.17854,
            18.88089,
            0
          ],
          [
            -99.17856,
            18.88085,
            0
          ],
          [
            -99.17868,
            18.88051,
            0
          ],
          [
            -99.17871,
            18.88042,
            0
          ],
          [
            -99.17876,
            18.88028,
            0
          ],
          [
            -99.17886,
            18.87998,
            0
          ],
          [
            -99.17889,
            18.87989,
            0
          ],
          [
            -99.1789,
            18.87986,
            0
          ],
          [
            -99.1789,
            18.87984,
            0
          ],
          [
            -99.1789,
            18.8798,
            0
          ],
          [
            -99.17889,
            18.87974,
            0
          ],
          [
            -99.17888,
            18.87961,
            0
          ],
          [
            -99.17886,
            18.87947,
            0
          ],
          [
            -99.17885,
            18.87937,
            0
          ],
          [
            -99.17884,
            18.87933,
            0
          ],
          [
            -99.17882,
            18.87927,
            0
          ],
          [
            -99.17861,
            18.87899,
            0
          ],
          [
            -99.17843,
            18.87877,
            0
          ],
          [
            -99.17829,
            18.87861,
            0
          ],
          [
            -99.17824,
            18.8786,
            0
          ],
          [
            -99.17814,
            18.87857,
            0
          ],
          [
            -99.17774,
            18.87847,
            0
          ],
          [
            -99.17719,
            18.87834,
            0
          ],
          [
            -99.17552,
            18.87788,
            0
          ],
          [
            -99.17537,
            18.87784,
            0
          ],
          [
            -99.17505,
            18.87776,
            0
          ],
          [
            -99.17467,
            18.87766,
            0
          ],
          [
            -99.17423,
            18.87754,
            0
          ],
          [
            -99.1739,
            18.87745,
            0
          ],
          [
            -99.17349,
            18.87734,
            0
          ],
          [
            -99.17339,
            18.87732,
            0
          ],
          [
            -99.17334,
            18.8773,
            0
          ],
          [
            -99.17326,
            18.87726,
            0
          ],
          [
            -99.17317,
            18.87721,
            0
          ],
          [
            -99.17312,
            18.87717,
            0
          ],
          [
            -99.17303,
            18.87709,
            0
          ],
          [
            -99.17299,
            18.87706,
            0
          ],
          [
            -99.17296,
            18.87702,
            0
          ],
          [
            -99.17292,
            18.87697,
            0
          ],
          [
            -99.17286,
            18.8769,
            0
          ],
          [
            -99.17282,
            18.87682,
            0
          ],
          [
            -99.17276,
            18.8767,
            0
          ],
          [
            -99.17271,
            18.87655,
            0
          ],
          [
            -99.1727,
            18.87648,
            0
          ],
          [
            -99.17269,
            18.87644,
            0
          ],
          [
            -99.17268,
            18.87619,
            0
          ],
          [
            -99.17265,
            18.87561,
            0
          ],
          [
            -99.17263,
            18.87491,
            0
          ],
          [
            -99.17261,
            18.87455,
            0
          ],
          [
            -99.1726,
            18.87442,
            0
          ],
          [
            -99.17258,
            18.87401,
            0
          ],
          [
            -99.17257,
            18.87366,
            0
          ],
          [
            -99.17258,
            18.8735,
            0
          ],
          [
            -99.17259,
            18.87327,
            0
          ],
          [
            -99.17261,
            18.87309,
            0
          ],
          [
            -99.17263,
            18.87299,
            0
          ],
          [
            -99.17268,
            18.87274,
            0
          ],
          [
            -99.17274,
            18.87252,
            0
          ],
          [
            -99.17282,
            18.87225,
            0
          ],
          [
            -99.17291,
            18.872,
            0
          ],
          [
            -99.173,
            18.87178,
            0
          ],
          [
            -99.17311,
            18.87152,
            0
          ],
          [
            -99.17332,
            18.87102,
            0
          ],
          [
            -99.17345,
            18.87076,
            0
          ],
          [
            -99.17358,
            18.87043,
            0
          ],
          [
            -99.17363,
            18.87026,
            0
          ],
          [
            -99.17368,
            18.8701,
            0
          ],
          [
            -99.17369,
            18.87003,
            0
          ],
          [
            -99.1737,
            18.86995,
            0
          ],
          [
            -99.17369,
            18.86976,
            0
          ],
          [
            -99.17367,
            18.86964,
            0
          ],
          [
            -99.17364,
            18.86947,
            0
          ],
          [
            -99.17361,
            18.86929,
            0
          ],
          [
            -99.17354,
            18.86904,
            0
          ],
          [
            -99.17353,
            18.86896,
            0
          ],
          [
            -99.17352,
            18.86881,
            0
          ],
          [
            -99.17354,
            18.86864,
            0
          ],
          [
            -99.17359,
            18.86839,
            0
          ],
          [
            -99.17361,
            18.86829,
            0
          ],
          [
            -99.17367,
            18.8681,
            0
          ],
          [
            -99.17374,
            18.86791,
            0
          ],
          [
            -99.1738,
            18.86771,
            0
          ],
          [
            -99.17384,
            18.86758,
            0
          ],
          [
            -99.1739,
            18.8674,
            0
          ],
          [
            -99.17396,
            18.86711,
            0
          ],
          [
            -99.17398,
            18.86701,
            0
          ],
          [
            -99.17399,
            18.86697,
            0
          ],
          [
            -99.17405,
            18.86671,
            0
          ],
          [
            -99.17417,
            18.86625,
            0
          ],
          [
            -99.17428,
            18.86589,
            0
          ],
          [
            -99.17429,
            18.8658,
            0
          ],
          [
            -99.17436,
            18.86556,
            0
          ],
          [
            -99.17446,
            18.8652,
            0
          ],
          [
            -99.17448,
            18.86511,
            0
          ],
          [
            -99.1746,
            18.86469,
            0
          ],
          [
            -99.17463,
            18.86458,
            0
          ],
          [
            -99.17468,
            18.86447,
            0
          ],
          [
            -99.17474,
            18.86432,
            0
          ],
          [
            -99.17478,
            18.86426,
            0
          ],
          [
            -99.17488,
            18.86409,
            0
          ],
          [
            -99.17497,
            18.86394,
            0
          ],
          [
            -99.17525,
            18.86354,
            0
          ],
          [
            -99.1753,
            18.86347,
            0
          ],
          [
            -99.17558,
            18.86305,
            0
          ],
          [
            -99.17616,
            18.86221,
            0
          ],
          [
            -99.17631,
            18.862,
            0
          ],
          [
            -99.17654,
            18.8617,
            0
          ],
          [
            -99.17675,
            18.86146,
            0
          ],
          [
            -99.17694,
            18.86125,
            0
          ],
          [
            -99.17724,
            18.86097,
            0
          ],
          [
            -99.17727,
            18.86093,
            0
          ],
          [
            -99.1778,
            18.86041,
            0
          ],
          [
            -99.17795,
            18.86026,
            0
          ],
          [
            -99.17805,
            18.86012,
            0
          ],
          [
            -99.17812,
            18.86002,
            0
          ],
          [
            -99.17812,
            18.86001,
            0
          ],
          [
            -99.17821,
            18.85986,
            0
          ],
          [
            -99.17841,
            18.85948,
            0
          ],
          [
            -99.17849,
            18.85935,
            0
          ],
          [
            -99.1786,
            18.85914,
            0
          ],
          [
            -99.17874,
            18.85891,
            0
          ],
          [
            -99.17877,
            18.85886,
            0
          ],
          [
            -99.1788,
            18.85883,
            0
          ],
          [
            -99.17884,
            18.85878,
            0
          ],
          [
            -99.17895,
            18.85868,
            0
          ],
          [
            -99.17904,
            18.85861,
            0
          ],
          [
            -99.17918,
            18.8585,
            0
          ],
          [
            -99.1795,
            18.85826,
            0
          ],
          [
            -99.17963,
            18.85817,
            0
          ],
          [
            -99.17973,
            18.85809,
            0
          ],
          [
            -99.17975,
            18.85807,
            0
          ],
          [
            -99.17982,
            18.85801,
            0
          ],
          [
            -99.17987,
            18.85796,
            0
          ],
          [
            -99.17996,
            18.85786,
            0
          ],
          [
            -99.18001,
            18.85779,
            0
          ],
          [
            -99.18007,
            18.8577,
            0
          ],
          [
            -99.1801,
            18.85765,
            0
          ],
          [
            -99.18013,
            18.8576,
            0
          ],
          [
            -99.18016,
            18.85755,
            0
          ],
          [
            -99.1802,
            18.85743,
            0
          ],
          [
            -99.18022,
            18.85736,
            0
          ],
          [
            -99.18024,
            18.85723,
            0
          ],
          [
            -99.18025,
            18.85708,
            0
          ],
          [
            -99.18025,
            18.85692,
            0
          ],
          [
            -99.18024,
            18.85685,
            0
          ],
          [
            -99.18023,
            18.85679,
            0
          ],
          [
            -99.1802,
            18.85669,
            0
          ],
          [
            -99.18017,
            18.8566,
            0
          ],
          [
            -99.18014,
            18.85654,
            0
          ],
          [
            -99.18002,
            18.85635,
            0
          ],
          [
            -99.17983,
            18.85606,
            0
          ],
          [
            -99.17979,
            18.856,
            0
          ],
          [
            -99.17964,
            18.8558,
            0
          ],
          [
            -99.17928,
            18.85531,
            0
          ],
          [
            -99.17919,
            18.85518,
            0
          ],
          [
            -99.17896,
            18.85486,
            0
          ],
          [
            -99.17876,
            18.85457,
            0
          ],
          [
            -99.17851,
            18.85421,
            0
          ],
          [
            -99.1784,
            18.85405,
            0
          ],
          [
            -99.17835,
            18.85397,
            0
          ],
          [
            -99.1783,
            18.85385,
            0
          ],
          [
            -99.17821,
            18.8536,
            0
          ],
          [
            -99.17819,
            18.85352,
            0
          ],
          [
            -99.17818,
            18.85341,
            0
          ],
          [
            -99.17816,
            18.8533,
            0
          ],
          [
            -99.17815,
            18.85313,
            0
          ],
          [
            -99.17815,
            18.85288,
            0
          ],
          [
            -99.17815,
            18.85282,
            0
          ],
          [
            -99.17817,
            18.85259,
            0
          ],
          [
            -99.17819,
            18.85248,
            0
          ],
          [
            -99.17821,
            18.8524,
            0
          ],
          [
            -99.17836,
            18.85172,
            0
          ],
          [
            -99.1784,
            18.85154,
            0
          ],
          [
            -99.17856,
            18.85072,
            0
          ],
          [
            -99.1786,
            18.8505,
            0
          ],
          [
            -99.17864,
            18.85036,
            0
          ],
          [
            -99.17868,
            18.85021,
            0
          ],
          [
            -99.17869,
            18.85017,
            0
          ],
          [
            -99.17887,
            18.84971,
            0
          ],
          [
            -99.17899,
            18.84943,
            0
          ],
          [
            -99.17917,
            18.84913,
            0
          ],
          [
            -99.17927,
            18.84892,
            0
          ],
          [
            -99.17933,
            18.84881,
            0
          ],
          [
            -99.17944,
            18.8486,
            0
          ],
          [
            -99.17964,
            18.84815,
            0
          ],
          [
            -99.17967,
            18.84809,
            0
          ],
          [
            -99.17974,
            18.84797,
            0
          ],
          [
            -99.17982,
            18.84786,
            0
          ],
          [
            -99.18014,
            18.84746,
            0
          ],
          [
            -99.18022,
            18.84736,
            0
          ],
          [
            -99.18028,
            18.84728,
            0
          ],
          [
            -99.18039,
            18.84717,
            0
          ],
          [
            -99.1805,
            18.84702,
            0
          ],
          [
            -99.18054,
            18.84695,
            0
          ],
          [
            -99.18059,
            18.84691,
            0
          ],
          [
            -99.18065,
            18.84687,
            0
          ],
          [
            -99.18068,
            18.84686,
            0
          ],
          [
            -99.18071,
            18.84684,
            0
          ],
          [
            -99.18079,
            18.84682,
            0
          ],
          [
            -99.18086,
            18.84683,
            0
          ],
          [
            -99.18127,
            18.84685,
            0
          ],
          [
            -99.18136,
            18.84679,
            0
          ],
          [
            -99.18145,
            18.84671,
            0
          ],
          [
            -99.18159,
            18.84656,
            0
          ],
          [
            -99.18174,
            18.84639,
            0
          ],
          [
            -99.18178,
            18.84634,
            0
          ],
          [
            -99.18225,
            18.84578,
            0
          ],
          [
            -99.18254,
            18.84545,
            0
          ],
          [
            -99.18264,
            18.84527,
            0
          ],
          [
            -99.18275,
            18.84503,
            0
          ],
          [
            -99.18284,
            18.84476,
            0
          ],
          [
            -99.18301,
            18.84432,
            0
          ],
          [
            -99.18303,
            18.84429,
            0
          ],
          [
            -99.18314,
            18.84398,
            0
          ],
          [
            -99.18336,
            18.84327,
            0
          ],
          [
            -99.18344,
            18.84303,
            0
          ],
          [
            -99.18356,
            18.84261,
            0
          ],
          [
            -99.18363,
            18.84231,
            0
          ],
          [
            -99.18372,
            18.84204,
            0
          ],
          [
            -99.18376,
            18.84192,
            0
          ],
          [
            -99.18378,
            18.84187,
            0
          ],
          [
            -99.18381,
            18.84181,
            0
          ],
          [
            -99.18386,
            18.84176,
            0
          ],
          [
            -99.18394,
            18.84167,
            0
          ],
          [
            -99.18412,
            18.84144,
            0
          ],
          [
            -99.18417,
            18.84138,
            0
          ],
          [
            -99.18434,
            18.84115,
            0
          ],
          [
            -99.18443,
            18.84103,
            0
          ],
          [
            -99.18454,
            18.84077,
            0
          ],
          [
            -99.18459,
            18.84063,
            0
          ],
          [
            -99.18458,
            18.84051,
            0
          ],
          [
            -99.1846,
            18.84044,
            0
          ],
          [
            -99.18461,
            18.84038,
            0
          ],
          [
            -99.18464,
            18.84032,
            0
          ],
          [
            -99.1847,
            18.84022,
            0
          ],
          [
            -99.18441,
            18.84001,
            0
          ],
          [
            -99.18414,
            18.83983,
            0
          ],
          [
            -99.18383,
            18.8396,
            0
          ],
          [
            -99.1838,
            18.83958,
            0
          ],
          [
            -99.18379,
            18.83957,
            0
          ],
          [
            -99.18347,
            18.83949,
            0
          ],
          [
            -99.18344,
            18.83939,
            0
          ],
          [
            -99.18343,
            18.83934,
            0
          ],
          [
            -99.18343,
            18.83927,
            0
          ],
          [
            -99.18343,
            18.83912,
            0
          ],
          [
            -99.18344,
            18.83902,
            0
          ],
          [
            -99.18347,
            18.83889,
            0
          ],
          [
            -99.18354,
            18.83866,
            0
          ],
          [
            -99.1836,
            18.83846,
            0
          ],
          [
            -99.18363,
            18.83838,
            0
          ],
          [
            -99.18365,
            18.83826,
            0
          ],
          [
            -99.18363,
            18.83815,
            0
          ],
          [
            -99.18362,
            18.83811,
            0
          ],
          [
            -99.18358,
            18.83804,
            0
          ],
          [
            -99.18335,
            18.83787,
            0
          ],
          [
            -99.1831,
            18.83769,
            0
          ],
          [
            -99.18288,
            18.83752,
            0
          ],
          [
            -99.18276,
            18.83743,
            0
          ],
          [
            -99.18284,
            18.83731,
            0
          ],
          [
            -99.18336,
            18.83666,
            0
          ],
          [
            -99.1834,
            18.83662,
            0
          ],
          [
            -99.18356,
            18.83645,
            0
          ],
          [
            -99.18393,
            18.83601,
            0
          ],
          [
            -99.18432,
            18.83555,
            0
          ],
          [
            -99.18434,
            18.83552,
            0
          ],
          [
            -99.18451,
            18.83528,
            0
          ],
          [
            -99.18457,
            18.8352,
            0
          ],
          [
            -99.18467,
            18.83509,
            0
          ],
          [
            -99.18521,
            18.83439,
            0
          ],
          [
            -99.18537,
            18.83418,
            0
          ],
          [
            -99.18579,
            18.83364,
            0
          ],
          [
            -99.18596,
            18.8334,
            0
          ],
          [
            -99.18611,
            18.83318,
            0
          ],
          [
            -99.18635,
            18.8328,
            0
          ],
          [
            -99.18638,
            18.83275,
            0
          ],
          [
            -99.18661,
            18.83229,
            0
          ],
          [
            -99.1867,
            18.83212,
            0
          ],
          [
            -99.18671,
            18.83211,
            0
          ],
          [
            -99.18676,
            18.83201,
            0
          ],
          [
            -99.18682,
            18.8319,
            0
          ],
          [
            -99.18696,
            18.83161,
            0
          ],
          [
            -99.18698,
            18.83157,
            0
          ],
          [
            -99.18716,
            18.83112,
            0
          ],
          [
            -99.18721,
            18.83099,
            0
          ],
          [
            -99.18723,
            18.83094,
            0
          ],
          [
            -99.18728,
            18.83074,
            0
          ],
          [
            -99.18732,
            18.83063,
            0
          ],
          [
            -99.18735,
            18.83049,
            0
          ],
          [
            -99.18739,
            18.83034,
            0
          ],
          [
            -99.18741,
            18.83024,
            0
          ],
          [
            -99.18743,
            18.83016,
            0
          ],
          [
            -99.18746,
            18.83006,
            0
          ],
          [
            -99.18747,
            18.82998,
            0
          ],
          [
            -99.18751,
            18.82978,
            0
          ],
          [
            -99.18754,
            18.82964,
            0
          ],
          [
            -99.18761,
            18.82936,
            0
          ],
          [
            -99.18772,
            18.82883,
            0
          ],
          [
            -99.1878,
            18.82845,
            0
          ],
          [
            -99.18788,
            18.82819,
            0
          ],
          [
            -99.18792,
            18.82806,
            0
          ],
          [
            -99.18808,
            18.82754,
            0
          ],
          [
            -99.18828,
            18.82692,
            0
          ],
          [
            -99.18843,
            18.82643,
            0
          ],
          [
            -99.18851,
            18.82618,
            0
          ],
          [
            -99.18856,
            18.82605,
            0
          ],
          [
            -99.18874,
            18.82545,
            0
          ],
          [
            -99.18876,
            18.82537,
            0
          ],
          [
            -99.18882,
            18.82522,
            0
          ],
          [
            -99.18905,
            18.82446,
            0
          ],
          [
            -99.18913,
            18.8242,
            0
          ],
          [
            -99.18919,
            18.82404,
            0
          ],
          [
            -99.1892,
            18.82399,
            0
          ],
          [
            -99.18926,
            18.8239,
            0
          ],
          [
            -99.18927,
            18.82386,
            0
          ],
          [
            -99.18935,
            18.82363,
            0
          ],
          [
            -99.18936,
            18.82358,
            0
          ],
          [
            -99.1895,
            18.82315,
            0
          ],
          [
            -99.18956,
            18.82297,
            0
          ],
          [
            -99.18973,
            18.82247,
            0
          ],
          [
            -99.18985,
            18.8221,
            0
          ],
          [
            -99.18995,
            18.82178,
            0
          ],
          [
            -99.19031,
            18.82062,
            0
          ],
          [
            -99.19063,
            18.81966,
            0
          ],
          [
            -99.19068,
            18.81949,
            0
          ],
          [
            -99.191,
            18.81845,
            0
          ],
          [
            -99.19108,
            18.81823,
            0
          ],
          [
            -99.1911,
            18.81815,
            0
          ],
          [
            -99.19128,
            18.81759,
            0
          ],
          [
            -99.19137,
            18.81731,
            0
          ],
          [
            -99.19148,
            18.81696,
            0
          ],
          [
            -99.19212,
            18.81489,
            0
          ],
          [
            -99.1923,
            18.81437,
            0
          ],
          [
            -99.19232,
            18.81428,
            0
          ],
          [
            -99.19238,
            18.8141,
            0
          ],
          [
            -99.19246,
            18.81383,
            0
          ],
          [
            -99.19253,
            18.81362,
            0
          ],
          [
            -99.19262,
            18.81334,
            0
          ],
          [
            -99.1927,
            18.81306,
            0
          ],
          [
            -99.19292,
            18.81247,
            0
          ],
          [
            -99.19334,
            18.81144,
            0
          ],
          [
            -99.19368,
            18.81067,
            0
          ],
          [
            -99.19404,
            18.80989,
            0
          ],
          [
            -99.19417,
            18.80962,
            0
          ],
          [
            -99.1948,
            18.8083,
            0
          ],
          [
            -99.19488,
            18.80814,
            0
          ],
          [
            -99.19503,
            18.80782,
            0
          ],
          [
            -99.1954,
            18.80704,
            0
          ],
          [
            -99.19586,
            18.80605,
            0
          ],
          [
            -99.19678,
            18.80411,
            0
          ],
          [
            -99.19701,
            18.80366,
            0
          ],
          [
            -99.19692,
            18.80364,
            0
          ],
          [
            -99.19671,
            18.8036,
            0
          ]
        ]
      },
      "properties": {
        "name": "1.TEZOYUCA-ZAPATA-JIUTEPEC-CENTRO-TEMIXCO-TEZOYUCA",
        "description": {
          "@type": "html",
          "value": "descripción: <br>OID: 97<br>ZONA: CENTRO<br>RUTA: RUTA 20<br>ITINERARIO: 1.TEZOYUCA-ZAPATA-JIUTEPEC-CENTRO-TEMIXCO-TEZOYUCA<br>DESCRIPCIO: CENTRO-TEZOYUCA (X JIUTE)<br>AUTO-AMPL: ITINERARIO<br>DEFIN-PROV: DEFINITIVOS<br>DURACION: DEFINITIVA<br>FOLIO: SG/DGT/SDP/000540/97"
        },
        "styleUrl": "#line-E65100-1200",
        "stroke-opacity": 1,
        "stroke": "#e65100",
        "stroke-width": 1.2,
        "descripción": "",
        "OID": "97",
        "ZONA": "CENTRO",
        "RUTA": "RUTA 20",
        "ITINERARIO": "1.TEZOYUCA-ZAPATA-JIUTEPEC-CENTRO-TEMIXCO-TEZOYUCA",
        "DESCRIPCIO": "CENTRO-TEZOYUCA (X JIUTE)",
        "AUTO-AMPL": "ITINERARIO",
        "DEFIN-PROV": "DEFINITIVOS",
        "DURACION": "DEFINITIVA",
        "FOLIO": "SG/DGT/SDP/000540/97"
      }
    },
    {
      "type": "Feature",
      "geometry": {
        "type": "LineString",
        "coordinates": [
          [
            -99.23246,
            18.92535,
            0
          ],
          [
            -99.23221,
            18.92552,
            0
          ],
          [
            -99.23214,
            18.92558,
            0
          ],
          [
            -99.23206,
            18.92563,
            0
          ],
          [
            -99.23201,
            18.92566,
            0
          ],
          [
            -99.23213,
            18.92589,
            0
          ],
          [
            -99.23217,
            18.92599,
            0
          ],
          [
            -99.23228,
            18.9263,
            0
          ],
          [
            -99.23232,
            18.92645,
            0
          ],
          [
            -99.23232,
            18.92647,
            0
          ],
          [
            -99.23232,
            18.92649,
            0
          ],
          [
            -99.23232,
            18.92651,
            0
          ],
          [
            -99.23231,
            18.92655,
            0
          ],
          [
            -99.23231,
            18.92657,
            0
          ],
          [
            -99.23217,
            18.92694,
            0
          ],
          [
            -99.23238,
            18.92722,
            0
          ],
          [
            -99.23255,
            18.92724,
            0
          ],
          [
            -99.23261,
            18.92725,
            0
          ],
          [
            -99.23279,
            18.92727,
            0
          ],
          [
            -99.23288,
            18.92728,
            0
          ],
          [
            -99.23392,
            18.92742,
            0
          ],
          [
            -99.23462,
            18.92748,
            0
          ],
          [
            -99.23467,
            18.92749,
            0
          ],
          [
            -99.23471,
            18.92749,
            0
          ],
          [
            -99.23484,
            18.92754,
            0
          ],
          [
            -99.23495,
            18.92761,
            0
          ],
          [
            -99.23499,
            18.92765,
            0
          ],
          [
            -99.23503,
            18.92768,
            0
          ],
          [
            -99.23506,
            18.92772,
            0
          ],
          [
            -99.23509,
            18.92778,
            0
          ],
          [
            -99.23519,
            18.92804,
            0
          ],
          [
            -99.23543,
            18.92854,
            0
          ],
          [
            -99.2355,
            18.92851,
            0
          ],
          [
            -99.23554,
            18.92853,
            0
          ],
          [
            -99.23555,
            18.92853,
            0
          ],
          [
            -99.23558,
            18.92855,
            0
          ],
          [
            -99.23562,
            18.92858,
            0
          ],
          [
            -99.23568,
            18.92863,
            0
          ],
          [
            -99.23574,
            18.92869,
            0
          ],
          [
            -99.23578,
            18.92874,
            0
          ],
          [
            -99.23606,
            18.92912,
            0
          ],
          [
            -99.23612,
            18.9292,
            0
          ],
          [
            -99.23626,
            18.92933,
            0
          ],
          [
            -99.23648,
            18.9295,
            0
          ],
          [
            -99.23655,
            18.92956,
            0
          ],
          [
            -99.23679,
            18.92971,
            0
          ],
          [
            -99.23711,
            18.9299,
            0
          ],
          [
            -99.23716,
            18.92991,
            0
          ],
          [
            -99.23722,
            18.92991,
            0
          ],
          [
            -99.2373,
            18.92991,
            0
          ],
          [
            -99.23737,
            18.92989,
            0
          ],
          [
            -99.23754,
            18.92997,
            0
          ],
          [
            -99.23766,
            18.92984,
            0
          ],
          [
            -99.23767,
            18.92983,
            0
          ],
          [
            -99.23768,
            18.9298,
            0
          ],
          [
            -99.23769,
            18.92977,
            0
          ],
          [
            -99.23773,
            18.92964,
            0
          ],
          [
            -99.23785,
            18.92946,
            0
          ],
          [
            -99.23784,
            18.92936,
            0
          ],
          [
            -99.23783,
            18.92932,
            0
          ],
          [
            -99.23782,
            18.92927,
            0
          ],
          [
            -99.2378,
            18.92923,
            0
          ],
          [
            -99.23777,
            18.92921,
            0
          ],
          [
            -99.23749,
            18.92898,
            0
          ],
          [
            -99.23744,
            18.92893,
            0
          ],
          [
            -99.23741,
            18.9289,
            0
          ],
          [
            -99.23739,
            18.92887,
            0
          ],
          [
            -99.23738,
            18.92881,
            0
          ],
          [
            -99.23737,
            18.9287,
            0
          ],
          [
            -99.23732,
            18.92802,
            0
          ],
          [
            -99.23729,
            18.92748,
            0
          ],
          [
            -99.23724,
            18.92698,
            0
          ],
          [
            -99.23723,
            18.92696,
            0
          ],
          [
            -99.23722,
            18.92694,
            0
          ],
          [
            -99.2372,
            18.92692,
            0
          ],
          [
            -99.23635,
            18.92615,
            0
          ],
          [
            -99.23625,
            18.92604,
            0
          ],
          [
            -99.23606,
            18.92586,
            0
          ],
          [
            -99.236,
            18.92566,
            0
          ],
          [
            -99.23585,
            18.92511,
            0
          ],
          [
            -99.23574,
            18.92468,
            0
          ],
          [
            -99.23567,
            18.92422,
            0
          ],
          [
            -99.23566,
            18.92416,
            0
          ],
          [
            -99.23557,
            18.92384,
            0
          ],
          [
            -99.23547,
            18.92341,
            0
          ],
          [
            -99.23545,
            18.92328,
            0
          ],
          [
            -99.2354,
            18.92307,
            0
          ],
          [
            -99.23531,
            18.92274,
            0
          ],
          [
            -99.23531,
            18.92273,
            0
          ],
          [
            -99.23531,
            18.92271,
            0
          ],
          [
            -99.23531,
            18.92268,
            0
          ],
          [
            -99.23534,
            18.9226,
            0
          ],
          [
            -99.23533,
            18.92259,
            0
          ],
          [
            -99.23532,
            18.92258,
            0
          ],
          [
            -99.23526,
            18.92212,
            0
          ],
          [
            -99.23525,
            18.92203,
            0
          ],
          [
            -99.23516,
            18.92138,
            0
          ],
          [
            -99.23512,
            18.92113,
            0
          ],
          [
            -99.2351,
            18.92083,
            0
          ],
          [
            -99.23509,
            18.92033,
            0
          ],
          [
            -99.23508,
            18.91889,
            0
          ],
          [
            -99.23511,
            18.91889,
            0
          ],
          [
            -99.2351,
            18.91827,
            0
          ],
          [
            -99.2351,
            18.91809,
            0
          ],
          [
            -99.23509,
            18.91755,
            0
          ],
          [
            -99.23508,
            18.91732,
            0
          ],
          [
            -99.23508,
            18.91712,
            0
          ],
          [
            -99.23506,
            18.91655,
            0
          ],
          [
            -99.23504,
            18.9158,
            0
          ],
          [
            -99.23504,
            18.91577,
            0
          ],
          [
            -99.23496,
            18.91496,
            0
          ],
          [
            -99.23494,
            18.91472,
            0
          ],
          [
            -99.23488,
            18.91425,
            0
          ],
          [
            -99.23468,
            18.91353,
            0
          ],
          [
            -99.2346,
            18.91332,
            0
          ],
          [
            -99.23449,
            18.91311,
            0
          ],
          [
            -99.23434,
            18.9129,
            0
          ],
          [
            -99.23394,
            18.91223,
            0
          ],
          [
            -99.23381,
            18.912,
            0
          ],
          [
            -99.23356,
            18.91152,
            0
          ],
          [
            -99.23335,
            18.91105,
            0
          ],
          [
            -99.23313,
            18.91054,
            0
          ],
          [
            -99.23296,
            18.91009,
            0
          ],
          [
            -99.23284,
            18.90976,
            0
          ],
          [
            -99.23276,
            18.90955,
            0
          ],
          [
            -99.23263,
            18.90919,
            0
          ],
          [
            -99.23254,
            18.9089,
            0
          ],
          [
            -99.23249,
            18.90872,
            0
          ],
          [
            -99.23242,
            18.90853,
            0
          ],
          [
            -99.23236,
            18.90833,
            0
          ],
          [
            -99.23217,
            18.9076,
            0
          ],
          [
            -99.23214,
            18.90742,
            0
          ],
          [
            -99.23213,
            18.90729,
            0
          ],
          [
            -99.2321,
            18.90707,
            0
          ],
          [
            -99.23219,
            18.90703,
            0
          ],
          [
            -99.23208,
            18.90682,
            0
          ],
          [
            -99.23206,
            18.90672,
            0
          ],
          [
            -99.23204,
            18.90666,
            0
          ],
          [
            -99.23202,
            18.90657,
            0
          ],
          [
            -99.23197,
            18.90626,
            0
          ],
          [
            -99.23193,
            18.90601,
            0
          ],
          [
            -99.23192,
            18.90597,
            0
          ],
          [
            -99.23187,
            18.90573,
            0
          ],
          [
            -99.23177,
            18.90501,
            0
          ],
          [
            -99.23168,
            18.90438,
            0
          ],
          [
            -99.23163,
            18.90386,
            0
          ],
          [
            -99.23161,
            18.90364,
            0
          ],
          [
            -99.23158,
            18.90329,
            0
          ],
          [
            -99.23154,
            18.90289,
            0
          ],
          [
            -99.23147,
            18.90192,
            0
          ],
          [
            -99.23143,
            18.90147,
            0
          ],
          [
            -99.23141,
            18.90127,
            0
          ],
          [
            -99.23133,
            18.90094,
            0
          ],
          [
            -99.23119,
            18.90043,
            0
          ],
          [
            -99.23105,
            18.89993,
            0
          ],
          [
            -99.23088,
            18.89942,
            0
          ],
          [
            -99.23056,
            18.89847,
            0
          ],
          [
            -99.23033,
            18.89782,
            0
          ],
          [
            -99.23019,
            18.89751,
            0
          ],
          [
            -99.23008,
            18.89726,
            0
          ],
          [
            -99.23004,
            18.89718,
            0
          ],
          [
            -99.22983,
            18.89672,
            0
          ],
          [
            -99.22955,
            18.89614,
            0
          ],
          [
            -99.2294,
            18.89582,
            0
          ],
          [
            -99.22911,
            18.89519,
            0
          ],
          [
            -99.2291,
            18.89518,
            0
          ],
          [
            -99.22883,
            18.89459,
            0
          ],
          [
            -99.22866,
            18.89419,
            0
          ],
          [
            -99.22851,
            18.89385,
            0
          ],
          [
            -99.22847,
            18.89375,
            0
          ],
          [
            -99.22836,
            18.8935,
            0
          ],
          [
            -99.22836,
            18.89348,
            0
          ],
          [
            -99.22836,
            18.89345,
            0
          ],
          [
            -99.22835,
            18.89341,
            0
          ],
          [
            -99.22832,
            18.8933,
            0
          ],
          [
            -99.22832,
            18.89328,
            0
          ],
          [
            -99.22832,
            18.89325,
            0
          ],
          [
            -99.2283,
            18.89318,
            0
          ],
          [
            -99.22821,
            18.89297,
            0
          ],
          [
            -99.22818,
            18.89289,
            0
          ],
          [
            -99.22816,
            18.8928,
            0
          ],
          [
            -99.22806,
            18.89243,
            0
          ],
          [
            -99.22804,
            18.89234,
            0
          ],
          [
            -99.22803,
            18.89228,
            0
          ],
          [
            -99.22801,
            18.89216,
            0
          ],
          [
            -99.22797,
            18.89194,
            0
          ],
          [
            -99.22797,
            18.89192,
            0
          ],
          [
            -99.22796,
            18.89181,
            0
          ],
          [
            -99.22795,
            18.89168,
            0
          ],
          [
            -99.22796,
            18.89145,
            0
          ],
          [
            -99.22796,
            18.89142,
            0
          ],
          [
            -99.22798,
            18.89127,
            0
          ],
          [
            -99.22804,
            18.89099,
            0
          ],
          [
            -99.22803,
            18.89094,
            0
          ],
          [
            -99.22803,
            18.89091,
            0
          ],
          [
            -99.22803,
            18.89089,
            0
          ],
          [
            -99.22801,
            18.89081,
            0
          ],
          [
            -99.22808,
            18.89061,
            0
          ],
          [
            -99.22813,
            18.89048,
            0
          ],
          [
            -99.22825,
            18.89013,
            0
          ],
          [
            -99.22834,
            18.88994,
            0
          ],
          [
            -99.22843,
            18.88976,
            0
          ],
          [
            -99.22852,
            18.8896,
            0
          ],
          [
            -99.22855,
            18.88955,
            0
          ],
          [
            -99.22862,
            18.88941,
            0
          ],
          [
            -99.2288,
            18.88893,
            0
          ],
          [
            -99.22895,
            18.88854,
            0
          ],
          [
            -99.229,
            18.88843,
            0
          ],
          [
            -99.2291,
            18.88818,
            0
          ],
          [
            -99.22923,
            18.88787,
            0
          ],
          [
            -99.22929,
            18.8877,
            0
          ],
          [
            -99.22936,
            18.88752,
            0
          ],
          [
            -99.22943,
            18.88737,
            0
          ],
          [
            -99.22951,
            18.88714,
            0
          ],
          [
            -99.22961,
            18.88689,
            0
          ],
          [
            -99.22966,
            18.88675,
            0
          ],
          [
            -99.22968,
            18.88662,
            0
          ],
          [
            -99.22968,
            18.88661,
            0
          ],
          [
            -99.22968,
            18.8866,
            0
          ],
          [
            -99.22975,
            18.88644,
            0
          ],
          [
            -99.22983,
            18.88627,
            0
          ],
          [
            -99.22989,
            18.88614,
            0
          ],
          [
            -99.23,
            18.88588,
            0
          ],
          [
            -99.23006,
            18.88571,
            0
          ],
          [
            -99.23014,
            18.88545,
            0
          ],
          [
            -99.23017,
            18.88529,
            0
          ],
          [
            -99.23019,
            18.88516,
            0
          ],
          [
            -99.23021,
            18.88489,
            0
          ],
          [
            -99.23022,
            18.88478,
            0
          ],
          [
            -99.23021,
            18.8847,
            0
          ],
          [
            -99.23016,
            18.88432,
            0
          ],
          [
            -99.23006,
            18.88386,
            0
          ],
          [
            -99.22993,
            18.88309,
            0
          ],
          [
            -99.22987,
            18.88267,
            0
          ],
          [
            -99.22984,
            18.88242,
            0
          ],
          [
            -99.22982,
            18.88222,
            0
          ],
          [
            -99.22983,
            18.88205,
            0
          ],
          [
            -99.22983,
            18.88193,
            0
          ],
          [
            -99.22985,
            18.88173,
            0
          ],
          [
            -99.22987,
            18.88135,
            0
          ],
          [
            -99.22987,
            18.88117,
            0
          ],
          [
            -99.22986,
            18.88105,
            0
          ],
          [
            -99.22985,
            18.88085,
            0
          ],
          [
            -99.22983,
            18.88062,
            0
          ],
          [
            -99.22981,
            18.88045,
            0
          ],
          [
            -99.22978,
            18.88017,
            0
          ],
          [
            -99.22975,
            18.88003,
            0
          ],
          [
            -99.22971,
            18.87984,
            0
          ],
          [
            -99.22963,
            18.87965,
            0
          ],
          [
            -99.2296,
            18.87958,
            0
          ],
          [
            -99.22946,
            18.87917,
            0
          ],
          [
            -99.22927,
            18.87863,
            0
          ],
          [
            -99.22915,
            18.87827,
            0
          ],
          [
            -99.22912,
            18.87815,
            0
          ],
          [
            -99.2291,
            18.87807,
            0
          ],
          [
            -99.22908,
            18.87794,
            0
          ],
          [
            -99.22908,
            18.87791,
            0
          ],
          [
            -99.22907,
            18.87785,
            0
          ],
          [
            -99.22907,
            18.87782,
            0
          ],
          [
            -99.22906,
            18.87769,
            0
          ],
          [
            -99.22906,
            18.8774,
            0
          ],
          [
            -99.22906,
            18.87727,
            0
          ],
          [
            -99.22904,
            18.87717,
            0
          ],
          [
            -99.229,
            18.87706,
            0
          ],
          [
            -99.22898,
            18.87701,
            0
          ],
          [
            -99.22891,
            18.87686,
            0
          ],
          [
            -99.22888,
            18.8768,
            0
          ],
          [
            -99.22881,
            18.87672,
            0
          ],
          [
            -99.22869,
            18.8766,
            0
          ],
          [
            -99.22822,
            18.87608,
            0
          ],
          [
            -99.22803,
            18.87579,
            0
          ],
          [
            -99.22776,
            18.87544,
            0
          ],
          [
            -99.22754,
            18.87511,
            0
          ],
          [
            -99.22742,
            18.87491,
            0
          ],
          [
            -99.2274,
            18.87487,
            0
          ],
          [
            -99.22736,
            18.87478,
            0
          ],
          [
            -99.22732,
            18.87468,
            0
          ],
          [
            -99.22731,
            18.87461,
            0
          ],
          [
            -99.2273,
            18.87455,
            0
          ],
          [
            -99.22726,
            18.87429,
            0
          ],
          [
            -99.22724,
            18.87407,
            0
          ],
          [
            -99.22721,
            18.8739,
            0
          ],
          [
            -99.2272,
            18.87385,
            0
          ],
          [
            -99.22717,
            18.8738,
            0
          ],
          [
            -99.22712,
            18.87371,
            0
          ],
          [
            -99.22707,
            18.87362,
            0
          ],
          [
            -99.22702,
            18.87357,
            0
          ],
          [
            -99.22694,
            18.8735,
            0
          ],
          [
            -99.22679,
            18.87334,
            0
          ],
          [
            -99.22673,
            18.87327,
            0
          ],
          [
            -99.22667,
            18.87319,
            0
          ],
          [
            -99.22662,
            18.87306,
            0
          ],
          [
            -99.22656,
            18.8729,
            0
          ],
          [
            -99.22654,
            18.87275,
            0
          ],
          [
            -99.22648,
            18.87252,
            0
          ],
          [
            -99.22646,
            18.87239,
            0
          ],
          [
            -99.22645,
            18.8723,
            0
          ],
          [
            -99.22644,
            18.87218,
            0
          ],
          [
            -99.22646,
            18.87209,
            0
          ],
          [
            -99.22648,
            18.87198,
            0
          ],
          [
            -99.2265,
            18.8719,
            0
          ],
          [
            -99.22653,
            18.87181,
            0
          ],
          [
            -99.2266,
            18.87161,
            0
          ],
          [
            -99.22664,
            18.87153,
            0
          ],
          [
            -99.22674,
            18.8713,
            0
          ],
          [
            -99.22678,
            18.87122,
            0
          ],
          [
            -99.22683,
            18.87111,
            0
          ],
          [
            -99.22684,
            18.87108,
            0
          ],
          [
            -99.22687,
            18.871,
            0
          ],
          [
            -99.22688,
            18.87094,
            0
          ],
          [
            -99.22689,
            18.87086,
            0
          ],
          [
            -99.2269,
            18.87078,
            0
          ],
          [
            -99.2269,
            18.87075,
            0
          ],
          [
            -99.2269,
            18.87071,
            0
          ],
          [
            -99.22689,
            18.87067,
            0
          ],
          [
            -99.22688,
            18.87064,
            0
          ],
          [
            -99.22685,
            18.87056,
            0
          ],
          [
            -99.22684,
            18.87051,
            0
          ],
          [
            -99.22682,
            18.87048,
            0
          ],
          [
            -99.22676,
            18.8704,
            0
          ],
          [
            -99.22633,
            18.86994,
            0
          ],
          [
            -99.22627,
            18.86986,
            0
          ],
          [
            -99.22624,
            18.86982,
            0
          ],
          [
            -99.22618,
            18.86953,
            0
          ],
          [
            -99.2262,
            18.86947,
            0
          ],
          [
            -99.22622,
            18.86939,
            0
          ],
          [
            -99.22625,
            18.86933,
            0
          ],
          [
            -99.22635,
            18.86917,
            0
          ],
          [
            -99.22639,
            18.86916,
            0
          ],
          [
            -99.22641,
            18.86914,
            0
          ],
          [
            -99.22644,
            18.86912,
            0
          ],
          [
            -99.22647,
            18.86909,
            0
          ],
          [
            -99.22649,
            18.86906,
            0
          ],
          [
            -99.22654,
            18.86901,
            0
          ],
          [
            -99.22659,
            18.86895,
            0
          ],
          [
            -99.22671,
            18.86885,
            0
          ],
          [
            -99.22683,
            18.8687,
            0
          ],
          [
            -99.22685,
            18.86868,
            0
          ],
          [
            -99.22702,
            18.86841,
            0
          ],
          [
            -99.22713,
            18.86822,
            0
          ],
          [
            -99.22722,
            18.86804,
            0
          ],
          [
            -99.22729,
            18.86789,
            0
          ],
          [
            -99.22732,
            18.86783,
            0
          ],
          [
            -99.22735,
            18.86773,
            0
          ],
          [
            -99.22737,
            18.8676,
            0
          ],
          [
            -99.22737,
            18.86746,
            0
          ],
          [
            -99.22735,
            18.86728,
            0
          ],
          [
            -99.2273,
            18.86715,
            0
          ],
          [
            -99.22726,
            18.86708,
            0
          ],
          [
            -99.22722,
            18.86701,
            0
          ],
          [
            -99.22711,
            18.86687,
            0
          ],
          [
            -99.2268,
            18.86654,
            0
          ],
          [
            -99.22607,
            18.86569,
            0
          ],
          [
            -99.22586,
            18.86545,
            0
          ],
          [
            -99.22549,
            18.86505,
            0
          ],
          [
            -99.2251,
            18.86459,
            0
          ],
          [
            -99.22505,
            18.86453,
            0
          ],
          [
            -99.22484,
            18.86429,
            0
          ],
          [
            -99.22469,
            18.86411,
            0
          ],
          [
            -99.22464,
            18.86403,
            0
          ],
          [
            -99.2246,
            18.86391,
            0
          ],
          [
            -99.22458,
            18.86382,
            0
          ],
          [
            -99.22457,
            18.86369,
            0
          ],
          [
            -99.22458,
            18.8636,
            0
          ],
          [
            -99.22461,
            18.86352,
            0
          ],
          [
            -99.22466,
            18.86344,
            0
          ],
          [
            -99.22473,
            18.86331,
            0
          ],
          [
            -99.22481,
            18.86317,
            0
          ],
          [
            -99.22492,
            18.86299,
            0
          ],
          [
            -99.225,
            18.86285,
            0
          ],
          [
            -99.22513,
            18.86262,
            0
          ],
          [
            -99.22517,
            18.86252,
            0
          ],
          [
            -99.22521,
            18.8624,
            0
          ],
          [
            -99.22522,
            18.86233,
            0
          ],
          [
            -99.22523,
            18.86226,
            0
          ],
          [
            -99.22524,
            18.86214,
            0
          ],
          [
            -99.22524,
            18.86203,
            0
          ],
          [
            -99.22523,
            18.8619,
            0
          ],
          [
            -99.2252,
            18.86178,
            0
          ],
          [
            -99.22515,
            18.86166,
            0
          ],
          [
            -99.22509,
            18.8615,
            0
          ],
          [
            -99.22499,
            18.8613,
            0
          ],
          [
            -99.22486,
            18.86104,
            0
          ],
          [
            -99.22476,
            18.86085,
            0
          ],
          [
            -99.22463,
            18.86062,
            0
          ],
          [
            -99.22447,
            18.86038,
            0
          ],
          [
            -99.22434,
            18.86019,
            0
          ],
          [
            -99.22414,
            18.85992,
            0
          ],
          [
            -99.22399,
            18.85971,
            0
          ],
          [
            -99.22385,
            18.85946,
            0
          ],
          [
            -99.2238,
            18.85932,
            0
          ],
          [
            -99.22376,
            18.85915,
            0
          ],
          [
            -99.22375,
            18.85902,
            0
          ],
          [
            -99.22375,
            18.85887,
            0
          ],
          [
            -99.22376,
            18.85865,
            0
          ],
          [
            -99.22379,
            18.85849,
            0
          ],
          [
            -99.22385,
            18.85829,
            0
          ],
          [
            -99.22396,
            18.85801,
            0
          ],
          [
            -99.22401,
            18.8579,
            0
          ],
          [
            -99.22404,
            18.8578,
            0
          ],
          [
            -99.22409,
            18.85767,
            0
          ],
          [
            -99.22425,
            18.85727,
            0
          ],
          [
            -99.22431,
            18.85704,
            0
          ],
          [
            -99.22471,
            18.85544,
            0
          ],
          [
            -99.22477,
            18.85517,
            0
          ],
          [
            -99.2248,
            18.85505,
            0
          ],
          [
            -99.22482,
            18.85495,
            0
          ],
          [
            -99.22484,
            18.85487,
            0
          ],
          [
            -99.22486,
            18.85464,
            0
          ],
          [
            -99.22486,
            18.85453,
            0
          ],
          [
            -99.22485,
            18.85441,
            0
          ],
          [
            -99.22478,
            18.85401,
            0
          ],
          [
            -99.22476,
            18.8539,
            0
          ],
          [
            -99.22472,
            18.85361,
            0
          ],
          [
            -99.22469,
            18.85345,
            0
          ],
          [
            -99.22467,
            18.85331,
            0
          ],
          [
            -99.22465,
            18.85318,
            0
          ],
          [
            -99.22463,
            18.85307,
            0
          ],
          [
            -99.22457,
            18.85217,
            0
          ],
          [
            -99.22456,
            18.85212,
            0
          ],
          [
            -99.22456,
            18.85207,
            0
          ],
          [
            -99.2245,
            18.85176,
            0
          ],
          [
            -99.22446,
            18.85162,
            0
          ],
          [
            -99.2244,
            18.8515,
            0
          ],
          [
            -99.22428,
            18.85131,
            0
          ],
          [
            -99.22416,
            18.85114,
            0
          ],
          [
            -99.22405,
            18.85098,
            0
          ],
          [
            -99.22396,
            18.85084,
            0
          ],
          [
            -99.22389,
            18.85068,
            0
          ],
          [
            -99.22384,
            18.85057,
            0
          ],
          [
            -99.22382,
            18.85052,
            0
          ],
          [
            -99.22371,
            18.85026,
            0
          ],
          [
            -99.22355,
            18.84984,
            0
          ],
          [
            -99.22344,
            18.84956,
            0
          ],
          [
            -99.22332,
            18.84929,
            0
          ],
          [
            -99.22312,
            18.84888,
            0
          ],
          [
            -99.22307,
            18.84872,
            0
          ],
          [
            -99.22305,
            18.84856,
            0
          ],
          [
            -99.22305,
            18.84836,
            0
          ],
          [
            -99.22307,
            18.848,
            0
          ],
          [
            -99.22316,
            18.84737,
            0
          ],
          [
            -99.22321,
            18.84705,
            0
          ],
          [
            -99.22326,
            18.84677,
            0
          ],
          [
            -99.2233,
            18.84658,
            0
          ],
          [
            -99.22333,
            18.84647,
            0
          ],
          [
            -99.22335,
            18.84641,
            0
          ],
          [
            -99.22341,
            18.84631,
            0
          ],
          [
            -99.22358,
            18.846,
            0
          ],
          [
            -99.2237,
            18.84579,
            0
          ],
          [
            -99.22373,
            18.84568,
            0
          ],
          [
            -99.22376,
            18.84544,
            0
          ],
          [
            -99.22379,
            18.84528,
            0
          ],
          [
            -99.22384,
            18.84505,
            0
          ],
          [
            -99.22399,
            18.84426,
            0
          ],
          [
            -99.22418,
            18.84346,
            0
          ],
          [
            -99.22425,
            18.84311,
            0
          ],
          [
            -99.22426,
            18.84304,
            0
          ],
          [
            -99.22431,
            18.84275,
            0
          ],
          [
            -99.22442,
            18.84225,
            0
          ],
          [
            -99.22445,
            18.84215,
            0
          ],
          [
            -99.22452,
            18.8419,
            0
          ],
          [
            -99.22469,
            18.84131,
            0
          ],
          [
            -99.22473,
            18.84118,
            0
          ],
          [
            -99.22477,
            18.84105,
            0
          ],
          [
            -99.22484,
            18.84077,
            0
          ],
          [
            -99.2249,
            18.84045,
            0
          ],
          [
            -99.22496,
            18.8401,
            0
          ],
          [
            -99.22502,
            18.83984,
            0
          ],
          [
            -99.22509,
            18.83949,
            0
          ],
          [
            -99.22515,
            18.83925,
            0
          ],
          [
            -99.22522,
            18.83893,
            0
          ],
          [
            -99.22523,
            18.83884,
            0
          ],
          [
            -99.22537,
            18.83813,
            0
          ],
          [
            -99.22545,
            18.83771,
            0
          ],
          [
            -99.22549,
            18.83751,
            0
          ],
          [
            -99.22552,
            18.8373,
            0
          ],
          [
            -99.22555,
            18.83719,
            0
          ],
          [
            -99.22569,
            18.83654,
            0
          ],
          [
            -99.2258,
            18.83599,
            0
          ],
          [
            -99.22582,
            18.8359,
            0
          ],
          [
            -99.22584,
            18.83579,
            0
          ],
          [
            -99.226,
            18.83503,
            0
          ],
          [
            -99.2261,
            18.83464,
            0
          ],
          [
            -99.22615,
            18.8344,
            0
          ],
          [
            -99.22627,
            18.83383,
            0
          ],
          [
            -99.22636,
            18.83338,
            0
          ],
          [
            -99.22639,
            18.83321,
            0
          ],
          [
            -99.22667,
            18.83194,
            0
          ],
          [
            -99.22673,
            18.83166,
            0
          ],
          [
            -99.22676,
            18.83151,
            0
          ],
          [
            -99.22681,
            18.83135,
            0
          ],
          [
            -99.22684,
            18.83123,
            0
          ],
          [
            -99.22688,
            18.8311,
            0
          ],
          [
            -99.22696,
            18.83091,
            0
          ],
          [
            -99.22701,
            18.83079,
            0
          ],
          [
            -99.22708,
            18.83065,
            0
          ],
          [
            -99.2272,
            18.83043,
            0
          ],
          [
            -99.22729,
            18.83025,
            0
          ],
          [
            -99.22732,
            18.8302,
            0
          ],
          [
            -99.22745,
            18.82996,
            0
          ],
          [
            -99.22749,
            18.82989,
            0
          ],
          [
            -99.22769,
            18.82951,
            0
          ],
          [
            -99.22798,
            18.82895,
            0
          ],
          [
            -99.2282,
            18.82853,
            0
          ],
          [
            -99.22847,
            18.82799,
            0
          ],
          [
            -99.22848,
            18.82798,
            0
          ],
          [
            -99.22866,
            18.82767,
            0
          ],
          [
            -99.22899,
            18.82704,
            0
          ],
          [
            -99.22906,
            18.8269,
            0
          ],
          [
            -99.22934,
            18.82637,
            0
          ],
          [
            -99.22939,
            18.82628,
            0
          ],
          [
            -99.22941,
            18.82625,
            0
          ],
          [
            -99.22934,
            18.82621,
            0
          ],
          [
            -99.22939,
            18.82587,
            0
          ],
          [
            -99.2294,
            18.82584,
            0
          ],
          [
            -99.22942,
            18.82576,
            0
          ],
          [
            -99.22943,
            18.82571,
            0
          ],
          [
            -99.22944,
            18.82569,
            0
          ],
          [
            -99.22958,
            18.82527,
            0
          ],
          [
            -99.22965,
            18.82506,
            0
          ],
          [
            -99.22975,
            18.82476,
            0
          ],
          [
            -99.22986,
            18.82448,
            0
          ],
          [
            -99.22998,
            18.82415,
            0
          ],
          [
            -99.23012,
            18.82371,
            0
          ],
          [
            -99.23013,
            18.82366,
            0
          ],
          [
            -99.23015,
            18.82359,
            0
          ],
          [
            -99.23021,
            18.82304,
            0
          ],
          [
            -99.23023,
            18.82269,
            0
          ],
          [
            -99.23024,
            18.82249,
            0
          ],
          [
            -99.23026,
            18.82212,
            0
          ],
          [
            -99.23029,
            18.82196,
            0
          ],
          [
            -99.23031,
            18.82187,
            0
          ],
          [
            -99.23032,
            18.82182,
            0
          ],
          [
            -99.23034,
            18.82174,
            0
          ],
          [
            -99.23049,
            18.82129,
            0
          ],
          [
            -99.23067,
            18.82074,
            0
          ],
          [
            -99.23071,
            18.82062,
            0
          ],
          [
            -99.23075,
            18.82041,
            0
          ],
          [
            -99.23075,
            18.82039,
            0
          ],
          [
            -99.23076,
            18.82037,
            0
          ],
          [
            -99.23076,
            18.82035,
            0
          ],
          [
            -99.23076,
            18.82034,
            0
          ],
          [
            -99.23075,
            18.82033,
            0
          ],
          [
            -99.23075,
            18.82031,
            0
          ],
          [
            -99.23075,
            18.8203,
            0
          ],
          [
            -99.23074,
            18.82027,
            0
          ],
          [
            -99.2307,
            18.82019,
            0
          ],
          [
            -99.23067,
            18.82011,
            0
          ],
          [
            -99.23062,
            18.82002,
            0
          ],
          [
            -99.2306,
            18.81998,
            0
          ],
          [
            -99.23058,
            18.81995,
            0
          ],
          [
            -99.23053,
            18.8199,
            0
          ],
          [
            -99.23048,
            18.81986,
            0
          ],
          [
            -99.23024,
            18.81976,
            0
          ],
          [
            -99.23018,
            18.81973,
            0
          ],
          [
            -99.23009,
            18.8197,
            0
          ],
          [
            -99.22995,
            18.81966,
            0
          ],
          [
            -99.22978,
            18.81962,
            0
          ],
          [
            -99.22944,
            18.81956,
            0
          ],
          [
            -99.22931,
            18.81953,
            0
          ],
          [
            -99.22928,
            18.81953,
            0
          ],
          [
            -99.22874,
            18.81944,
            0
          ],
          [
            -99.22861,
            18.81942,
            0
          ],
          [
            -99.22838,
            18.81938,
            0
          ],
          [
            -99.22819,
            18.81934,
            0
          ],
          [
            -99.22806,
            18.81932,
            0
          ],
          [
            -99.22796,
            18.81928,
            0
          ],
          [
            -99.22786,
            18.81924,
            0
          ],
          [
            -99.22785,
            18.81924,
            0
          ],
          [
            -99.22779,
            18.81921,
            0
          ],
          [
            -99.22775,
            18.81918,
            0
          ],
          [
            -99.22764,
            18.81912,
            0
          ],
          [
            -99.22755,
            18.81905,
            0
          ],
          [
            -99.22744,
            18.81897,
            0
          ],
          [
            -99.22721,
            18.81878,
            0
          ],
          [
            -99.2271,
            18.81868,
            0
          ],
          [
            -99.2267,
            18.81832,
            0
          ],
          [
            -99.22657,
            18.8182,
            0
          ],
          [
            -99.22629,
            18.81795,
            0
          ],
          [
            -99.22589,
            18.81758,
            0
          ],
          [
            -99.22549,
            18.81727,
            0
          ],
          [
            -99.22541,
            18.81722,
            0
          ],
          [
            -99.22533,
            18.81719,
            0
          ],
          [
            -99.22523,
            18.81715,
            0
          ],
          [
            -99.22513,
            18.81711,
            0
          ],
          [
            -99.22501,
            18.81708,
            0
          ],
          [
            -99.22464,
            18.81704,
            0
          ],
          [
            -99.22427,
            18.81701,
            0
          ],
          [
            -99.22401,
            18.81698,
            0
          ],
          [
            -99.22381,
            18.81695,
            0
          ],
          [
            -99.22361,
            18.8169,
            0
          ],
          [
            -99.22316,
            18.81675,
            0
          ],
          [
            -99.2228,
            18.81663,
            0
          ],
          [
            -99.22271,
            18.81661,
            0
          ],
          [
            -99.22251,
            18.81656,
            0
          ],
          [
            -99.22243,
            18.81655,
            0
          ],
          [
            -99.2223,
            18.81652,
            0
          ],
          [
            -99.22211,
            18.81649,
            0
          ],
          [
            -99.22176,
            18.81646,
            0
          ],
          [
            -99.22163,
            18.81644,
            0
          ],
          [
            -99.22153,
            18.81642,
            0
          ],
          [
            -99.22146,
            18.81639,
            0
          ],
          [
            -99.22142,
            18.81636,
            0
          ],
          [
            -99.22136,
            18.81633,
            0
          ],
          [
            -99.22103,
            18.81586,
            0
          ],
          [
            -99.2208,
            18.81556,
            0
          ],
          [
            -99.22064,
            18.81536,
            0
          ],
          [
            -99.22062,
            18.81534,
            0
          ],
          [
            -99.22051,
            18.81522,
            0
          ],
          [
            -99.22036,
            18.81507,
            0
          ],
          [
            -99.22017,
            18.81488,
            0
          ],
          [
            -99.22001,
            18.81475,
            0
          ],
          [
            -99.21994,
            18.81469,
            0
          ],
          [
            -99.2198,
            18.81459,
            0
          ],
          [
            -99.21965,
            18.81448,
            0
          ],
          [
            -99.21947,
            18.81436,
            0
          ],
          [
            -99.21934,
            18.81428,
            0
          ],
          [
            -99.21933,
            18.81428,
            0
          ],
          [
            -99.2192,
            18.8142,
            0
          ],
          [
            -99.21908,
            18.81414,
            0
          ],
          [
            -99.21889,
            18.81406,
            0
          ],
          [
            -99.21871,
            18.81399,
            0
          ],
          [
            -99.21854,
            18.81392,
            0
          ],
          [
            -99.21798,
            18.81371,
            0
          ],
          [
            -99.21762,
            18.81356,
            0
          ],
          [
            -99.21732,
            18.81344,
            0
          ],
          [
            -99.21713,
            18.81336,
            0
          ],
          [
            -99.21708,
            18.81335,
            0
          ],
          [
            -99.21702,
            18.81333,
            0
          ],
          [
            -99.21695,
            18.81332,
            0
          ],
          [
            -99.2169,
            18.81331,
            0
          ],
          [
            -99.2168,
            18.81331,
            0
          ],
          [
            -99.21672,
            18.81331,
            0
          ],
          [
            -99.21664,
            18.81331,
            0
          ],
          [
            -99.2166,
            18.81331,
            0
          ],
          [
            -99.21651,
            18.81334,
            0
          ],
          [
            -99.21636,
            18.8134,
            0
          ],
          [
            -99.21629,
            18.81344,
            0
          ],
          [
            -99.21621,
            18.81349,
            0
          ],
          [
            -99.21615,
            18.81354,
            0
          ],
          [
            -99.21601,
            18.81364,
            0
          ],
          [
            -99.21556,
            18.81395,
            0
          ],
          [
            -99.21546,
            18.814,
            0
          ],
          [
            -99.21537,
            18.81404,
            0
          ],
          [
            -99.21529,
            18.81407,
            0
          ],
          [
            -99.2151,
            18.81411,
            0
          ],
          [
            -99.2147,
            18.81414,
            0
          ],
          [
            -99.21426,
            18.81414,
            0
          ],
          [
            -99.2135,
            18.81414,
            0
          ],
          [
            -99.21339,
            18.81414,
            0
          ],
          [
            -99.21265,
            18.81414,
            0
          ],
          [
            -99.21252,
            18.81414,
            0
          ],
          [
            -99.21242,
            18.81415,
            0
          ],
          [
            -99.21236,
            18.81417,
            0
          ],
          [
            -99.21223,
            18.8142,
            0
          ],
          [
            -99.21213,
            18.81424,
            0
          ],
          [
            -99.21206,
            18.81426,
            0
          ],
          [
            -99.212,
            18.81427,
            0
          ],
          [
            -99.21184,
            18.81431,
            0
          ],
          [
            -99.21176,
            18.81433,
            0
          ],
          [
            -99.21168,
            18.81432,
            0
          ],
          [
            -99.21159,
            18.81431,
            0
          ],
          [
            -99.21155,
            18.8143,
            0
          ],
          [
            -99.21151,
            18.81428,
            0
          ],
          [
            -99.21149,
            18.81428,
            0
          ],
          [
            -99.21147,
            18.81427,
            0
          ],
          [
            -99.21143,
            18.81424,
            0
          ],
          [
            -99.2112,
            18.8141,
            0
          ],
          [
            -99.21108,
            18.81404,
            0
          ],
          [
            -99.211,
            18.81399,
            0
          ],
          [
            -99.21094,
            18.81394,
            0
          ],
          [
            -99.2109,
            18.8139,
            0
          ],
          [
            -99.21085,
            18.81386,
            0
          ],
          [
            -99.21081,
            18.81382,
            0
          ],
          [
            -99.21077,
            18.81377,
            0
          ],
          [
            -99.21074,
            18.81372,
            0
          ],
          [
            -99.2107,
            18.81365,
            0
          ],
          [
            -99.21064,
            18.81354,
            0
          ],
          [
            -99.21048,
            18.81318,
            0
          ],
          [
            -99.21018,
            18.81252,
            0
          ],
          [
            -99.20968,
            18.81141,
            0
          ],
          [
            -99.20947,
            18.81095,
            0
          ],
          [
            -99.20931,
            18.81058,
            0
          ],
          [
            -99.20917,
            18.81027,
            0
          ],
          [
            -99.20912,
            18.81018,
            0
          ],
          [
            -99.20905,
            18.81005,
            0
          ],
          [
            -99.20898,
            18.80992,
            0
          ],
          [
            -99.20891,
            18.80982,
            0
          ],
          [
            -99.20882,
            18.80971,
            0
          ],
          [
            -99.20848,
            18.8093,
            0
          ],
          [
            -99.20802,
            18.8088,
            0
          ],
          [
            -99.20784,
            18.8086,
            0
          ],
          [
            -99.20764,
            18.80838,
            0
          ],
          [
            -99.20719,
            18.80789,
            0
          ],
          [
            -99.20694,
            18.80761,
            0
          ],
          [
            -99.20693,
            18.8076,
            0
          ],
          [
            -99.20672,
            18.80737,
            0
          ],
          [
            -99.20671,
            18.80736,
            0
          ],
          [
            -99.20655,
            18.80718,
            0
          ],
          [
            -99.20622,
            18.8068,
            0
          ],
          [
            -99.20608,
            18.80665,
            0
          ],
          [
            -99.20591,
            18.80649,
            0
          ],
          [
            -99.20581,
            18.80641,
            0
          ],
          [
            -99.20569,
            18.80634,
            0
          ],
          [
            -99.20555,
            18.80627,
            0
          ],
          [
            -99.20525,
            18.80612,
            0
          ],
          [
            -99.2049,
            18.80594,
            0
          ],
          [
            -99.20479,
            18.80588,
            0
          ],
          [
            -99.20472,
            18.80584,
            0
          ],
          [
            -99.20463,
            18.80578,
            0
          ],
          [
            -99.20452,
            18.80571,
            0
          ],
          [
            -99.20439,
            18.8056,
            0
          ],
          [
            -99.2043,
            18.80551,
            0
          ],
          [
            -99.20424,
            18.80544,
            0
          ],
          [
            -99.20413,
            18.80533,
            0
          ],
          [
            -99.2039,
            18.80505,
            0
          ],
          [
            -99.20379,
            18.80495,
            0
          ],
          [
            -99.20374,
            18.80491,
            0
          ],
          [
            -99.20367,
            18.80488,
            0
          ],
          [
            -99.20359,
            18.80485,
            0
          ],
          [
            -99.20349,
            18.80483,
            0
          ],
          [
            -99.2031,
            18.80476,
            0
          ],
          [
            -99.20247,
            18.80464,
            0
          ],
          [
            -99.20201,
            18.80457,
            0
          ],
          [
            -99.20113,
            18.80441,
            0
          ],
          [
            -99.20045,
            18.80428,
            0
          ],
          [
            -99.20006,
            18.80419,
            0
          ],
          [
            -99.19969,
            18.80411,
            0
          ],
          [
            -99.19952,
            18.80407,
            0
          ],
          [
            -99.19943,
            18.80405,
            0
          ],
          [
            -99.19913,
            18.80399,
            0
          ],
          [
            -99.19876,
            18.80393,
            0
          ],
          [
            -99.19863,
            18.80391,
            0
          ],
          [
            -99.19854,
            18.8039,
            0
          ],
          [
            -99.1983,
            18.80387,
            0
          ],
          [
            -99.19813,
            18.80386,
            0
          ],
          [
            -99.19773,
            18.8038,
            0
          ],
          [
            -99.19729,
            18.80373,
            0
          ],
          [
            -99.19701,
            18.80366,
            0
          ],
          [
            -99.19692,
            18.80364,
            0
          ],
          [
            -99.19679,
            18.80392,
            0
          ]
        ]
      },
      "properties": {
        "name": "1.TEZOYUCA-ZAPATA-JIUTEPEC-CENTRO-TEMIXCO-TEZOYUCA",
        "description": {
          "@type": "html",
          "value": "descripción: <br>OID: 98<br>ZONA: CENTRO<br>RUTA: RUTA 20<br>ITINERARIO: 1.TEZOYUCA-ZAPATA-JIUTEPEC-CENTRO-TEMIXCO-TEZOYUCA<br>DESCRIPCIO: CENTRO-TEZOYUCA (X TEMIXCO)<br>AUTO-AMPL: ITINERARIO<br>DEFIN-PROV: DEFINITIVOS<br>DURACION: DEFINITIVA<br>FOLIO: SG/DGT/SDP/000540/97"
        },
        "styleUrl": "#line-9C27B0-1200",
        "stroke-opacity": 1,
        "stroke": "#9c27b0",
        "stroke-width": 1.2,
        "descripción": "",
        "OID": "98",
        "ZONA": "CENTRO",
        "RUTA": "RUTA 20",
        "ITINERARIO": "1.TEZOYUCA-ZAPATA-JIUTEPEC-CENTRO-TEMIXCO-TEZOYUCA",
        "DESCRIPCIO": "CENTRO-TEZOYUCA (X TEMIXCO)",
        "AUTO-AMPL": "ITINERARIO",
        "DEFIN-PROV": "DEFINITIVOS",
        "DURACION": "DEFINITIVA",
        "FOLIO": "SG/DGT/SDP/000540/97"
      }
    },
    {
      "type": "Feature",
      "geometry": {
        "type": "LineString",
        "coordinates": [
          [
            -99.19679,
            18.80392,
            0
          ],
          [
            -99.19671,
            18.80408,
            0
          ],
          [
            -99.1958,
            18.80602,
            0
          ],
          [
            -99.19558,
            18.80648,
            0
          ],
          [
            -99.19421,
            18.80939,
            0
          ],
          [
            -99.1941,
            18.8096,
            0
          ],
          [
            -99.19396,
            18.80989,
            0
          ],
          [
            -99.19328,
            18.81137,
            0
          ],
          [
            -99.19305,
            18.81194,
            0
          ],
          [
            -99.19283,
            18.81249,
            0
          ],
          [
            -99.19281,
            18.81257,
            0
          ],
          [
            -99.19264,
            18.81302,
            0
          ],
          [
            -99.19247,
            18.81358,
            0
          ],
          [
            -99.19234,
            18.81397,
            0
          ],
          [
            -99.19226,
            18.81423,
            0
          ],
          [
            -99.19222,
            18.81435,
            0
          ],
          [
            -99.19206,
            18.81487,
            0
          ],
          [
            -99.19186,
            18.81548,
            0
          ],
          [
            -99.1914,
            18.81694,
            0
          ],
          [
            -99.19108,
            18.81797,
            0
          ],
          [
            -99.19101,
            18.81819,
            0
          ],
          [
            -99.1906,
            18.81947,
            0
          ],
          [
            -99.19055,
            18.81963,
            0
          ],
          [
            -99.19054,
            18.81966,
            0
          ],
          [
            -99.19011,
            18.82103,
            0
          ],
          [
            -99.19005,
            18.82123,
            0
          ],
          [
            -99.18991,
            18.82164,
            0
          ],
          [
            -99.18987,
            18.82177,
            0
          ],
          [
            -99.18984,
            18.82187,
            0
          ],
          [
            -99.18977,
            18.82207,
            0
          ],
          [
            -99.18964,
            18.82247,
            0
          ],
          [
            -99.18955,
            18.82276,
            0
          ],
          [
            -99.18931,
            18.82351,
            0
          ],
          [
            -99.18922,
            18.82385,
            0
          ],
          [
            -99.1892,
            18.82389,
            0
          ],
          [
            -99.1892,
            18.82399,
            0
          ],
          [
            -99.18919,
            18.82404,
            0
          ],
          [
            -99.18913,
            18.8242,
            0
          ],
          [
            -99.18905,
            18.82446,
            0
          ],
          [
            -99.18882,
            18.82522,
            0
          ],
          [
            -99.18876,
            18.82537,
            0
          ],
          [
            -99.18874,
            18.82545,
            0
          ],
          [
            -99.18856,
            18.82605,
            0
          ],
          [
            -99.18851,
            18.82618,
            0
          ],
          [
            -99.18843,
            18.82643,
            0
          ],
          [
            -99.18828,
            18.82692,
            0
          ],
          [
            -99.18808,
            18.82754,
            0
          ],
          [
            -99.18792,
            18.82806,
            0
          ],
          [
            -99.18788,
            18.82819,
            0
          ],
          [
            -99.1878,
            18.82845,
            0
          ],
          [
            -99.18772,
            18.82883,
            0
          ],
          [
            -99.18761,
            18.82936,
            0
          ],
          [
            -99.18754,
            18.82964,
            0
          ],
          [
            -99.18751,
            18.82978,
            0
          ],
          [
            -99.18747,
            18.82998,
            0
          ],
          [
            -99.18746,
            18.83006,
            0
          ],
          [
            -99.18743,
            18.83016,
            0
          ],
          [
            -99.18741,
            18.83024,
            0
          ],
          [
            -99.18739,
            18.83034,
            0
          ],
          [
            -99.18735,
            18.83049,
            0
          ],
          [
            -99.18732,
            18.83063,
            0
          ],
          [
            -99.18728,
            18.83074,
            0
          ],
          [
            -99.18723,
            18.83094,
            0
          ],
          [
            -99.18721,
            18.83099,
            0
          ],
          [
            -99.18716,
            18.83112,
            0
          ],
          [
            -99.18698,
            18.83157,
            0
          ],
          [
            -99.18696,
            18.83161,
            0
          ],
          [
            -99.18682,
            18.8319,
            0
          ],
          [
            -99.18676,
            18.83201,
            0
          ],
          [
            -99.18671,
            18.83211,
            0
          ],
          [
            -99.1867,
            18.83212,
            0
          ],
          [
            -99.18661,
            18.83229,
            0
          ],
          [
            -99.18638,
            18.83275,
            0
          ],
          [
            -99.18635,
            18.8328,
            0
          ],
          [
            -99.18611,
            18.83318,
            0
          ],
          [
            -99.18596,
            18.8334,
            0
          ],
          [
            -99.18579,
            18.83364,
            0
          ],
          [
            -99.18537,
            18.83418,
            0
          ],
          [
            -99.18521,
            18.83439,
            0
          ],
          [
            -99.18467,
            18.83509,
            0
          ],
          [
            -99.18457,
            18.8352,
            0
          ],
          [
            -99.18451,
            18.83528,
            0
          ],
          [
            -99.18434,
            18.83552,
            0
          ],
          [
            -99.18432,
            18.83555,
            0
          ],
          [
            -99.18393,
            18.83601,
            0
          ],
          [
            -99.18356,
            18.83645,
            0
          ],
          [
            -99.1834,
            18.83662,
            0
          ],
          [
            -99.18336,
            18.83666,
            0
          ],
          [
            -99.18284,
            18.83731,
            0
          ],
          [
            -99.18276,
            18.83743,
            0
          ],
          [
            -99.18288,
            18.83752,
            0
          ],
          [
            -99.1831,
            18.83769,
            0
          ],
          [
            -99.18335,
            18.83787,
            0
          ],
          [
            -99.18358,
            18.83804,
            0
          ],
          [
            -99.18368,
            18.83804,
            0
          ],
          [
            -99.18377,
            18.83804,
            0
          ],
          [
            -99.18385,
            18.83805,
            0
          ],
          [
            -99.18393,
            18.83806,
            0
          ],
          [
            -99.18408,
            18.83811,
            0
          ],
          [
            -99.18422,
            18.83816,
            0
          ],
          [
            -99.18426,
            18.83816,
            0
          ],
          [
            -99.18431,
            18.83817,
            0
          ],
          [
            -99.18435,
            18.83816,
            0
          ],
          [
            -99.18438,
            18.83816,
            0
          ],
          [
            -99.18439,
            18.83816,
            0
          ],
          [
            -99.18444,
            18.83814,
            0
          ],
          [
            -99.18455,
            18.83809,
            0
          ],
          [
            -99.18457,
            18.83809,
            0
          ],
          [
            -99.18471,
            18.83802,
            0
          ],
          [
            -99.18489,
            18.83794,
            0
          ],
          [
            -99.18494,
            18.83792,
            0
          ],
          [
            -99.18498,
            18.83791,
            0
          ],
          [
            -99.185,
            18.83791,
            0
          ],
          [
            -99.18503,
            18.83791,
            0
          ],
          [
            -99.18505,
            18.83791,
            0
          ],
          [
            -99.18514,
            18.83792,
            0
          ],
          [
            -99.18517,
            18.83792,
            0
          ],
          [
            -99.1852,
            18.83793,
            0
          ],
          [
            -99.18525,
            18.83795,
            0
          ],
          [
            -99.18531,
            18.83799,
            0
          ],
          [
            -99.18534,
            18.83801,
            0
          ],
          [
            -99.18539,
            18.83805,
            0
          ],
          [
            -99.18542,
            18.83808,
            0
          ],
          [
            -99.18545,
            18.8381,
            0
          ],
          [
            -99.18546,
            18.83813,
            0
          ],
          [
            -99.18548,
            18.83815,
            0
          ],
          [
            -99.18549,
            18.83819,
            0
          ],
          [
            -99.1855,
            18.83823,
            0
          ],
          [
            -99.18552,
            18.83836,
            0
          ],
          [
            -99.1855,
            18.83844,
            0
          ],
          [
            -99.18549,
            18.8385,
            0
          ],
          [
            -99.18548,
            18.83852,
            0
          ],
          [
            -99.18548,
            18.83853,
            0
          ],
          [
            -99.18522,
            18.83885,
            0
          ],
          [
            -99.18481,
            18.83924,
            0
          ],
          [
            -99.18474,
            18.83931,
            0
          ],
          [
            -99.18472,
            18.83935,
            0
          ],
          [
            -99.1847,
            18.83938,
            0
          ],
          [
            -99.18466,
            18.83945,
            0
          ],
          [
            -99.18463,
            18.83954,
            0
          ],
          [
            -99.18462,
            18.83962,
            0
          ],
          [
            -99.18463,
            18.83971,
            0
          ],
          [
            -99.18457,
            18.83981,
            0
          ],
          [
            -99.18451,
            18.8399,
            0
          ],
          [
            -99.18446,
            18.83996,
            0
          ],
          [
            -99.18441,
            18.84001,
            0
          ],
          [
            -99.18435,
            18.84008,
            0
          ],
          [
            -99.18429,
            18.84015,
            0
          ],
          [
            -99.18424,
            18.84025,
            0
          ],
          [
            -99.18403,
            18.84065,
            0
          ],
          [
            -99.18394,
            18.84079,
            0
          ],
          [
            -99.1839,
            18.84086,
            0
          ],
          [
            -99.18375,
            18.84105,
            0
          ],
          [
            -99.18353,
            18.84133,
            0
          ],
          [
            -99.18338,
            18.84157,
            0
          ],
          [
            -99.18309,
            18.842,
            0
          ],
          [
            -99.1829,
            18.84236,
            0
          ],
          [
            -99.18282,
            18.84251,
            0
          ],
          [
            -99.18265,
            18.84279,
            0
          ],
          [
            -99.18244,
            18.84311,
            0
          ],
          [
            -99.18226,
            18.84344,
            0
          ],
          [
            -99.18201,
            18.84388,
            0
          ],
          [
            -99.18197,
            18.84394,
            0
          ],
          [
            -99.18178,
            18.84431,
            0
          ],
          [
            -99.1815,
            18.84502,
            0
          ],
          [
            -99.18122,
            18.84564,
            0
          ],
          [
            -99.18064,
            18.84664,
            0
          ],
          [
            -99.18059,
            18.84672,
            0
          ],
          [
            -99.18042,
            18.84697,
            0
          ],
          [
            -99.18031,
            18.84712,
            0
          ],
          [
            -99.18028,
            18.84728,
            0
          ],
          [
            -99.18022,
            18.84736,
            0
          ],
          [
            -99.18014,
            18.84746,
            0
          ],
          [
            -99.17982,
            18.84786,
            0
          ],
          [
            -99.17974,
            18.84797,
            0
          ],
          [
            -99.17967,
            18.84809,
            0
          ],
          [
            -99.17964,
            18.84815,
            0
          ],
          [
            -99.17944,
            18.8486,
            0
          ],
          [
            -99.17933,
            18.84881,
            0
          ],
          [
            -99.17927,
            18.84892,
            0
          ],
          [
            -99.17917,
            18.84913,
            0
          ],
          [
            -99.17899,
            18.84943,
            0
          ],
          [
            -99.17887,
            18.84971,
            0
          ],
          [
            -99.17869,
            18.85017,
            0
          ],
          [
            -99.17868,
            18.85021,
            0
          ],
          [
            -99.17864,
            18.85036,
            0
          ],
          [
            -99.1786,
            18.8505,
            0
          ],
          [
            -99.17856,
            18.85072,
            0
          ],
          [
            -99.1784,
            18.85154,
            0
          ],
          [
            -99.17836,
            18.85172,
            0
          ],
          [
            -99.17821,
            18.8524,
            0
          ],
          [
            -99.17819,
            18.85248,
            0
          ],
          [
            -99.17817,
            18.85259,
            0
          ],
          [
            -99.17815,
            18.85282,
            0
          ],
          [
            -99.17815,
            18.85288,
            0
          ],
          [
            -99.17815,
            18.85313,
            0
          ],
          [
            -99.17816,
            18.8533,
            0
          ],
          [
            -99.17818,
            18.85341,
            0
          ],
          [
            -99.17819,
            18.85352,
            0
          ],
          [
            -99.17821,
            18.8536,
            0
          ],
          [
            -99.1783,
            18.85385,
            0
          ],
          [
            -99.17835,
            18.85397,
            0
          ],
          [
            -99.1784,
            18.85405,
            0
          ],
          [
            -99.17851,
            18.85421,
            0
          ],
          [
            -99.17876,
            18.85457,
            0
          ],
          [
            -99.17896,
            18.85486,
            0
          ],
          [
            -99.17919,
            18.85518,
            0
          ],
          [
            -99.17928,
            18.85531,
            0
          ],
          [
            -99.17964,
            18.8558,
            0
          ],
          [
            -99.17979,
            18.856,
            0
          ],
          [
            -99.17983,
            18.85606,
            0
          ],
          [
            -99.18002,
            18.85635,
            0
          ],
          [
            -99.18014,
            18.85654,
            0
          ],
          [
            -99.18017,
            18.8566,
            0
          ],
          [
            -99.1802,
            18.85669,
            0
          ],
          [
            -99.18023,
            18.85679,
            0
          ],
          [
            -99.18024,
            18.85685,
            0
          ],
          [
            -99.18025,
            18.85692,
            0
          ],
          [
            -99.18025,
            18.85708,
            0
          ],
          [
            -99.18024,
            18.85723,
            0
          ],
          [
            -99.18022,
            18.85736,
            0
          ],
          [
            -99.1802,
            18.85743,
            0
          ],
          [
            -99.18016,
            18.85755,
            0
          ],
          [
            -99.18013,
            18.8576,
            0
          ],
          [
            -99.1801,
            18.85765,
            0
          ],
          [
            -99.18007,
            18.8577,
            0
          ],
          [
            -99.18001,
            18.85779,
            0
          ],
          [
            -99.17996,
            18.85786,
            0
          ],
          [
            -99.17987,
            18.85796,
            0
          ],
          [
            -99.17982,
            18.85801,
            0
          ],
          [
            -99.17975,
            18.85807,
            0
          ],
          [
            -99.17973,
            18.85809,
            0
          ],
          [
            -99.17963,
            18.85817,
            0
          ],
          [
            -99.1795,
            18.85826,
            0
          ],
          [
            -99.17918,
            18.8585,
            0
          ],
          [
            -99.17904,
            18.85861,
            0
          ],
          [
            -99.17895,
            18.85868,
            0
          ],
          [
            -99.17884,
            18.85878,
            0
          ],
          [
            -99.1788,
            18.85883,
            0
          ],
          [
            -99.17877,
            18.85886,
            0
          ],
          [
            -99.17874,
            18.85891,
            0
          ],
          [
            -99.1786,
            18.85914,
            0
          ],
          [
            -99.17849,
            18.85935,
            0
          ],
          [
            -99.17841,
            18.85948,
            0
          ],
          [
            -99.17821,
            18.85986,
            0
          ],
          [
            -99.17812,
            18.86001,
            0
          ],
          [
            -99.17812,
            18.86002,
            0
          ],
          [
            -99.17805,
            18.86012,
            0
          ],
          [
            -99.17795,
            18.86026,
            0
          ],
          [
            -99.1778,
            18.86041,
            0
          ],
          [
            -99.17727,
            18.86093,
            0
          ],
          [
            -99.17724,
            18.86097,
            0
          ],
          [
            -99.17694,
            18.86125,
            0
          ],
          [
            -99.17675,
            18.86146,
            0
          ],
          [
            -99.17654,
            18.8617,
            0
          ],
          [
            -99.17631,
            18.862,
            0
          ],
          [
            -99.17616,
            18.86221,
            0
          ],
          [
            -99.17558,
            18.86305,
            0
          ],
          [
            -99.1753,
            18.86347,
            0
          ],
          [
            -99.17525,
            18.86354,
            0
          ],
          [
            -99.17497,
            18.86394,
            0
          ],
          [
            -99.17488,
            18.86409,
            0
          ],
          [
            -99.17478,
            18.86426,
            0
          ],
          [
            -99.17474,
            18.86432,
            0
          ],
          [
            -99.17468,
            18.86447,
            0
          ],
          [
            -99.17463,
            18.86458,
            0
          ],
          [
            -99.1746,
            18.86469,
            0
          ],
          [
            -99.17448,
            18.86511,
            0
          ],
          [
            -99.17446,
            18.8652,
            0
          ],
          [
            -99.17436,
            18.86556,
            0
          ],
          [
            -99.17429,
            18.8658,
            0
          ],
          [
            -99.17428,
            18.86589,
            0
          ],
          [
            -99.17417,
            18.86625,
            0
          ],
          [
            -99.17405,
            18.86671,
            0
          ],
          [
            -99.17399,
            18.86697,
            0
          ],
          [
            -99.17398,
            18.86701,
            0
          ],
          [
            -99.17396,
            18.86711,
            0
          ],
          [
            -99.1739,
            18.8674,
            0
          ],
          [
            -99.17384,
            18.86758,
            0
          ],
          [
            -99.1738,
            18.86771,
            0
          ],
          [
            -99.17374,
            18.86791,
            0
          ],
          [
            -99.17367,
            18.8681,
            0
          ],
          [
            -99.17361,
            18.86829,
            0
          ],
          [
            -99.17359,
            18.86839,
            0
          ],
          [
            -99.17354,
            18.86864,
            0
          ],
          [
            -99.17352,
            18.86881,
            0
          ],
          [
            -99.17353,
            18.86896,
            0
          ],
          [
            -99.17354,
            18.86904,
            0
          ],
          [
            -99.17361,
            18.86929,
            0
          ],
          [
            -99.17364,
            18.86947,
            0
          ],
          [
            -99.17367,
            18.86964,
            0
          ],
          [
            -99.17369,
            18.86976,
            0
          ],
          [
            -99.1737,
            18.86995,
            0
          ],
          [
            -99.17369,
            18.87003,
            0
          ],
          [
            -99.17368,
            18.8701,
            0
          ],
          [
            -99.17363,
            18.87026,
            0
          ],
          [
            -99.17358,
            18.87043,
            0
          ],
          [
            -99.17345,
            18.87076,
            0
          ],
          [
            -99.17332,
            18.87102,
            0
          ],
          [
            -99.17311,
            18.87152,
            0
          ],
          [
            -99.173,
            18.87178,
            0
          ],
          [
            -99.17291,
            18.872,
            0
          ],
          [
            -99.17282,
            18.87225,
            0
          ],
          [
            -99.17274,
            18.87252,
            0
          ],
          [
            -99.17268,
            18.87274,
            0
          ],
          [
            -99.17263,
            18.87299,
            0
          ],
          [
            -99.17261,
            18.87309,
            0
          ],
          [
            -99.17259,
            18.87327,
            0
          ],
          [
            -99.17258,
            18.8735,
            0
          ],
          [
            -99.17257,
            18.87366,
            0
          ],
          [
            -99.17258,
            18.87401,
            0
          ],
          [
            -99.1726,
            18.87442,
            0
          ],
          [
            -99.17261,
            18.87455,
            0
          ],
          [
            -99.17263,
            18.87491,
            0
          ],
          [
            -99.17265,
            18.87561,
            0
          ],
          [
            -99.17268,
            18.87619,
            0
          ],
          [
            -99.17269,
            18.87644,
            0
          ],
          [
            -99.1727,
            18.87648,
            0
          ],
          [
            -99.17271,
            18.87655,
            0
          ],
          [
            -99.17276,
            18.8767,
            0
          ],
          [
            -99.17282,
            18.87682,
            0
          ],
          [
            -99.17286,
            18.8769,
            0
          ],
          [
            -99.17292,
            18.87697,
            0
          ],
          [
            -99.17296,
            18.87702,
            0
          ],
          [
            -99.17299,
            18.87706,
            0
          ],
          [
            -99.17303,
            18.87709,
            0
          ],
          [
            -99.17312,
            18.87717,
            0
          ],
          [
            -99.17317,
            18.87721,
            0
          ],
          [
            -99.17326,
            18.87726,
            0
          ],
          [
            -99.17334,
            18.8773,
            0
          ],
          [
            -99.17339,
            18.87732,
            0
          ],
          [
            -99.17349,
            18.87734,
            0
          ],
          [
            -99.1739,
            18.87745,
            0
          ],
          [
            -99.17423,
            18.87754,
            0
          ],
          [
            -99.17467,
            18.87766,
            0
          ],
          [
            -99.17426,
            18.87885,
            0
          ],
          [
            -99.17413,
            18.87924,
            0
          ],
          [
            -99.17411,
            18.87929,
            0
          ],
          [
            -99.17401,
            18.87957,
            0
          ],
          [
            -99.17389,
            18.87991,
            0
          ],
          [
            -99.17361,
            18.8807,
            0
          ],
          [
            -99.17354,
            18.88091,
            0
          ],
          [
            -99.17425,
            18.88117,
            0
          ],
          [
            -99.17442,
            18.88122,
            0
          ],
          [
            -99.17493,
            18.88139,
            0
          ],
          [
            -99.17484,
            18.88167,
            0
          ],
          [
            -99.17458,
            18.88248,
            0
          ],
          [
            -99.17496,
            18.88261,
            0
          ],
          [
            -99.1754,
            18.88276,
            0
          ],
          [
            -99.17598,
            18.88294,
            0
          ],
          [
            -99.17631,
            18.88303,
            0
          ],
          [
            -99.1763,
            18.88303,
            0
          ],
          [
            -99.17584,
            18.88438,
            0
          ],
          [
            -99.17548,
            18.88534,
            0
          ],
          [
            -99.1753,
            18.88585,
            0
          ],
          [
            -99.17519,
            18.88614,
            0
          ],
          [
            -99.17509,
            18.8864,
            0
          ],
          [
            -99.17497,
            18.8866,
            0
          ],
          [
            -99.17451,
            18.88743,
            0
          ],
          [
            -99.17437,
            18.88771,
            0
          ],
          [
            -99.17427,
            18.88791,
            0
          ],
          [
            -99.17422,
            18.888,
            0
          ],
          [
            -99.174,
            18.8884,
            0
          ],
          [
            -99.17388,
            18.88864,
            0
          ],
          [
            -99.17385,
            18.88869,
            0
          ],
          [
            -99.1737,
            18.88898,
            0
          ],
          [
            -99.17363,
            18.88911,
            0
          ],
          [
            -99.17352,
            18.88931,
            0
          ],
          [
            -99.17348,
            18.88938,
            0
          ],
          [
            -99.1734,
            18.88953,
            0
          ],
          [
            -99.1733,
            18.88973,
            0
          ],
          [
            -99.17312,
            18.89007,
            0
          ],
          [
            -99.17299,
            18.89032,
            0
          ],
          [
            -99.17292,
            18.89042,
            0
          ],
          [
            -99.17241,
            18.89138,
            0
          ],
          [
            -99.17183,
            18.89247,
            0
          ],
          [
            -99.17162,
            18.89288,
            0
          ],
          [
            -99.17115,
            18.89375,
            0
          ],
          [
            -99.17099,
            18.89405,
            0
          ],
          [
            -99.17092,
            18.89419,
            0
          ],
          [
            -99.17086,
            18.89431,
            0
          ],
          [
            -99.17071,
            18.89459,
            0
          ],
          [
            -99.1704,
            18.89513,
            0
          ],
          [
            -99.16981,
            18.89624,
            0
          ],
          [
            -99.16972,
            18.89641,
            0
          ],
          [
            -99.16966,
            18.89654,
            0
          ],
          [
            -99.16917,
            18.89605,
            0
          ],
          [
            -99.16912,
            18.89598,
            0
          ],
          [
            -99.1686,
            18.89551,
            0
          ],
          [
            -99.16814,
            18.89506,
            0
          ],
          [
            -99.1681,
            18.89502,
            0
          ],
          [
            -99.16806,
            18.89507,
            0
          ],
          [
            -99.16772,
            18.8957,
            0
          ],
          [
            -99.16771,
            18.89572,
            0
          ],
          [
            -99.16765,
            18.89578,
            0
          ],
          [
            -99.16749,
            18.89594,
            0
          ],
          [
            -99.16758,
            18.89603,
            0
          ],
          [
            -99.16776,
            18.89623,
            0
          ],
          [
            -99.16817,
            18.89667,
            0
          ],
          [
            -99.16859,
            18.89708,
            0
          ],
          [
            -99.16867,
            18.89717,
            0
          ],
          [
            -99.16883,
            18.89732,
            0
          ],
          [
            -99.16896,
            18.89745,
            0
          ],
          [
            -99.16899,
            18.89748,
            0
          ],
          [
            -99.16901,
            18.89751,
            0
          ],
          [
            -99.16911,
            18.89762,
            0
          ],
          [
            -99.16928,
            18.89781,
            0
          ],
          [
            -99.16982,
            18.8983,
            0
          ],
          [
            -99.17032,
            18.8988,
            0
          ],
          [
            -99.17074,
            18.89923,
            0
          ],
          [
            -99.17079,
            18.89927,
            0
          ],
          [
            -99.17102,
            18.8995,
            0
          ],
          [
            -99.17108,
            18.89955,
            0
          ],
          [
            -99.17112,
            18.89958,
            0
          ],
          [
            -99.17116,
            18.8996,
            0
          ],
          [
            -99.17122,
            18.89964,
            0
          ],
          [
            -99.17135,
            18.89978,
            0
          ],
          [
            -99.17162,
            18.90004,
            0
          ],
          [
            -99.17206,
            18.90045,
            0
          ],
          [
            -99.17243,
            18.90084,
            0
          ],
          [
            -99.17252,
            18.90092,
            0
          ],
          [
            -99.17256,
            18.90096,
            0
          ],
          [
            -99.17352,
            18.90193,
            0
          ],
          [
            -99.17367,
            18.90208,
            0
          ],
          [
            -99.17398,
            18.90238,
            0
          ],
          [
            -99.17416,
            18.90258,
            0
          ],
          [
            -99.17427,
            18.90269,
            0
          ],
          [
            -99.1745,
            18.9029,
            0
          ],
          [
            -99.17519,
            18.90358,
            0
          ],
          [
            -99.17526,
            18.90364,
            0
          ],
          [
            -99.1753,
            18.90368,
            0
          ],
          [
            -99.17631,
            18.90468,
            0
          ],
          [
            -99.17636,
            18.90473,
            0
          ],
          [
            -99.17654,
            18.90491,
            0
          ],
          [
            -99.17661,
            18.90498,
            0
          ],
          [
            -99.17663,
            18.905,
            0
          ],
          [
            -99.17684,
            18.90521,
            0
          ],
          [
            -99.17689,
            18.90527,
            0
          ],
          [
            -99.17752,
            18.90591,
            0
          ],
          [
            -99.1776,
            18.90598,
            0
          ],
          [
            -99.17796,
            18.90634,
            0
          ],
          [
            -99.17799,
            18.90637,
            0
          ],
          [
            -99.17856,
            18.90693,
            0
          ],
          [
            -99.17906,
            18.90743,
            0
          ],
          [
            -99.17922,
            18.90758,
            0
          ],
          [
            -99.1793,
            18.90766,
            0
          ],
          [
            -99.1794,
            18.90777,
            0
          ],
          [
            -99.17946,
            18.90784,
            0
          ],
          [
            -99.17978,
            18.90816,
            0
          ],
          [
            -99.17988,
            18.90829,
            0
          ],
          [
            -99.17997,
            18.90841,
            0
          ],
          [
            -99.18009,
            18.9086,
            0
          ],
          [
            -99.18016,
            18.90873,
            0
          ],
          [
            -99.18017,
            18.90875,
            0
          ],
          [
            -99.1803,
            18.90905,
            0
          ],
          [
            -99.18034,
            18.90915,
            0
          ],
          [
            -99.18036,
            18.90921,
            0
          ],
          [
            -99.18056,
            18.90974,
            0
          ],
          [
            -99.18061,
            18.90986,
            0
          ],
          [
            -99.18062,
            18.90989,
            0
          ],
          [
            -99.18081,
            18.91039,
            0
          ],
          [
            -99.1809,
            18.91063,
            0
          ],
          [
            -99.18092,
            18.91069,
            0
          ],
          [
            -99.18097,
            18.9108,
            0
          ],
          [
            -99.18098,
            18.91083,
            0
          ],
          [
            -99.18111,
            18.91111,
            0
          ],
          [
            -99.18115,
            18.91118,
            0
          ],
          [
            -99.18129,
            18.91141,
            0
          ],
          [
            -99.18135,
            18.91151,
            0
          ],
          [
            -99.18158,
            18.9118,
            0
          ],
          [
            -99.18164,
            18.91187,
            0
          ],
          [
            -99.18198,
            18.91224,
            0
          ],
          [
            -99.18244,
            18.91273,
            0
          ],
          [
            -99.18273,
            18.91304,
            0
          ],
          [
            -99.1831,
            18.91342,
            0
          ],
          [
            -99.18344,
            18.91379,
            0
          ],
          [
            -99.1839,
            18.91429,
            0
          ],
          [
            -99.18423,
            18.91463,
            0
          ],
          [
            -99.18437,
            18.91476,
            0
          ],
          [
            -99.18452,
            18.91492,
            0
          ],
          [
            -99.18472,
            18.91512,
            0
          ],
          [
            -99.18496,
            18.91533,
            0
          ],
          [
            -99.18512,
            18.91547,
            0
          ],
          [
            -99.18571,
            18.916,
            0
          ],
          [
            -99.18593,
            18.91621,
            0
          ],
          [
            -99.18617,
            18.91643,
            0
          ],
          [
            -99.18637,
            18.91662,
            0
          ],
          [
            -99.18649,
            18.91672,
            0
          ],
          [
            -99.18657,
            18.91679,
            0
          ],
          [
            -99.18657,
            18.9168,
            0
          ],
          [
            -99.18675,
            18.91696,
            0
          ],
          [
            -99.18704,
            18.91721,
            0
          ],
          [
            -99.1873,
            18.91746,
            0
          ],
          [
            -99.18757,
            18.9177,
            0
          ],
          [
            -99.18805,
            18.91811,
            0
          ],
          [
            -99.18821,
            18.91823,
            0
          ],
          [
            -99.18831,
            18.9183,
            0
          ],
          [
            -99.18838,
            18.91834,
            0
          ],
          [
            -99.18854,
            18.91841,
            0
          ],
          [
            -99.1886,
            18.91844,
            0
          ],
          [
            -99.18872,
            18.91849,
            0
          ],
          [
            -99.18896,
            18.91858,
            0
          ],
          [
            -99.18946,
            18.91874,
            0
          ],
          [
            -99.19093,
            18.91918,
            0
          ],
          [
            -99.19185,
            18.91946,
            0
          ],
          [
            -99.19257,
            18.91968,
            0
          ],
          [
            -99.19346,
            18.91995,
            0
          ],
          [
            -99.19363,
            18.92,
            0
          ],
          [
            -99.19386,
            18.92004,
            0
          ],
          [
            -99.19397,
            18.92005,
            0
          ],
          [
            -99.19408,
            18.92005,
            0
          ],
          [
            -99.19422,
            18.92005,
            0
          ],
          [
            -99.19437,
            18.92002,
            0
          ],
          [
            -99.19451,
            18.91999,
            0
          ],
          [
            -99.19459,
            18.91997,
            0
          ],
          [
            -99.19477,
            18.91991,
            0
          ],
          [
            -99.1951,
            18.9198,
            0
          ],
          [
            -99.19519,
            18.91983,
            0
          ],
          [
            -99.19523,
            18.91983,
            0
          ],
          [
            -99.19528,
            18.91983,
            0
          ],
          [
            -99.19534,
            18.91982,
            0
          ],
          [
            -99.19569,
            18.9198,
            0
          ],
          [
            -99.1958,
            18.9198,
            0
          ],
          [
            -99.19594,
            18.9198,
            0
          ],
          [
            -99.19608,
            18.91982,
            0
          ],
          [
            -99.19609,
            18.91982,
            0
          ],
          [
            -99.19623,
            18.91984,
            0
          ],
          [
            -99.19712,
            18.92001,
            0
          ],
          [
            -99.19725,
            18.92004,
            0
          ],
          [
            -99.1978,
            18.92019,
            0
          ],
          [
            -99.19833,
            18.92041,
            0
          ],
          [
            -99.19884,
            18.92061,
            0
          ],
          [
            -99.19891,
            18.92072,
            0
          ],
          [
            -99.19903,
            18.92078,
            0
          ],
          [
            -99.19909,
            18.92081,
            0
          ],
          [
            -99.19914,
            18.92086,
            0
          ],
          [
            -99.19918,
            18.9209,
            0
          ],
          [
            -99.19922,
            18.92094,
            0
          ],
          [
            -99.19927,
            18.92103,
            0
          ],
          [
            -99.19931,
            18.92112,
            0
          ],
          [
            -99.19937,
            18.92118,
            0
          ],
          [
            -99.19945,
            18.92122,
            0
          ],
          [
            -99.19963,
            18.92116,
            0
          ],
          [
            -99.19977,
            18.92112,
            0
          ],
          [
            -99.19984,
            18.92111,
            0
          ],
          [
            -99.20002,
            18.92109,
            0
          ],
          [
            -99.20013,
            18.92107,
            0
          ],
          [
            -99.20024,
            18.92105,
            0
          ],
          [
            -99.20045,
            18.92108,
            0
          ],
          [
            -99.20058,
            18.9211,
            0
          ],
          [
            -99.20064,
            18.92113,
            0
          ],
          [
            -99.20069,
            18.92114,
            0
          ],
          [
            -99.2008,
            18.92114,
            0
          ],
          [
            -99.20084,
            18.92115,
            0
          ],
          [
            -99.20086,
            18.92115,
            0
          ],
          [
            -99.2009,
            18.92116,
            0
          ],
          [
            -99.20104,
            18.9212,
            0
          ],
          [
            -99.20118,
            18.92123,
            0
          ],
          [
            -99.20131,
            18.92125,
            0
          ],
          [
            -99.20142,
            18.92125,
            0
          ],
          [
            -99.20155,
            18.92124,
            0
          ],
          [
            -99.20182,
            18.92116,
            0
          ],
          [
            -99.202,
            18.92111,
            0
          ],
          [
            -99.20206,
            18.9211,
            0
          ],
          [
            -99.20219,
            18.92107,
            0
          ],
          [
            -99.2023,
            18.92106,
            0
          ],
          [
            -99.20242,
            18.92106,
            0
          ],
          [
            -99.2026,
            18.92106,
            0
          ],
          [
            -99.20277,
            18.92106,
            0
          ],
          [
            -99.2028,
            18.92106,
            0
          ],
          [
            -99.20284,
            18.92105,
            0
          ],
          [
            -99.20293,
            18.92103,
            0
          ],
          [
            -99.20317,
            18.92109,
            0
          ],
          [
            -99.20336,
            18.92113,
            0
          ],
          [
            -99.20369,
            18.92122,
            0
          ],
          [
            -99.20387,
            18.92126,
            0
          ],
          [
            -99.20411,
            18.92134,
            0
          ],
          [
            -99.2044,
            18.92148,
            0
          ],
          [
            -99.20445,
            18.92152,
            0
          ],
          [
            -99.2047,
            18.92162,
            0
          ],
          [
            -99.20476,
            18.92165,
            0
          ],
          [
            -99.20483,
            18.92167,
            0
          ],
          [
            -99.20491,
            18.92169,
            0
          ],
          [
            -99.205,
            18.92171,
            0
          ],
          [
            -99.2051,
            18.92171,
            0
          ],
          [
            -99.20522,
            18.9217,
            0
          ],
          [
            -99.20529,
            18.92169,
            0
          ],
          [
            -99.20569,
            18.92168,
            0
          ],
          [
            -99.20612,
            18.92166,
            0
          ],
          [
            -99.20625,
            18.92166,
            0
          ],
          [
            -99.20636,
            18.92167,
            0
          ],
          [
            -99.20655,
            18.92169,
            0
          ],
          [
            -99.2069,
            18.92174,
            0
          ],
          [
            -99.20705,
            18.92176,
            0
          ],
          [
            -99.20714,
            18.92178,
            0
          ],
          [
            -99.20724,
            18.92181,
            0
          ],
          [
            -99.20739,
            18.92186,
            0
          ],
          [
            -99.20762,
            18.92196,
            0
          ],
          [
            -99.20774,
            18.92203,
            0
          ],
          [
            -99.20785,
            18.9221,
            0
          ],
          [
            -99.20798,
            18.92221,
            0
          ],
          [
            -99.20814,
            18.92234,
            0
          ],
          [
            -99.20836,
            18.92252,
            0
          ],
          [
            -99.20861,
            18.92273,
            0
          ],
          [
            -99.20873,
            18.92282,
            0
          ],
          [
            -99.20887,
            18.9229,
            0
          ],
          [
            -99.20899,
            18.92296,
            0
          ],
          [
            -99.20912,
            18.92302,
            0
          ],
          [
            -99.20925,
            18.92307,
            0
          ],
          [
            -99.20938,
            18.92312,
            0
          ],
          [
            -99.20972,
            18.92321,
            0
          ],
          [
            -99.20978,
            18.92323,
            0
          ],
          [
            -99.21013,
            18.92331,
            0
          ],
          [
            -99.21041,
            18.92334,
            0
          ],
          [
            -99.2108,
            18.92343,
            0
          ],
          [
            -99.21131,
            18.92357,
            0
          ],
          [
            -99.21157,
            18.92363,
            0
          ],
          [
            -99.2118,
            18.92368,
            0
          ],
          [
            -99.21211,
            18.92378,
            0
          ],
          [
            -99.21271,
            18.92392,
            0
          ],
          [
            -99.21318,
            18.92403,
            0
          ],
          [
            -99.21365,
            18.9241,
            0
          ],
          [
            -99.21399,
            18.92412,
            0
          ],
          [
            -99.2146,
            18.92413,
            0
          ],
          [
            -99.21462,
            18.92413,
            0
          ],
          [
            -99.21481,
            18.92413,
            0
          ],
          [
            -99.21499,
            18.92413,
            0
          ],
          [
            -99.2152,
            18.92413,
            0
          ],
          [
            -99.21592,
            18.92413,
            0
          ],
          [
            -99.21646,
            18.92413,
            0
          ],
          [
            -99.21656,
            18.92413,
            0
          ],
          [
            -99.21694,
            18.92414,
            0
          ],
          [
            -99.2176,
            18.92412,
            0
          ],
          [
            -99.21798,
            18.92411,
            0
          ],
          [
            -99.21861,
            18.9241,
            0
          ],
          [
            -99.21877,
            18.9241,
            0
          ],
          [
            -99.2201,
            18.92407,
            0
          ],
          [
            -99.22033,
            18.92408,
            0
          ],
          [
            -99.22076,
            18.92409,
            0
          ],
          [
            -99.22106,
            18.92413,
            0
          ],
          [
            -99.22153,
            18.92425,
            0
          ],
          [
            -99.22163,
            18.92428,
            0
          ],
          [
            -99.22251,
            18.92448,
            0
          ],
          [
            -99.22325,
            18.92465,
            0
          ],
          [
            -99.22336,
            18.92467,
            0
          ],
          [
            -99.22339,
            18.92468,
            0
          ],
          [
            -99.22416,
            18.92485,
            0
          ],
          [
            -99.22492,
            18.92502,
            0
          ],
          [
            -99.22544,
            18.92514,
            0
          ],
          [
            -99.22584,
            18.92523,
            0
          ],
          [
            -99.22611,
            18.92529,
            0
          ],
          [
            -99.22732,
            18.92557,
            0
          ],
          [
            -99.22769,
            18.92566,
            0
          ],
          [
            -99.22774,
            18.92567,
            0
          ],
          [
            -99.22793,
            18.92572,
            0
          ],
          [
            -99.2281,
            18.92578,
            0
          ],
          [
            -99.22824,
            18.92584,
            0
          ],
          [
            -99.22842,
            18.92594,
            0
          ],
          [
            -99.22864,
            18.92608,
            0
          ],
          [
            -99.22874,
            18.92616,
            0
          ],
          [
            -99.22878,
            18.92619,
            0
          ],
          [
            -99.22888,
            18.92628,
            0
          ],
          [
            -99.22908,
            18.92649,
            0
          ],
          [
            -99.22925,
            18.92669,
            0
          ],
          [
            -99.22934,
            18.92681,
            0
          ],
          [
            -99.22943,
            18.92698,
            0
          ],
          [
            -99.22951,
            18.92712,
            0
          ],
          [
            -99.22963,
            18.92741,
            0
          ],
          [
            -99.22981,
            18.92784,
            0
          ],
          [
            -99.22983,
            18.92792,
            0
          ],
          [
            -99.22995,
            18.92795,
            0
          ],
          [
            -99.23007,
            18.92796,
            0
          ],
          [
            -99.23023,
            18.92795,
            0
          ],
          [
            -99.23027,
            18.92794,
            0
          ],
          [
            -99.23061,
            18.92782,
            0
          ],
          [
            -99.23079,
            18.92776,
            0
          ],
          [
            -99.23084,
            18.92775,
            0
          ],
          [
            -99.23088,
            18.92775,
            0
          ],
          [
            -99.23089,
            18.92775,
            0
          ],
          [
            -99.23093,
            18.92775,
            0
          ],
          [
            -99.23095,
            18.92775,
            0
          ],
          [
            -99.23098,
            18.92776,
            0
          ],
          [
            -99.23101,
            18.92776,
            0
          ],
          [
            -99.23108,
            18.92777,
            0
          ],
          [
            -99.23127,
            18.92781,
            0
          ],
          [
            -99.2313,
            18.92781,
            0
          ],
          [
            -99.23135,
            18.92782,
            0
          ],
          [
            -99.23139,
            18.92781,
            0
          ],
          [
            -99.23142,
            18.92781,
            0
          ],
          [
            -99.23148,
            18.9278,
            0
          ],
          [
            -99.23153,
            18.92778,
            0
          ],
          [
            -99.23156,
            18.92777,
            0
          ],
          [
            -99.23162,
            18.92775,
            0
          ],
          [
            -99.23177,
            18.92767,
            0
          ],
          [
            -99.23201,
            18.92748,
            0
          ],
          [
            -99.23222,
            18.92732,
            0
          ],
          [
            -99.23238,
            18.92722,
            0
          ],
          [
            -99.23255,
            18.92724,
            0
          ],
          [
            -99.23261,
            18.92725,
            0
          ],
          [
            -99.23279,
            18.92727,
            0
          ],
          [
            -99.23288,
            18.92728,
            0
          ],
          [
            -99.23392,
            18.92742,
            0
          ],
          [
            -99.23462,
            18.92748,
            0
          ],
          [
            -99.23467,
            18.92749,
            0
          ],
          [
            -99.23471,
            18.92749,
            0
          ],
          [
            -99.23477,
            18.92744,
            0
          ],
          [
            -99.23484,
            18.92739,
            0
          ],
          [
            -99.23488,
            18.92734,
            0
          ],
          [
            -99.23497,
            18.92724,
            0
          ],
          [
            -99.23496,
            18.92715,
            0
          ],
          [
            -99.23492,
            18.92697,
            0
          ],
          [
            -99.23491,
            18.92692,
            0
          ],
          [
            -99.23489,
            18.92688,
            0
          ],
          [
            -99.23486,
            18.92683,
            0
          ],
          [
            -99.23451,
            18.92638,
            0
          ],
          [
            -99.23428,
            18.92612,
            0
          ],
          [
            -99.23425,
            18.92608,
            0
          ],
          [
            -99.23381,
            18.92554,
            0
          ],
          [
            -99.23355,
            18.92529,
            0
          ],
          [
            -99.2333,
            18.92504,
            0
          ],
          [
            -99.23323,
            18.92497,
            0
          ],
          [
            -99.23321,
            18.92495,
            0
          ],
          [
            -99.23283,
            18.9252,
            0
          ],
          [
            -99.23251,
            18.92543,
            0
          ]
        ]
      },
      "properties": {
        "name": "1.TEZOYUCA-ZAPATA-JIUTEPEC-CENTRO-TEMIXCO-TEZOYUCA",
        "description": {
          "@type": "html",
          "value": "descripción: <br>OID: 275<br>ZONA: CENTRO<br>RUTA: RUTA 20<br>ITINERARIO: 1.TEZOYUCA-ZAPATA-JIUTEPEC-CENTRO-TEMIXCO-TEZOYUCA<br>DESCRIPCIO: TEZOYUCA-CENTRO (X JIUTE)<br>AUTO-AMPL: ITINERARIO<br>DEFIN-PROV: DEFINITIVOS<br>DURACION: DEFINITIVA<br>FOLIO: SG/DGT/SDP/000540/97"
        },
        "styleUrl": "#line-E65100-1200",
        "stroke-opacity": 1,
        "stroke": "#e65100",
        "stroke-width": 1.2,
        "descripción": "",
        "OID": "275",
        "ZONA": "CENTRO",
        "RUTA": "RUTA 20",
        "ITINERARIO": "1.TEZOYUCA-ZAPATA-JIUTEPEC-CENTRO-TEMIXCO-TEZOYUCA",
        "DESCRIPCIO": "TEZOYUCA-CENTRO (X JIUTE)",
        "AUTO-AMPL": "ITINERARIO",
        "DEFIN-PROV": "DEFINITIVOS",
        "DURACION": "DEFINITIVA",
        "FOLIO": "SG/DGT/SDP/000540/97"
      }
    },
    {
      "type": "Feature",
      "geometry": {
        "type": "LineString",
        "coordinates": [
          [
            -99.19644,
            18.80355,
            0
          ],
          [
            -99.19692,
            18.80364,
            0
          ],
          [
            -99.19701,
            18.80366,
            0
          ],
          [
            -99.19729,
            18.80373,
            0
          ],
          [
            -99.19773,
            18.8038,
            0
          ],
          [
            -99.19813,
            18.80386,
            0
          ],
          [
            -99.1983,
            18.80387,
            0
          ],
          [
            -99.19854,
            18.8039,
            0
          ],
          [
            -99.19863,
            18.80391,
            0
          ],
          [
            -99.19876,
            18.80393,
            0
          ],
          [
            -99.19913,
            18.80399,
            0
          ],
          [
            -99.19943,
            18.80405,
            0
          ],
          [
            -99.19952,
            18.80407,
            0
          ],
          [
            -99.19969,
            18.80411,
            0
          ],
          [
            -99.20006,
            18.80419,
            0
          ],
          [
            -99.20045,
            18.80428,
            0
          ],
          [
            -99.20113,
            18.80441,
            0
          ],
          [
            -99.20201,
            18.80457,
            0
          ],
          [
            -99.20247,
            18.80464,
            0
          ],
          [
            -99.2031,
            18.80476,
            0
          ],
          [
            -99.20349,
            18.80483,
            0
          ],
          [
            -99.20359,
            18.80485,
            0
          ],
          [
            -99.20367,
            18.80488,
            0
          ],
          [
            -99.20374,
            18.80491,
            0
          ],
          [
            -99.20379,
            18.80495,
            0
          ],
          [
            -99.2039,
            18.80505,
            0
          ],
          [
            -99.20413,
            18.80533,
            0
          ],
          [
            -99.20424,
            18.80544,
            0
          ],
          [
            -99.2043,
            18.80551,
            0
          ],
          [
            -99.20439,
            18.8056,
            0
          ],
          [
            -99.20452,
            18.80571,
            0
          ],
          [
            -99.20463,
            18.80578,
            0
          ],
          [
            -99.20472,
            18.80584,
            0
          ],
          [
            -99.20479,
            18.80588,
            0
          ],
          [
            -99.2049,
            18.80594,
            0
          ],
          [
            -99.20525,
            18.80612,
            0
          ],
          [
            -99.20555,
            18.80627,
            0
          ],
          [
            -99.20569,
            18.80634,
            0
          ],
          [
            -99.20581,
            18.80641,
            0
          ],
          [
            -99.20591,
            18.80649,
            0
          ],
          [
            -99.20608,
            18.80665,
            0
          ],
          [
            -99.20622,
            18.8068,
            0
          ],
          [
            -99.20655,
            18.80718,
            0
          ],
          [
            -99.20671,
            18.80736,
            0
          ],
          [
            -99.20672,
            18.80737,
            0
          ],
          [
            -99.20693,
            18.8076,
            0
          ],
          [
            -99.20694,
            18.80761,
            0
          ],
          [
            -99.20719,
            18.80789,
            0
          ],
          [
            -99.20764,
            18.80838,
            0
          ],
          [
            -99.20784,
            18.8086,
            0
          ],
          [
            -99.20802,
            18.8088,
            0
          ],
          [
            -99.20848,
            18.8093,
            0
          ],
          [
            -99.20882,
            18.80971,
            0
          ],
          [
            -99.20891,
            18.80982,
            0
          ],
          [
            -99.20898,
            18.80992,
            0
          ],
          [
            -99.20905,
            18.81005,
            0
          ],
          [
            -99.20912,
            18.81018,
            0
          ],
          [
            -99.20917,
            18.81027,
            0
          ],
          [
            -99.20931,
            18.81058,
            0
          ],
          [
            -99.20947,
            18.81095,
            0
          ],
          [
            -99.20968,
            18.81141,
            0
          ],
          [
            -99.21018,
            18.81252,
            0
          ],
          [
            -99.21048,
            18.81318,
            0
          ],
          [
            -99.21064,
            18.81354,
            0
          ],
          [
            -99.2107,
            18.81365,
            0
          ],
          [
            -99.21074,
            18.81372,
            0
          ],
          [
            -99.21077,
            18.81377,
            0
          ],
          [
            -99.21081,
            18.81382,
            0
          ],
          [
            -99.21085,
            18.81386,
            0
          ],
          [
            -99.2109,
            18.8139,
            0
          ],
          [
            -99.21094,
            18.81394,
            0
          ],
          [
            -99.211,
            18.81399,
            0
          ],
          [
            -99.21108,
            18.81404,
            0
          ],
          [
            -99.2112,
            18.8141,
            0
          ],
          [
            -99.21143,
            18.81424,
            0
          ],
          [
            -99.21147,
            18.81427,
            0
          ],
          [
            -99.21149,
            18.81428,
            0
          ],
          [
            -99.21151,
            18.81428,
            0
          ],
          [
            -99.21155,
            18.8143,
            0
          ],
          [
            -99.21159,
            18.81431,
            0
          ],
          [
            -99.21168,
            18.81432,
            0
          ],
          [
            -99.21176,
            18.81433,
            0
          ],
          [
            -99.21184,
            18.81431,
            0
          ],
          [
            -99.212,
            18.81427,
            0
          ],
          [
            -99.21206,
            18.81426,
            0
          ],
          [
            -99.21213,
            18.81424,
            0
          ],
          [
            -99.21223,
            18.8142,
            0
          ],
          [
            -99.21236,
            18.81417,
            0
          ],
          [
            -99.21242,
            18.81415,
            0
          ],
          [
            -99.21252,
            18.81414,
            0
          ],
          [
            -99.21265,
            18.81414,
            0
          ],
          [
            -99.21339,
            18.81414,
            0
          ],
          [
            -99.2135,
            18.81414,
            0
          ],
          [
            -99.21426,
            18.81414,
            0
          ],
          [
            -99.2147,
            18.81414,
            0
          ],
          [
            -99.2151,
            18.81411,
            0
          ],
          [
            -99.21529,
            18.81407,
            0
          ],
          [
            -99.21537,
            18.81404,
            0
          ],
          [
            -99.21546,
            18.814,
            0
          ],
          [
            -99.21556,
            18.81395,
            0
          ],
          [
            -99.21601,
            18.81364,
            0
          ],
          [
            -99.21615,
            18.81354,
            0
          ],
          [
            -99.21621,
            18.81349,
            0
          ],
          [
            -99.21629,
            18.81344,
            0
          ],
          [
            -99.21636,
            18.8134,
            0
          ],
          [
            -99.21651,
            18.81334,
            0
          ],
          [
            -99.2166,
            18.81331,
            0
          ],
          [
            -99.21664,
            18.81331,
            0
          ],
          [
            -99.21672,
            18.81331,
            0
          ],
          [
            -99.2168,
            18.81331,
            0
          ],
          [
            -99.2169,
            18.81331,
            0
          ],
          [
            -99.21695,
            18.81332,
            0
          ],
          [
            -99.21702,
            18.81333,
            0
          ],
          [
            -99.21708,
            18.81335,
            0
          ],
          [
            -99.21713,
            18.81336,
            0
          ],
          [
            -99.21732,
            18.81344,
            0
          ],
          [
            -99.21762,
            18.81356,
            0
          ],
          [
            -99.21798,
            18.81371,
            0
          ],
          [
            -99.21854,
            18.81392,
            0
          ],
          [
            -99.21871,
            18.81399,
            0
          ],
          [
            -99.21889,
            18.81406,
            0
          ],
          [
            -99.21908,
            18.81414,
            0
          ],
          [
            -99.2192,
            18.8142,
            0
          ],
          [
            -99.21933,
            18.81428,
            0
          ],
          [
            -99.21934,
            18.81428,
            0
          ],
          [
            -99.21947,
            18.81436,
            0
          ],
          [
            -99.21965,
            18.81448,
            0
          ],
          [
            -99.2198,
            18.81459,
            0
          ],
          [
            -99.21994,
            18.81469,
            0
          ],
          [
            -99.22001,
            18.81475,
            0
          ],
          [
            -99.22017,
            18.81488,
            0
          ],
          [
            -99.22036,
            18.81507,
            0
          ],
          [
            -99.22051,
            18.81522,
            0
          ],
          [
            -99.22062,
            18.81534,
            0
          ],
          [
            -99.22064,
            18.81536,
            0
          ],
          [
            -99.2208,
            18.81556,
            0
          ],
          [
            -99.22103,
            18.81586,
            0
          ],
          [
            -99.22136,
            18.81633,
            0
          ],
          [
            -99.22142,
            18.81636,
            0
          ],
          [
            -99.22146,
            18.81639,
            0
          ],
          [
            -99.22153,
            18.81642,
            0
          ],
          [
            -99.22163,
            18.81644,
            0
          ],
          [
            -99.22176,
            18.81646,
            0
          ],
          [
            -99.22211,
            18.81649,
            0
          ],
          [
            -99.2223,
            18.81652,
            0
          ],
          [
            -99.22243,
            18.81655,
            0
          ],
          [
            -99.22251,
            18.81656,
            0
          ],
          [
            -99.22271,
            18.81661,
            0
          ],
          [
            -99.2228,
            18.81663,
            0
          ],
          [
            -99.22316,
            18.81675,
            0
          ],
          [
            -99.22361,
            18.8169,
            0
          ],
          [
            -99.22381,
            18.81695,
            0
          ],
          [
            -99.22401,
            18.81698,
            0
          ],
          [
            -99.22427,
            18.81701,
            0
          ],
          [
            -99.22464,
            18.81704,
            0
          ],
          [
            -99.22501,
            18.81708,
            0
          ],
          [
            -99.22513,
            18.81711,
            0
          ],
          [
            -99.22523,
            18.81715,
            0
          ],
          [
            -99.22533,
            18.81719,
            0
          ],
          [
            -99.22541,
            18.81722,
            0
          ],
          [
            -99.22549,
            18.81727,
            0
          ],
          [
            -99.22589,
            18.81758,
            0
          ],
          [
            -99.22629,
            18.81795,
            0
          ],
          [
            -99.22657,
            18.8182,
            0
          ],
          [
            -99.2267,
            18.81832,
            0
          ],
          [
            -99.2271,
            18.81868,
            0
          ],
          [
            -99.22721,
            18.81878,
            0
          ],
          [
            -99.22744,
            18.81897,
            0
          ],
          [
            -99.22755,
            18.81905,
            0
          ],
          [
            -99.22764,
            18.81912,
            0
          ],
          [
            -99.22775,
            18.81918,
            0
          ],
          [
            -99.22779,
            18.81921,
            0
          ],
          [
            -99.22785,
            18.81924,
            0
          ],
          [
            -99.22786,
            18.81924,
            0
          ],
          [
            -99.22796,
            18.81928,
            0
          ],
          [
            -99.22806,
            18.81932,
            0
          ],
          [
            -99.22819,
            18.81934,
            0
          ],
          [
            -99.22838,
            18.81938,
            0
          ],
          [
            -99.22861,
            18.81942,
            0
          ],
          [
            -99.22874,
            18.81944,
            0
          ],
          [
            -99.22928,
            18.81953,
            0
          ],
          [
            -99.22931,
            18.81953,
            0
          ],
          [
            -99.22944,
            18.81956,
            0
          ],
          [
            -99.22978,
            18.81962,
            0
          ],
          [
            -99.22995,
            18.81966,
            0
          ],
          [
            -99.23009,
            18.8197,
            0
          ],
          [
            -99.23018,
            18.81973,
            0
          ],
          [
            -99.23024,
            18.81976,
            0
          ],
          [
            -99.23048,
            18.81986,
            0
          ],
          [
            -99.23053,
            18.8199,
            0
          ],
          [
            -99.23058,
            18.81995,
            0
          ],
          [
            -99.2306,
            18.81998,
            0
          ],
          [
            -99.23062,
            18.82002,
            0
          ],
          [
            -99.23067,
            18.82011,
            0
          ],
          [
            -99.2307,
            18.82019,
            0
          ],
          [
            -99.23074,
            18.82027,
            0
          ],
          [
            -99.23075,
            18.8203,
            0
          ],
          [
            -99.23075,
            18.82031,
            0
          ],
          [
            -99.23075,
            18.82033,
            0
          ],
          [
            -99.23076,
            18.82034,
            0
          ],
          [
            -99.23076,
            18.82035,
            0
          ],
          [
            -99.23076,
            18.82037,
            0
          ],
          [
            -99.23075,
            18.82039,
            0
          ],
          [
            -99.23075,
            18.82041,
            0
          ],
          [
            -99.23071,
            18.82062,
            0
          ],
          [
            -99.23067,
            18.82074,
            0
          ],
          [
            -99.23049,
            18.82129,
            0
          ],
          [
            -99.23034,
            18.82174,
            0
          ],
          [
            -99.23032,
            18.82182,
            0
          ],
          [
            -99.23031,
            18.82187,
            0
          ],
          [
            -99.23029,
            18.82196,
            0
          ],
          [
            -99.23026,
            18.82212,
            0
          ],
          [
            -99.23024,
            18.82249,
            0
          ],
          [
            -99.23023,
            18.82269,
            0
          ],
          [
            -99.23021,
            18.82304,
            0
          ],
          [
            -99.23015,
            18.82359,
            0
          ],
          [
            -99.23065,
            18.82377,
            0
          ],
          [
            -99.23021,
            18.82459,
            0
          ],
          [
            -99.23012,
            18.82476,
            0
          ],
          [
            -99.23009,
            18.82482,
            0
          ],
          [
            -99.22989,
            18.82519,
            0
          ],
          [
            -99.22982,
            18.82533,
            0
          ],
          [
            -99.22955,
            18.82582,
            0
          ],
          [
            -99.22939,
            18.82611,
            0
          ],
          [
            -99.22936,
            18.82618,
            0
          ],
          [
            -99.22934,
            18.82621,
            0
          ],
          [
            -99.22927,
            18.82634,
            0
          ],
          [
            -99.22896,
            18.82691,
            0
          ],
          [
            -99.2286,
            18.82761,
            0
          ],
          [
            -99.22842,
            18.82793,
            0
          ],
          [
            -99.2284,
            18.82796,
            0
          ],
          [
            -99.22813,
            18.82849,
            0
          ],
          [
            -99.2279,
            18.82892,
            0
          ],
          [
            -99.22761,
            18.82947,
            0
          ],
          [
            -99.22747,
            18.82973,
            0
          ],
          [
            -99.2274,
            18.82987,
            0
          ],
          [
            -99.22735,
            18.82995,
            0
          ],
          [
            -99.22716,
            18.83033,
            0
          ],
          [
            -99.22704,
            18.83054,
            0
          ],
          [
            -99.22694,
            18.83077,
            0
          ],
          [
            -99.22685,
            18.83095,
            0
          ],
          [
            -99.22679,
            18.83114,
            0
          ],
          [
            -99.22673,
            18.83135,
            0
          ],
          [
            -99.2267,
            18.83146,
            0
          ],
          [
            -99.22665,
            18.83165,
            0
          ],
          [
            -99.22646,
            18.83252,
            0
          ],
          [
            -99.22631,
            18.83322,
            0
          ],
          [
            -99.22628,
            18.83336,
            0
          ],
          [
            -99.22618,
            18.83384,
            0
          ],
          [
            -99.22606,
            18.83438,
            0
          ],
          [
            -99.22601,
            18.83464,
            0
          ],
          [
            -99.22592,
            18.83501,
            0
          ],
          [
            -99.22574,
            18.83577,
            0
          ],
          [
            -99.22572,
            18.83589,
            0
          ],
          [
            -99.22569,
            18.83598,
            0
          ],
          [
            -99.22559,
            18.83652,
            0
          ],
          [
            -99.22546,
            18.83717,
            0
          ],
          [
            -99.22544,
            18.83726,
            0
          ],
          [
            -99.2254,
            18.83748,
            0
          ],
          [
            -99.22534,
            18.83771,
            0
          ],
          [
            -99.22526,
            18.83809,
            0
          ],
          [
            -99.22517,
            18.83854,
            0
          ],
          [
            -99.22512,
            18.83881,
            0
          ],
          [
            -99.22509,
            18.83891,
            0
          ],
          [
            -99.22502,
            18.83923,
            0
          ],
          [
            -99.22497,
            18.83948,
            0
          ],
          [
            -99.2249,
            18.83984,
            0
          ],
          [
            -99.22485,
            18.84012,
            0
          ],
          [
            -99.22482,
            18.8403,
            0
          ],
          [
            -99.2248,
            18.84039,
            0
          ],
          [
            -99.2248,
            18.84044,
            0
          ],
          [
            -99.22474,
            18.84075,
            0
          ],
          [
            -99.22466,
            18.84114,
            0
          ],
          [
            -99.22461,
            18.8413,
            0
          ],
          [
            -99.22444,
            18.84188,
            0
          ],
          [
            -99.22436,
            18.84214,
            0
          ],
          [
            -99.22433,
            18.84224,
            0
          ],
          [
            -99.22424,
            18.84272,
            0
          ],
          [
            -99.22415,
            18.8431,
            0
          ],
          [
            -99.22408,
            18.84345,
            0
          ],
          [
            -99.22391,
            18.84425,
            0
          ],
          [
            -99.22375,
            18.84504,
            0
          ],
          [
            -99.22365,
            18.84561,
            0
          ],
          [
            -99.22363,
            18.8457,
            0
          ],
          [
            -99.22361,
            18.84575,
            0
          ],
          [
            -99.22356,
            18.84588,
            0
          ],
          [
            -99.22346,
            18.84607,
            0
          ],
          [
            -99.22332,
            18.8463,
            0
          ],
          [
            -99.22328,
            18.8464,
            0
          ],
          [
            -99.22326,
            18.84645,
            0
          ],
          [
            -99.22323,
            18.84655,
            0
          ],
          [
            -99.22316,
            18.84696,
            0
          ],
          [
            -99.22309,
            18.84736,
            0
          ],
          [
            -99.22299,
            18.848,
            0
          ],
          [
            -99.22296,
            18.84835,
            0
          ],
          [
            -99.22297,
            18.84858,
            0
          ],
          [
            -99.22299,
            18.84867,
            0
          ],
          [
            -99.223,
            18.84872,
            0
          ],
          [
            -99.22302,
            18.84879,
            0
          ],
          [
            -99.22308,
            18.84897,
            0
          ],
          [
            -99.22325,
            18.84935,
            0
          ],
          [
            -99.22334,
            18.84958,
            0
          ],
          [
            -99.22351,
            18.84993,
            0
          ],
          [
            -99.22377,
            18.85058,
            0
          ],
          [
            -99.22385,
            18.85077,
            0
          ],
          [
            -99.22388,
            18.85085,
            0
          ],
          [
            -99.22392,
            18.85093,
            0
          ],
          [
            -99.22397,
            18.851,
            0
          ],
          [
            -99.22408,
            18.85115,
            0
          ],
          [
            -99.22419,
            18.8513,
            0
          ],
          [
            -99.22433,
            18.85154,
            0
          ],
          [
            -99.22438,
            18.85164,
            0
          ],
          [
            -99.22441,
            18.85175,
            0
          ],
          [
            -99.22445,
            18.85209,
            0
          ],
          [
            -99.22446,
            18.85214,
            0
          ],
          [
            -99.22446,
            18.85219,
            0
          ],
          [
            -99.22457,
            18.85313,
            0
          ],
          [
            -99.22457,
            18.85319,
            0
          ],
          [
            -99.22458,
            18.85331,
            0
          ],
          [
            -99.2246,
            18.85344,
            0
          ],
          [
            -99.22462,
            18.85357,
            0
          ],
          [
            -99.22468,
            18.85391,
            0
          ],
          [
            -99.22472,
            18.85414,
            0
          ],
          [
            -99.22477,
            18.85444,
            0
          ],
          [
            -99.22478,
            18.85454,
            0
          ],
          [
            -99.22479,
            18.85461,
            0
          ],
          [
            -99.22479,
            18.85469,
            0
          ],
          [
            -99.22478,
            18.8548,
            0
          ],
          [
            -99.22474,
            18.855,
            0
          ],
          [
            -99.22471,
            18.85515,
            0
          ],
          [
            -99.22467,
            18.85529,
            0
          ],
          [
            -99.22464,
            18.85543,
            0
          ],
          [
            -99.22456,
            18.85573,
            0
          ],
          [
            -99.22447,
            18.85608,
            0
          ],
          [
            -99.22438,
            18.85648,
            0
          ],
          [
            -99.22434,
            18.85661,
            0
          ],
          [
            -99.22428,
            18.85688,
            0
          ],
          [
            -99.22418,
            18.85722,
            0
          ],
          [
            -99.22402,
            18.85764,
            0
          ],
          [
            -99.22398,
            18.85777,
            0
          ],
          [
            -99.22393,
            18.85789,
            0
          ],
          [
            -99.22388,
            18.85803,
            0
          ],
          [
            -99.22377,
            18.8583,
            0
          ],
          [
            -99.22371,
            18.8585,
            0
          ],
          [
            -99.22369,
            18.85866,
            0
          ],
          [
            -99.22368,
            18.85884,
            0
          ],
          [
            -99.22368,
            18.85886,
            0
          ],
          [
            -99.22368,
            18.85899,
            0
          ],
          [
            -99.22368,
            18.85912,
            0
          ],
          [
            -99.2237,
            18.85925,
            0
          ],
          [
            -99.22374,
            18.85937,
            0
          ],
          [
            -99.22377,
            18.85947,
            0
          ],
          [
            -99.22389,
            18.85971,
            0
          ],
          [
            -99.22454,
            18.86066,
            0
          ],
          [
            -99.22467,
            18.8609,
            0
          ],
          [
            -99.22478,
            18.86108,
            0
          ],
          [
            -99.22492,
            18.86135,
            0
          ],
          [
            -99.22503,
            18.86155,
            0
          ],
          [
            -99.22509,
            18.86171,
            0
          ],
          [
            -99.22514,
            18.86188,
            0
          ],
          [
            -99.22516,
            18.86202,
            0
          ],
          [
            -99.22516,
            18.86215,
            0
          ],
          [
            -99.22514,
            18.86231,
            0
          ],
          [
            -99.22511,
            18.86243,
            0
          ],
          [
            -99.22505,
            18.86258,
            0
          ],
          [
            -99.22499,
            18.86272,
            0
          ],
          [
            -99.22485,
            18.86294,
            0
          ],
          [
            -99.22473,
            18.86316,
            0
          ],
          [
            -99.22458,
            18.8634,
            0
          ],
          [
            -99.22454,
            18.86349,
            0
          ],
          [
            -99.22452,
            18.86355,
            0
          ],
          [
            -99.2245,
            18.86362,
            0
          ],
          [
            -99.22449,
            18.86372,
            0
          ],
          [
            -99.2245,
            18.86385,
            0
          ],
          [
            -99.22453,
            18.86395,
            0
          ],
          [
            -99.22457,
            18.86408,
            0
          ],
          [
            -99.22462,
            18.86416,
            0
          ],
          [
            -99.22478,
            18.86436,
            0
          ],
          [
            -99.22499,
            18.86458,
            0
          ],
          [
            -99.22504,
            18.86463,
            0
          ],
          [
            -99.22543,
            18.8651,
            0
          ],
          [
            -99.22579,
            18.8655,
            0
          ],
          [
            -99.2262,
            18.86599,
            0
          ],
          [
            -99.22673,
            18.86656,
            0
          ],
          [
            -99.22702,
            18.86689,
            0
          ],
          [
            -99.22712,
            18.86702,
            0
          ],
          [
            -99.22718,
            18.8671,
            0
          ],
          [
            -99.22724,
            18.86721,
            0
          ],
          [
            -99.22728,
            18.86731,
            0
          ],
          [
            -99.22729,
            18.8674,
            0
          ],
          [
            -99.2273,
            18.86751,
            0
          ],
          [
            -99.22727,
            18.8677,
            0
          ],
          [
            -99.22723,
            18.8678,
            0
          ],
          [
            -99.22713,
            18.86801,
            0
          ],
          [
            -99.22704,
            18.86817,
            0
          ],
          [
            -99.2269,
            18.8684,
            0
          ],
          [
            -99.22682,
            18.86851,
            0
          ],
          [
            -99.22673,
            18.86865,
            0
          ],
          [
            -99.22664,
            18.86878,
            0
          ],
          [
            -99.22653,
            18.86889,
            0
          ],
          [
            -99.22648,
            18.86893,
            0
          ],
          [
            -99.22641,
            18.86902,
            0
          ],
          [
            -99.22637,
            18.86907,
            0
          ],
          [
            -99.22636,
            18.8691,
            0
          ],
          [
            -99.22635,
            18.86913,
            0
          ],
          [
            -99.22635,
            18.86917,
            0
          ],
          [
            -99.22625,
            18.86933,
            0
          ],
          [
            -99.22622,
            18.86939,
            0
          ],
          [
            -99.2262,
            18.86947,
            0
          ],
          [
            -99.22618,
            18.86953,
            0
          ],
          [
            -99.22624,
            18.86982,
            0
          ],
          [
            -99.22627,
            18.86986,
            0
          ],
          [
            -99.22633,
            18.86994,
            0
          ],
          [
            -99.22676,
            18.8704,
            0
          ],
          [
            -99.22682,
            18.87048,
            0
          ],
          [
            -99.22684,
            18.87051,
            0
          ],
          [
            -99.22685,
            18.87056,
            0
          ],
          [
            -99.22688,
            18.87064,
            0
          ],
          [
            -99.22689,
            18.87067,
            0
          ],
          [
            -99.2269,
            18.87071,
            0
          ],
          [
            -99.2269,
            18.87075,
            0
          ],
          [
            -99.2269,
            18.87078,
            0
          ],
          [
            -99.22689,
            18.87086,
            0
          ],
          [
            -99.22688,
            18.87094,
            0
          ],
          [
            -99.22687,
            18.871,
            0
          ],
          [
            -99.22684,
            18.87108,
            0
          ],
          [
            -99.22683,
            18.87111,
            0
          ],
          [
            -99.22678,
            18.87122,
            0
          ],
          [
            -99.22674,
            18.8713,
            0
          ],
          [
            -99.22664,
            18.87153,
            0
          ],
          [
            -99.2266,
            18.87161,
            0
          ],
          [
            -99.22653,
            18.87181,
            0
          ],
          [
            -99.2265,
            18.8719,
            0
          ],
          [
            -99.22648,
            18.87198,
            0
          ],
          [
            -99.22646,
            18.87209,
            0
          ],
          [
            -99.22644,
            18.87218,
            0
          ],
          [
            -99.22645,
            18.8723,
            0
          ],
          [
            -99.22646,
            18.87239,
            0
          ],
          [
            -99.22648,
            18.87252,
            0
          ],
          [
            -99.22654,
            18.87275,
            0
          ],
          [
            -99.22656,
            18.8729,
            0
          ],
          [
            -99.22662,
            18.87306,
            0
          ],
          [
            -99.22667,
            18.87319,
            0
          ],
          [
            -99.22673,
            18.87327,
            0
          ],
          [
            -99.22679,
            18.87334,
            0
          ],
          [
            -99.22694,
            18.8735,
            0
          ],
          [
            -99.22702,
            18.87357,
            0
          ],
          [
            -99.22707,
            18.87362,
            0
          ],
          [
            -99.22712,
            18.87371,
            0
          ],
          [
            -99.22717,
            18.8738,
            0
          ],
          [
            -99.2272,
            18.87385,
            0
          ],
          [
            -99.22721,
            18.8739,
            0
          ],
          [
            -99.22724,
            18.87407,
            0
          ],
          [
            -99.22726,
            18.87429,
            0
          ],
          [
            -99.2273,
            18.87455,
            0
          ],
          [
            -99.22731,
            18.87461,
            0
          ],
          [
            -99.22732,
            18.87468,
            0
          ],
          [
            -99.22736,
            18.87478,
            0
          ],
          [
            -99.2274,
            18.87487,
            0
          ],
          [
            -99.22742,
            18.87491,
            0
          ],
          [
            -99.22754,
            18.87511,
            0
          ],
          [
            -99.22776,
            18.87544,
            0
          ],
          [
            -99.22803,
            18.87579,
            0
          ],
          [
            -99.22822,
            18.87608,
            0
          ],
          [
            -99.22869,
            18.8766,
            0
          ],
          [
            -99.22881,
            18.87672,
            0
          ],
          [
            -99.22888,
            18.8768,
            0
          ],
          [
            -99.22891,
            18.87686,
            0
          ],
          [
            -99.22898,
            18.87701,
            0
          ],
          [
            -99.229,
            18.87706,
            0
          ],
          [
            -99.22904,
            18.87717,
            0
          ],
          [
            -99.22906,
            18.87727,
            0
          ],
          [
            -99.22906,
            18.8774,
            0
          ],
          [
            -99.22906,
            18.87769,
            0
          ],
          [
            -99.22907,
            18.87782,
            0
          ],
          [
            -99.22907,
            18.87785,
            0
          ],
          [
            -99.22908,
            18.87791,
            0
          ],
          [
            -99.22908,
            18.87794,
            0
          ],
          [
            -99.2291,
            18.87807,
            0
          ],
          [
            -99.22912,
            18.87815,
            0
          ],
          [
            -99.22915,
            18.87827,
            0
          ],
          [
            -99.22927,
            18.87863,
            0
          ],
          [
            -99.22946,
            18.87917,
            0
          ],
          [
            -99.2296,
            18.87958,
            0
          ],
          [
            -99.22963,
            18.87965,
            0
          ],
          [
            -99.22971,
            18.87984,
            0
          ],
          [
            -99.22975,
            18.88003,
            0
          ],
          [
            -99.22978,
            18.88017,
            0
          ],
          [
            -99.22981,
            18.88045,
            0
          ],
          [
            -99.22983,
            18.88062,
            0
          ],
          [
            -99.22985,
            18.88085,
            0
          ],
          [
            -99.22986,
            18.88105,
            0
          ],
          [
            -99.22987,
            18.88117,
            0
          ],
          [
            -99.22987,
            18.88135,
            0
          ],
          [
            -99.22985,
            18.88173,
            0
          ],
          [
            -99.22983,
            18.88193,
            0
          ],
          [
            -99.22983,
            18.88205,
            0
          ],
          [
            -99.22982,
            18.88222,
            0
          ],
          [
            -99.22984,
            18.88242,
            0
          ],
          [
            -99.22987,
            18.88267,
            0
          ],
          [
            -99.22993,
            18.88309,
            0
          ],
          [
            -99.23006,
            18.88386,
            0
          ],
          [
            -99.23016,
            18.88432,
            0
          ],
          [
            -99.23021,
            18.8847,
            0
          ],
          [
            -99.23022,
            18.88478,
            0
          ],
          [
            -99.23021,
            18.88489,
            0
          ],
          [
            -99.23019,
            18.88516,
            0
          ],
          [
            -99.23017,
            18.88529,
            0
          ],
          [
            -99.23014,
            18.88545,
            0
          ],
          [
            -99.23006,
            18.88571,
            0
          ],
          [
            -99.23,
            18.88588,
            0
          ],
          [
            -99.22989,
            18.88614,
            0
          ],
          [
            -99.22983,
            18.88627,
            0
          ],
          [
            -99.22975,
            18.88644,
            0
          ],
          [
            -99.22968,
            18.8866,
            0
          ],
          [
            -99.22967,
            18.88661,
            0
          ],
          [
            -99.22967,
            18.88662,
            0
          ],
          [
            -99.22946,
            18.88712,
            0
          ],
          [
            -99.22939,
            18.88726,
            0
          ],
          [
            -99.22926,
            18.88755,
            0
          ],
          [
            -99.22913,
            18.88783,
            0
          ],
          [
            -99.22896,
            18.88822,
            0
          ],
          [
            -99.22894,
            18.88828,
            0
          ],
          [
            -99.2289,
            18.88834,
            0
          ],
          [
            -99.22887,
            18.88838,
            0
          ],
          [
            -99.22884,
            18.88841,
            0
          ],
          [
            -99.22884,
            18.88842,
            0
          ],
          [
            -99.2288,
            18.88844,
            0
          ],
          [
            -99.22866,
            18.8885,
            0
          ],
          [
            -99.22861,
            18.88853,
            0
          ],
          [
            -99.22855,
            18.88859,
            0
          ],
          [
            -99.22852,
            18.88864,
            0
          ],
          [
            -99.2285,
            18.88869,
            0
          ],
          [
            -99.22847,
            18.88876,
            0
          ],
          [
            -99.22844,
            18.88883,
            0
          ],
          [
            -99.2283,
            18.8893,
            0
          ],
          [
            -99.22828,
            18.88947,
            0
          ],
          [
            -99.22825,
            18.8896,
            0
          ],
          [
            -99.22818,
            18.88979,
            0
          ],
          [
            -99.22808,
            18.88999,
            0
          ],
          [
            -99.22803,
            18.89008,
            0
          ],
          [
            -99.22798,
            18.89017,
            0
          ],
          [
            -99.22789,
            18.8903,
            0
          ],
          [
            -99.22774,
            18.89048,
            0
          ],
          [
            -99.22772,
            18.89054,
            0
          ],
          [
            -99.22771,
            18.89057,
            0
          ],
          [
            -99.2277,
            18.89059,
            0
          ],
          [
            -99.22767,
            18.89064,
            0
          ],
          [
            -99.22762,
            18.89072,
            0
          ],
          [
            -99.22749,
            18.89088,
            0
          ],
          [
            -99.22739,
            18.89098,
            0
          ],
          [
            -99.22733,
            18.89104,
            0
          ],
          [
            -99.22719,
            18.89122,
            0
          ],
          [
            -99.22713,
            18.8913,
            0
          ],
          [
            -99.227,
            18.89145,
            0
          ],
          [
            -99.22694,
            18.89153,
            0
          ],
          [
            -99.22691,
            18.89157,
            0
          ],
          [
            -99.22688,
            18.89163,
            0
          ],
          [
            -99.22687,
            18.89169,
            0
          ],
          [
            -99.22686,
            18.89173,
            0
          ],
          [
            -99.22685,
            18.89178,
            0
          ],
          [
            -99.22685,
            18.89183,
            0
          ],
          [
            -99.22686,
            18.89188,
            0
          ],
          [
            -99.22688,
            18.89197,
            0
          ],
          [
            -99.22689,
            18.892,
            0
          ],
          [
            -99.22691,
            18.89203,
            0
          ],
          [
            -99.22695,
            18.89208,
            0
          ],
          [
            -99.227,
            18.89214,
            0
          ],
          [
            -99.22707,
            18.89219,
            0
          ],
          [
            -99.22726,
            18.89231,
            0
          ],
          [
            -99.22733,
            18.89235,
            0
          ],
          [
            -99.22735,
            18.89236,
            0
          ],
          [
            -99.22738,
            18.89238,
            0
          ],
          [
            -99.22739,
            18.89238,
            0
          ],
          [
            -99.22749,
            18.89244,
            0
          ],
          [
            -99.22759,
            18.8925,
            0
          ],
          [
            -99.22781,
            18.89265,
            0
          ],
          [
            -99.22798,
            18.89281,
            0
          ],
          [
            -99.22809,
            18.89298,
            0
          ],
          [
            -99.22819,
            18.89318,
            0
          ],
          [
            -99.22824,
            18.8933,
            0
          ],
          [
            -99.22825,
            18.89333,
            0
          ],
          [
            -99.22826,
            18.89336,
            0
          ],
          [
            -99.22831,
            18.89346,
            0
          ],
          [
            -99.22833,
            18.89347,
            0
          ],
          [
            -99.22836,
            18.8935,
            0
          ],
          [
            -99.22847,
            18.89375,
            0
          ],
          [
            -99.22851,
            18.89385,
            0
          ],
          [
            -99.22866,
            18.89419,
            0
          ],
          [
            -99.22883,
            18.89459,
            0
          ],
          [
            -99.2291,
            18.89518,
            0
          ],
          [
            -99.22911,
            18.89519,
            0
          ],
          [
            -99.2294,
            18.89582,
            0
          ],
          [
            -99.22955,
            18.89614,
            0
          ],
          [
            -99.22983,
            18.89672,
            0
          ],
          [
            -99.23004,
            18.89718,
            0
          ],
          [
            -99.23008,
            18.89726,
            0
          ],
          [
            -99.23019,
            18.89751,
            0
          ],
          [
            -99.23033,
            18.89782,
            0
          ],
          [
            -99.23056,
            18.89847,
            0
          ],
          [
            -99.23088,
            18.89942,
            0
          ],
          [
            -99.23105,
            18.89993,
            0
          ],
          [
            -99.23119,
            18.90043,
            0
          ],
          [
            -99.23133,
            18.90094,
            0
          ],
          [
            -99.23141,
            18.90127,
            0
          ],
          [
            -99.23143,
            18.90147,
            0
          ],
          [
            -99.23147,
            18.90192,
            0
          ],
          [
            -99.23154,
            18.90289,
            0
          ],
          [
            -99.23158,
            18.90329,
            0
          ],
          [
            -99.23161,
            18.90364,
            0
          ],
          [
            -99.23163,
            18.90386,
            0
          ],
          [
            -99.23168,
            18.90438,
            0
          ],
          [
            -99.23177,
            18.90501,
            0
          ],
          [
            -99.23187,
            18.90573,
            0
          ],
          [
            -99.23192,
            18.90597,
            0
          ],
          [
            -99.23193,
            18.90601,
            0
          ],
          [
            -99.23197,
            18.90626,
            0
          ],
          [
            -99.23202,
            18.90657,
            0
          ],
          [
            -99.23204,
            18.90666,
            0
          ],
          [
            -99.23206,
            18.90672,
            0
          ],
          [
            -99.23208,
            18.90682,
            0
          ],
          [
            -99.23197,
            18.90694,
            0
          ],
          [
            -99.23192,
            18.907,
            0
          ],
          [
            -99.23181,
            18.90714,
            0
          ],
          [
            -99.23161,
            18.90736,
            0
          ],
          [
            -99.23151,
            18.9075,
            0
          ],
          [
            -99.2315,
            18.90751,
            0
          ],
          [
            -99.2314,
            18.90766,
            0
          ],
          [
            -99.2314,
            18.90767,
            0
          ],
          [
            -99.23135,
            18.90776,
            0
          ],
          [
            -99.23126,
            18.908,
            0
          ],
          [
            -99.2312,
            18.90818,
            0
          ],
          [
            -99.23111,
            18.9085,
            0
          ],
          [
            -99.23112,
            18.90878,
            0
          ],
          [
            -99.23112,
            18.90884,
            0
          ],
          [
            -99.23112,
            18.90896,
            0
          ],
          [
            -99.23116,
            18.90916,
            0
          ],
          [
            -99.23118,
            18.90928,
            0
          ],
          [
            -99.23125,
            18.90945,
            0
          ],
          [
            -99.23133,
            18.90965,
            0
          ],
          [
            -99.23137,
            18.90973,
            0
          ],
          [
            -99.23159,
            18.9101,
            0
          ],
          [
            -99.23166,
            18.91023,
            0
          ],
          [
            -99.23191,
            18.91066,
            0
          ],
          [
            -99.23221,
            18.91118,
            0
          ],
          [
            -99.23234,
            18.9114,
            0
          ],
          [
            -99.23255,
            18.91178,
            0
          ],
          [
            -99.23266,
            18.91198,
            0
          ],
          [
            -99.23289,
            18.91242,
            0
          ],
          [
            -99.23303,
            18.91275,
            0
          ],
          [
            -99.23305,
            18.9128,
            0
          ],
          [
            -99.23329,
            18.91352,
            0
          ],
          [
            -99.23346,
            18.91409,
            0
          ],
          [
            -99.23354,
            18.91437,
            0
          ],
          [
            -99.23355,
            18.91443,
            0
          ],
          [
            -99.23356,
            18.91445,
            0
          ],
          [
            -99.23362,
            18.91471,
            0
          ],
          [
            -99.23367,
            18.91499,
            0
          ],
          [
            -99.2337,
            18.91527,
            0
          ],
          [
            -99.23372,
            18.91564,
            0
          ],
          [
            -99.23372,
            18.91581,
            0
          ],
          [
            -99.23374,
            18.91618,
            0
          ],
          [
            -99.23375,
            18.9169,
            0
          ],
          [
            -99.23367,
            18.91725,
            0
          ],
          [
            -99.23366,
            18.91726,
            0
          ],
          [
            -99.23365,
            18.91727,
            0
          ],
          [
            -99.23364,
            18.91728,
            0
          ],
          [
            -99.23363,
            18.91729,
            0
          ],
          [
            -99.23363,
            18.9173,
            0
          ],
          [
            -99.23362,
            18.91731,
            0
          ],
          [
            -99.23362,
            18.91732,
            0
          ],
          [
            -99.23361,
            18.91733,
            0
          ],
          [
            -99.23361,
            18.91734,
            0
          ],
          [
            -99.23361,
            18.91735,
            0
          ],
          [
            -99.23361,
            18.91736,
            0
          ],
          [
            -99.23361,
            18.91737,
            0
          ],
          [
            -99.23361,
            18.91738,
            0
          ],
          [
            -99.23361,
            18.91739,
            0
          ],
          [
            -99.23361,
            18.9174,
            0
          ],
          [
            -99.23362,
            18.91741,
            0
          ],
          [
            -99.23362,
            18.91742,
            0
          ],
          [
            -99.23362,
            18.91743,
            0
          ],
          [
            -99.23363,
            18.91743,
            0
          ],
          [
            -99.23363,
            18.91744,
            0
          ],
          [
            -99.23364,
            18.91744,
            0
          ],
          [
            -99.23364,
            18.91745,
            0
          ],
          [
            -99.23365,
            18.91746,
            0
          ],
          [
            -99.23366,
            18.91747,
            0
          ],
          [
            -99.23367,
            18.91747,
            0
          ],
          [
            -99.23368,
            18.91772,
            0
          ],
          [
            -99.23368,
            18.91785,
            0
          ],
          [
            -99.23375,
            18.91889,
            0
          ],
          [
            -99.23372,
            18.91943,
            0
          ],
          [
            -99.23367,
            18.92045,
            0
          ],
          [
            -99.23298,
            18.9204,
            0
          ],
          [
            -99.23263,
            18.92039,
            0
          ],
          [
            -99.2326,
            18.92039,
            0
          ],
          [
            -99.2322,
            18.92037,
            0
          ],
          [
            -99.23168,
            18.92036,
            0
          ],
          [
            -99.23143,
            18.92034,
            0
          ],
          [
            -99.23121,
            18.92033,
            0
          ],
          [
            -99.23125,
            18.92074,
            0
          ],
          [
            -99.23128,
            18.92098,
            0
          ],
          [
            -99.2313,
            18.92109,
            0
          ],
          [
            -99.2313,
            18.92111,
            0
          ],
          [
            -99.23131,
            18.92117,
            0
          ],
          [
            -99.23133,
            18.92124,
            0
          ],
          [
            -99.23143,
            18.92138,
            0
          ],
          [
            -99.23146,
            18.92141,
            0
          ],
          [
            -99.2315,
            18.92148,
            0
          ],
          [
            -99.23161,
            18.92163,
            0
          ],
          [
            -99.23165,
            18.92179,
            0
          ],
          [
            -99.23165,
            18.92182,
            0
          ],
          [
            -99.23165,
            18.92183,
            0
          ],
          [
            -99.23165,
            18.92186,
            0
          ],
          [
            -99.23164,
            18.92188,
            0
          ],
          [
            -99.23163,
            18.9219,
            0
          ],
          [
            -99.23163,
            18.92191,
            0
          ],
          [
            -99.23162,
            18.92192,
            0
          ],
          [
            -99.23162,
            18.92193,
            0
          ],
          [
            -99.23161,
            18.92195,
            0
          ],
          [
            -99.2316,
            18.92196,
            0
          ],
          [
            -99.23159,
            18.92197,
            0
          ],
          [
            -99.23158,
            18.92198,
            0
          ],
          [
            -99.23156,
            18.92198,
            0
          ],
          [
            -99.23154,
            18.92199,
            0
          ],
          [
            -99.23152,
            18.922,
            0
          ],
          [
            -99.23148,
            18.92201,
            0
          ],
          [
            -99.23144,
            18.92202,
            0
          ],
          [
            -99.23137,
            18.92204,
            0
          ],
          [
            -99.23135,
            18.92204,
            0
          ],
          [
            -99.23127,
            18.92206,
            0
          ],
          [
            -99.23118,
            18.92208,
            0
          ],
          [
            -99.2312,
            18.92214,
            0
          ],
          [
            -99.2312,
            18.92216,
            0
          ],
          [
            -99.23121,
            18.92217,
            0
          ],
          [
            -99.23121,
            18.92219,
            0
          ],
          [
            -99.23122,
            18.92262,
            0
          ],
          [
            -99.23123,
            18.9227,
            0
          ],
          [
            -99.23122,
            18.92278,
            0
          ],
          [
            -99.23121,
            18.92281,
            0
          ],
          [
            -99.23119,
            18.92286,
            0
          ],
          [
            -99.23113,
            18.92299,
            0
          ],
          [
            -99.23105,
            18.92307,
            0
          ],
          [
            -99.23101,
            18.92312,
            0
          ],
          [
            -99.23101,
            18.92313,
            0
          ],
          [
            -99.231,
            18.92314,
            0
          ],
          [
            -99.231,
            18.92316,
            0
          ],
          [
            -99.231,
            18.92319,
            0
          ],
          [
            -99.23101,
            18.92322,
            0
          ],
          [
            -99.23102,
            18.92325,
            0
          ],
          [
            -99.23104,
            18.92333,
            0
          ],
          [
            -99.23121,
            18.9238,
            0
          ],
          [
            -99.23137,
            18.92416,
            0
          ],
          [
            -99.23146,
            18.92435,
            0
          ],
          [
            -99.23153,
            18.92454,
            0
          ],
          [
            -99.23158,
            18.92467,
            0
          ],
          [
            -99.23159,
            18.92471,
            0
          ],
          [
            -99.23166,
            18.92498,
            0
          ],
          [
            -99.23177,
            18.92518,
            0
          ],
          [
            -99.23193,
            18.9255,
            0
          ],
          [
            -99.23201,
            18.92566,
            0
          ],
          [
            -99.23213,
            18.92589,
            0
          ],
          [
            -99.23217,
            18.92599,
            0
          ],
          [
            -99.23228,
            18.9263,
            0
          ],
          [
            -99.23232,
            18.92645,
            0
          ],
          [
            -99.23232,
            18.92647,
            0
          ],
          [
            -99.23232,
            18.92649,
            0
          ],
          [
            -99.23232,
            18.92651,
            0
          ],
          [
            -99.23231,
            18.92655,
            0
          ],
          [
            -99.23231,
            18.92657,
            0
          ],
          [
            -99.23217,
            18.92694,
            0
          ],
          [
            -99.23238,
            18.92722,
            0
          ],
          [
            -99.23255,
            18.92724,
            0
          ],
          [
            -99.23261,
            18.92725,
            0
          ],
          [
            -99.23279,
            18.92727,
            0
          ],
          [
            -99.23288,
            18.92728,
            0
          ],
          [
            -99.23392,
            18.92742,
            0
          ],
          [
            -99.23462,
            18.92748,
            0
          ],
          [
            -99.23467,
            18.92749,
            0
          ],
          [
            -99.23471,
            18.92749,
            0
          ],
          [
            -99.23477,
            18.92744,
            0
          ],
          [
            -99.23484,
            18.92739,
            0
          ],
          [
            -99.23488,
            18.92734,
            0
          ],
          [
            -99.23497,
            18.92724,
            0
          ],
          [
            -99.23496,
            18.92715,
            0
          ],
          [
            -99.23492,
            18.92697,
            0
          ],
          [
            -99.23491,
            18.92692,
            0
          ],
          [
            -99.23489,
            18.92688,
            0
          ],
          [
            -99.23486,
            18.92683,
            0
          ],
          [
            -99.23451,
            18.92638,
            0
          ],
          [
            -99.23428,
            18.92612,
            0
          ],
          [
            -99.23425,
            18.92608,
            0
          ],
          [
            -99.23381,
            18.92554,
            0
          ],
          [
            -99.23355,
            18.92529,
            0
          ],
          [
            -99.2333,
            18.92504,
            0
          ],
          [
            -99.23323,
            18.92497,
            0
          ],
          [
            -99.23313,
            18.92488,
            0
          ],
          [
            -99.23254,
            18.92529,
            0
          ]
        ]
      },
      "properties": {
        "name": "1.TEZOYUCA-ZAPATA-JIUTEPEC-CENTRO-TEMIXCO-TEZOYUCA",
        "description": {
          "@type": "html",
          "value": "descripción: <br>OID: 276<br>ZONA: CENTRO<br>RUTA: RUTA 20<br>ITINERARIO: 1.TEZOYUCA-ZAPATA-JIUTEPEC-CENTRO-TEMIXCO-TEZOYUCA<br>DESCRIPCIO: TEZOYUCA-CENTRO (X TEMIXCO)<br>AUTO-AMPL: ITINERARIO<br>DEFIN-PROV: DEFINITIVOS<br>DURACION: DEFINITIVA<br>FOLIO: SG/DGT/SDP/000540/97"
        },
        "styleUrl": "#line-9C27B0-1200",
        "stroke-opacity": 1,
        "stroke": "#9c27b0",
        "stroke-width": 1.2,
        "descripción": "",
        "OID": "276",
        "ZONA": "CENTRO",
        "RUTA": "RUTA 20",
        "ITINERARIO": "1.TEZOYUCA-ZAPATA-JIUTEPEC-CENTRO-TEMIXCO-TEZOYUCA",
        "DESCRIPCIO": "TEZOYUCA-CENTRO (X TEMIXCO)",
        "AUTO-AMPL": "ITINERARIO",
        "DEFIN-PROV": "DEFINITIVOS",
        "DURACION": "DEFINITIVA",
        "FOLIO": "SG/DGT/SDP/000540/97"
      }
    },
    {
      "type": "Feature",
      "geometry": {
        "type": "LineString",
        "coordinates": [
          [
            -99.22555,
            18.8359,
            0
          ],
          [
            -99.22537,
            18.83592,
            0
          ],
          [
            -99.2252,
            18.83595,
            0
          ],
          [
            -99.22444,
            18.83609,
            0
          ],
          [
            -99.22443,
            18.83609,
            0
          ],
          [
            -99.22391,
            18.83618,
            0
          ],
          [
            -99.22344,
            18.83627,
            0
          ],
          [
            -99.22334,
            18.83629,
            0
          ],
          [
            -99.22294,
            18.83636,
            0
          ],
          [
            -99.22279,
            18.8364,
            0
          ],
          [
            -99.22264,
            18.83644,
            0
          ],
          [
            -99.22249,
            18.8365,
            0
          ],
          [
            -99.22231,
            18.83659,
            0
          ],
          [
            -99.22217,
            18.83669,
            0
          ],
          [
            -99.22208,
            18.83678,
            0
          ],
          [
            -99.222,
            18.83686,
            0
          ],
          [
            -99.22179,
            18.83712,
            0
          ],
          [
            -99.22177,
            18.83715,
            0
          ],
          [
            -99.22163,
            18.83733,
            0
          ],
          [
            -99.22155,
            18.83742,
            0
          ],
          [
            -99.22148,
            18.83748,
            0
          ],
          [
            -99.22139,
            18.83755,
            0
          ],
          [
            -99.22122,
            18.83765,
            0
          ],
          [
            -99.22106,
            18.83773,
            0
          ],
          [
            -99.22104,
            18.83774,
            0
          ],
          [
            -99.22092,
            18.83779,
            0
          ],
          [
            -99.22081,
            18.83782,
            0
          ],
          [
            -99.2207,
            18.83783,
            0
          ],
          [
            -99.22045,
            18.83784,
            0
          ],
          [
            -99.22032,
            18.83783,
            0
          ],
          [
            -99.21999,
            18.83781,
            0
          ],
          [
            -99.21967,
            18.83775,
            0
          ],
          [
            -99.21911,
            18.8377,
            0
          ],
          [
            -99.21869,
            18.83766,
            0
          ],
          [
            -99.2186,
            18.83765,
            0
          ],
          [
            -99.2185,
            18.83765,
            0
          ]
        ]
      },
      "properties": {
        "name": "DISTRIBUIDOR VIAL EMILIANO ZAPATA",
        "description": {
          "@type": "html",
          "value": "descripción: <br>OID: 1283<br>ZONA: CENTRO<br>RUTA: RUTA 20<br>ITINERARIO: AMPL. DISTRIBUIDOR VIAL EMILIANO ZAPATA<br>DESCRIPCIO: DISTRIBUIDOR VIAL EMILIANO ZAPATA<br>AUTO-AMPL: AMPLIACION<br>DEFIN-PROV: DEFINITIVOS<br>DURACION: DEFINITIVA<br>FOLIO: SMYT/DGTPP/108/05/2016"
        },
        "styleUrl": "#line-7CB342-1200",
        "stroke-opacity": 1,
        "stroke": "#7cb342",
        "stroke-width": 1.2,
        "descripción": "",
        "OID": "1283",
        "ZONA": "CENTRO",
        "RUTA": "RUTA 20",
        "ITINERARIO": "AMPL. DISTRIBUIDOR VIAL EMILIANO ZAPATA",
        "DESCRIPCIO": "DISTRIBUIDOR VIAL EMILIANO ZAPATA",
        "AUTO-AMPL": "AMPLIACION",
        "DEFIN-PROV": "DEFINITIVOS",
        "DURACION": "DEFINITIVA",
        "FOLIO": "SMYT/DGTPP/108/05/2016"
      }
    },
    {
      "type": "Feature",
      "geometry": {
        "type": "LineString",
        "coordinates": [
          [
            -99.1602,
            18.72712,
            0
          ],
          [
            -99.16024,
            18.72713,
            0
          ],
          [
            -99.1603,
            18.72715,
            0
          ],
          [
            -99.16054,
            18.72722,
            0
          ],
          [
            -99.16059,
            18.72723,
            0
          ],
          [
            -99.16063,
            18.72724,
            0
          ],
          [
            -99.16072,
            18.72725,
            0
          ],
          [
            -99.16074,
            18.72725,
            0
          ],
          [
            -99.16078,
            18.72725,
            0
          ],
          [
            -99.16096,
            18.72726,
            0
          ],
          [
            -99.16104,
            18.72728,
            0
          ],
          [
            -99.16131,
            18.72734,
            0
          ],
          [
            -99.16137,
            18.72736,
            0
          ],
          [
            -99.16179,
            18.72749,
            0
          ],
          [
            -99.162,
            18.72756,
            0
          ],
          [
            -99.16228,
            18.72766,
            0
          ],
          [
            -99.16231,
            18.72768,
            0
          ],
          [
            -99.16232,
            18.72768,
            0
          ],
          [
            -99.16233,
            18.7277,
            0
          ],
          [
            -99.16234,
            18.72771,
            0
          ],
          [
            -99.16234,
            18.72773,
            0
          ],
          [
            -99.16235,
            18.72775,
            0
          ],
          [
            -99.16231,
            18.72792,
            0
          ],
          [
            -99.16208,
            18.72874,
            0
          ],
          [
            -99.16199,
            18.72909,
            0
          ],
          [
            -99.16197,
            18.72916,
            0
          ],
          [
            -99.1618,
            18.7298,
            0
          ],
          [
            -99.16177,
            18.72993,
            0
          ],
          [
            -99.16157,
            18.73072,
            0
          ],
          [
            -99.16157,
            18.73074,
            0
          ],
          [
            -99.16145,
            18.73125,
            0
          ],
          [
            -99.16144,
            18.73134,
            0
          ],
          [
            -99.16145,
            18.73139,
            0
          ],
          [
            -99.16146,
            18.73152,
            0
          ],
          [
            -99.16154,
            18.7318,
            0
          ],
          [
            -99.16165,
            18.73211,
            0
          ],
          [
            -99.16204,
            18.73266,
            0
          ],
          [
            -99.16216,
            18.73286,
            0
          ],
          [
            -99.16223,
            18.73305,
            0
          ],
          [
            -99.16225,
            18.73315,
            0
          ],
          [
            -99.16225,
            18.73326,
            0
          ],
          [
            -99.16224,
            18.73336,
            0
          ],
          [
            -99.16223,
            18.73345,
            0
          ],
          [
            -99.16206,
            18.73411,
            0
          ],
          [
            -99.16171,
            18.73546,
            0
          ],
          [
            -99.16169,
            18.73553,
            0
          ],
          [
            -99.16167,
            18.73561,
            0
          ],
          [
            -99.16164,
            18.73568,
            0
          ],
          [
            -99.16164,
            18.7357,
            0
          ],
          [
            -99.16158,
            18.73596,
            0
          ],
          [
            -99.16156,
            18.7361,
            0
          ],
          [
            -99.16155,
            18.73626,
            0
          ],
          [
            -99.16157,
            18.73638,
            0
          ],
          [
            -99.16161,
            18.73667,
            0
          ],
          [
            -99.1617,
            18.73701,
            0
          ],
          [
            -99.16175,
            18.73711,
            0
          ],
          [
            -99.16179,
            18.73718,
            0
          ],
          [
            -99.16181,
            18.73721,
            0
          ],
          [
            -99.16186,
            18.73727,
            0
          ],
          [
            -99.1619,
            18.73731,
            0
          ],
          [
            -99.16206,
            18.73743,
            0
          ],
          [
            -99.16224,
            18.73756,
            0
          ],
          [
            -99.16238,
            18.73767,
            0
          ],
          [
            -99.16246,
            18.73775,
            0
          ],
          [
            -99.16248,
            18.73778,
            0
          ],
          [
            -99.16252,
            18.73783,
            0
          ],
          [
            -99.16257,
            18.73792,
            0
          ],
          [
            -99.16263,
            18.73812,
            0
          ],
          [
            -99.16269,
            18.73836,
            0
          ],
          [
            -99.16273,
            18.73844,
            0
          ],
          [
            -99.16274,
            18.73846,
            0
          ],
          [
            -99.16276,
            18.7385,
            0
          ],
          [
            -99.16283,
            18.73862,
            0
          ],
          [
            -99.16293,
            18.73877,
            0
          ],
          [
            -99.16309,
            18.73903,
            0
          ],
          [
            -99.16322,
            18.73931,
            0
          ],
          [
            -99.16328,
            18.73941,
            0
          ],
          [
            -99.1633,
            18.73946,
            0
          ],
          [
            -99.16339,
            18.73963,
            0
          ],
          [
            -99.16342,
            18.73974,
            0
          ],
          [
            -99.16347,
            18.7399,
            0
          ],
          [
            -99.16354,
            18.74008,
            0
          ],
          [
            -99.16358,
            18.74016,
            0
          ],
          [
            -99.16364,
            18.74021,
            0
          ],
          [
            -99.16378,
            18.74032,
            0
          ],
          [
            -99.16429,
            18.7406,
            0
          ],
          [
            -99.16446,
            18.7407,
            0
          ],
          [
            -99.16464,
            18.74081,
            0
          ],
          [
            -99.16477,
            18.7409,
            0
          ],
          [
            -99.16489,
            18.74099,
            0
          ],
          [
            -99.165,
            18.74105,
            0
          ],
          [
            -99.16522,
            18.74116,
            0
          ],
          [
            -99.16552,
            18.74132,
            0
          ],
          [
            -99.16582,
            18.74152,
            0
          ],
          [
            -99.16619,
            18.7418,
            0
          ],
          [
            -99.16649,
            18.74199,
            0
          ],
          [
            -99.16676,
            18.74212,
            0
          ],
          [
            -99.16702,
            18.74224,
            0
          ],
          [
            -99.16735,
            18.7424,
            0
          ],
          [
            -99.16774,
            18.74259,
            0
          ],
          [
            -99.16816,
            18.7428,
            0
          ],
          [
            -99.16827,
            18.74285,
            0
          ],
          [
            -99.16843,
            18.74291,
            0
          ],
          [
            -99.16857,
            18.74295,
            0
          ],
          [
            -99.16876,
            18.743,
            0
          ],
          [
            -99.16882,
            18.74302,
            0
          ],
          [
            -99.169,
            18.74309,
            0
          ],
          [
            -99.16903,
            18.7431,
            0
          ],
          [
            -99.16929,
            18.74323,
            0
          ],
          [
            -99.16945,
            18.74332,
            0
          ],
          [
            -99.16966,
            18.74345,
            0
          ],
          [
            -99.16978,
            18.74351,
            0
          ],
          [
            -99.1699,
            18.74357,
            0
          ],
          [
            -99.1701,
            18.74364,
            0
          ],
          [
            -99.17022,
            18.74369,
            0
          ],
          [
            -99.17034,
            18.74374,
            0
          ],
          [
            -99.17049,
            18.74385,
            0
          ],
          [
            -99.17061,
            18.74396,
            0
          ],
          [
            -99.17077,
            18.74413,
            0
          ],
          [
            -99.17099,
            18.7443,
            0
          ],
          [
            -99.17125,
            18.74444,
            0
          ],
          [
            -99.17146,
            18.74457,
            0
          ],
          [
            -99.17159,
            18.74465,
            0
          ],
          [
            -99.17167,
            18.74471,
            0
          ],
          [
            -99.17183,
            18.74485,
            0
          ],
          [
            -99.17195,
            18.74498,
            0
          ],
          [
            -99.17202,
            18.74507,
            0
          ],
          [
            -99.17206,
            18.74513,
            0
          ],
          [
            -99.1721,
            18.74518,
            0
          ],
          [
            -99.17215,
            18.74527,
            0
          ],
          [
            -99.1722,
            18.74535,
            0
          ],
          [
            -99.17235,
            18.74568,
            0
          ],
          [
            -99.17238,
            18.74574,
            0
          ],
          [
            -99.17249,
            18.74593,
            0
          ],
          [
            -99.17258,
            18.74606,
            0
          ],
          [
            -99.17267,
            18.74618,
            0
          ],
          [
            -99.17276,
            18.74629,
            0
          ],
          [
            -99.17288,
            18.74643,
            0
          ],
          [
            -99.173,
            18.74657,
            0
          ],
          [
            -99.17311,
            18.74671,
            0
          ],
          [
            -99.17319,
            18.74683,
            0
          ],
          [
            -99.1732,
            18.74686,
            0
          ],
          [
            -99.17325,
            18.74696,
            0
          ],
          [
            -99.17329,
            18.74707,
            0
          ],
          [
            -99.17333,
            18.74717,
            0
          ],
          [
            -99.17338,
            18.74726,
            0
          ],
          [
            -99.17343,
            18.74734,
            0
          ],
          [
            -99.17348,
            18.74741,
            0
          ],
          [
            -99.17353,
            18.74746,
            0
          ],
          [
            -99.17362,
            18.74755,
            0
          ],
          [
            -99.17369,
            18.74759,
            0
          ],
          [
            -99.17375,
            18.74761,
            0
          ],
          [
            -99.17384,
            18.74765,
            0
          ],
          [
            -99.17389,
            18.74766,
            0
          ],
          [
            -99.1739,
            18.74766,
            0
          ],
          [
            -99.17396,
            18.74769,
            0
          ],
          [
            -99.17401,
            18.74772,
            0
          ],
          [
            -99.17411,
            18.74781,
            0
          ],
          [
            -99.17424,
            18.74794,
            0
          ],
          [
            -99.17437,
            18.74805,
            0
          ],
          [
            -99.17458,
            18.74824,
            0
          ],
          [
            -99.17474,
            18.74838,
            0
          ],
          [
            -99.17491,
            18.74853,
            0
          ],
          [
            -99.17503,
            18.74862,
            0
          ],
          [
            -99.17514,
            18.74869,
            0
          ],
          [
            -99.17518,
            18.74871,
            0
          ],
          [
            -99.17527,
            18.74876,
            0
          ],
          [
            -99.17541,
            18.74881,
            0
          ],
          [
            -99.17551,
            18.74885,
            0
          ],
          [
            -99.17558,
            18.7489,
            0
          ],
          [
            -99.17561,
            18.74893,
            0
          ],
          [
            -99.17565,
            18.74896,
            0
          ],
          [
            -99.17567,
            18.74899,
            0
          ],
          [
            -99.17569,
            18.74906,
            0
          ],
          [
            -99.17571,
            18.74916,
            0
          ],
          [
            -99.17577,
            18.7494,
            0
          ],
          [
            -99.17581,
            18.74956,
            0
          ],
          [
            -99.17587,
            18.74969,
            0
          ],
          [
            -99.17592,
            18.74986,
            0
          ],
          [
            -99.17597,
            18.75002,
            0
          ],
          [
            -99.17597,
            18.75003,
            0
          ],
          [
            -99.176,
            18.75009,
            0
          ],
          [
            -99.17602,
            18.75014,
            0
          ],
          [
            -99.17607,
            18.75021,
            0
          ],
          [
            -99.17618,
            18.75031,
            0
          ],
          [
            -99.17628,
            18.75038,
            0
          ],
          [
            -99.1764,
            18.75044,
            0
          ],
          [
            -99.17657,
            18.7505,
            0
          ],
          [
            -99.17667,
            18.75053,
            0
          ],
          [
            -99.1768,
            18.75056,
            0
          ],
          [
            -99.17689,
            18.75058,
            0
          ],
          [
            -99.17693,
            18.7506,
            0
          ],
          [
            -99.17696,
            18.75061,
            0
          ],
          [
            -99.17705,
            18.75068,
            0
          ],
          [
            -99.17724,
            18.75084,
            0
          ],
          [
            -99.17769,
            18.75119,
            0
          ],
          [
            -99.17793,
            18.75133,
            0
          ],
          [
            -99.17813,
            18.75145,
            0
          ],
          [
            -99.17868,
            18.75186,
            0
          ],
          [
            -99.17904,
            18.75212,
            0
          ],
          [
            -99.17921,
            18.75225,
            0
          ],
          [
            -99.17944,
            18.75246,
            0
          ],
          [
            -99.17962,
            18.75264,
            0
          ],
          [
            -99.1799,
            18.75289,
            0
          ],
          [
            -99.18001,
            18.75297,
            0
          ],
          [
            -99.18019,
            18.75307,
            0
          ],
          [
            -99.18037,
            18.75315,
            0
          ],
          [
            -99.18063,
            18.75328,
            0
          ],
          [
            -99.18075,
            18.75334,
            0
          ],
          [
            -99.18079,
            18.75337,
            0
          ],
          [
            -99.18084,
            18.75339,
            0
          ],
          [
            -99.18093,
            18.75346,
            0
          ],
          [
            -99.18098,
            18.75355,
            0
          ],
          [
            -99.18099,
            18.75357,
            0
          ],
          [
            -99.181,
            18.7536,
            0
          ],
          [
            -99.18101,
            18.75367,
            0
          ],
          [
            -99.18102,
            18.75371,
            0
          ],
          [
            -99.18101,
            18.75375,
            0
          ],
          [
            -99.18101,
            18.75381,
            0
          ],
          [
            -99.18098,
            18.7539,
            0
          ],
          [
            -99.18093,
            18.75399,
            0
          ],
          [
            -99.18078,
            18.75429,
            0
          ],
          [
            -99.18075,
            18.75437,
            0
          ],
          [
            -99.18073,
            18.75445,
            0
          ],
          [
            -99.18072,
            18.75453,
            0
          ],
          [
            -99.18071,
            18.75463,
            0
          ],
          [
            -99.1807,
            18.75476,
            0
          ],
          [
            -99.1807,
            18.75488,
            0
          ],
          [
            -99.18068,
            18.75497,
            0
          ],
          [
            -99.18067,
            18.75506,
            0
          ],
          [
            -99.18063,
            18.75517,
            0
          ],
          [
            -99.18055,
            18.75535,
            0
          ],
          [
            -99.18053,
            18.75545,
            0
          ],
          [
            -99.18053,
            18.75551,
            0
          ],
          [
            -99.18054,
            18.75557,
            0
          ],
          [
            -99.18057,
            18.75562,
            0
          ],
          [
            -99.18064,
            18.75571,
            0
          ],
          [
            -99.18074,
            18.75582,
            0
          ],
          [
            -99.18085,
            18.75595,
            0
          ],
          [
            -99.18091,
            18.75605,
            0
          ],
          [
            -99.18094,
            18.75614,
            0
          ],
          [
            -99.18099,
            18.7563,
            0
          ],
          [
            -99.181,
            18.75644,
            0
          ],
          [
            -99.18099,
            18.75662,
            0
          ],
          [
            -99.18097,
            18.75674,
            0
          ],
          [
            -99.18093,
            18.75687,
            0
          ],
          [
            -99.18089,
            18.75704,
            0
          ],
          [
            -99.18088,
            18.75715,
            0
          ],
          [
            -99.18088,
            18.75721,
            0
          ],
          [
            -99.18089,
            18.75728,
            0
          ],
          [
            -99.1809,
            18.75733,
            0
          ],
          [
            -99.18091,
            18.75737,
            0
          ],
          [
            -99.18095,
            18.75743,
            0
          ],
          [
            -99.18099,
            18.75747,
            0
          ],
          [
            -99.18102,
            18.7575,
            0
          ],
          [
            -99.18119,
            18.75766,
            0
          ],
          [
            -99.18142,
            18.75792,
            0
          ],
          [
            -99.18152,
            18.75804,
            0
          ],
          [
            -99.18152,
            18.75805,
            0
          ],
          [
            -99.18161,
            18.75818,
            0
          ],
          [
            -99.18168,
            18.75828,
            0
          ],
          [
            -99.18173,
            18.75837,
            0
          ],
          [
            -99.18177,
            18.75845,
            0
          ],
          [
            -99.18182,
            18.75855,
            0
          ],
          [
            -99.18185,
            18.75864,
            0
          ],
          [
            -99.18186,
            18.7587,
            0
          ],
          [
            -99.18188,
            18.75879,
            0
          ],
          [
            -99.18192,
            18.75919,
            0
          ],
          [
            -99.18193,
            18.75946,
            0
          ],
          [
            -99.18193,
            18.75952,
            0
          ],
          [
            -99.18193,
            18.75957,
            0
          ],
          [
            -99.18193,
            18.75958,
            0
          ],
          [
            -99.18192,
            18.75966,
            0
          ],
          [
            -99.18186,
            18.75987,
            0
          ],
          [
            -99.18179,
            18.76008,
            0
          ],
          [
            -99.18161,
            18.76057,
            0
          ],
          [
            -99.18155,
            18.76073,
            0
          ],
          [
            -99.18148,
            18.76086,
            0
          ],
          [
            -99.18144,
            18.76093,
            0
          ],
          [
            -99.18136,
            18.76102,
            0
          ],
          [
            -99.18131,
            18.76107,
            0
          ],
          [
            -99.18128,
            18.7611,
            0
          ],
          [
            -99.18102,
            18.7613,
            0
          ],
          [
            -99.18059,
            18.76164,
            0
          ],
          [
            -99.18031,
            18.76187,
            0
          ],
          [
            -99.18023,
            18.76195,
            0
          ],
          [
            -99.1802,
            18.762,
            0
          ],
          [
            -99.18017,
            18.76204,
            0
          ],
          [
            -99.18014,
            18.76209,
            0
          ],
          [
            -99.18012,
            18.76214,
            0
          ],
          [
            -99.1801,
            18.76218,
            0
          ],
          [
            -99.18008,
            18.76233,
            0
          ],
          [
            -99.18008,
            18.7624,
            0
          ],
          [
            -99.18008,
            18.76247,
            0
          ],
          [
            -99.1801,
            18.76261,
            0
          ],
          [
            -99.18012,
            18.76272,
            0
          ],
          [
            -99.18013,
            18.76277,
            0
          ],
          [
            -99.18019,
            18.763,
            0
          ],
          [
            -99.18025,
            18.76323,
            0
          ],
          [
            -99.18032,
            18.7635,
            0
          ],
          [
            -99.18038,
            18.76381,
            0
          ],
          [
            -99.18042,
            18.76398,
            0
          ],
          [
            -99.18043,
            18.76401,
            0
          ],
          [
            -99.18046,
            18.76407,
            0
          ],
          [
            -99.18049,
            18.76415,
            0
          ],
          [
            -99.18057,
            18.76432,
            0
          ],
          [
            -99.18065,
            18.76447,
            0
          ],
          [
            -99.18073,
            18.76466,
            0
          ],
          [
            -99.18075,
            18.76475,
            0
          ],
          [
            -99.18076,
            18.76478,
            0
          ],
          [
            -99.18077,
            18.76482,
            0
          ],
          [
            -99.18077,
            18.76489,
            0
          ],
          [
            -99.18077,
            18.76493,
            0
          ],
          [
            -99.18077,
            18.76496,
            0
          ],
          [
            -99.18076,
            18.76503,
            0
          ],
          [
            -99.18072,
            18.76517,
            0
          ],
          [
            -99.18067,
            18.76528,
            0
          ],
          [
            -99.18052,
            18.76571,
            0
          ],
          [
            -99.18039,
            18.76615,
            0
          ],
          [
            -99.18033,
            18.76638,
            0
          ],
          [
            -99.18029,
            18.76656,
            0
          ],
          [
            -99.18027,
            18.76664,
            0
          ],
          [
            -99.18026,
            18.76681,
            0
          ],
          [
            -99.18026,
            18.76692,
            0
          ],
          [
            -99.18027,
            18.767,
            0
          ],
          [
            -99.1803,
            18.76726,
            0
          ],
          [
            -99.18036,
            18.76752,
            0
          ],
          [
            -99.18037,
            18.76769,
            0
          ],
          [
            -99.18038,
            18.76781,
            0
          ],
          [
            -99.1804,
            18.7679,
            0
          ],
          [
            -99.18042,
            18.76798,
            0
          ],
          [
            -99.18045,
            18.76809,
            0
          ],
          [
            -99.1805,
            18.76816,
            0
          ],
          [
            -99.18051,
            18.76825,
            0
          ],
          [
            -99.1805,
            18.76831,
            0
          ],
          [
            -99.18048,
            18.76842,
            0
          ],
          [
            -99.18045,
            18.76853,
            0
          ],
          [
            -99.18043,
            18.76858,
            0
          ],
          [
            -99.18041,
            18.76861,
            0
          ],
          [
            -99.1804,
            18.76864,
            0
          ],
          [
            -99.18039,
            18.76866,
            0
          ],
          [
            -99.18035,
            18.76871,
            0
          ],
          [
            -99.18024,
            18.76884,
            0
          ],
          [
            -99.18018,
            18.76892,
            0
          ],
          [
            -99.18015,
            18.76896,
            0
          ],
          [
            -99.18013,
            18.769,
            0
          ],
          [
            -99.18012,
            18.76902,
            0
          ],
          [
            -99.18008,
            18.76911,
            0
          ],
          [
            -99.18004,
            18.76927,
            0
          ],
          [
            -99.18002,
            18.76935,
            0
          ],
          [
            -99.18001,
            18.7694,
            0
          ],
          [
            -99.18001,
            18.76944,
            0
          ],
          [
            -99.18,
            18.76952,
            0
          ],
          [
            -99.17999,
            18.76984,
            0
          ],
          [
            -99.17999,
            18.76986,
            0
          ],
          [
            -99.17999,
            18.77016,
            0
          ],
          [
            -99.17997,
            18.77041,
            0
          ],
          [
            -99.17995,
            18.77054,
            0
          ],
          [
            -99.17992,
            18.77068,
            0
          ],
          [
            -99.17989,
            18.77075,
            0
          ],
          [
            -99.17987,
            18.7708,
            0
          ],
          [
            -99.17985,
            18.77084,
            0
          ],
          [
            -99.17983,
            18.77089,
            0
          ],
          [
            -99.17981,
            18.77094,
            0
          ],
          [
            -99.17974,
            18.77105,
            0
          ],
          [
            -99.17957,
            18.77133,
            0
          ],
          [
            -99.17945,
            18.77149,
            0
          ],
          [
            -99.17932,
            18.77165,
            0
          ],
          [
            -99.17919,
            18.7718,
            0
          ],
          [
            -99.17892,
            18.77211,
            0
          ],
          [
            -99.17892,
            18.77212,
            0
          ],
          [
            -99.17865,
            18.77232,
            0
          ],
          [
            -99.17839,
            18.77257,
            0
          ],
          [
            -99.17834,
            18.77261,
            0
          ],
          [
            -99.17823,
            18.77272,
            0
          ],
          [
            -99.17808,
            18.77284,
            0
          ],
          [
            -99.17794,
            18.77295,
            0
          ],
          [
            -99.17784,
            18.77303,
            0
          ],
          [
            -99.17777,
            18.7731,
            0
          ],
          [
            -99.17767,
            18.77316,
            0
          ],
          [
            -99.17759,
            18.77321,
            0
          ],
          [
            -99.17755,
            18.77324,
            0
          ],
          [
            -99.1775,
            18.77326,
            0
          ],
          [
            -99.17744,
            18.77328,
            0
          ],
          [
            -99.17738,
            18.7733,
            0
          ],
          [
            -99.17729,
            18.77332,
            0
          ],
          [
            -99.17718,
            18.77334,
            0
          ],
          [
            -99.1772,
            18.77394,
            0
          ],
          [
            -99.17721,
            18.77399,
            0
          ],
          [
            -99.17722,
            18.77402,
            0
          ],
          [
            -99.17722,
            18.77405,
            0
          ],
          [
            -99.17723,
            18.77408,
            0
          ],
          [
            -99.17725,
            18.77411,
            0
          ],
          [
            -99.17727,
            18.77414,
            0
          ],
          [
            -99.17731,
            18.77417,
            0
          ],
          [
            -99.17734,
            18.77419,
            0
          ],
          [
            -99.17737,
            18.77421,
            0
          ],
          [
            -99.17743,
            18.77423,
            0
          ],
          [
            -99.17748,
            18.77426,
            0
          ],
          [
            -99.17754,
            18.77427,
            0
          ],
          [
            -99.1776,
            18.77428,
            0
          ],
          [
            -99.17761,
            18.77428,
            0
          ],
          [
            -99.17773,
            18.77429,
            0
          ],
          [
            -99.17787,
            18.77431,
            0
          ],
          [
            -99.17794,
            18.77432,
            0
          ],
          [
            -99.17799,
            18.77432,
            0
          ],
          [
            -99.17803,
            18.77433,
            0
          ],
          [
            -99.17808,
            18.77435,
            0
          ],
          [
            -99.17812,
            18.77437,
            0
          ],
          [
            -99.17815,
            18.77439,
            0
          ],
          [
            -99.17816,
            18.77439,
            0
          ],
          [
            -99.1782,
            18.77443,
            0
          ],
          [
            -99.17827,
            18.77449,
            0
          ],
          [
            -99.17833,
            18.77456,
            0
          ],
          [
            -99.1784,
            18.77464,
            0
          ],
          [
            -99.1784,
            18.77465,
            0
          ],
          [
            -99.17843,
            18.7747,
            0
          ],
          [
            -99.17848,
            18.77476,
            0
          ],
          [
            -99.17852,
            18.77484,
            0
          ],
          [
            -99.17856,
            18.77492,
            0
          ],
          [
            -99.17862,
            18.77505,
            0
          ],
          [
            -99.17869,
            18.77521,
            0
          ],
          [
            -99.17876,
            18.77538,
            0
          ],
          [
            -99.17883,
            18.77559,
            0
          ],
          [
            -99.17887,
            18.77568,
            0
          ],
          [
            -99.17891,
            18.77581,
            0
          ],
          [
            -99.17922,
            18.77666,
            0
          ],
          [
            -99.17926,
            18.77677,
            0
          ],
          [
            -99.17929,
            18.77687,
            0
          ],
          [
            -99.17931,
            18.77695,
            0
          ],
          [
            -99.17933,
            18.77701,
            0
          ],
          [
            -99.17935,
            18.77712,
            0
          ],
          [
            -99.17937,
            18.77723,
            0
          ],
          [
            -99.17938,
            18.77731,
            0
          ],
          [
            -99.17939,
            18.77736,
            0
          ],
          [
            -99.17941,
            18.7774,
            0
          ],
          [
            -99.17944,
            18.77746,
            0
          ],
          [
            -99.17948,
            18.77755,
            0
          ],
          [
            -99.17952,
            18.77763,
            0
          ],
          [
            -99.17957,
            18.77772,
            0
          ],
          [
            -99.17962,
            18.77782,
            0
          ],
          [
            -99.17966,
            18.77788,
            0
          ],
          [
            -99.17979,
            18.77807,
            0
          ],
          [
            -99.17989,
            18.77824,
            0
          ],
          [
            -99.17993,
            18.77831,
            0
          ],
          [
            -99.17995,
            18.77837,
            0
          ],
          [
            -99.17997,
            18.77842,
            0
          ],
          [
            -99.17998,
            18.77846,
            0
          ],
          [
            -99.17998,
            18.77854,
            0
          ],
          [
            -99.17999,
            18.77861,
            0
          ],
          [
            -99.17998,
            18.77868,
            0
          ],
          [
            -99.17996,
            18.77882,
            0
          ],
          [
            -99.17993,
            18.77897,
            0
          ],
          [
            -99.17992,
            18.77912,
            0
          ],
          [
            -99.17991,
            18.77919,
            0
          ],
          [
            -99.17991,
            18.77922,
            0
          ],
          [
            -99.17991,
            18.77928,
            0
          ],
          [
            -99.17991,
            18.77933,
            0
          ],
          [
            -99.17991,
            18.77937,
            0
          ],
          [
            -99.17992,
            18.77939,
            0
          ],
          [
            -99.17994,
            18.77942,
            0
          ],
          [
            -99.17996,
            18.77946,
            0
          ],
          [
            -99.17998,
            18.77949,
            0
          ],
          [
            -99.18001,
            18.77952,
            0
          ],
          [
            -99.18006,
            18.77956,
            0
          ],
          [
            -99.18017,
            18.77966,
            0
          ],
          [
            -99.18029,
            18.77975,
            0
          ],
          [
            -99.18038,
            18.77984,
            0
          ],
          [
            -99.18047,
            18.77993,
            0
          ],
          [
            -99.18058,
            18.78003,
            0
          ],
          [
            -99.18065,
            18.78011,
            0
          ],
          [
            -99.1807,
            18.78016,
            0
          ],
          [
            -99.18073,
            18.78021,
            0
          ],
          [
            -99.18076,
            18.78026,
            0
          ],
          [
            -99.18078,
            18.78031,
            0
          ],
          [
            -99.18079,
            18.78036,
            0
          ],
          [
            -99.1808,
            18.7804,
            0
          ],
          [
            -99.1808,
            18.78046,
            0
          ],
          [
            -99.1808,
            18.78054,
            0
          ],
          [
            -99.1808,
            18.78066,
            0
          ],
          [
            -99.1808,
            18.78079,
            0
          ],
          [
            -99.18079,
            18.78088,
            0
          ],
          [
            -99.18079,
            18.78094,
            0
          ],
          [
            -99.18079,
            18.78103,
            0
          ],
          [
            -99.18079,
            18.78117,
            0
          ],
          [
            -99.1808,
            18.78135,
            0
          ],
          [
            -99.1808,
            18.78143,
            0
          ],
          [
            -99.18081,
            18.78148,
            0
          ],
          [
            -99.18081,
            18.78152,
            0
          ],
          [
            -99.18083,
            18.78158,
            0
          ],
          [
            -99.18086,
            18.78167,
            0
          ],
          [
            -99.18087,
            18.78174,
            0
          ],
          [
            -99.18089,
            18.78179,
            0
          ],
          [
            -99.18089,
            18.78184,
            0
          ],
          [
            -99.1809,
            18.78191,
            0
          ],
          [
            -99.18073,
            18.78301,
            0
          ],
          [
            -99.18058,
            18.78394,
            0
          ],
          [
            -99.18054,
            18.78419,
            0
          ],
          [
            -99.18054,
            18.78423,
            0
          ],
          [
            -99.18052,
            18.78428,
            0
          ],
          [
            -99.1805,
            18.78432,
            0
          ],
          [
            -99.18049,
            18.78435,
            0
          ],
          [
            -99.18046,
            18.78439,
            0
          ],
          [
            -99.18042,
            18.78444,
            0
          ],
          [
            -99.18034,
            18.78452,
            0
          ],
          [
            -99.18026,
            18.7846,
            0
          ],
          [
            -99.18021,
            18.78464,
            0
          ],
          [
            -99.18019,
            18.78468,
            0
          ],
          [
            -99.18015,
            18.78472,
            0
          ],
          [
            -99.18014,
            18.78478,
            0
          ],
          [
            -99.18012,
            18.78486,
            0
          ],
          [
            -99.18009,
            18.78501,
            0
          ],
          [
            -99.18005,
            18.78532,
            0
          ],
          [
            -99.18004,
            18.78547,
            0
          ],
          [
            -99.18003,
            18.78557,
            0
          ],
          [
            -99.18003,
            18.78567,
            0
          ],
          [
            -99.18003,
            18.78577,
            0
          ],
          [
            -99.18004,
            18.78583,
            0
          ],
          [
            -99.18004,
            18.78591,
            0
          ],
          [
            -99.18005,
            18.78599,
            0
          ],
          [
            -99.18009,
            18.78623,
            0
          ],
          [
            -99.18013,
            18.78642,
            0
          ],
          [
            -99.18014,
            18.78651,
            0
          ],
          [
            -99.18015,
            18.78657,
            0
          ],
          [
            -99.18015,
            18.78666,
            0
          ],
          [
            -99.18015,
            18.78674,
            0
          ],
          [
            -99.18015,
            18.78714,
            0
          ],
          [
            -99.18015,
            18.78721,
            0
          ],
          [
            -99.18016,
            18.78727,
            0
          ],
          [
            -99.18017,
            18.78732,
            0
          ],
          [
            -99.18019,
            18.78739,
            0
          ],
          [
            -99.18022,
            18.78749,
            0
          ],
          [
            -99.18023,
            18.78753,
            0
          ],
          [
            -99.18025,
            18.78759,
            0
          ],
          [
            -99.1803,
            18.7877,
            0
          ],
          [
            -99.18031,
            18.78773,
            0
          ],
          [
            -99.18043,
            18.78803,
            0
          ],
          [
            -99.18051,
            18.78825,
            0
          ],
          [
            -99.18054,
            18.78832,
            0
          ],
          [
            -99.18055,
            18.78838,
            0
          ],
          [
            -99.18056,
            18.78841,
            0
          ],
          [
            -99.18057,
            18.78848,
            0
          ],
          [
            -99.18059,
            18.78856,
            0
          ],
          [
            -99.18059,
            18.78863,
            0
          ],
          [
            -99.1806,
            18.78869,
            0
          ],
          [
            -99.1806,
            18.78875,
            0
          ],
          [
            -99.1806,
            18.78882,
            0
          ],
          [
            -99.18059,
            18.78887,
            0
          ],
          [
            -99.18058,
            18.78892,
            0
          ],
          [
            -99.18056,
            18.78898,
            0
          ],
          [
            -99.18054,
            18.78904,
            0
          ],
          [
            -99.18052,
            18.78909,
            0
          ],
          [
            -99.18048,
            18.78916,
            0
          ],
          [
            -99.1804,
            18.78927,
            0
          ],
          [
            -99.18032,
            18.7894,
            0
          ],
          [
            -99.18027,
            18.78948,
            0
          ],
          [
            -99.18022,
            18.78955,
            0
          ],
          [
            -99.1802,
            18.7896,
            0
          ],
          [
            -99.18018,
            18.78964,
            0
          ],
          [
            -99.18016,
            18.7897,
            0
          ],
          [
            -99.18015,
            18.78975,
            0
          ],
          [
            -99.18013,
            18.78983,
            0
          ],
          [
            -99.18012,
            18.78995,
            0
          ],
          [
            -99.18003,
            18.79063,
            0
          ],
          [
            -99.18003,
            18.79066,
            0
          ],
          [
            -99.18001,
            18.79076,
            0
          ],
          [
            -99.18,
            18.79085,
            0
          ],
          [
            -99.17997,
            18.79096,
            0
          ],
          [
            -99.17995,
            18.79106,
            0
          ],
          [
            -99.17991,
            18.7912,
            0
          ],
          [
            -99.17985,
            18.7914,
            0
          ],
          [
            -99.17981,
            18.79157,
            0
          ],
          [
            -99.1798,
            18.79165,
            0
          ],
          [
            -99.17979,
            18.79173,
            0
          ],
          [
            -99.17978,
            18.79183,
            0
          ],
          [
            -99.17977,
            18.7919,
            0
          ],
          [
            -99.17977,
            18.79198,
            0
          ],
          [
            -99.17978,
            18.79203,
            0
          ],
          [
            -99.17979,
            18.79208,
            0
          ],
          [
            -99.1798,
            18.79211,
            0
          ],
          [
            -99.17982,
            18.79214,
            0
          ],
          [
            -99.17984,
            18.79217,
            0
          ],
          [
            -99.17987,
            18.7922,
            0
          ],
          [
            -99.1799,
            18.79224,
            0
          ],
          [
            -99.17994,
            18.79226,
            0
          ],
          [
            -99.18007,
            18.79235,
            0
          ],
          [
            -99.18013,
            18.79239,
            0
          ],
          [
            -99.18019,
            18.79243,
            0
          ],
          [
            -99.18022,
            18.79246,
            0
          ],
          [
            -99.18028,
            18.79252,
            0
          ],
          [
            -99.18032,
            18.79257,
            0
          ],
          [
            -99.18037,
            18.79264,
            0
          ],
          [
            -99.18043,
            18.79273,
            0
          ],
          [
            -99.18049,
            18.79284,
            0
          ],
          [
            -99.18054,
            18.79291,
            0
          ],
          [
            -99.18059,
            18.79297,
            0
          ],
          [
            -99.18064,
            18.79301,
            0
          ],
          [
            -99.18071,
            18.79306,
            0
          ],
          [
            -99.18087,
            18.79316,
            0
          ],
          [
            -99.18104,
            18.79326,
            0
          ],
          [
            -99.18115,
            18.79333,
            0
          ],
          [
            -99.18121,
            18.79338,
            0
          ],
          [
            -99.18126,
            18.79342,
            0
          ],
          [
            -99.18129,
            18.79346,
            0
          ],
          [
            -99.18133,
            18.7935,
            0
          ],
          [
            -99.18137,
            18.79357,
            0
          ],
          [
            -99.1814,
            18.79364,
            0
          ],
          [
            -99.18142,
            18.7937,
            0
          ],
          [
            -99.18142,
            18.79374,
            0
          ],
          [
            -99.18143,
            18.79379,
            0
          ],
          [
            -99.18143,
            18.79384,
            0
          ],
          [
            -99.18142,
            18.79389,
            0
          ],
          [
            -99.18141,
            18.79393,
            0
          ],
          [
            -99.18139,
            18.79403,
            0
          ],
          [
            -99.18136,
            18.79412,
            0
          ],
          [
            -99.18135,
            18.79418,
            0
          ],
          [
            -99.18134,
            18.79425,
            0
          ],
          [
            -99.18133,
            18.79437,
            0
          ],
          [
            -99.18133,
            18.79449,
            0
          ],
          [
            -99.18133,
            18.79462,
            0
          ],
          [
            -99.18134,
            18.79474,
            0
          ],
          [
            -99.18136,
            18.79481,
            0
          ],
          [
            -99.18137,
            18.79488,
            0
          ],
          [
            -99.18139,
            18.79493,
            0
          ],
          [
            -99.1814,
            18.79498,
            0
          ],
          [
            -99.18145,
            18.79507,
            0
          ],
          [
            -99.18148,
            18.79512,
            0
          ],
          [
            -99.1815,
            18.79516,
            0
          ],
          [
            -99.18178,
            18.79563,
            0
          ],
          [
            -99.18185,
            18.79576,
            0
          ],
          [
            -99.18191,
            18.79588,
            0
          ],
          [
            -99.18205,
            18.796,
            0
          ],
          [
            -99.18218,
            18.79607,
            0
          ],
          [
            -99.18236,
            18.79614,
            0
          ],
          [
            -99.18268,
            18.7962,
            0
          ],
          [
            -99.18398,
            18.79621,
            0
          ],
          [
            -99.18411,
            18.79622,
            0
          ],
          [
            -99.18416,
            18.79623,
            0
          ],
          [
            -99.18422,
            18.79626,
            0
          ],
          [
            -99.18423,
            18.79627,
            0
          ],
          [
            -99.18424,
            18.79628,
            0
          ],
          [
            -99.18427,
            18.79631,
            0
          ],
          [
            -99.18428,
            18.79633,
            0
          ],
          [
            -99.18431,
            18.79637,
            0
          ],
          [
            -99.18433,
            18.79641,
            0
          ],
          [
            -99.18434,
            18.79645,
            0
          ],
          [
            -99.18435,
            18.79647,
            0
          ],
          [
            -99.18436,
            18.79652,
            0
          ],
          [
            -99.18437,
            18.79656,
            0
          ],
          [
            -99.18437,
            18.79661,
            0
          ],
          [
            -99.18435,
            18.79685,
            0
          ],
          [
            -99.18433,
            18.79718,
            0
          ],
          [
            -99.18429,
            18.79752,
            0
          ],
          [
            -99.18423,
            18.79804,
            0
          ],
          [
            -99.18421,
            18.79834,
            0
          ],
          [
            -99.18416,
            18.79881,
            0
          ],
          [
            -99.18408,
            18.79947,
            0
          ],
          [
            -99.18399,
            18.80047,
            0
          ],
          [
            -99.18399,
            18.80053,
            0
          ],
          [
            -99.184,
            18.80058,
            0
          ],
          [
            -99.18401,
            18.80061,
            0
          ],
          [
            -99.18402,
            18.80063,
            0
          ],
          [
            -99.18407,
            18.80069,
            0
          ],
          [
            -99.18417,
            18.80077,
            0
          ],
          [
            -99.18425,
            18.80079,
            0
          ],
          [
            -99.18428,
            18.8008,
            0
          ],
          [
            -99.18433,
            18.80083,
            0
          ],
          [
            -99.18439,
            18.80085,
            0
          ],
          [
            -99.1844,
            18.80107,
            0
          ],
          [
            -99.18442,
            18.80114,
            0
          ],
          [
            -99.18443,
            18.80121,
            0
          ],
          [
            -99.18446,
            18.80126,
            0
          ],
          [
            -99.18448,
            18.8013,
            0
          ],
          [
            -99.18451,
            18.80134,
            0
          ],
          [
            -99.18458,
            18.80142,
            0
          ],
          [
            -99.18469,
            18.80153,
            0
          ],
          [
            -99.18475,
            18.80159,
            0
          ],
          [
            -99.18484,
            18.80165,
            0
          ],
          [
            -99.18498,
            18.80174,
            0
          ],
          [
            -99.18514,
            18.8018,
            0
          ],
          [
            -99.18534,
            18.80184,
            0
          ],
          [
            -99.18571,
            18.80189,
            0
          ],
          [
            -99.18599,
            18.80192,
            0
          ],
          [
            -99.18616,
            18.80193,
            0
          ],
          [
            -99.18628,
            18.80194,
            0
          ],
          [
            -99.18641,
            18.80193,
            0
          ],
          [
            -99.1865,
            18.80193,
            0
          ],
          [
            -99.18663,
            18.80191,
            0
          ],
          [
            -99.1869,
            18.80187,
            0
          ],
          [
            -99.18712,
            18.80184,
            0
          ],
          [
            -99.18738,
            18.80182,
            0
          ],
          [
            -99.18756,
            18.80182,
            0
          ],
          [
            -99.18785,
            18.80186,
            0
          ],
          [
            -99.1882,
            18.80192,
            0
          ],
          [
            -99.18841,
            18.80197,
            0
          ],
          [
            -99.18926,
            18.80216,
            0
          ],
          [
            -99.19267,
            18.80284,
            0
          ],
          [
            -99.19277,
            18.80286,
            0
          ],
          [
            -99.19288,
            18.80288,
            0
          ],
          [
            -99.19372,
            18.80303,
            0
          ],
          [
            -99.19397,
            18.80308,
            0
          ],
          [
            -99.19481,
            18.80324,
            0
          ],
          [
            -99.19571,
            18.80341,
            0
          ]
        ]
      },
      "properties": {
        "name": "TEMIMILCINGO",
        "description": {
          "@type": "html",
          "value": "descripción: <br>OID: 1293<br>ZONA: CENTRO<br>RUTA: RUTA 20<br>ITINERARIO: AMPL. TEMIMILCINGO<br>DESCRIPCIO: TEMIMILCINGO<br>AUTO-AMPL: AMPLIACION<br>DEFIN-PROV: DEFINITIVOS<br>DURACION: DEFINITIVA<br>FOLIO: SMyT/DGTPP/112/05/2016"
        },
        "styleUrl": "#line-0097A7-1200",
        "stroke-opacity": 1,
        "stroke": "#0097a7",
        "stroke-width": 1.2,
        "descripción": "",
        "OID": "1293",
        "ZONA": "CENTRO",
        "RUTA": "RUTA 20",
        "ITINERARIO": "AMPL. TEMIMILCINGO",
        "DESCRIPCIO": "TEMIMILCINGO",
        "AUTO-AMPL": "AMPLIACION",
        "DEFIN-PROV": "DEFINITIVOS",
        "DURACION": "DEFINITIVA",
        "FOLIO": "SMyT/DGTPP/112/05/2016"
      }
    },
    {
      "type": "Feature",
      "geometry": {
        "type": "LineString",
        "coordinates": [
          [
            -99.19694,
            18.80364,
            0
          ],
          [
            -99.19701,
            18.80366,
            0
          ],
          [
            -99.19703,
            18.80361,
            0
          ],
          [
            -99.1978,
            18.80192,
            0
          ],
          [
            -99.19806,
            18.80136,
            0
          ],
          [
            -99.19891,
            18.79958,
            0
          ],
          [
            -99.19938,
            18.79856,
            0
          ],
          [
            -99.19966,
            18.79799,
            0
          ],
          [
            -99.20032,
            18.79662,
            0
          ],
          [
            -99.20033,
            18.79662,
            0
          ],
          [
            -99.20034,
            18.79662,
            0
          ],
          [
            -99.20035,
            18.79661,
            0
          ],
          [
            -99.20036,
            18.79661,
            0
          ],
          [
            -99.20037,
            18.79661,
            0
          ],
          [
            -99.20038,
            18.7966,
            0
          ],
          [
            -99.20039,
            18.7966,
            0
          ],
          [
            -99.20039,
            18.79659,
            0
          ],
          [
            -99.2004,
            18.79659,
            0
          ],
          [
            -99.20041,
            18.79658,
            0
          ],
          [
            -99.20042,
            18.79657,
            0
          ],
          [
            -99.20042,
            18.79656,
            0
          ],
          [
            -99.20043,
            18.79656,
            0
          ],
          [
            -99.20043,
            18.79655,
            0
          ],
          [
            -99.20044,
            18.79654,
            0
          ],
          [
            -99.20067,
            18.79646,
            0
          ],
          [
            -99.20079,
            18.79644,
            0
          ],
          [
            -99.20172,
            18.79632,
            0
          ],
          [
            -99.20184,
            18.7963,
            0
          ],
          [
            -99.2024,
            18.79623,
            0
          ],
          [
            -99.20353,
            18.79609,
            0
          ],
          [
            -99.20435,
            18.79598,
            0
          ],
          [
            -99.20443,
            18.79597,
            0
          ],
          [
            -99.20446,
            18.79597,
            0
          ],
          [
            -99.20451,
            18.79597,
            0
          ],
          [
            -99.20472,
            18.79593,
            0
          ],
          [
            -99.20484,
            18.79592,
            0
          ],
          [
            -99.20504,
            18.79589,
            0
          ],
          [
            -99.20516,
            18.79588,
            0
          ],
          [
            -99.20529,
            18.79587,
            0
          ],
          [
            -99.20543,
            18.79586,
            0
          ],
          [
            -99.20563,
            18.79587,
            0
          ],
          [
            -99.20585,
            18.79588,
            0
          ],
          [
            -99.20589,
            18.79588,
            0
          ],
          [
            -99.20611,
            18.79591,
            0
          ],
          [
            -99.20631,
            18.79594,
            0
          ],
          [
            -99.20649,
            18.79598,
            0
          ],
          [
            -99.20676,
            18.79606,
            0
          ],
          [
            -99.207,
            18.79614,
            0
          ],
          [
            -99.20749,
            18.79635,
            0
          ],
          [
            -99.20843,
            18.79674,
            0
          ],
          [
            -99.20935,
            18.79713,
            0
          ],
          [
            -99.20953,
            18.7972,
            0
          ],
          [
            -99.2104,
            18.79757,
            0
          ],
          [
            -99.21054,
            18.79763,
            0
          ],
          [
            -99.21106,
            18.79785,
            0
          ],
          [
            -99.21236,
            18.79839,
            0
          ],
          [
            -99.2146,
            18.79934,
            0
          ],
          [
            -99.21539,
            18.79966,
            0
          ],
          [
            -99.21682,
            18.80028,
            0
          ],
          [
            -99.21772,
            18.80065,
            0
          ],
          [
            -99.21779,
            18.80068,
            0
          ],
          [
            -99.21786,
            18.80071,
            0
          ],
          [
            -99.21789,
            18.80072,
            0
          ],
          [
            -99.21805,
            18.80079,
            0
          ],
          [
            -99.21821,
            18.80086,
            0
          ]
        ]
      },
      "properties": {
        "name": "CARR. CUERNAVACA-AEROPUERTO",
        "description": {
          "@type": "html",
          "value": "descripción: <br>OID: 1334<br>ZONA: CENTRO<br>RUTA: RUTA 20<br>ITINERARIO: AMPL. CARR. CUERNAVACA-AEROPUERTO<br>DESCRIPCIO: CARR. CUERNAVACA-AEROPUERTO<br>AUTO-AMPL: AMPLIACION<br>DEFIN-PROV: DEFINITIVOS<br>DURACION: DEFINITIVA<br>FOLIO: SMYT/DGTPP/109/05/2015"
        },
        "styleUrl": "#line-1A237E-1200",
        "stroke-opacity": 1,
        "stroke": "#1a237e",
        "stroke-width": 1.2,
        "descripción": "",
        "OID": "1334",
        "ZONA": "CENTRO",
        "RUTA": "RUTA 20",
        "ITINERARIO": "AMPL. CARR. CUERNAVACA-AEROPUERTO",
        "DESCRIPCIO": "CARR. CUERNAVACA-AEROPUERTO",
        "AUTO-AMPL": "AMPLIACION",
        "DEFIN-PROV": "DEFINITIVOS",
        "DURACION": "DEFINITIVA",
        "FOLIO": "SMYT/DGTPP/109/05/2015"
      }
    }
  ]
}