{
  "type": "FeatureCollection",
  "features": [
    {
      "type": "Feature",
      "geometry": {
        "type": "LineString",
        "coordinates": [
          [
            -99.23023,
            18.92795,
            0
          ],
          [
            -99.23027,
            18.92794,
            0
          ],
          [
            -99.23061,
            18.92782,
            0
          ],
          [
            -99.23079,
            18.92776,
            0
          ],
          [
            -99.23084,
            18.92775,
            0
          ],
          [
            -99.23088,
            18.92775,
            0
          ],
          [
            -99.23089,
            18.92775,
            0
          ],
          [
            -99.23093,
            18.92775,
            0
          ],
          [
            -99.23095,
            18.92775,
            0
          ],
          [
            -99.23098,
            18.92776,
            0
          ],
          [
            -99.23101,
            18.92776,
            0
          ],
          [
            -99.23108,
            18.92777,
            0
          ],
          [
            -99.23127,
            18.92781,
            0
          ],
          [
            -99.2313,
            18.92781,
            0
          ],
          [
            -99.23135,
            18.92782,
            0
          ],
          [
            -99.23139,
            18.92781,
            0
          ],
          [
            -99.23142,
            18.92781,
            0
          ],
          [
            -99.23148,
            18.9278,
            0
          ],
          [
            -99.23153,
            18.92778,
            0
          ],
          [
            -99.23156,
            18.92777,
            0
          ],
          [
            -99.23162,
            18.92775,
            0
          ],
          [
            -99.23177,
            18.92767,
            0
          ],
          [
            -99.23201,
            18.92748,
            0
          ],
          [
            -99.23222,
            18.92732,
            0
          ],
          [
            -99.23238,
            18.92722,
            0
          ],
          [
            -99.23255,
            18.92724,
            0
          ],
          [
            -99.23261,
            18.92725,
            0
          ],
          [
            -99.23279,
            18.92727,
            0
          ],
          [
            -99.23288,
            18.92728,
            0
          ],
          [
            -99.23392,
            18.92742,
            0
          ],
          [
            -99.23462,
            18.92748,
            0
          ],
          [
            -99.23467,
            18.92749,
            0
          ],
          [
            -99.23471,
            18.92749,
            0
          ],
          [
            -99.23477,
            18.92744,
            0
          ],
          [
            -99.23484,
            18.92739,
            0
          ],
          [
            -99.23488,
            18.92734,
            0
          ],
          [
            -99.23497,
            18.92724,
            0
          ],
          [
            -99.23496,
            18.92715,
            0
          ],
          [
            -99.23492,
            18.92697,
            0
          ],
          [
            -99.23491,
            18.92692,
            0
          ],
          [
            -99.23489,
            18.92688,
            0
          ],
          [
            -99.23486,
            18.92683,
            0
          ],
          [
            -99.23451,
            18.92638,
            0
          ],
          [
            -99.23428,
            18.92612,
            0
          ],
          [
            -99.23425,
            18.92608,
            0
          ],
          [
            -99.23381,
            18.92554,
            0
          ],
          [
            -99.23355,
            18.92529,
            0
          ],
          [
            -99.2333,
            18.92504,
            0
          ],
          [
            -99.23323,
            18.92497,
            0
          ],
          [
            -99.23313,
            18.92488,
            0
          ],
          [
            -99.23221,
            18.92552,
            0
          ],
          [
            -99.23214,
            18.92558,
            0
          ],
          [
            -99.23206,
            18.92563,
            0
          ],
          [
            -99.23201,
            18.92566,
            0
          ],
          [
            -99.23213,
            18.92589,
            0
          ],
          [
            -99.23217,
            18.92599,
            0
          ],
          [
            -99.23228,
            18.9263,
            0
          ],
          [
            -99.23232,
            18.92645,
            0
          ],
          [
            -99.23232,
            18.92647,
            0
          ],
          [
            -99.23232,
            18.92649,
            0
          ],
          [
            -99.23232,
            18.92651,
            0
          ],
          [
            -99.23231,
            18.92655,
            0
          ],
          [
            -99.23231,
            18.92657,
            0
          ],
          [
            -99.23217,
            18.92694,
            0
          ],
          [
            -99.23204,
            18.92721,
            0
          ],
          [
            -99.23189,
            18.92744,
            0
          ],
          [
            -99.23185,
            18.92749,
            0
          ],
          [
            -99.23182,
            18.92752,
            0
          ],
          [
            -99.23177,
            18.92756,
            0
          ],
          [
            -99.2316,
            18.92765,
            0
          ],
          [
            -99.23156,
            18.92767,
            0
          ],
          [
            -99.23155,
            18.92767,
            0
          ],
          [
            -99.23153,
            18.92768,
            0
          ],
          [
            -99.23151,
            18.92769,
            0
          ],
          [
            -99.23149,
            18.92769,
            0
          ],
          [
            -99.23147,
            18.9277,
            0
          ],
          [
            -99.23144,
            18.9277,
            0
          ],
          [
            -99.23143,
            18.9277,
            0
          ],
          [
            -99.23141,
            18.92771,
            0
          ],
          [
            -99.23139,
            18.92771,
            0
          ],
          [
            -99.23136,
            18.92771,
            0
          ],
          [
            -99.23135,
            18.92771,
            0
          ],
          [
            -99.23093,
            18.92768,
            0
          ],
          [
            -99.23091,
            18.92767,
            0
          ],
          [
            -99.23089,
            18.92767,
            0
          ],
          [
            -99.23087,
            18.92767,
            0
          ],
          [
            -99.23083,
            18.92767,
            0
          ],
          [
            -99.2308,
            18.92767,
            0
          ],
          [
            -99.23078,
            18.92767,
            0
          ],
          [
            -99.23074,
            18.92768,
            0
          ],
          [
            -99.23072,
            18.92768,
            0
          ],
          [
            -99.23068,
            18.92769,
            0
          ],
          [
            -99.23057,
            18.92773,
            0
          ],
          [
            -99.23055,
            18.92773,
            0
          ],
          [
            -99.23019,
            18.92785,
            0
          ],
          [
            -99.23018,
            18.92785,
            0
          ]
        ]
      },
      "properties": {
        "description": {
          "@type": "html",
          "value": "descripción: <br>OID: 409<br>ZONA: CENTRO<br>RUTA: RUTA 7<br>ITINERARIO: 2.- TECNOS-COL. LA JOYA-COL. INDEPENDENCIA-TECNOS<br>DESCRIPCIO: ANDENES C.C.A.L.M.<br>AUTO-AMPL: <br>DEFIN-PROV: <br>DURACION: <br>FOLIO: "
        },
        "styleUrl": "#line-097138-1200",
        "stroke-opacity": 1,
        "stroke": "#097138",
        "stroke-width": 1.2,
        "descripción": "",
        "OID": "409",
        "ZONA": "CENTRO",
        "RUTA": "RUTA 7",
        "ITINERARIO": "2.- TECNOS-COL. LA JOYA-COL. INDEPENDENCIA-TECNOS",
        "DESCRIPCIO": "ANDENES C.C.A.L.M.",
        "AUTO-AMPL": "",
        "DEFIN-PROV": "",
        "DURACION": "",
        "FOLIO": ""
      }
    },
    {
      "type": "Feature",
      "geometry": {
        "type": "LineString",
        "coordinates": [
          [
            -99.19767,
            18.97202,
            0
          ],
          [
            -99.1984,
            18.97212,
            0
          ],
          [
            -99.19879,
            18.97215,
            0
          ],
          [
            -99.19886,
            18.97214,
            0
          ],
          [
            -99.19899,
            18.97215,
            0
          ],
          [
            -99.19911,
            18.97217,
            0
          ],
          [
            -99.19944,
            18.97215,
            0
          ],
          [
            -99.19967,
            18.97208,
            0
          ],
          [
            -99.19984,
            18.97198,
            0
          ],
          [
            -99.20006,
            18.97177,
            0
          ],
          [
            -99.20082,
            18.97084,
            0
          ],
          [
            -99.20086,
            18.9708,
            0
          ],
          [
            -99.20093,
            18.9707,
            0
          ],
          [
            -99.20126,
            18.97033,
            0
          ],
          [
            -99.20136,
            18.97026,
            0
          ],
          [
            -99.20139,
            18.97023,
            0
          ],
          [
            -99.2015,
            18.97016,
            0
          ],
          [
            -99.20156,
            18.97014,
            0
          ],
          [
            -99.20161,
            18.97011,
            0
          ],
          [
            -99.20174,
            18.97007,
            0
          ],
          [
            -99.20203,
            18.97001,
            0
          ],
          [
            -99.20382,
            18.96997,
            0
          ],
          [
            -99.20806,
            18.9698,
            0
          ],
          [
            -99.21061,
            18.96975,
            0
          ],
          [
            -99.2107,
            18.96977,
            0
          ],
          [
            -99.21179,
            18.96981,
            0
          ],
          [
            -99.21365,
            18.96964,
            0
          ],
          [
            -99.21371,
            18.96964,
            0
          ],
          [
            -99.21384,
            18.96962,
            0
          ],
          [
            -99.21556,
            18.96956,
            0
          ],
          [
            -99.22108,
            18.96947,
            0
          ],
          [
            -99.22202,
            18.96948,
            0
          ],
          [
            -99.22239,
            18.9695,
            0
          ],
          [
            -99.22399,
            18.96948,
            0
          ],
          [
            -99.22516,
            18.96952,
            0
          ],
          [
            -99.22634,
            18.96952,
            0
          ],
          [
            -99.22714,
            18.96955,
            0
          ],
          [
            -99.22726,
            18.96952,
            0
          ],
          [
            -99.22732,
            18.96956,
            0
          ],
          [
            -99.22785,
            18.96961,
            0
          ],
          [
            -99.22912,
            18.96968,
            0
          ],
          [
            -99.22912,
            18.96966,
            0
          ],
          [
            -99.22911,
            18.96965,
            0
          ],
          [
            -99.22911,
            18.96963,
            0
          ],
          [
            -99.2291,
            18.96962,
            0
          ],
          [
            -99.22909,
            18.96959,
            0
          ],
          [
            -99.22907,
            18.96957,
            0
          ],
          [
            -99.22907,
            18.9693,
            0
          ],
          [
            -99.22902,
            18.96854,
            0
          ],
          [
            -99.22898,
            18.96824,
            0
          ],
          [
            -99.22932,
            18.96815,
            0
          ],
          [
            -99.22997,
            18.96793,
            0
          ],
          [
            -99.22998,
            18.96793,
            0
          ],
          [
            -99.23054,
            18.96775,
            0
          ],
          [
            -99.23058,
            18.96773,
            0
          ],
          [
            -99.23195,
            18.96733,
            0
          ],
          [
            -99.23201,
            18.96732,
            0
          ],
          [
            -99.23391,
            18.96671,
            0
          ],
          [
            -99.23399,
            18.96666,
            0
          ],
          [
            -99.23406,
            18.96663,
            0
          ],
          [
            -99.23443,
            18.96653,
            0
          ],
          [
            -99.23448,
            18.96651,
            0
          ],
          [
            -99.2346,
            18.96649,
            0
          ],
          [
            -99.23483,
            18.96647,
            0
          ],
          [
            -99.23498,
            18.96647,
            0
          ],
          [
            -99.2352,
            18.96651,
            0
          ],
          [
            -99.23565,
            18.96668,
            0
          ],
          [
            -99.23569,
            18.96669,
            0
          ],
          [
            -99.23582,
            18.96674,
            0
          ],
          [
            -99.23583,
            18.96674,
            0
          ],
          [
            -99.23618,
            18.96688,
            0
          ],
          [
            -99.23718,
            18.96723,
            0
          ],
          [
            -99.23773,
            18.96745,
            0
          ],
          [
            -99.23813,
            18.96759,
            0
          ],
          [
            -99.23827,
            18.96765,
            0
          ],
          [
            -99.23828,
            18.96765,
            0
          ],
          [
            -99.23879,
            18.96783,
            0
          ],
          [
            -99.23902,
            18.96787,
            0
          ],
          [
            -99.23931,
            18.96787,
            0
          ],
          [
            -99.23969,
            18.96785,
            0
          ],
          [
            -99.23975,
            18.96786,
            0
          ],
          [
            -99.2398,
            18.96788,
            0
          ],
          [
            -99.23984,
            18.96791,
            0
          ],
          [
            -99.23989,
            18.96793,
            0
          ],
          [
            -99.24001,
            18.96796,
            0
          ],
          [
            -99.24,
            18.96798,
            0
          ],
          [
            -99.23999,
            18.96799,
            0
          ],
          [
            -99.23999,
            18.96801,
            0
          ],
          [
            -99.23998,
            18.96802,
            0
          ],
          [
            -99.23998,
            18.96809,
            0
          ],
          [
            -99.24,
            18.96814,
            0
          ],
          [
            -99.24002,
            18.96815,
            0
          ],
          [
            -99.24004,
            18.96817,
            0
          ],
          [
            -99.24005,
            18.96819,
            0
          ],
          [
            -99.24018,
            18.96824,
            0
          ],
          [
            -99.24022,
            18.96824,
            0
          ],
          [
            -99.24025,
            18.96823,
            0
          ],
          [
            -99.24028,
            18.96823,
            0
          ],
          [
            -99.2403,
            18.96822,
            0
          ],
          [
            -99.24031,
            18.96822,
            0
          ],
          [
            -99.24034,
            18.9682,
            0
          ],
          [
            -99.24037,
            18.96819,
            0
          ],
          [
            -99.2404,
            18.96817,
            0
          ],
          [
            -99.24045,
            18.96811,
            0
          ],
          [
            -99.24086,
            18.96797,
            0
          ],
          [
            -99.24503,
            18.96612,
            0
          ],
          [
            -99.24545,
            18.96596,
            0
          ],
          [
            -99.24632,
            18.96559,
            0
          ],
          [
            -99.2466,
            18.96545,
            0
          ],
          [
            -99.24671,
            18.96541,
            0
          ],
          [
            -99.24673,
            18.96541,
            0
          ],
          [
            -99.24674,
            18.96542,
            0
          ],
          [
            -99.24676,
            18.96542,
            0
          ],
          [
            -99.24678,
            18.96543,
            0
          ],
          [
            -99.24681,
            18.96543,
            0
          ],
          [
            -99.24684,
            18.96542,
            0
          ],
          [
            -99.24687,
            18.96542,
            0
          ],
          [
            -99.24688,
            18.96541,
            0
          ],
          [
            -99.24689,
            18.96541,
            0
          ],
          [
            -99.2469,
            18.9654,
            0
          ],
          [
            -99.24692,
            18.96539,
            0
          ],
          [
            -99.24695,
            18.96536,
            0
          ],
          [
            -99.24695,
            18.96535,
            0
          ],
          [
            -99.24698,
            18.96532,
            0
          ],
          [
            -99.24698,
            18.96529,
            0
          ],
          [
            -99.24699,
            18.96528,
            0
          ],
          [
            -99.24699,
            18.96521,
            0
          ],
          [
            -99.24698,
            18.9652,
            0
          ],
          [
            -99.24698,
            18.96519,
            0
          ],
          [
            -99.24697,
            18.96518,
            0
          ],
          [
            -99.24697,
            18.96516,
            0
          ],
          [
            -99.24696,
            18.96515,
            0
          ],
          [
            -99.24695,
            18.96515,
            0
          ],
          [
            -99.24695,
            18.96514,
            0
          ],
          [
            -99.24693,
            18.96512,
            0
          ],
          [
            -99.24692,
            18.96512,
            0
          ],
          [
            -99.2469,
            18.9651,
            0
          ],
          [
            -99.24689,
            18.9651,
            0
          ],
          [
            -99.24688,
            18.96509,
            0
          ],
          [
            -99.24687,
            18.96509,
            0
          ],
          [
            -99.24691,
            18.96502,
            0
          ],
          [
            -99.24691,
            18.965,
            0
          ],
          [
            -99.24692,
            18.96499,
            0
          ],
          [
            -99.24692,
            18.96495,
            0
          ],
          [
            -99.24691,
            18.96492,
            0
          ],
          [
            -99.24687,
            18.96472,
            0
          ],
          [
            -99.24665,
            18.96323,
            0
          ],
          [
            -99.24662,
            18.9631,
            0
          ],
          [
            -99.24639,
            18.96164,
            0
          ],
          [
            -99.24638,
            18.96161,
            0
          ],
          [
            -99.246,
            18.95899,
            0
          ],
          [
            -99.24593,
            18.9586,
            0
          ],
          [
            -99.24564,
            18.95653,
            0
          ],
          [
            -99.24563,
            18.9564,
            0
          ],
          [
            -99.24561,
            18.95628,
            0
          ],
          [
            -99.24558,
            18.95597,
            0
          ],
          [
            -99.24542,
            18.95492,
            0
          ],
          [
            -99.24539,
            18.95462,
            0
          ],
          [
            -99.24479,
            18.95026,
            0
          ],
          [
            -99.2448,
            18.95025,
            0
          ],
          [
            -99.24481,
            18.95025,
            0
          ],
          [
            -99.24482,
            18.95024,
            0
          ],
          [
            -99.24482,
            18.95023,
            0
          ],
          [
            -99.24483,
            18.95023,
            0
          ],
          [
            -99.24483,
            18.95022,
            0
          ],
          [
            -99.24484,
            18.95021,
            0
          ],
          [
            -99.24484,
            18.95019,
            0
          ],
          [
            -99.24485,
            18.95019,
            0
          ],
          [
            -99.24485,
            18.95013,
            0
          ],
          [
            -99.24484,
            18.95013,
            0
          ],
          [
            -99.24484,
            18.95011,
            0
          ],
          [
            -99.24483,
            18.9501,
            0
          ],
          [
            -99.24483,
            18.95009,
            0
          ],
          [
            -99.24482,
            18.95009,
            0
          ],
          [
            -99.24482,
            18.95008,
            0
          ],
          [
            -99.24481,
            18.95007,
            0
          ],
          [
            -99.2448,
            18.95007,
            0
          ],
          [
            -99.2448,
            18.95006,
            0
          ],
          [
            -99.24478,
            18.95006,
            0
          ],
          [
            -99.24478,
            18.95005,
            0
          ],
          [
            -99.24476,
            18.95005,
            0
          ],
          [
            -99.24475,
            18.95004,
            0
          ],
          [
            -99.24474,
            18.95004,
            0
          ],
          [
            -99.24473,
            18.9499,
            0
          ],
          [
            -99.24454,
            18.94909,
            0
          ],
          [
            -99.24404,
            18.9475,
            0
          ],
          [
            -99.24365,
            18.94644,
            0
          ],
          [
            -99.24357,
            18.94626,
            0
          ],
          [
            -99.24345,
            18.94589,
            0
          ],
          [
            -99.24256,
            18.94366,
            0
          ],
          [
            -99.24242,
            18.94339,
            0
          ],
          [
            -99.24233,
            18.94324,
            0
          ],
          [
            -99.2421,
            18.9428,
            0
          ],
          [
            -99.24202,
            18.9426,
            0
          ],
          [
            -99.24179,
            18.94168,
            0
          ],
          [
            -99.24153,
            18.94041,
            0
          ],
          [
            -99.24153,
            18.94031,
            0
          ],
          [
            -99.24137,
            18.93938,
            0
          ],
          [
            -99.24112,
            18.93846,
            0
          ],
          [
            -99.24077,
            18.9373,
            0
          ],
          [
            -99.24071,
            18.93701,
            0
          ],
          [
            -99.24068,
            18.93678,
            0
          ],
          [
            -99.24018,
            18.93678,
            0
          ],
          [
            -99.24005,
            18.9368,
            0
          ],
          [
            -99.23997,
            18.93684,
            0
          ],
          [
            -99.23984,
            18.93694,
            0
          ],
          [
            -99.23979,
            18.937,
            0
          ],
          [
            -99.23976,
            18.93707,
            0
          ],
          [
            -99.23975,
            18.93713,
            0
          ],
          [
            -99.2398,
            18.93739,
            0
          ],
          [
            -99.24025,
            18.93866,
            0
          ],
          [
            -99.24026,
            18.93874,
            0
          ],
          [
            -99.24026,
            18.93881,
            0
          ],
          [
            -99.24023,
            18.93889,
            0
          ],
          [
            -99.24019,
            18.93896,
            0
          ],
          [
            -99.24014,
            18.93903,
            0
          ],
          [
            -99.23999,
            18.93915,
            0
          ],
          [
            -99.23982,
            18.93923,
            0
          ],
          [
            -99.23934,
            18.9393,
            0
          ],
          [
            -99.23872,
            18.93934,
            0
          ],
          [
            -99.23865,
            18.93931,
            0
          ],
          [
            -99.2386,
            18.93928,
            0
          ],
          [
            -99.23856,
            18.93924,
            0
          ],
          [
            -99.23849,
            18.93914,
            0
          ],
          [
            -99.23831,
            18.93884,
            0
          ],
          [
            -99.23828,
            18.93877,
            0
          ],
          [
            -99.23826,
            18.93869,
            0
          ],
          [
            -99.23825,
            18.93861,
            0
          ],
          [
            -99.23825,
            18.93834,
            0
          ],
          [
            -99.23822,
            18.93779,
            0
          ],
          [
            -99.23816,
            18.93718,
            0
          ],
          [
            -99.23816,
            18.937,
            0
          ],
          [
            -99.23812,
            18.93644,
            0
          ],
          [
            -99.23637,
            18.93551,
            0
          ],
          [
            -99.23415,
            18.9336,
            0
          ],
          [
            -99.23402,
            18.93344,
            0
          ],
          [
            -99.23394,
            18.93332,
            0
          ],
          [
            -99.23366,
            18.93257,
            0
          ],
          [
            -99.23347,
            18.93235,
            0
          ],
          [
            -99.23337,
            18.93227,
            0
          ],
          [
            -99.23328,
            18.93221,
            0
          ],
          [
            -99.23303,
            18.93209,
            0
          ],
          [
            -99.23295,
            18.93208,
            0
          ],
          [
            -99.23288,
            18.93206,
            0
          ],
          [
            -99.23228,
            18.93204,
            0
          ],
          [
            -99.23204,
            18.93209,
            0
          ],
          [
            -99.23187,
            18.93144,
            0
          ],
          [
            -99.23187,
            18.93133,
            0
          ],
          [
            -99.23191,
            18.93133,
            0
          ],
          [
            -99.23192,
            18.93132,
            0
          ],
          [
            -99.23194,
            18.93132,
            0
          ],
          [
            -99.23194,
            18.93131,
            0
          ],
          [
            -99.23195,
            18.93131,
            0
          ],
          [
            -99.23195,
            18.9313,
            0
          ],
          [
            -99.23196,
            18.9313,
            0
          ],
          [
            -99.23196,
            18.93129,
            0
          ],
          [
            -99.23197,
            18.93129,
            0
          ],
          [
            -99.23197,
            18.93128,
            0
          ],
          [
            -99.23198,
            18.93127,
            0
          ],
          [
            -99.23198,
            18.93125,
            0
          ],
          [
            -99.23199,
            18.93125,
            0
          ],
          [
            -99.23199,
            18.93121,
            0
          ],
          [
            -99.23198,
            18.93121,
            0
          ],
          [
            -99.23198,
            18.93118,
            0
          ],
          [
            -99.23197,
            18.93118,
            0
          ],
          [
            -99.23197,
            18.93117,
            0
          ],
          [
            -99.23196,
            18.93117,
            0
          ],
          [
            -99.23196,
            18.93116,
            0
          ],
          [
            -99.23195,
            18.93115,
            0
          ],
          [
            -99.23194,
            18.93115,
            0
          ],
          [
            -99.23194,
            18.93114,
            0
          ],
          [
            -99.23192,
            18.93114,
            0
          ],
          [
            -99.23192,
            18.93113,
            0
          ],
          [
            -99.23185,
            18.93113,
            0
          ],
          [
            -99.23185,
            18.93114,
            0
          ],
          [
            -99.23183,
            18.93114,
            0
          ],
          [
            -99.23182,
            18.93115,
            0
          ],
          [
            -99.23181,
            18.93115,
            0
          ],
          [
            -99.23181,
            18.93116,
            0
          ],
          [
            -99.2318,
            18.93116,
            0
          ],
          [
            -99.2318,
            18.93117,
            0
          ],
          [
            -99.23084,
            18.93111,
            0
          ],
          [
            -99.23081,
            18.93071,
            0
          ],
          [
            -99.2307,
            18.92992,
            0
          ],
          [
            -99.23064,
            18.9297,
            0
          ],
          [
            -99.2305,
            18.92934,
            0
          ],
          [
            -99.23031,
            18.92892,
            0
          ],
          [
            -99.23013,
            18.92842,
            0
          ],
          [
            -99.2301,
            18.92836,
            0
          ],
          [
            -99.22992,
            18.92787,
            0
          ],
          [
            -99.22988,
            18.92781,
            0
          ],
          [
            -99.22952,
            18.92698,
            0
          ],
          [
            -99.22935,
            18.92669,
            0
          ],
          [
            -99.22913,
            18.92642,
            0
          ],
          [
            -99.22898,
            18.92627,
            0
          ],
          [
            -99.2287,
            18.92603,
            0
          ],
          [
            -99.22839,
            18.92583,
            0
          ],
          [
            -99.22794,
            18.92562,
            0
          ],
          [
            -99.22776,
            18.92559,
            0
          ],
          [
            -99.22563,
            18.92509,
            0
          ],
          [
            -99.22546,
            18.92506,
            0
          ],
          [
            -99.22336,
            18.92456,
            0
          ],
          [
            -99.22327,
            18.92455,
            0
          ],
          [
            -99.22218,
            18.92432,
            0
          ],
          [
            -99.22106,
            18.92405,
            0
          ],
          [
            -99.22078,
            18.92402,
            0
          ],
          [
            -99.22041,
            18.924,
            0
          ],
          [
            -99.21868,
            18.92403,
            0
          ],
          [
            -99.21765,
            18.92402,
            0
          ],
          [
            -99.21693,
            18.92404,
            0
          ],
          [
            -99.21366,
            18.92402,
            0
          ],
          [
            -99.21306,
            18.92391,
            0
          ],
          [
            -99.21026,
            18.92322,
            0
          ],
          [
            -99.21016,
            18.92318,
            0
          ],
          [
            -99.20912,
            18.92291,
            0
          ],
          [
            -99.2089,
            18.92278,
            0
          ],
          [
            -99.20868,
            18.92263,
            0
          ],
          [
            -99.20828,
            18.92228,
            0
          ],
          [
            -99.20801,
            18.92208,
            0
          ],
          [
            -99.20799,
            18.92207,
            0
          ],
          [
            -99.20781,
            18.92194,
            0
          ],
          [
            -99.20767,
            18.92187,
            0
          ],
          [
            -99.2075,
            18.92177,
            0
          ],
          [
            -99.20732,
            18.9217,
            0
          ],
          [
            -99.20723,
            18.92168,
            0
          ],
          [
            -99.20721,
            18.92168,
            0
          ],
          [
            -99.20691,
            18.92162,
            0
          ],
          [
            -99.20599,
            18.92151,
            0
          ],
          [
            -99.20582,
            18.92148,
            0
          ],
          [
            -99.20528,
            18.92134,
            0
          ],
          [
            -99.20481,
            18.92126,
            0
          ],
          [
            -99.20469,
            18.92125,
            0
          ],
          [
            -99.20454,
            18.92125,
            0
          ],
          [
            -99.20409,
            18.92118,
            0
          ],
          [
            -99.20366,
            18.92106,
            0
          ],
          [
            -99.20332,
            18.92099,
            0
          ],
          [
            -99.2026,
            18.9209,
            0
          ],
          [
            -99.20248,
            18.9209,
            0
          ],
          [
            -99.20239,
            18.92089,
            0
          ],
          [
            -99.20215,
            18.9209,
            0
          ],
          [
            -99.20186,
            18.92087,
            0
          ],
          [
            -99.20125,
            18.92093,
            0
          ],
          [
            -99.20121,
            18.92094,
            0
          ],
          [
            -99.20079,
            18.92095,
            0
          ],
          [
            -99.20055,
            18.92094,
            0
          ],
          [
            -99.20051,
            18.92093,
            0
          ],
          [
            -99.20043,
            18.92093,
            0
          ],
          [
            -99.20022,
            18.92091,
            0
          ],
          [
            -99.1999,
            18.92085,
            0
          ],
          [
            -99.19968,
            18.92079,
            0
          ],
          [
            -99.19951,
            18.92073,
            0
          ],
          [
            -99.19873,
            18.9204,
            0
          ],
          [
            -99.19869,
            18.92039,
            0
          ],
          [
            -99.19796,
            18.92008,
            0
          ],
          [
            -99.19779,
            18.92002,
            0
          ],
          [
            -99.1975,
            18.91994,
            0
          ],
          [
            -99.19647,
            18.91973,
            0
          ],
          [
            -99.19591,
            18.91964,
            0
          ],
          [
            -99.19564,
            18.91964,
            0
          ],
          [
            -99.19537,
            18.91966,
            0
          ],
          [
            -99.19512,
            18.91971,
            0
          ],
          [
            -99.19445,
            18.91988,
            0
          ],
          [
            -99.19427,
            18.9199,
            0
          ],
          [
            -99.19414,
            18.9199,
            0
          ],
          [
            -99.19389,
            18.91988,
            0
          ],
          [
            -99.19366,
            18.91983,
            0
          ],
          [
            -99.1912,
            18.91906,
            0
          ],
          [
            -99.19113,
            18.91903,
            0
          ],
          [
            -99.18882,
            18.91833,
            0
          ],
          [
            -99.18853,
            18.9182,
            0
          ],
          [
            -99.18844,
            18.91815,
            0
          ],
          [
            -99.18828,
            18.91804,
            0
          ],
          [
            -99.18486,
            18.915,
            0
          ],
          [
            -99.18436,
            18.9145,
            0
          ],
          [
            -99.18176,
            18.91172,
            0
          ],
          [
            -99.18144,
            18.91132,
            0
          ],
          [
            -99.18131,
            18.91109,
            0
          ],
          [
            -99.18126,
            18.91098,
            0
          ],
          [
            -99.18038,
            18.90867,
            0
          ],
          [
            -99.1803,
            18.90851,
            0
          ],
          [
            -99.18018,
            18.90833,
            0
          ],
          [
            -99.17999,
            18.90809,
            0
          ],
          [
            -99.17967,
            18.90775,
            0
          ],
          [
            -99.17705,
            18.90513,
            0
          ],
          [
            -99.17702,
            18.90511,
            0
          ],
          [
            -99.17698,
            18.90507,
            0
          ],
          [
            -99.17697,
            18.90505,
            0
          ],
          [
            -99.17538,
            18.90352,
            0
          ],
          [
            -99.17389,
            18.902,
            0
          ],
          [
            -99.17322,
            18.90136,
            0
          ],
          [
            -99.17275,
            18.90087,
            0
          ],
          [
            -99.17271,
            18.90082,
            0
          ],
          [
            -99.17105,
            18.89924,
            0
          ],
          [
            -99.17086,
            18.89909,
            0
          ],
          [
            -99.16947,
            18.89773,
            0
          ],
          [
            -99.16943,
            18.89768,
            0
          ],
          [
            -99.16938,
            18.89764,
            0
          ],
          [
            -99.16865,
            18.89693,
            0
          ],
          [
            -99.16773,
            18.89597,
            0
          ],
          [
            -99.16765,
            18.8959,
            0
          ],
          [
            -99.16765,
            18.89589,
            0
          ],
          [
            -99.16757,
            18.89582,
            0
          ],
          [
            -99.16757,
            18.89581,
            0
          ],
          [
            -99.16754,
            18.89578,
            0
          ],
          [
            -99.1675,
            18.89575,
            0
          ],
          [
            -99.16693,
            18.89522,
            0
          ],
          [
            -99.16628,
            18.89455,
            0
          ],
          [
            -99.16583,
            18.89392,
            0
          ],
          [
            -99.16489,
            18.89236,
            0
          ],
          [
            -99.16449,
            18.89162,
            0
          ],
          [
            -99.16362,
            18.8902,
            0
          ],
          [
            -99.16309,
            18.88944,
            0
          ],
          [
            -99.16227,
            18.88816,
            0
          ],
          [
            -99.16213,
            18.88783,
            0
          ],
          [
            -99.16208,
            18.88756,
            0
          ],
          [
            -99.16206,
            18.88738,
            0
          ],
          [
            -99.16208,
            18.88705,
            0
          ],
          [
            -99.16215,
            18.88659,
            0
          ],
          [
            -99.16215,
            18.88656,
            0
          ],
          [
            -99.16218,
            18.88631,
            0
          ],
          [
            -99.16213,
            18.886,
            0
          ],
          [
            -99.16208,
            18.88588,
            0
          ],
          [
            -99.16198,
            18.88568,
            0
          ],
          [
            -99.16186,
            18.8855,
            0
          ],
          [
            -99.16172,
            18.88536,
            0
          ],
          [
            -99.16143,
            18.88518,
            0
          ],
          [
            -99.16115,
            18.88509,
            0
          ],
          [
            -99.1609,
            18.88505,
            0
          ],
          [
            -99.1607,
            18.88505,
            0
          ],
          [
            -99.15688,
            18.8854,
            0
          ],
          [
            -99.15685,
            18.88541,
            0
          ],
          [
            -99.15512,
            18.88559,
            0
          ],
          [
            -99.15461,
            18.88573,
            0
          ],
          [
            -99.15432,
            18.88586,
            0
          ],
          [
            -99.1538,
            18.88619,
            0
          ],
          [
            -99.15369,
            18.88625,
            0
          ],
          [
            -99.15302,
            18.88673,
            0
          ],
          [
            -99.15123,
            18.88793,
            0
          ],
          [
            -99.15093,
            18.88809,
            0
          ],
          [
            -99.14704,
            18.88986,
            0
          ],
          [
            -99.14693,
            18.88992,
            0
          ],
          [
            -99.14612,
            18.89021,
            0
          ],
          [
            -99.14512,
            18.89048,
            0
          ],
          [
            -99.14474,
            18.89055,
            0
          ],
          [
            -99.14394,
            18.89053,
            0
          ],
          [
            -99.14335,
            18.89049,
            0
          ],
          [
            -99.14301,
            18.89049,
            0
          ],
          [
            -99.14292,
            18.8905,
            0
          ],
          [
            -99.14244,
            18.89059,
            0
          ],
          [
            -99.14227,
            18.89065,
            0
          ],
          [
            -99.14191,
            18.89084,
            0
          ],
          [
            -99.14152,
            18.89112,
            0
          ],
          [
            -99.13899,
            18.89328,
            0
          ],
          [
            -99.13857,
            18.8936,
            0
          ],
          [
            -99.13778,
            18.8941,
            0
          ],
          [
            -99.13778,
            18.89411,
            0
          ],
          [
            -99.13647,
            18.89482,
            0
          ],
          [
            -99.13615,
            18.89501,
            0
          ],
          [
            -99.13579,
            18.89516,
            0
          ],
          [
            -99.13553,
            18.89524,
            0
          ],
          [
            -99.13531,
            18.89528,
            0
          ],
          [
            -99.13499,
            18.89531,
            0
          ],
          [
            -99.13459,
            18.89528,
            0
          ],
          [
            -99.13411,
            18.89517,
            0
          ],
          [
            -99.13392,
            18.8951,
            0
          ],
          [
            -99.13381,
            18.89505,
            0
          ],
          [
            -99.13341,
            18.8948,
            0
          ],
          [
            -99.1334,
            18.8948,
            0
          ],
          [
            -99.12981,
            18.89247,
            0
          ],
          [
            -99.12952,
            18.8923,
            0
          ],
          [
            -99.12948,
            18.89226,
            0
          ],
          [
            -99.12897,
            18.89194,
            0
          ],
          [
            -99.12803,
            18.89129,
            0
          ],
          [
            -99.12776,
            18.89106,
            0
          ],
          [
            -99.12692,
            18.89022,
            0
          ],
          [
            -99.12563,
            18.88885,
            0
          ],
          [
            -99.12547,
            18.88865,
            0
          ],
          [
            -99.12531,
            18.88841,
            0
          ],
          [
            -99.12514,
            18.88809,
            0
          ],
          [
            -99.12488,
            18.88742,
            0
          ],
          [
            -99.12485,
            18.88736,
            0
          ],
          [
            -99.12475,
            18.88708,
            0
          ],
          [
            -99.12455,
            18.88664,
            0
          ],
          [
            -99.12397,
            18.88548,
            0
          ],
          [
            -99.12383,
            18.88515,
            0
          ],
          [
            -99.12374,
            18.88488,
            0
          ],
          [
            -99.12341,
            18.88362,
            0
          ],
          [
            -99.12334,
            18.88346,
            0
          ],
          [
            -99.12323,
            18.88325,
            0
          ],
          [
            -99.12324,
            18.88325,
            0
          ],
          [
            -99.12324,
            18.88324,
            0
          ],
          [
            -99.12325,
            18.88324,
            0
          ],
          [
            -99.12325,
            18.88321,
            0
          ],
          [
            -99.12319,
            18.88308,
            0
          ],
          [
            -99.12277,
            18.8826,
            0
          ],
          [
            -99.12286,
            18.88229,
            0
          ],
          [
            -99.12281,
            18.88224,
            0
          ],
          [
            -99.12197,
            18.88075,
            0
          ],
          [
            -99.12181,
            18.88051,
            0
          ],
          [
            -99.12174,
            18.88035,
            0
          ],
          [
            -99.1217,
            18.88023,
            0
          ],
          [
            -99.12169,
            18.88013,
            0
          ],
          [
            -99.12178,
            18.87978,
            0
          ],
          [
            -99.12197,
            18.87925,
            0
          ],
          [
            -99.12202,
            18.87916,
            0
          ],
          [
            -99.12208,
            18.87909,
            0
          ],
          [
            -99.12215,
            18.87903,
            0
          ],
          [
            -99.12221,
            18.87899,
            0
          ],
          [
            -99.12222,
            18.87899,
            0
          ],
          [
            -99.12226,
            18.87896,
            0
          ],
          [
            -99.12236,
            18.87894,
            0
          ],
          [
            -99.12333,
            18.879,
            0
          ],
          [
            -99.12346,
            18.87902,
            0
          ],
          [
            -99.12352,
            18.87904,
            0
          ],
          [
            -99.12356,
            18.87906,
            0
          ],
          [
            -99.12359,
            18.87906,
            0
          ],
          [
            -99.12377,
            18.87915,
            0
          ],
          [
            -99.12386,
            18.87921,
            0
          ],
          [
            -99.12406,
            18.87932,
            0
          ],
          [
            -99.12456,
            18.87964,
            0
          ],
          [
            -99.12437,
            18.87988,
            0
          ],
          [
            -99.12418,
            18.88017,
            0
          ],
          [
            -99.12484,
            18.88054,
            0
          ],
          [
            -99.12507,
            18.88073,
            0
          ],
          [
            -99.12496,
            18.8808,
            0
          ],
          [
            -99.1252,
            18.88129,
            0
          ],
          [
            -99.1252,
            18.8813,
            0
          ],
          [
            -99.12582,
            18.88263,
            0
          ],
          [
            -99.12585,
            18.88272,
            0
          ],
          [
            -99.12604,
            18.88315,
            0
          ],
          [
            -99.12652,
            18.88393,
            0
          ],
          [
            -99.12664,
            18.88415,
            0
          ],
          [
            -99.12673,
            18.88424,
            0
          ],
          [
            -99.12682,
            18.88429,
            0
          ],
          [
            -99.12692,
            18.88432,
            0
          ],
          [
            -99.12706,
            18.88432,
            0
          ],
          [
            -99.12722,
            18.8843,
            0
          ],
          [
            -99.1274,
            18.88425,
            0
          ],
          [
            -99.12752,
            18.88423,
            0
          ],
          [
            -99.12765,
            18.88424,
            0
          ],
          [
            -99.12768,
            18.88425,
            0
          ],
          [
            -99.12774,
            18.88426,
            0
          ],
          [
            -99.1278,
            18.88429,
            0
          ],
          [
            -99.12785,
            18.88433,
            0
          ],
          [
            -99.12797,
            18.88446,
            0
          ],
          [
            -99.12792,
            18.88455,
            0
          ],
          [
            -99.12781,
            18.88479,
            0
          ],
          [
            -99.12773,
            18.885,
            0
          ],
          [
            -99.1277,
            18.88516,
            0
          ],
          [
            -99.1277,
            18.88546,
            0
          ],
          [
            -99.12772,
            18.8856,
            0
          ],
          [
            -99.12773,
            18.88582,
            0
          ],
          [
            -99.12771,
            18.886,
            0
          ],
          [
            -99.12778,
            18.88603,
            0
          ],
          [
            -99.1279,
            18.88614,
            0
          ],
          [
            -99.12804,
            18.88629,
            0
          ],
          [
            -99.12813,
            18.88637,
            0
          ],
          [
            -99.12875,
            18.88683,
            0
          ],
          [
            -99.12894,
            18.88691,
            0
          ],
          [
            -99.12908,
            18.88699,
            0
          ],
          [
            -99.12934,
            18.88706,
            0
          ],
          [
            -99.12966,
            18.88709,
            0
          ],
          [
            -99.12977,
            18.88715,
            0
          ],
          [
            -99.12988,
            18.88726,
            0
          ],
          [
            -99.1299,
            18.88732,
            0
          ],
          [
            -99.12991,
            18.88741,
            0
          ],
          [
            -99.12986,
            18.88754,
            0
          ],
          [
            -99.1295,
            18.88798,
            0
          ],
          [
            -99.12943,
            18.88813,
            0
          ],
          [
            -99.1295,
            18.88817,
            0
          ],
          [
            -99.12972,
            18.88833,
            0
          ],
          [
            -99.13013,
            18.88868,
            0
          ],
          [
            -99.13042,
            18.88875,
            0
          ],
          [
            -99.13052,
            18.88874,
            0
          ],
          [
            -99.13063,
            18.8887,
            0
          ],
          [
            -99.13069,
            18.88865,
            0
          ],
          [
            -99.13073,
            18.88857,
            0
          ],
          [
            -99.13076,
            18.88841,
            0
          ],
          [
            -99.13076,
            18.88839,
            0
          ]
        ]
      },
      "properties": {
        "description": {
          "@type": "html",
          "value": "descripción: <br>OID: 576<br>ZONA: CENTRO<br>RUTA: RUTA 7<br>ITINERARIO: 2.- TECNOS-COL. LA JOYA-COL. INDEPENDENCIA-TECNOS<br>DESCRIPCIO: TECNOS-COL. JOYA- COL. INDEPENDENCIA (MONUMENTO LA PAZ)<br>AUTO-AMPL: <br>DEFIN-PROV: <br>DURACION: <br>FOLIO: "
        },
        "styleUrl": "#line-0097A7-1200",
        "stroke-opacity": 1,
        "stroke": "#0097a7",
        "stroke-width": 1.2,
        "descripción": "",
        "OID": "576",
        "ZONA": "CENTRO",
        "RUTA": "RUTA 7",
        "ITINERARIO": "2.- TECNOS-COL. LA JOYA-COL. INDEPENDENCIA-TECNOS",
        "DESCRIPCIO": "TECNOS-COL. JOYA- COL. INDEPENDENCIA (MONUMENTO LA PAZ)",
        "AUTO-AMPL": "",
        "DEFIN-PROV": "",
        "DURACION": "",
        "FOLIO": ""
      }
    },
    {
      "type": "Feature",
      "geometry": {
        "type": "LineString",
        "coordinates": [
          [
            -99.1977,
            18.97203,
            0
          ],
          [
            -99.19776,
            18.97203,
            0
          ],
          [
            -99.1984,
            18.97212,
            0
          ],
          [
            -99.19879,
            18.97215,
            0
          ],
          [
            -99.19886,
            18.97214,
            0
          ],
          [
            -99.19899,
            18.97215,
            0
          ],
          [
            -99.19905,
            18.97216,
            0
          ],
          [
            -99.19911,
            18.97217,
            0
          ],
          [
            -99.19918,
            18.97217,
            0
          ],
          [
            -99.19944,
            18.97215,
            0
          ],
          [
            -99.19967,
            18.97208,
            0
          ],
          [
            -99.19975,
            18.97203,
            0
          ],
          [
            -99.19984,
            18.97198,
            0
          ],
          [
            -99.19997,
            18.97186,
            0
          ],
          [
            -99.20006,
            18.97177,
            0
          ],
          [
            -99.20012,
            18.97169,
            0
          ],
          [
            -99.20014,
            18.97167,
            0
          ],
          [
            -99.20055,
            18.97117,
            0
          ],
          [
            -99.20067,
            18.97102,
            0
          ],
          [
            -99.20082,
            18.97084,
            0
          ],
          [
            -99.20086,
            18.9708,
            0
          ],
          [
            -99.20093,
            18.9707,
            0
          ],
          [
            -99.20113,
            18.97047,
            0
          ],
          [
            -99.20116,
            18.97044,
            0
          ],
          [
            -99.20119,
            18.97041,
            0
          ],
          [
            -99.20126,
            18.97033,
            0
          ],
          [
            -99.2013,
            18.9703,
            0
          ],
          [
            -99.20136,
            18.97026,
            0
          ],
          [
            -99.20139,
            18.97023,
            0
          ],
          [
            -99.20144,
            18.9702,
            0
          ],
          [
            -99.2015,
            18.97016,
            0
          ],
          [
            -99.20156,
            18.97014,
            0
          ],
          [
            -99.20161,
            18.97011,
            0
          ],
          [
            -99.20168,
            18.97009,
            0
          ],
          [
            -99.20174,
            18.97007,
            0
          ],
          [
            -99.20183,
            18.97005,
            0
          ],
          [
            -99.20198,
            18.97002,
            0
          ],
          [
            -99.20203,
            18.97001,
            0
          ],
          [
            -99.20209,
            18.97001,
            0
          ],
          [
            -99.20234,
            18.97001,
            0
          ],
          [
            -99.20307,
            18.96999,
            0
          ],
          [
            -99.20332,
            18.96998,
            0
          ],
          [
            -99.20347,
            18.96998,
            0
          ],
          [
            -99.20382,
            18.96997,
            0
          ],
          [
            -99.20394,
            18.96996,
            0
          ],
          [
            -99.20403,
            18.96996,
            0
          ],
          [
            -99.20462,
            18.96994,
            0
          ],
          [
            -99.20484,
            18.96993,
            0
          ],
          [
            -99.20511,
            18.96992,
            0
          ],
          [
            -99.20554,
            18.9699,
            0
          ],
          [
            -99.20573,
            18.9699,
            0
          ],
          [
            -99.20626,
            18.96988,
            0
          ],
          [
            -99.20649,
            18.96987,
            0
          ],
          [
            -99.20711,
            18.96984,
            0
          ],
          [
            -99.20734,
            18.96983,
            0
          ],
          [
            -99.20806,
            18.9698,
            0
          ],
          [
            -99.20827,
            18.9698,
            0
          ],
          [
            -99.20859,
            18.96979,
            0
          ],
          [
            -99.20873,
            18.96979,
            0
          ],
          [
            -99.20907,
            18.96978,
            0
          ],
          [
            -99.20957,
            18.96976,
            0
          ],
          [
            -99.21026,
            18.96976,
            0
          ],
          [
            -99.21061,
            18.96975,
            0
          ],
          [
            -99.2107,
            18.96977,
            0
          ],
          [
            -99.21084,
            18.96977,
            0
          ],
          [
            -99.21139,
            18.9698,
            0
          ],
          [
            -99.21162,
            18.96981,
            0
          ],
          [
            -99.21179,
            18.96981,
            0
          ],
          [
            -99.21244,
            18.96975,
            0
          ],
          [
            -99.21288,
            18.96971,
            0
          ],
          [
            -99.21342,
            18.96966,
            0
          ],
          [
            -99.21365,
            18.96964,
            0
          ],
          [
            -99.21371,
            18.96964,
            0
          ],
          [
            -99.21376,
            18.96963,
            0
          ],
          [
            -99.21384,
            18.96962,
            0
          ],
          [
            -99.21482,
            18.96959,
            0
          ],
          [
            -99.21516,
            18.96958,
            0
          ],
          [
            -99.21556,
            18.96956,
            0
          ],
          [
            -99.21621,
            18.96955,
            0
          ],
          [
            -99.21656,
            18.96955,
            0
          ],
          [
            -99.21693,
            18.96954,
            0
          ],
          [
            -99.21723,
            18.96953,
            0
          ],
          [
            -99.21735,
            18.96953,
            0
          ],
          [
            -99.21765,
            18.96953,
            0
          ],
          [
            -99.21788,
            18.96952,
            0
          ],
          [
            -99.21837,
            18.96951,
            0
          ],
          [
            -99.2185,
            18.96951,
            0
          ],
          [
            -99.21892,
            18.96951,
            0
          ],
          [
            -99.21917,
            18.9695,
            0
          ],
          [
            -99.21933,
            18.9695,
            0
          ],
          [
            -99.21939,
            18.9695,
            0
          ],
          [
            -99.21991,
            18.96949,
            0
          ],
          [
            -99.22028,
            18.96948,
            0
          ],
          [
            -99.22108,
            18.96947,
            0
          ],
          [
            -99.22147,
            18.96948,
            0
          ],
          [
            -99.22202,
            18.96948,
            0
          ],
          [
            -99.22239,
            18.9695,
            0
          ],
          [
            -99.22277,
            18.96949,
            0
          ],
          [
            -99.22318,
            18.96949,
            0
          ],
          [
            -99.22399,
            18.96948,
            0
          ],
          [
            -99.22464,
            18.9695,
            0
          ],
          [
            -99.22479,
            18.9695,
            0
          ],
          [
            -99.22516,
            18.96952,
            0
          ],
          [
            -99.22562,
            18.96952,
            0
          ],
          [
            -99.22634,
            18.96952,
            0
          ],
          [
            -99.22679,
            18.96954,
            0
          ],
          [
            -99.22682,
            18.96954,
            0
          ],
          [
            -99.22708,
            18.96955,
            0
          ],
          [
            -99.22714,
            18.96955,
            0
          ],
          [
            -99.22719,
            18.96954,
            0
          ],
          [
            -99.22726,
            18.96952,
            0
          ],
          [
            -99.22736,
            18.96945,
            0
          ],
          [
            -99.22739,
            18.96942,
            0
          ],
          [
            -99.22742,
            18.96939,
            0
          ],
          [
            -99.22743,
            18.96937,
            0
          ],
          [
            -99.22744,
            18.96933,
            0
          ],
          [
            -99.22745,
            18.96927,
            0
          ],
          [
            -99.22746,
            18.9692,
            0
          ],
          [
            -99.22748,
            18.96895,
            0
          ],
          [
            -99.22749,
            18.96889,
            0
          ],
          [
            -99.2275,
            18.96881,
            0
          ],
          [
            -99.22751,
            18.96855,
            0
          ],
          [
            -99.22753,
            18.96831,
            0
          ],
          [
            -99.22759,
            18.96756,
            0
          ],
          [
            -99.22763,
            18.96708,
            0
          ],
          [
            -99.22768,
            18.96641,
            0
          ],
          [
            -99.2277,
            18.96618,
            0
          ],
          [
            -99.22777,
            18.96529,
            0
          ],
          [
            -99.2278,
            18.96497,
            0
          ],
          [
            -99.22782,
            18.96458,
            0
          ],
          [
            -99.22784,
            18.96429,
            0
          ],
          [
            -99.22786,
            18.96408,
            0
          ],
          [
            -99.22786,
            18.964,
            0
          ],
          [
            -99.22786,
            18.96396,
            0
          ],
          [
            -99.22786,
            18.96394,
            0
          ],
          [
            -99.22787,
            18.96389,
            0
          ],
          [
            -99.22788,
            18.96387,
            0
          ],
          [
            -99.22789,
            18.96384,
            0
          ],
          [
            -99.22791,
            18.9638,
            0
          ],
          [
            -99.22802,
            18.96354,
            0
          ],
          [
            -99.22808,
            18.96348,
            0
          ],
          [
            -99.22812,
            18.96341,
            0
          ],
          [
            -99.22817,
            18.96332,
            0
          ],
          [
            -99.22818,
            18.96329,
            0
          ],
          [
            -99.22828,
            18.96308,
            0
          ],
          [
            -99.22847,
            18.96264,
            0
          ],
          [
            -99.22871,
            18.96212,
            0
          ],
          [
            -99.22874,
            18.96203,
            0
          ],
          [
            -99.22888,
            18.96174,
            0
          ],
          [
            -99.22893,
            18.96165,
            0
          ],
          [
            -99.22901,
            18.96149,
            0
          ],
          [
            -99.2291,
            18.96127,
            0
          ],
          [
            -99.22915,
            18.96113,
            0
          ],
          [
            -99.22929,
            18.96067,
            0
          ],
          [
            -99.2293,
            18.96061,
            0
          ],
          [
            -99.22933,
            18.96054,
            0
          ],
          [
            -99.22933,
            18.96053,
            0
          ],
          [
            -99.22936,
            18.96044,
            0
          ],
          [
            -99.22962,
            18.95965,
            0
          ],
          [
            -99.22965,
            18.9595,
            0
          ],
          [
            -99.22968,
            18.95938,
            0
          ],
          [
            -99.22971,
            18.95926,
            0
          ],
          [
            -99.22977,
            18.95905,
            0
          ],
          [
            -99.22979,
            18.95897,
            0
          ],
          [
            -99.22984,
            18.95888,
            0
          ],
          [
            -99.22989,
            18.95878,
            0
          ],
          [
            -99.22996,
            18.95865,
            0
          ],
          [
            -99.23026,
            18.95817,
            0
          ],
          [
            -99.23069,
            18.95744,
            0
          ],
          [
            -99.23077,
            18.95731,
            0
          ],
          [
            -99.23094,
            18.95703,
            0
          ],
          [
            -99.23102,
            18.95688,
            0
          ],
          [
            -99.23103,
            18.95687,
            0
          ],
          [
            -99.23104,
            18.95683,
            0
          ],
          [
            -99.23105,
            18.95679,
            0
          ],
          [
            -99.23107,
            18.95671,
            0
          ],
          [
            -99.23108,
            18.95661,
            0
          ],
          [
            -99.23116,
            18.95531,
            0
          ],
          [
            -99.23118,
            18.95503,
            0
          ],
          [
            -99.23118,
            18.95496,
            0
          ],
          [
            -99.23119,
            18.95478,
            0
          ],
          [
            -99.2312,
            18.95442,
            0
          ],
          [
            -99.23122,
            18.95407,
            0
          ],
          [
            -99.23125,
            18.95356,
            0
          ],
          [
            -99.23128,
            18.95326,
            0
          ],
          [
            -99.23129,
            18.95314,
            0
          ],
          [
            -99.23129,
            18.95307,
            0
          ],
          [
            -99.23129,
            18.95301,
            0
          ],
          [
            -99.23127,
            18.95291,
            0
          ],
          [
            -99.23125,
            18.95286,
            0
          ],
          [
            -99.23123,
            18.95281,
            0
          ],
          [
            -99.23119,
            18.95274,
            0
          ],
          [
            -99.231,
            18.95255,
            0
          ],
          [
            -99.23097,
            18.95252,
            0
          ],
          [
            -99.23064,
            18.95222,
            0
          ],
          [
            -99.23044,
            18.95203,
            0
          ],
          [
            -99.23027,
            18.95186,
            0
          ],
          [
            -99.2299,
            18.9515,
            0
          ],
          [
            -99.22985,
            18.95145,
            0
          ],
          [
            -99.22983,
            18.95142,
            0
          ],
          [
            -99.22981,
            18.9514,
            0
          ],
          [
            -99.2298,
            18.95137,
            0
          ],
          [
            -99.22979,
            18.95135,
            0
          ],
          [
            -99.22978,
            18.95132,
            0
          ],
          [
            -99.22977,
            18.95127,
            0
          ],
          [
            -99.22977,
            18.95123,
            0
          ],
          [
            -99.22977,
            18.95115,
            0
          ],
          [
            -99.2298,
            18.95094,
            0
          ],
          [
            -99.22987,
            18.95046,
            0
          ],
          [
            -99.22988,
            18.95038,
            0
          ],
          [
            -99.22991,
            18.95013,
            0
          ],
          [
            -99.22991,
            18.94981,
            0
          ],
          [
            -99.22992,
            18.94966,
            0
          ],
          [
            -99.2299,
            18.94883,
            0
          ],
          [
            -99.22988,
            18.94814,
            0
          ],
          [
            -99.22988,
            18.94759,
            0
          ],
          [
            -99.22987,
            18.9474,
            0
          ],
          [
            -99.22987,
            18.94729,
            0
          ],
          [
            -99.22986,
            18.94724,
            0
          ],
          [
            -99.22987,
            18.947,
            0
          ],
          [
            -99.22981,
            18.94606,
            0
          ],
          [
            -99.2298,
            18.94554,
            0
          ],
          [
            -99.2298,
            18.94539,
            0
          ],
          [
            -99.2298,
            18.94517,
            0
          ],
          [
            -99.22981,
            18.9448,
            0
          ],
          [
            -99.22981,
            18.9446,
            0
          ],
          [
            -99.22981,
            18.94428,
            0
          ],
          [
            -99.22981,
            18.94416,
            0
          ],
          [
            -99.2298,
            18.94362,
            0
          ],
          [
            -99.22979,
            18.94321,
            0
          ],
          [
            -99.2298,
            18.94274,
            0
          ],
          [
            -99.22982,
            18.94228,
            0
          ],
          [
            -99.22984,
            18.94201,
            0
          ],
          [
            -99.22986,
            18.94059,
            0
          ],
          [
            -99.22987,
            18.94023,
            0
          ],
          [
            -99.22988,
            18.93984,
            0
          ],
          [
            -99.22991,
            18.93931,
            0
          ],
          [
            -99.22995,
            18.93888,
            0
          ],
          [
            -99.22997,
            18.9387,
            0
          ],
          [
            -99.23003,
            18.93815,
            0
          ],
          [
            -99.23006,
            18.93768,
            0
          ],
          [
            -99.2301,
            18.93755,
            0
          ],
          [
            -99.23014,
            18.93751,
            0
          ],
          [
            -99.2302,
            18.93747,
            0
          ],
          [
            -99.23016,
            18.93742,
            0
          ],
          [
            -99.22991,
            18.93709,
            0
          ],
          [
            -99.2297,
            18.9368,
            0
          ],
          [
            -99.22953,
            18.93656,
            0
          ],
          [
            -99.2297,
            18.93608,
            0
          ],
          [
            -99.22979,
            18.93584,
            0
          ],
          [
            -99.22995,
            18.93525,
            0
          ],
          [
            -99.22997,
            18.93517,
            0
          ],
          [
            -99.22998,
            18.93515,
            0
          ],
          [
            -99.23014,
            18.93465,
            0
          ],
          [
            -99.23029,
            18.93421,
            0
          ],
          [
            -99.2304,
            18.93387,
            0
          ],
          [
            -99.23047,
            18.93366,
            0
          ],
          [
            -99.23058,
            18.93333,
            0
          ],
          [
            -99.23068,
            18.93305,
            0
          ],
          [
            -99.23072,
            18.93293,
            0
          ],
          [
            -99.23074,
            18.93283,
            0
          ],
          [
            -99.23075,
            18.93278,
            0
          ],
          [
            -99.23078,
            18.93267,
            0
          ],
          [
            -99.2308,
            18.9326,
            0
          ],
          [
            -99.23082,
            18.93253,
            0
          ],
          [
            -99.23089,
            18.93231,
            0
          ],
          [
            -99.23092,
            18.9321,
            0
          ],
          [
            -99.23092,
            18.93209,
            0
          ],
          [
            -99.23092,
            18.93208,
            0
          ],
          [
            -99.23093,
            18.93207,
            0
          ],
          [
            -99.23092,
            18.93206,
            0
          ],
          [
            -99.23092,
            18.93203,
            0
          ],
          [
            -99.23092,
            18.93201,
            0
          ],
          [
            -99.23088,
            18.9316,
            0
          ],
          [
            -99.23085,
            18.93122,
            0
          ],
          [
            -99.23084,
            18.93117,
            0
          ],
          [
            -99.23084,
            18.93111,
            0
          ],
          [
            -99.23082,
            18.93085,
            0
          ],
          [
            -99.23081,
            18.93071,
            0
          ],
          [
            -99.23078,
            18.93047,
            0
          ],
          [
            -99.23077,
            18.93037,
            0
          ],
          [
            -99.2307,
            18.92992,
            0
          ],
          [
            -99.23064,
            18.9297,
            0
          ],
          [
            -99.2306,
            18.9296,
            0
          ],
          [
            -99.2305,
            18.92934,
            0
          ],
          [
            -99.23031,
            18.92892,
            0
          ],
          [
            -99.2303,
            18.92889,
            0
          ],
          [
            -99.23013,
            18.92842,
            0
          ],
          [
            -99.2301,
            18.92836,
            0
          ],
          [
            -99.22995,
            18.92795,
            0
          ],
          [
            -99.22992,
            18.92787,
            0
          ],
          [
            -99.22988,
            18.92781,
            0
          ],
          [
            -99.22982,
            18.92768,
            0
          ],
          [
            -99.22952,
            18.92698,
            0
          ],
          [
            -99.22948,
            18.92691,
            0
          ],
          [
            -99.22939,
            18.92675,
            0
          ],
          [
            -99.22935,
            18.92669,
            0
          ],
          [
            -99.22913,
            18.92642,
            0
          ],
          [
            -99.22898,
            18.92627,
            0
          ],
          [
            -99.22888,
            18.92618,
            0
          ],
          [
            -99.22882,
            18.92613,
            0
          ],
          [
            -99.2287,
            18.92603,
            0
          ],
          [
            -99.22851,
            18.92591,
            0
          ],
          [
            -99.22839,
            18.92583,
            0
          ],
          [
            -99.22829,
            18.92578,
            0
          ],
          [
            -99.22804,
            18.92567,
            0
          ],
          [
            -99.22794,
            18.92562,
            0
          ],
          [
            -99.22776,
            18.92559,
            0
          ],
          [
            -99.22684,
            18.92537,
            0
          ],
          [
            -99.22563,
            18.92509,
            0
          ],
          [
            -99.22546,
            18.92506,
            0
          ],
          [
            -99.22496,
            18.92494,
            0
          ],
          [
            -99.22418,
            18.92476,
            0
          ],
          [
            -99.22336,
            18.92456,
            0
          ],
          [
            -99.22327,
            18.92455,
            0
          ],
          [
            -99.22218,
            18.92432,
            0
          ],
          [
            -99.2216,
            18.92418,
            0
          ],
          [
            -99.2215,
            18.92416,
            0
          ],
          [
            -99.22106,
            18.92405,
            0
          ],
          [
            -99.22078,
            18.92402,
            0
          ],
          [
            -99.22041,
            18.924,
            0
          ],
          [
            -99.22015,
            18.924,
            0
          ],
          [
            -99.21989,
            18.924,
            0
          ],
          [
            -99.21894,
            18.92402,
            0
          ],
          [
            -99.21868,
            18.92403,
            0
          ],
          [
            -99.21865,
            18.92403,
            0
          ],
          [
            -99.21852,
            18.92403,
            0
          ],
          [
            -99.21798,
            18.92402,
            0
          ],
          [
            -99.21765,
            18.92402,
            0
          ],
          [
            -99.21693,
            18.92404,
            0
          ],
          [
            -99.2167,
            18.92404,
            0
          ],
          [
            -99.21655,
            18.92404,
            0
          ],
          [
            -99.21592,
            18.92403,
            0
          ],
          [
            -99.21591,
            18.92403,
            0
          ],
          [
            -99.21519,
            18.92403,
            0
          ],
          [
            -99.21462,
            18.92403,
            0
          ],
          [
            -99.21399,
            18.92402,
            0
          ],
          [
            -99.21366,
            18.92402,
            0
          ],
          [
            -99.21306,
            18.92391,
            0
          ],
          [
            -99.21273,
            18.92382,
            0
          ],
          [
            -99.21212,
            18.92368,
            0
          ],
          [
            -99.21183,
            18.9236,
            0
          ],
          [
            -99.21156,
            18.92354,
            0
          ],
          [
            -99.21133,
            18.92349,
            0
          ],
          [
            -99.2108,
            18.92335,
            0
          ],
          [
            -99.21042,
            18.92326,
            0
          ],
          [
            -99.21026,
            18.92322,
            0
          ],
          [
            -99.21016,
            18.92318,
            0
          ],
          [
            -99.20993,
            18.92312,
            0
          ],
          [
            -99.20983,
            18.92309,
            0
          ],
          [
            -99.20941,
            18.92299,
            0
          ],
          [
            -99.20922,
            18.92294,
            0
          ],
          [
            -99.20912,
            18.92291,
            0
          ],
          [
            -99.20903,
            18.92286,
            0
          ],
          [
            -99.2089,
            18.92278,
            0
          ],
          [
            -99.20868,
            18.92263,
            0
          ],
          [
            -99.20828,
            18.92228,
            0
          ],
          [
            -99.20801,
            18.92208,
            0
          ],
          [
            -99.20799,
            18.92207,
            0
          ],
          [
            -99.20791,
            18.92201,
            0
          ],
          [
            -99.20781,
            18.92194,
            0
          ],
          [
            -99.20775,
            18.92191,
            0
          ],
          [
            -99.20767,
            18.92187,
            0
          ],
          [
            -99.2075,
            18.92177,
            0
          ],
          [
            -99.20742,
            18.92174,
            0
          ],
          [
            -99.20732,
            18.9217,
            0
          ],
          [
            -99.20723,
            18.92168,
            0
          ],
          [
            -99.20721,
            18.92168,
            0
          ],
          [
            -99.20708,
            18.92165,
            0
          ],
          [
            -99.20691,
            18.92162,
            0
          ],
          [
            -99.20652,
            18.92157,
            0
          ],
          [
            -99.2062,
            18.92153,
            0
          ],
          [
            -99.20599,
            18.92151,
            0
          ],
          [
            -99.20582,
            18.92148,
            0
          ],
          [
            -99.20566,
            18.92144,
            0
          ],
          [
            -99.20528,
            18.92134,
            0
          ],
          [
            -99.20481,
            18.92126,
            0
          ],
          [
            -99.20469,
            18.92125,
            0
          ],
          [
            -99.20465,
            18.92125,
            0
          ],
          [
            -99.20454,
            18.92125,
            0
          ],
          [
            -99.20409,
            18.92118,
            0
          ],
          [
            -99.20389,
            18.92112,
            0
          ],
          [
            -99.20374,
            18.92108,
            0
          ],
          [
            -99.20366,
            18.92106,
            0
          ],
          [
            -99.20332,
            18.92099,
            0
          ],
          [
            -99.20292,
            18.92094,
            0
          ],
          [
            -99.2026,
            18.9209,
            0
          ],
          [
            -99.20248,
            18.9209,
            0
          ],
          [
            -99.20239,
            18.92089,
            0
          ],
          [
            -99.20215,
            18.9209,
            0
          ],
          [
            -99.20198,
            18.92088,
            0
          ],
          [
            -99.20186,
            18.92087,
            0
          ],
          [
            -99.20165,
            18.92089,
            0
          ],
          [
            -99.20125,
            18.92093,
            0
          ],
          [
            -99.20121,
            18.92094,
            0
          ],
          [
            -99.20079,
            18.92095,
            0
          ],
          [
            -99.2006,
            18.92094,
            0
          ],
          [
            -99.20055,
            18.92094,
            0
          ],
          [
            -99.20051,
            18.92093,
            0
          ],
          [
            -99.20043,
            18.92093,
            0
          ],
          [
            -99.20036,
            18.92092,
            0
          ],
          [
            -99.20022,
            18.92091,
            0
          ],
          [
            -99.20009,
            18.92089,
            0
          ],
          [
            -99.1999,
            18.92085,
            0
          ],
          [
            -99.19968,
            18.92079,
            0
          ],
          [
            -99.19959,
            18.92076,
            0
          ],
          [
            -99.19951,
            18.92073,
            0
          ],
          [
            -99.19917,
            18.92059,
            0
          ],
          [
            -99.19877,
            18.92042,
            0
          ],
          [
            -99.19873,
            18.9204,
            0
          ],
          [
            -99.19869,
            18.92039,
            0
          ],
          [
            -99.19796,
            18.92008,
            0
          ],
          [
            -99.1979,
            18.92006,
            0
          ],
          [
            -99.19784,
            18.92004,
            0
          ],
          [
            -99.19779,
            18.92002,
            0
          ],
          [
            -99.19764,
            18.91998,
            0
          ],
          [
            -99.1975,
            18.91994,
            0
          ],
          [
            -99.19728,
            18.9199,
            0
          ],
          [
            -99.19724,
            18.91989,
            0
          ],
          [
            -99.19707,
            18.91985,
            0
          ],
          [
            -99.19647,
            18.91973,
            0
          ],
          [
            -99.19638,
            18.91972,
            0
          ],
          [
            -99.19608,
            18.91967,
            0
          ],
          [
            -99.19591,
            18.91964,
            0
          ],
          [
            -99.19581,
            18.91964,
            0
          ],
          [
            -99.19573,
            18.91964,
            0
          ],
          [
            -99.19564,
            18.91964,
            0
          ],
          [
            -99.19547,
            18.91965,
            0
          ],
          [
            -99.19537,
            18.91966,
            0
          ],
          [
            -99.19529,
            18.91968,
            0
          ],
          [
            -99.19512,
            18.91971,
            0
          ],
          [
            -99.19475,
            18.9198,
            0
          ],
          [
            -99.19445,
            18.91988,
            0
          ],
          [
            -99.19433,
            18.91989,
            0
          ],
          [
            -99.19427,
            18.9199,
            0
          ],
          [
            -99.19414,
            18.9199,
            0
          ],
          [
            -99.194,
            18.91989,
            0
          ],
          [
            -99.19389,
            18.91988,
            0
          ],
          [
            -99.19377,
            18.91985,
            0
          ],
          [
            -99.19366,
            18.91983,
            0
          ],
          [
            -99.19351,
            18.91978,
            0
          ],
          [
            -99.19307,
            18.91964,
            0
          ],
          [
            -99.19261,
            18.91949,
            0
          ],
          [
            -99.1912,
            18.91906,
            0
          ],
          [
            -99.19113,
            18.91903,
            0
          ],
          [
            -99.19021,
            18.91875,
            0
          ],
          [
            -99.18947,
            18.91853,
            0
          ],
          [
            -99.18904,
            18.9184,
            0
          ],
          [
            -99.18882,
            18.91833,
            0
          ],
          [
            -99.18871,
            18.91828,
            0
          ],
          [
            -99.18862,
            18.91824,
            0
          ],
          [
            -99.18853,
            18.9182,
            0
          ],
          [
            -99.18844,
            18.91815,
            0
          ],
          [
            -99.18835,
            18.91809,
            0
          ],
          [
            -99.18828,
            18.91804,
            0
          ],
          [
            -99.18802,
            18.91782,
            0
          ],
          [
            -99.18771,
            18.91754,
            0
          ],
          [
            -99.18703,
            18.91695,
            0
          ],
          [
            -99.18694,
            18.91687,
            0
          ],
          [
            -99.18671,
            18.91666,
            0
          ],
          [
            -99.18663,
            18.91659,
            0
          ],
          [
            -99.18651,
            18.91648,
            0
          ],
          [
            -99.18634,
            18.91632,
            0
          ],
          [
            -99.18585,
            18.9159,
            0
          ],
          [
            -99.1853,
            18.91539,
            0
          ],
          [
            -99.18486,
            18.915,
            0
          ],
          [
            -99.18477,
            18.91491,
            0
          ],
          [
            -99.18468,
            18.91482,
            0
          ],
          [
            -99.18436,
            18.9145,
            0
          ],
          [
            -99.18397,
            18.91408,
            0
          ],
          [
            -99.18359,
            18.91367,
            0
          ],
          [
            -99.18325,
            18.91331,
            0
          ],
          [
            -99.18286,
            18.9129,
            0
          ],
          [
            -99.18259,
            18.9126,
            0
          ],
          [
            -99.18239,
            18.91239,
            0
          ],
          [
            -99.18227,
            18.91227,
            0
          ],
          [
            -99.18209,
            18.91207,
            0
          ],
          [
            -99.18176,
            18.91172,
            0
          ],
          [
            -99.18165,
            18.91159,
            0
          ],
          [
            -99.18144,
            18.91132,
            0
          ],
          [
            -99.18134,
            18.91114,
            0
          ],
          [
            -99.18131,
            18.91109,
            0
          ],
          [
            -99.18126,
            18.91098,
            0
          ],
          [
            -99.18119,
            18.91079,
            0
          ],
          [
            -99.18113,
            18.91062,
            0
          ],
          [
            -99.18086,
            18.9099,
            0
          ],
          [
            -99.18081,
            18.90978,
            0
          ],
          [
            -99.18054,
            18.90906,
            0
          ],
          [
            -99.18038,
            18.90867,
            0
          ],
          [
            -99.1803,
            18.90851,
            0
          ],
          [
            -99.18018,
            18.90833,
            0
          ],
          [
            -99.18009,
            18.90821,
            0
          ],
          [
            -99.17999,
            18.90809,
            0
          ],
          [
            -99.17972,
            18.90781,
            0
          ],
          [
            -99.17967,
            18.90775,
            0
          ],
          [
            -99.17958,
            18.90766,
            0
          ],
          [
            -99.17932,
            18.90741,
            0
          ],
          [
            -99.17925,
            18.90734,
            0
          ],
          [
            -99.17895,
            18.90704,
            0
          ],
          [
            -99.1785,
            18.90659,
            0
          ],
          [
            -99.17814,
            18.90623,
            0
          ],
          [
            -99.17811,
            18.9062,
            0
          ],
          [
            -99.17766,
            18.90575,
            0
          ],
          [
            -99.17715,
            18.90523,
            0
          ],
          [
            -99.17705,
            18.90513,
            0
          ],
          [
            -99.17702,
            18.90511,
            0
          ],
          [
            -99.17698,
            18.90507,
            0
          ],
          [
            -99.17697,
            18.90505,
            0
          ],
          [
            -99.17682,
            18.90491,
            0
          ],
          [
            -99.1768,
            18.90489,
            0
          ],
          [
            -99.17678,
            18.90487,
            0
          ],
          [
            -99.17611,
            18.90421,
            0
          ],
          [
            -99.17538,
            18.90352,
            0
          ],
          [
            -99.17533,
            18.90347,
            0
          ],
          [
            -99.17505,
            18.90318,
            0
          ],
          [
            -99.17485,
            18.90298,
            0
          ],
          [
            -99.17442,
            18.90255,
            0
          ],
          [
            -99.1743,
            18.90243,
            0
          ],
          [
            -99.17424,
            18.90237,
            0
          ],
          [
            -99.17389,
            18.902,
            0
          ],
          [
            -99.17379,
            18.90191,
            0
          ],
          [
            -99.17365,
            18.90177,
            0
          ],
          [
            -99.17322,
            18.90136,
            0
          ],
          [
            -99.1728,
            18.90092,
            0
          ],
          [
            -99.17275,
            18.90087,
            0
          ],
          [
            -99.17271,
            18.90082,
            0
          ],
          [
            -99.17265,
            18.90077,
            0
          ],
          [
            -99.17238,
            18.90051,
            0
          ],
          [
            -99.17227,
            18.9004,
            0
          ],
          [
            -99.17194,
            18.90009,
            0
          ],
          [
            -99.17178,
            18.89994,
            0
          ],
          [
            -99.17148,
            18.89965,
            0
          ],
          [
            -99.17137,
            18.89955,
            0
          ],
          [
            -99.17105,
            18.89924,
            0
          ],
          [
            -99.17086,
            18.89909,
            0
          ],
          [
            -99.17026,
            18.8985,
            0
          ],
          [
            -99.16999,
            18.89823,
            0
          ],
          [
            -99.16971,
            18.89796,
            0
          ],
          [
            -99.16947,
            18.89773,
            0
          ],
          [
            -99.16943,
            18.89768,
            0
          ],
          [
            -99.16938,
            18.89764,
            0
          ],
          [
            -99.1693,
            18.89756,
            0
          ],
          [
            -99.16927,
            18.89753,
            0
          ],
          [
            -99.16918,
            18.89744,
            0
          ],
          [
            -99.1691,
            18.89736,
            0
          ],
          [
            -99.16865,
            18.89693,
            0
          ],
          [
            -99.16776,
            18.896,
            0
          ],
          [
            -99.16773,
            18.89597,
            0
          ],
          [
            -99.16765,
            18.8959,
            0
          ],
          [
            -99.16765,
            18.89589,
            0
          ],
          [
            -99.1676,
            18.89585,
            0
          ],
          [
            -99.16757,
            18.89582,
            0
          ],
          [
            -99.16757,
            18.89581,
            0
          ],
          [
            -99.16756,
            18.8958,
            0
          ],
          [
            -99.16754,
            18.89578,
            0
          ],
          [
            -99.1675,
            18.89575,
            0
          ],
          [
            -99.16745,
            18.8957,
            0
          ],
          [
            -99.16736,
            18.89562,
            0
          ],
          [
            -99.1672,
            18.89547,
            0
          ],
          [
            -99.16712,
            18.89539,
            0
          ],
          [
            -99.16704,
            18.89532,
            0
          ],
          [
            -99.16693,
            18.89522,
            0
          ],
          [
            -99.16636,
            18.89464,
            0
          ],
          [
            -99.16628,
            18.89455,
            0
          ],
          [
            -99.16583,
            18.89392,
            0
          ],
          [
            -99.16544,
            18.89327,
            0
          ],
          [
            -99.16541,
            18.89322,
            0
          ],
          [
            -99.16489,
            18.89236,
            0
          ],
          [
            -99.16459,
            18.8918,
            0
          ],
          [
            -99.16449,
            18.89162,
            0
          ],
          [
            -99.16426,
            18.89124,
            0
          ],
          [
            -99.16417,
            18.8911,
            0
          ],
          [
            -99.16415,
            18.89107,
            0
          ],
          [
            -99.16414,
            18.89105,
            0
          ],
          [
            -99.16397,
            18.89078,
            0
          ],
          [
            -99.16364,
            18.89024,
            0
          ],
          [
            -99.16362,
            18.8902,
            0
          ],
          [
            -99.16354,
            18.89008,
            0
          ],
          [
            -99.16342,
            18.8899,
            0
          ],
          [
            -99.1633,
            18.88974,
            0
          ],
          [
            -99.16314,
            18.88951,
            0
          ],
          [
            -99.16309,
            18.88944,
            0
          ],
          [
            -99.16294,
            18.88921,
            0
          ],
          [
            -99.16271,
            18.88886,
            0
          ],
          [
            -99.16227,
            18.88816,
            0
          ],
          [
            -99.16222,
            18.88805,
            0
          ],
          [
            -99.16217,
            18.88793,
            0
          ],
          [
            -99.16216,
            18.8879,
            0
          ],
          [
            -99.16213,
            18.88783,
            0
          ],
          [
            -99.16208,
            18.88756,
            0
          ],
          [
            -99.16206,
            18.88738,
            0
          ],
          [
            -99.16208,
            18.88705,
            0
          ],
          [
            -99.16213,
            18.88672,
            0
          ],
          [
            -99.16215,
            18.88659,
            0
          ],
          [
            -99.16215,
            18.88656,
            0
          ],
          [
            -99.16217,
            18.88639,
            0
          ],
          [
            -99.16218,
            18.88631,
            0
          ],
          [
            -99.16217,
            18.88625,
            0
          ],
          [
            -99.16215,
            18.8861,
            0
          ],
          [
            -99.16213,
            18.886,
            0
          ],
          [
            -99.16208,
            18.88588,
            0
          ],
          [
            -99.16198,
            18.88568,
            0
          ],
          [
            -99.16186,
            18.8855,
            0
          ],
          [
            -99.16172,
            18.88536,
            0
          ],
          [
            -99.16161,
            18.88529,
            0
          ],
          [
            -99.16143,
            18.88518,
            0
          ],
          [
            -99.16115,
            18.88509,
            0
          ],
          [
            -99.1609,
            18.88505,
            0
          ],
          [
            -99.1607,
            18.88505,
            0
          ],
          [
            -99.15961,
            18.88516,
            0
          ],
          [
            -99.15895,
            18.88521,
            0
          ],
          [
            -99.15688,
            18.8854,
            0
          ],
          [
            -99.15685,
            18.88541,
            0
          ],
          [
            -99.1558,
            18.88552,
            0
          ],
          [
            -99.15537,
            18.88556,
            0
          ],
          [
            -99.1552,
            18.88558,
            0
          ],
          [
            -99.15512,
            18.88559,
            0
          ],
          [
            -99.15503,
            18.88561,
            0
          ],
          [
            -99.15479,
            18.88568,
            0
          ],
          [
            -99.15469,
            18.88571,
            0
          ],
          [
            -99.15461,
            18.88573,
            0
          ],
          [
            -99.15451,
            18.88577,
            0
          ],
          [
            -99.15438,
            18.88583,
            0
          ],
          [
            -99.15432,
            18.88586,
            0
          ],
          [
            -99.15427,
            18.88589,
            0
          ],
          [
            -99.1542,
            18.88593,
            0
          ],
          [
            -99.15393,
            18.88611,
            0
          ],
          [
            -99.1538,
            18.88619,
            0
          ],
          [
            -99.15369,
            18.88625,
            0
          ],
          [
            -99.15302,
            18.88673,
            0
          ],
          [
            -99.15258,
            18.88703,
            0
          ],
          [
            -99.15157,
            18.88771,
            0
          ],
          [
            -99.15149,
            18.88776,
            0
          ],
          [
            -99.15123,
            18.88793,
            0
          ],
          [
            -99.15093,
            18.88809,
            0
          ],
          [
            -99.15008,
            18.88849,
            0
          ],
          [
            -99.14926,
            18.88886,
            0
          ],
          [
            -99.149,
            18.88898,
            0
          ],
          [
            -99.14858,
            18.88917,
            0
          ],
          [
            -99.14846,
            18.88922,
            0
          ],
          [
            -99.14812,
            18.88938,
            0
          ],
          [
            -99.14792,
            18.88947,
            0
          ],
          [
            -99.14749,
            18.88966,
            0
          ],
          [
            -99.14704,
            18.88986,
            0
          ],
          [
            -99.14693,
            18.88992,
            0
          ],
          [
            -99.14683,
            18.88996,
            0
          ],
          [
            -99.14642,
            18.89011,
            0
          ],
          [
            -99.14612,
            18.89021,
            0
          ],
          [
            -99.14585,
            18.89028,
            0
          ],
          [
            -99.14564,
            18.89033,
            0
          ],
          [
            -99.14512,
            18.89048,
            0
          ],
          [
            -99.14492,
            18.89052,
            0
          ],
          [
            -99.1448,
            18.89054,
            0
          ],
          [
            -99.14474,
            18.89055,
            0
          ],
          [
            -99.14463,
            18.89055,
            0
          ],
          [
            -99.14394,
            18.89053,
            0
          ],
          [
            -99.14335,
            18.89049,
            0
          ],
          [
            -99.14323,
            18.89049,
            0
          ],
          [
            -99.14313,
            18.89049,
            0
          ],
          [
            -99.14307,
            18.89049,
            0
          ],
          [
            -99.14301,
            18.89049,
            0
          ],
          [
            -99.14292,
            18.8905,
            0
          ],
          [
            -99.1428,
            18.89052,
            0
          ],
          [
            -99.14244,
            18.89059,
            0
          ],
          [
            -99.14227,
            18.89065,
            0
          ],
          [
            -99.14218,
            18.8907,
            0
          ],
          [
            -99.14206,
            18.89076,
            0
          ],
          [
            -99.14191,
            18.89084,
            0
          ],
          [
            -99.14179,
            18.89092,
            0
          ],
          [
            -99.14178,
            18.89093,
            0
          ],
          [
            -99.14167,
            18.89101,
            0
          ],
          [
            -99.14152,
            18.89112,
            0
          ],
          [
            -99.14079,
            18.89175,
            0
          ],
          [
            -99.14065,
            18.89187,
            0
          ],
          [
            -99.14017,
            18.89228,
            0
          ],
          [
            -99.1397,
            18.89268,
            0
          ],
          [
            -99.13956,
            18.8928,
            0
          ],
          [
            -99.13941,
            18.89293,
            0
          ],
          [
            -99.13899,
            18.89328,
            0
          ],
          [
            -99.13891,
            18.89334,
            0
          ],
          [
            -99.13875,
            18.89347,
            0
          ],
          [
            -99.13857,
            18.8936,
            0
          ],
          [
            -99.13838,
            18.89372,
            0
          ],
          [
            -99.13778,
            18.8941,
            0
          ],
          [
            -99.13778,
            18.89411,
            0
          ],
          [
            -99.13712,
            18.89447,
            0
          ],
          [
            -99.13647,
            18.89482,
            0
          ],
          [
            -99.13629,
            18.89493,
            0
          ],
          [
            -99.13615,
            18.89501,
            0
          ],
          [
            -99.13579,
            18.89516,
            0
          ],
          [
            -99.13553,
            18.89524,
            0
          ],
          [
            -99.13531,
            18.89528,
            0
          ],
          [
            -99.13513,
            18.8953,
            0
          ],
          [
            -99.13499,
            18.89531,
            0
          ],
          [
            -99.13482,
            18.8953,
            0
          ],
          [
            -99.13459,
            18.89528,
            0
          ],
          [
            -99.13431,
            18.89522,
            0
          ],
          [
            -99.13411,
            18.89517,
            0
          ],
          [
            -99.13392,
            18.8951,
            0
          ],
          [
            -99.13381,
            18.89505,
            0
          ],
          [
            -99.13369,
            18.89498,
            0
          ],
          [
            -99.13341,
            18.8948,
            0
          ],
          [
            -99.1334,
            18.8948,
            0
          ],
          [
            -99.13327,
            18.89471,
            0
          ],
          [
            -99.13135,
            18.89347,
            0
          ],
          [
            -99.13038,
            18.89284,
            0
          ],
          [
            -99.12981,
            18.89247,
            0
          ],
          [
            -99.12952,
            18.8923,
            0
          ],
          [
            -99.12948,
            18.89226,
            0
          ],
          [
            -99.12916,
            18.89206,
            0
          ],
          [
            -99.12897,
            18.89194,
            0
          ],
          [
            -99.1286,
            18.89169,
            0
          ],
          [
            -99.12828,
            18.89146,
            0
          ],
          [
            -99.12812,
            18.89135,
            0
          ],
          [
            -99.12803,
            18.89129,
            0
          ],
          [
            -99.12782,
            18.89111,
            0
          ],
          [
            -99.12776,
            18.89106,
            0
          ],
          [
            -99.12733,
            18.89063,
            0
          ],
          [
            -99.12692,
            18.89022,
            0
          ],
          [
            -99.12679,
            18.89008,
            0
          ],
          [
            -99.12657,
            18.88984,
            0
          ],
          [
            -99.12639,
            18.88965,
            0
          ],
          [
            -99.12601,
            18.88925,
            0
          ],
          [
            -99.12594,
            18.88917,
            0
          ],
          [
            -99.12563,
            18.88885,
            0
          ],
          [
            -99.12547,
            18.88865,
            0
          ],
          [
            -99.12538,
            18.88852,
            0
          ],
          [
            -99.12531,
            18.88841,
            0
          ],
          [
            -99.12522,
            18.88825,
            0
          ],
          [
            -99.12514,
            18.88809,
            0
          ],
          [
            -99.12505,
            18.88786,
            0
          ],
          [
            -99.12494,
            18.88758,
            0
          ],
          [
            -99.12488,
            18.88742,
            0
          ],
          [
            -99.12485,
            18.88736,
            0
          ],
          [
            -99.12475,
            18.88708,
            0
          ],
          [
            -99.12455,
            18.88664,
            0
          ],
          [
            -99.12451,
            18.88656,
            0
          ],
          [
            -99.12445,
            18.88645,
            0
          ],
          [
            -99.12433,
            18.8862,
            0
          ],
          [
            -99.12413,
            18.8858,
            0
          ],
          [
            -99.12397,
            18.88548,
            0
          ],
          [
            -99.12388,
            18.88526,
            0
          ],
          [
            -99.12383,
            18.88515,
            0
          ],
          [
            -99.12374,
            18.88488,
            0
          ],
          [
            -99.1237,
            18.88474,
            0
          ],
          [
            -99.12363,
            18.88445,
            0
          ],
          [
            -99.12361,
            18.88437,
            0
          ],
          [
            -99.12351,
            18.88401,
            0
          ],
          [
            -99.12348,
            18.88389,
            0
          ],
          [
            -99.12341,
            18.88362,
            0
          ],
          [
            -99.12334,
            18.88346,
            0
          ],
          [
            -99.12323,
            18.88325,
            0
          ],
          [
            -99.12324,
            18.88325,
            0
          ],
          [
            -99.12324,
            18.88324,
            0
          ],
          [
            -99.12325,
            18.88324,
            0
          ],
          [
            -99.12325,
            18.88323,
            0
          ],
          [
            -99.12325,
            18.88322,
            0
          ],
          [
            -99.12325,
            18.88321,
            0
          ],
          [
            -99.12324,
            18.88319,
            0
          ],
          [
            -99.12323,
            18.88316,
            0
          ],
          [
            -99.12321,
            18.88312,
            0
          ],
          [
            -99.12319,
            18.88308,
            0
          ],
          [
            -99.12302,
            18.88288,
            0
          ],
          [
            -99.12277,
            18.8826,
            0
          ],
          [
            -99.12286,
            18.88229,
            0
          ],
          [
            -99.12281,
            18.88224,
            0
          ],
          [
            -99.12277,
            18.88216,
            0
          ],
          [
            -99.12263,
            18.88192,
            0
          ],
          [
            -99.12253,
            18.88174,
            0
          ],
          [
            -99.12236,
            18.88145,
            0
          ],
          [
            -99.12218,
            18.88113,
            0
          ],
          [
            -99.12214,
            18.88105,
            0
          ],
          [
            -99.12205,
            18.8809,
            0
          ],
          [
            -99.12197,
            18.88075,
            0
          ],
          [
            -99.12181,
            18.88051,
            0
          ],
          [
            -99.12174,
            18.88035,
            0
          ],
          [
            -99.1217,
            18.88023,
            0
          ],
          [
            -99.12169,
            18.88013,
            0
          ],
          [
            -99.12173,
            18.87996,
            0
          ],
          [
            -99.12178,
            18.87978,
            0
          ],
          [
            -99.12184,
            18.87961,
            0
          ],
          [
            -99.12187,
            18.87954,
            0
          ],
          [
            -99.12197,
            18.87925,
            0
          ],
          [
            -99.12202,
            18.87916,
            0
          ],
          [
            -99.12208,
            18.87909,
            0
          ],
          [
            -99.12215,
            18.87903,
            0
          ],
          [
            -99.12221,
            18.87899,
            0
          ],
          [
            -99.12222,
            18.87899,
            0
          ],
          [
            -99.12226,
            18.87896,
            0
          ],
          [
            -99.1223,
            18.87895,
            0
          ],
          [
            -99.12236,
            18.87894,
            0
          ],
          [
            -99.12238,
            18.87894,
            0
          ],
          [
            -99.12242,
            18.87894,
            0
          ],
          [
            -99.12296,
            18.87897,
            0
          ],
          [
            -99.12319,
            18.87899,
            0
          ],
          [
            -99.12333,
            18.879,
            0
          ],
          [
            -99.12346,
            18.87902,
            0
          ],
          [
            -99.12352,
            18.87904,
            0
          ],
          [
            -99.12356,
            18.87906,
            0
          ],
          [
            -99.12359,
            18.87906,
            0
          ],
          [
            -99.12367,
            18.8791,
            0
          ],
          [
            -99.12377,
            18.87915,
            0
          ],
          [
            -99.12386,
            18.87921,
            0
          ],
          [
            -99.12406,
            18.87932,
            0
          ],
          [
            -99.12444,
            18.87956,
            0
          ],
          [
            -99.12456,
            18.87964,
            0
          ],
          [
            -99.1245,
            18.87972,
            0
          ],
          [
            -99.12446,
            18.87977,
            0
          ],
          [
            -99.12437,
            18.87988,
            0
          ],
          [
            -99.12429,
            18.88001,
            0
          ],
          [
            -99.12418,
            18.88017,
            0
          ],
          [
            -99.1243,
            18.88024,
            0
          ],
          [
            -99.12451,
            18.88035,
            0
          ],
          [
            -99.12462,
            18.88041,
            0
          ],
          [
            -99.12484,
            18.88054,
            0
          ],
          [
            -99.12497,
            18.88065,
            0
          ],
          [
            -99.12507,
            18.88073,
            0
          ],
          [
            -99.12496,
            18.8808,
            0
          ],
          [
            -99.1252,
            18.88129,
            0
          ],
          [
            -99.1252,
            18.8813,
            0
          ],
          [
            -99.12528,
            18.88146,
            0
          ],
          [
            -99.12535,
            18.88162,
            0
          ],
          [
            -99.12551,
            18.88195,
            0
          ],
          [
            -99.12564,
            18.88222,
            0
          ],
          [
            -99.12582,
            18.88263,
            0
          ],
          [
            -99.12585,
            18.88272,
            0
          ],
          [
            -99.12588,
            18.88278,
            0
          ],
          [
            -99.126,
            18.88305,
            0
          ],
          [
            -99.12604,
            18.88315,
            0
          ],
          [
            -99.12612,
            18.88328,
            0
          ],
          [
            -99.12631,
            18.88359,
            0
          ],
          [
            -99.12646,
            18.88384,
            0
          ],
          [
            -99.12652,
            18.88393,
            0
          ],
          [
            -99.12664,
            18.88415,
            0
          ],
          [
            -99.12673,
            18.88424,
            0
          ],
          [
            -99.12682,
            18.88429,
            0
          ],
          [
            -99.12692,
            18.88432,
            0
          ],
          [
            -99.12706,
            18.88432,
            0
          ],
          [
            -99.12722,
            18.8843,
            0
          ],
          [
            -99.12734,
            18.88427,
            0
          ],
          [
            -99.1274,
            18.88425,
            0
          ],
          [
            -99.12752,
            18.88423,
            0
          ],
          [
            -99.12765,
            18.88424,
            0
          ],
          [
            -99.12768,
            18.88425,
            0
          ],
          [
            -99.12774,
            18.88426,
            0
          ],
          [
            -99.1278,
            18.88429,
            0
          ],
          [
            -99.12785,
            18.88433,
            0
          ],
          [
            -99.12797,
            18.88446,
            0
          ],
          [
            -99.12792,
            18.88455,
            0
          ],
          [
            -99.12787,
            18.88467,
            0
          ],
          [
            -99.12781,
            18.88479,
            0
          ],
          [
            -99.12773,
            18.885,
            0
          ],
          [
            -99.1277,
            18.88516,
            0
          ],
          [
            -99.1277,
            18.88546,
            0
          ],
          [
            -99.12772,
            18.8856,
            0
          ],
          [
            -99.12773,
            18.88582,
            0
          ],
          [
            -99.12772,
            18.88591,
            0
          ],
          [
            -99.12771,
            18.886,
            0
          ],
          [
            -99.12778,
            18.88603,
            0
          ],
          [
            -99.1279,
            18.88614,
            0
          ],
          [
            -99.128,
            18.88625,
            0
          ],
          [
            -99.12804,
            18.88629,
            0
          ],
          [
            -99.12813,
            18.88637,
            0
          ],
          [
            -99.12832,
            18.88651,
            0
          ],
          [
            -99.12848,
            18.88663,
            0
          ],
          [
            -99.12875,
            18.88683,
            0
          ],
          [
            -99.12894,
            18.88691,
            0
          ],
          [
            -99.12908,
            18.88699,
            0
          ],
          [
            -99.12921,
            18.88703,
            0
          ],
          [
            -99.12926,
            18.88704,
            0
          ],
          [
            -99.12934,
            18.88706,
            0
          ],
          [
            -99.12948,
            18.88707,
            0
          ],
          [
            -99.12966,
            18.88709,
            0
          ],
          [
            -99.12972,
            18.88712,
            0
          ],
          [
            -99.12977,
            18.88715,
            0
          ],
          [
            -99.12985,
            18.88723,
            0
          ],
          [
            -99.12988,
            18.88726,
            0
          ],
          [
            -99.1299,
            18.88732,
            0
          ],
          [
            -99.12991,
            18.88741,
            0
          ],
          [
            -99.12986,
            18.88754,
            0
          ],
          [
            -99.12972,
            18.8877,
            0
          ],
          [
            -99.12962,
            18.88783,
            0
          ],
          [
            -99.1295,
            18.88798,
            0
          ],
          [
            -99.12943,
            18.88813,
            0
          ],
          [
            -99.1295,
            18.88817,
            0
          ],
          [
            -99.12972,
            18.88833,
            0
          ],
          [
            -99.12985,
            18.88844,
            0
          ],
          [
            -99.12995,
            18.88852,
            0
          ],
          [
            -99.13013,
            18.88868,
            0
          ],
          [
            -99.13018,
            18.88869,
            0
          ],
          [
            -99.13022,
            18.8887,
            0
          ],
          [
            -99.13032,
            18.88873,
            0
          ],
          [
            -99.13042,
            18.88875,
            0
          ],
          [
            -99.13052,
            18.88874,
            0
          ],
          [
            -99.1306,
            18.88871,
            0
          ],
          [
            -99.13063,
            18.8887,
            0
          ],
          [
            -99.13069,
            18.88865,
            0
          ],
          [
            -99.13073,
            18.88857,
            0
          ],
          [
            -99.13074,
            18.88852,
            0
          ],
          [
            -99.13076,
            18.88841,
            0
          ],
          [
            -99.13074,
            18.8883,
            0
          ],
          [
            -99.13073,
            18.88827,
            0
          ],
          [
            -99.13073,
            18.88826,
            0
          ]
        ]
      },
      "properties": {
        "description": {
          "@type": "html",
          "value": "descripción: <br>OID: 578<br>ZONA: CENTRO<br>RUTA: RUTA 7<br>ITINERARIO: 2.- TECNOS-COL. LA JOYA-COL. INDEPENDENCIA-TECNOS<br>DESCRIPCIO: TECNOS-COL. JOYA-COL. INDEPENDENCIA (VICENTE GUERRERO)<br>AUTO-AMPL: <br>DEFIN-PROV: <br>DURACION: <br>FOLIO: "
        },
        "styleUrl": "#line-817717-1200",
        "stroke-opacity": 1,
        "stroke": "#817717",
        "stroke-width": 1.2,
        "descripción": "",
        "OID": "578",
        "ZONA": "CENTRO",
        "RUTA": "RUTA 7",
        "ITINERARIO": "2.- TECNOS-COL. LA JOYA-COL. INDEPENDENCIA-TECNOS",
        "DESCRIPCIO": "TECNOS-COL. JOYA-COL. INDEPENDENCIA (VICENTE GUERRERO)",
        "AUTO-AMPL": "",
        "DEFIN-PROV": "",
        "DURACION": "",
        "FOLIO": ""
      }
    },
    {
      "type": "Feature",
      "geometry": {
        "type": "LineString",
        "coordinates": [
          [
            -99.13074,
            18.88833,
            0
          ],
          [
            -99.13076,
            18.88841,
            0
          ],
          [
            -99.13073,
            18.88857,
            0
          ],
          [
            -99.13069,
            18.88865,
            0
          ],
          [
            -99.1306,
            18.88872,
            0
          ],
          [
            -99.13052,
            18.88875,
            0
          ],
          [
            -99.13042,
            18.88876,
            0
          ],
          [
            -99.13014,
            18.8887,
            0
          ],
          [
            -99.12973,
            18.88833,
            0
          ],
          [
            -99.1295,
            18.88817,
            0
          ],
          [
            -99.12943,
            18.88813,
            0
          ],
          [
            -99.1295,
            18.88798,
            0
          ],
          [
            -99.12972,
            18.8877,
            0
          ],
          [
            -99.12986,
            18.88754,
            0
          ],
          [
            -99.12991,
            18.88741,
            0
          ],
          [
            -99.1299,
            18.88732,
            0
          ],
          [
            -99.12988,
            18.88726,
            0
          ],
          [
            -99.12977,
            18.88715,
            0
          ],
          [
            -99.12966,
            18.88709,
            0
          ],
          [
            -99.12934,
            18.88706,
            0
          ],
          [
            -99.12908,
            18.88699,
            0
          ],
          [
            -99.12894,
            18.88691,
            0
          ],
          [
            -99.12875,
            18.88683,
            0
          ],
          [
            -99.12813,
            18.88637,
            0
          ],
          [
            -99.12804,
            18.88629,
            0
          ],
          [
            -99.1279,
            18.88614,
            0
          ],
          [
            -99.12778,
            18.88603,
            0
          ],
          [
            -99.12771,
            18.886,
            0
          ],
          [
            -99.12773,
            18.88582,
            0
          ],
          [
            -99.12772,
            18.8856,
            0
          ],
          [
            -99.1277,
            18.88546,
            0
          ],
          [
            -99.1277,
            18.88516,
            0
          ],
          [
            -99.12773,
            18.885,
            0
          ],
          [
            -99.12781,
            18.88479,
            0
          ],
          [
            -99.12792,
            18.88455,
            0
          ],
          [
            -99.12797,
            18.88446,
            0
          ],
          [
            -99.12785,
            18.88433,
            0
          ],
          [
            -99.1278,
            18.88429,
            0
          ],
          [
            -99.12774,
            18.88426,
            0
          ],
          [
            -99.12768,
            18.88425,
            0
          ],
          [
            -99.12765,
            18.88424,
            0
          ],
          [
            -99.12752,
            18.88423,
            0
          ],
          [
            -99.1274,
            18.88425,
            0
          ],
          [
            -99.12722,
            18.8843,
            0
          ],
          [
            -99.12706,
            18.88432,
            0
          ],
          [
            -99.12692,
            18.88432,
            0
          ],
          [
            -99.12682,
            18.88429,
            0
          ],
          [
            -99.12673,
            18.88424,
            0
          ],
          [
            -99.12664,
            18.88415,
            0
          ],
          [
            -99.12652,
            18.88393,
            0
          ],
          [
            -99.12604,
            18.88315,
            0
          ],
          [
            -99.12585,
            18.88272,
            0
          ],
          [
            -99.12582,
            18.88263,
            0
          ],
          [
            -99.12559,
            18.88211,
            0
          ],
          [
            -99.1252,
            18.8813,
            0
          ],
          [
            -99.1252,
            18.88129,
            0
          ],
          [
            -99.12496,
            18.8808,
            0
          ],
          [
            -99.12507,
            18.88073,
            0
          ],
          [
            -99.12572,
            18.88039,
            0
          ],
          [
            -99.12544,
            18.88019,
            0
          ],
          [
            -99.12406,
            18.87932,
            0
          ],
          [
            -99.12386,
            18.87921,
            0
          ],
          [
            -99.12377,
            18.87915,
            0
          ],
          [
            -99.12359,
            18.87906,
            0
          ],
          [
            -99.12356,
            18.87906,
            0
          ],
          [
            -99.12352,
            18.87904,
            0
          ],
          [
            -99.12346,
            18.87902,
            0
          ],
          [
            -99.12333,
            18.879,
            0
          ],
          [
            -99.12236,
            18.87894,
            0
          ],
          [
            -99.12226,
            18.87896,
            0
          ],
          [
            -99.12222,
            18.87899,
            0
          ],
          [
            -99.12221,
            18.87899,
            0
          ],
          [
            -99.12215,
            18.87903,
            0
          ],
          [
            -99.12208,
            18.87909,
            0
          ],
          [
            -99.12202,
            18.87916,
            0
          ],
          [
            -99.12197,
            18.87925,
            0
          ],
          [
            -99.12178,
            18.87978,
            0
          ],
          [
            -99.12169,
            18.88013,
            0
          ],
          [
            -99.1217,
            18.88023,
            0
          ],
          [
            -99.12174,
            18.88035,
            0
          ],
          [
            -99.12181,
            18.88051,
            0
          ],
          [
            -99.12197,
            18.88075,
            0
          ],
          [
            -99.12209,
            18.88098,
            0
          ],
          [
            -99.12214,
            18.88105,
            0
          ],
          [
            -99.12281,
            18.88224,
            0
          ],
          [
            -99.12286,
            18.88229,
            0
          ],
          [
            -99.12277,
            18.8826,
            0
          ],
          [
            -99.12318,
            18.88309,
            0
          ],
          [
            -99.12322,
            18.88316,
            0
          ],
          [
            -99.12324,
            18.88322,
            0
          ],
          [
            -99.12324,
            18.88324,
            0
          ],
          [
            -99.12323,
            18.88324,
            0
          ],
          [
            -99.12323,
            18.88325,
            0
          ],
          [
            -99.12322,
            18.88326,
            0
          ],
          [
            -99.12321,
            18.88326,
            0
          ],
          [
            -99.12298,
            18.88295,
            0
          ],
          [
            -99.12278,
            18.88278,
            0
          ],
          [
            -99.12255,
            18.88261,
            0
          ],
          [
            -99.12245,
            18.88271,
            0
          ],
          [
            -99.12262,
            18.88284,
            0
          ],
          [
            -99.12296,
            18.88315,
            0
          ],
          [
            -99.12303,
            18.88325,
            0
          ],
          [
            -99.12312,
            18.88336,
            0
          ],
          [
            -99.1232,
            18.88348,
            0
          ],
          [
            -99.12327,
            18.88363,
            0
          ],
          [
            -99.12332,
            18.88376,
            0
          ],
          [
            -99.12353,
            18.88466,
            0
          ],
          [
            -99.12356,
            18.88474,
            0
          ],
          [
            -99.12358,
            18.88482,
            0
          ],
          [
            -99.1237,
            18.88518,
            0
          ],
          [
            -99.1238,
            18.88542,
            0
          ],
          [
            -99.12438,
            18.88658,
            0
          ],
          [
            -99.12441,
            18.88666,
            0
          ],
          [
            -99.12442,
            18.88667,
            0
          ],
          [
            -99.12475,
            18.8874,
            0
          ],
          [
            -99.1249,
            18.88782,
            0
          ],
          [
            -99.1251,
            18.88828,
            0
          ],
          [
            -99.12527,
            18.88858,
            0
          ],
          [
            -99.1255,
            18.88889,
            0
          ],
          [
            -99.12649,
            18.88992,
            0
          ],
          [
            -99.12671,
            18.89017,
            0
          ],
          [
            -99.12758,
            18.89106,
            0
          ],
          [
            -99.12771,
            18.89118,
            0
          ],
          [
            -99.12792,
            18.89135,
            0
          ],
          [
            -99.12798,
            18.89141,
            0
          ],
          [
            -99.1283,
            18.89164,
            0
          ],
          [
            -99.12891,
            18.89203,
            0
          ],
          [
            -99.12892,
            18.89204,
            0
          ],
          [
            -99.1337,
            18.89514,
            0
          ],
          [
            -99.1339,
            18.89523,
            0
          ],
          [
            -99.13404,
            18.89528,
            0
          ],
          [
            -99.13428,
            18.89534,
            0
          ],
          [
            -99.13459,
            18.8954,
            0
          ],
          [
            -99.13486,
            18.89542,
            0
          ],
          [
            -99.13525,
            18.89541,
            0
          ],
          [
            -99.13544,
            18.89538,
            0
          ],
          [
            -99.13586,
            18.89527,
            0
          ],
          [
            -99.13601,
            18.89522,
            0
          ],
          [
            -99.13621,
            18.89512,
            0
          ],
          [
            -99.13843,
            18.89385,
            0
          ],
          [
            -99.13891,
            18.89349,
            0
          ],
          [
            -99.13996,
            18.8926,
            0
          ],
          [
            -99.1402,
            18.89242,
            0
          ],
          [
            -99.14179,
            18.89108,
            0
          ],
          [
            -99.14211,
            18.89089,
            0
          ],
          [
            -99.14227,
            18.89081,
            0
          ],
          [
            -99.1425,
            18.89072,
            0
          ],
          [
            -99.14279,
            18.89065,
            0
          ],
          [
            -99.14291,
            18.89063,
            0
          ],
          [
            -99.14305,
            18.89062,
            0
          ],
          [
            -99.14327,
            18.89062,
            0
          ],
          [
            -99.14419,
            18.89068,
            0
          ],
          [
            -99.14464,
            18.89068,
            0
          ],
          [
            -99.1449,
            18.89065,
            0
          ],
          [
            -99.14528,
            18.89057,
            0
          ],
          [
            -99.14652,
            18.8902,
            0
          ],
          [
            -99.14674,
            18.89012,
            0
          ],
          [
            -99.14678,
            18.89011,
            0
          ],
          [
            -99.14686,
            18.89007,
            0
          ],
          [
            -99.14697,
            18.89003,
            0
          ],
          [
            -99.14818,
            18.88947,
            0
          ],
          [
            -99.14856,
            18.88932,
            0
          ],
          [
            -99.15099,
            18.88819,
            0
          ],
          [
            -99.1513,
            18.88803,
            0
          ],
          [
            -99.15196,
            18.88761,
            0
          ],
          [
            -99.15378,
            18.88633,
            0
          ],
          [
            -99.15431,
            18.886,
            0
          ],
          [
            -99.15473,
            18.88582,
            0
          ],
          [
            -99.15516,
            18.8857,
            0
          ],
          [
            -99.15689,
            18.88556,
            0
          ],
          [
            -99.15691,
            18.88555,
            0
          ],
          [
            -99.15766,
            18.8855,
            0
          ],
          [
            -99.15842,
            18.88541,
            0
          ],
          [
            -99.15897,
            18.88537,
            0
          ],
          [
            -99.16049,
            18.88521,
            0
          ],
          [
            -99.1607,
            18.8852,
            0
          ],
          [
            -99.16084,
            18.88518,
            0
          ],
          [
            -99.16103,
            18.8852,
            0
          ],
          [
            -99.16137,
            18.8853,
            0
          ],
          [
            -99.16157,
            18.8854,
            0
          ],
          [
            -99.1616,
            18.88542,
            0
          ],
          [
            -99.16163,
            18.88545,
            0
          ],
          [
            -99.16166,
            18.88547,
            0
          ],
          [
            -99.16181,
            18.88564,
            0
          ],
          [
            -99.16191,
            18.8858,
            0
          ],
          [
            -99.16195,
            18.88588,
            0
          ],
          [
            -99.16199,
            18.88601,
            0
          ],
          [
            -99.16202,
            18.88623,
            0
          ],
          [
            -99.16202,
            18.88638,
            0
          ],
          [
            -99.162,
            18.8865,
            0
          ],
          [
            -99.162,
            18.88656,
            0
          ],
          [
            -99.16199,
            18.88658,
            0
          ],
          [
            -99.16191,
            18.88731,
            0
          ],
          [
            -99.16191,
            18.88739,
            0
          ],
          [
            -99.16192,
            18.88745,
            0
          ],
          [
            -99.16192,
            18.88755,
            0
          ],
          [
            -99.16195,
            18.88772,
            0
          ],
          [
            -99.16197,
            18.88777,
            0
          ],
          [
            -99.16198,
            18.88782,
            0
          ],
          [
            -99.16202,
            18.88793,
            0
          ],
          [
            -99.16216,
            18.88823,
            0
          ],
          [
            -99.16285,
            18.88933,
            0
          ],
          [
            -99.16328,
            18.89008,
            0
          ],
          [
            -99.16335,
            18.89018,
            0
          ],
          [
            -99.16339,
            18.89026,
            0
          ],
          [
            -99.16403,
            18.89128,
            0
          ],
          [
            -99.1643,
            18.89166,
            0
          ],
          [
            -99.16535,
            18.89325,
            0
          ],
          [
            -99.16563,
            18.89372,
            0
          ],
          [
            -99.16625,
            18.89461,
            0
          ],
          [
            -99.16634,
            18.89472,
            0
          ],
          [
            -99.16741,
            18.89576,
            0
          ],
          [
            -99.16745,
            18.89579,
            0
          ],
          [
            -99.16751,
            18.89586,
            0
          ],
          [
            -99.16753,
            18.89587,
            0
          ],
          [
            -99.16753,
            18.89588,
            0
          ],
          [
            -99.1676,
            18.89594,
            0
          ],
          [
            -99.16853,
            18.89693,
            0
          ],
          [
            -99.16902,
            18.89741,
            0
          ],
          [
            -99.16918,
            18.8976,
            0
          ],
          [
            -99.1693,
            18.8977,
            0
          ],
          [
            -99.16934,
            18.89775,
            0
          ],
          [
            -99.17037,
            18.89872,
            0
          ],
          [
            -99.17081,
            18.89916,
            0
          ],
          [
            -99.17135,
            18.89978,
            0
          ],
          [
            -99.17206,
            18.90045,
            0
          ],
          [
            -99.17243,
            18.90084,
            0
          ],
          [
            -99.17252,
            18.90092,
            0
          ],
          [
            -99.17398,
            18.90238,
            0
          ],
          [
            -99.17416,
            18.90258,
            0
          ],
          [
            -99.17684,
            18.90521,
            0
          ],
          [
            -99.17689,
            18.90527,
            0
          ],
          [
            -99.17752,
            18.90591,
            0
          ],
          [
            -99.1776,
            18.90598,
            0
          ],
          [
            -99.1793,
            18.90766,
            0
          ],
          [
            -99.17946,
            18.90784,
            0
          ],
          [
            -99.17978,
            18.90816,
            0
          ],
          [
            -99.17997,
            18.90841,
            0
          ],
          [
            -99.18009,
            18.9086,
            0
          ],
          [
            -99.18017,
            18.90875,
            0
          ],
          [
            -99.18034,
            18.90915,
            0
          ],
          [
            -99.18092,
            18.91069,
            0
          ],
          [
            -99.18111,
            18.91111,
            0
          ],
          [
            -99.18135,
            18.91151,
            0
          ],
          [
            -99.18164,
            18.91187,
            0
          ],
          [
            -99.18423,
            18.91463,
            0
          ],
          [
            -99.18437,
            18.91476,
            0
          ],
          [
            -99.18472,
            18.91512,
            0
          ],
          [
            -99.18571,
            18.916,
            0
          ],
          [
            -99.18637,
            18.91662,
            0
          ],
          [
            -99.18657,
            18.91679,
            0
          ],
          [
            -99.18657,
            18.9168,
            0
          ],
          [
            -99.18704,
            18.91721,
            0
          ],
          [
            -99.1873,
            18.91746,
            0
          ],
          [
            -99.18805,
            18.91811,
            0
          ],
          [
            -99.18831,
            18.9183,
            0
          ],
          [
            -99.18838,
            18.91834,
            0
          ],
          [
            -99.1886,
            18.91844,
            0
          ],
          [
            -99.18896,
            18.91858,
            0
          ],
          [
            -99.19363,
            18.92,
            0
          ],
          [
            -99.19386,
            18.92004,
            0
          ],
          [
            -99.19397,
            18.92005,
            0
          ],
          [
            -99.19422,
            18.92005,
            0
          ],
          [
            -99.19459,
            18.91997,
            0
          ],
          [
            -99.1951,
            18.9198,
            0
          ],
          [
            -99.19558,
            18.91974,
            0
          ],
          [
            -99.19586,
            18.91973,
            0
          ],
          [
            -99.1961,
            18.91975,
            0
          ],
          [
            -99.19649,
            18.91981,
            0
          ],
          [
            -99.19723,
            18.91996,
            0
          ],
          [
            -99.19725,
            18.91996,
            0
          ],
          [
            -99.19749,
            18.92001,
            0
          ],
          [
            -99.19777,
            18.92009,
            0
          ],
          [
            -99.19778,
            18.9201,
            0
          ],
          [
            -99.19786,
            18.92012,
            0
          ],
          [
            -99.19787,
            18.92012,
            0
          ],
          [
            -99.19948,
            18.92079,
            0
          ],
          [
            -99.19955,
            18.92081,
            0
          ],
          [
            -99.19956,
            18.92082,
            0
          ],
          [
            -99.19988,
            18.92092,
            0
          ],
          [
            -99.20018,
            18.92098,
            0
          ],
          [
            -99.20037,
            18.921,
            0
          ],
          [
            -99.20045,
            18.921,
            0
          ],
          [
            -99.2006,
            18.92102,
            0
          ],
          [
            -99.20144,
            18.92103,
            0
          ],
          [
            -99.20221,
            18.92099,
            0
          ],
          [
            -99.20241,
            18.92099,
            0
          ],
          [
            -99.20277,
            18.92101,
            0
          ],
          [
            -99.20293,
            18.92103,
            0
          ],
          [
            -99.20387,
            18.92126,
            0
          ],
          [
            -99.20411,
            18.92134,
            0
          ],
          [
            -99.2044,
            18.92148,
            0
          ],
          [
            -99.20445,
            18.92152,
            0
          ],
          [
            -99.2047,
            18.92162,
            0
          ],
          [
            -99.20476,
            18.92165,
            0
          ],
          [
            -99.205,
            18.92171,
            0
          ],
          [
            -99.2051,
            18.92171,
            0
          ],
          [
            -99.20529,
            18.92169,
            0
          ],
          [
            -99.20625,
            18.92166,
            0
          ],
          [
            -99.20705,
            18.92176,
            0
          ],
          [
            -99.20714,
            18.92178,
            0
          ],
          [
            -99.20739,
            18.92186,
            0
          ],
          [
            -99.20762,
            18.92196,
            0
          ],
          [
            -99.20785,
            18.9221,
            0
          ],
          [
            -99.20873,
            18.92282,
            0
          ],
          [
            -99.20887,
            18.9229,
            0
          ],
          [
            -99.20912,
            18.92302,
            0
          ],
          [
            -99.20938,
            18.92312,
            0
          ],
          [
            -99.20978,
            18.92323,
            0
          ],
          [
            -99.21013,
            18.92331,
            0
          ],
          [
            -99.21041,
            18.92334,
            0
          ],
          [
            -99.2108,
            18.92343,
            0
          ],
          [
            -99.21131,
            18.92357,
            0
          ],
          [
            -99.2118,
            18.92368,
            0
          ],
          [
            -99.21211,
            18.92378,
            0
          ],
          [
            -99.21318,
            18.92403,
            0
          ],
          [
            -99.21365,
            18.9241,
            0
          ],
          [
            -99.21399,
            18.92412,
            0
          ],
          [
            -99.21694,
            18.92414,
            0
          ],
          [
            -99.2201,
            18.92407,
            0
          ],
          [
            -99.22076,
            18.92409,
            0
          ],
          [
            -99.22106,
            18.92413,
            0
          ],
          [
            -99.22163,
            18.92428,
            0
          ],
          [
            -99.22793,
            18.92572,
            0
          ],
          [
            -99.22824,
            18.92584,
            0
          ],
          [
            -99.22842,
            18.92594,
            0
          ],
          [
            -99.22864,
            18.92608,
            0
          ],
          [
            -99.22888,
            18.92628,
            0
          ],
          [
            -99.22908,
            18.92649,
            0
          ],
          [
            -99.22934,
            18.92681,
            0
          ],
          [
            -99.22951,
            18.92712,
            0
          ],
          [
            -99.22981,
            18.92784,
            0
          ],
          [
            -99.22983,
            18.92792,
            0
          ],
          [
            -99.23025,
            18.92895,
            0
          ],
          [
            -99.23043,
            18.92935,
            0
          ],
          [
            -99.23058,
            18.92977,
            0
          ],
          [
            -99.23069,
            18.93031,
            0
          ],
          [
            -99.23069,
            18.93038,
            0
          ],
          [
            -99.23071,
            18.93047,
            0
          ],
          [
            -99.23073,
            18.9307,
            0
          ],
          [
            -99.23064,
            18.93071,
            0
          ],
          [
            -99.23053,
            18.93075,
            0
          ],
          [
            -99.22967,
            18.93123,
            0
          ],
          [
            -99.22962,
            18.93124,
            0
          ],
          [
            -99.22959,
            18.93126,
            0
          ],
          [
            -99.22949,
            18.93127,
            0
          ],
          [
            -99.22934,
            18.9313,
            0
          ],
          [
            -99.22916,
            18.93132,
            0
          ],
          [
            -99.22906,
            18.93134,
            0
          ],
          [
            -99.22902,
            18.93136,
            0
          ],
          [
            -99.22899,
            18.93139,
            0
          ],
          [
            -99.22893,
            18.9315,
            0
          ],
          [
            -99.22876,
            18.93195,
            0
          ],
          [
            -99.22934,
            18.93226,
            0
          ],
          [
            -99.22966,
            18.93207,
            0
          ],
          [
            -99.22979,
            18.93205,
            0
          ],
          [
            -99.22985,
            18.93207,
            0
          ],
          [
            -99.23089,
            18.93208,
            0
          ],
          [
            -99.23173,
            18.93213,
            0
          ],
          [
            -99.23175,
            18.93212,
            0
          ],
          [
            -99.23177,
            18.93212,
            0
          ],
          [
            -99.23182,
            18.9321,
            0
          ],
          [
            -99.23196,
            18.9321,
            0
          ],
          [
            -99.23204,
            18.93209,
            0
          ],
          [
            -99.23228,
            18.93204,
            0
          ],
          [
            -99.23288,
            18.93206,
            0
          ],
          [
            -99.23295,
            18.93208,
            0
          ],
          [
            -99.23303,
            18.93209,
            0
          ],
          [
            -99.23328,
            18.93221,
            0
          ],
          [
            -99.23336,
            18.93226,
            0
          ],
          [
            -99.23347,
            18.93235,
            0
          ],
          [
            -99.23366,
            18.93257,
            0
          ],
          [
            -99.23394,
            18.93332,
            0
          ],
          [
            -99.23402,
            18.93344,
            0
          ],
          [
            -99.23415,
            18.9336,
            0
          ],
          [
            -99.23637,
            18.93551,
            0
          ],
          [
            -99.23812,
            18.93644,
            0
          ],
          [
            -99.23816,
            18.937,
            0
          ],
          [
            -99.23816,
            18.93718,
            0
          ],
          [
            -99.23822,
            18.93779,
            0
          ],
          [
            -99.23825,
            18.93834,
            0
          ],
          [
            -99.23825,
            18.93861,
            0
          ],
          [
            -99.23826,
            18.93869,
            0
          ],
          [
            -99.23828,
            18.93877,
            0
          ],
          [
            -99.23831,
            18.93884,
            0
          ],
          [
            -99.23849,
            18.93914,
            0
          ],
          [
            -99.23856,
            18.93924,
            0
          ],
          [
            -99.2386,
            18.93928,
            0
          ],
          [
            -99.23865,
            18.93931,
            0
          ],
          [
            -99.23872,
            18.93934,
            0
          ],
          [
            -99.23934,
            18.9393,
            0
          ],
          [
            -99.23982,
            18.93923,
            0
          ],
          [
            -99.24016,
            18.93931,
            0
          ],
          [
            -99.2403,
            18.93942,
            0
          ],
          [
            -99.24046,
            18.93958,
            0
          ],
          [
            -99.24122,
            18.94021,
            0
          ],
          [
            -99.24133,
            18.94027,
            0
          ],
          [
            -99.24136,
            18.94027,
            0
          ],
          [
            -99.24143,
            18.94026,
            0
          ],
          [
            -99.24179,
            18.94199,
            0
          ],
          [
            -99.24196,
            18.94264,
            0
          ],
          [
            -99.2421,
            18.94296,
            0
          ],
          [
            -99.24249,
            18.94369,
            0
          ],
          [
            -99.24372,
            18.94683,
            0
          ],
          [
            -99.24436,
            18.94875,
            0
          ],
          [
            -99.24445,
            18.94911,
            0
          ],
          [
            -99.24454,
            18.94955,
            0
          ],
          [
            -99.24463,
            18.94985,
            0
          ],
          [
            -99.24464,
            18.94993,
            0
          ],
          [
            -99.24463,
            18.95008,
            0
          ],
          [
            -99.24461,
            18.9501,
            0
          ],
          [
            -99.24461,
            18.95011,
            0
          ],
          [
            -99.2446,
            18.95012,
            0
          ],
          [
            -99.2446,
            18.95019,
            0
          ],
          [
            -99.24461,
            18.95019,
            0
          ],
          [
            -99.24461,
            18.95021,
            0
          ],
          [
            -99.24463,
            18.95023,
            0
          ],
          [
            -99.24463,
            18.95024,
            0
          ],
          [
            -99.24464,
            18.95024,
            0
          ],
          [
            -99.24464,
            18.95025,
            0
          ],
          [
            -99.24465,
            18.95025,
            0
          ],
          [
            -99.24465,
            18.95026,
            0
          ],
          [
            -99.24466,
            18.95026,
            0
          ],
          [
            -99.24467,
            18.95027,
            0
          ],
          [
            -99.24469,
            18.95027,
            0
          ],
          [
            -99.24483,
            18.95128,
            0
          ],
          [
            -99.24484,
            18.95131,
            0
          ],
          [
            -99.24504,
            18.95274,
            0
          ],
          [
            -99.24507,
            18.95289,
            0
          ],
          [
            -99.24535,
            18.95493,
            0
          ],
          [
            -99.24539,
            18.95515,
            0
          ],
          [
            -99.24556,
            18.95651,
            0
          ],
          [
            -99.24651,
            18.96293,
            0
          ],
          [
            -99.24655,
            18.96347,
            0
          ],
          [
            -99.24657,
            18.96357,
            0
          ],
          [
            -99.24671,
            18.96465,
            0
          ],
          [
            -99.24674,
            18.96509,
            0
          ],
          [
            -99.24672,
            18.96509,
            0
          ],
          [
            -99.24671,
            18.9651,
            0
          ],
          [
            -99.24669,
            18.96511,
            0
          ],
          [
            -99.24664,
            18.96516,
            0
          ],
          [
            -99.24664,
            18.96517,
            0
          ],
          [
            -99.24663,
            18.96518,
            0
          ],
          [
            -99.24663,
            18.9652,
            0
          ],
          [
            -99.24662,
            18.96521,
            0
          ],
          [
            -99.24662,
            18.96525,
            0
          ],
          [
            -99.24512,
            18.96592,
            0
          ],
          [
            -99.24482,
            18.96607,
            0
          ],
          [
            -99.24479,
            18.96608,
            0
          ],
          [
            -99.24466,
            18.96615,
            0
          ],
          [
            -99.24219,
            18.96725,
            0
          ],
          [
            -99.24127,
            18.96769,
            0
          ],
          [
            -99.24112,
            18.96775,
            0
          ],
          [
            -99.24104,
            18.96779,
            0
          ],
          [
            -99.24086,
            18.96785,
            0
          ],
          [
            -99.24084,
            18.96786,
            0
          ],
          [
            -99.24079,
            18.96787,
            0
          ],
          [
            -99.24074,
            18.96787,
            0
          ],
          [
            -99.24048,
            18.9679,
            0
          ],
          [
            -99.24048,
            18.96789,
            0
          ],
          [
            -99.24047,
            18.96789,
            0
          ],
          [
            -99.24046,
            18.96788,
            0
          ],
          [
            -99.24046,
            18.96787,
            0
          ],
          [
            -99.24045,
            18.96787,
            0
          ],
          [
            -99.24044,
            18.96786,
            0
          ],
          [
            -99.24043,
            18.96786,
            0
          ],
          [
            -99.24043,
            18.96785,
            0
          ],
          [
            -99.24041,
            18.96785,
            0
          ],
          [
            -99.24039,
            18.96784,
            0
          ],
          [
            -99.24028,
            18.96784,
            0
          ],
          [
            -99.24015,
            18.96786,
            0
          ],
          [
            -99.23994,
            18.96776,
            0
          ],
          [
            -99.23984,
            18.96776,
            0
          ],
          [
            -99.23968,
            18.96778,
            0
          ],
          [
            -99.23905,
            18.9678,
            0
          ],
          [
            -99.23878,
            18.96776,
            0
          ],
          [
            -99.23804,
            18.96748,
            0
          ],
          [
            -99.23732,
            18.96726,
            0
          ],
          [
            -99.23718,
            18.96723,
            0
          ],
          [
            -99.23618,
            18.96688,
            0
          ],
          [
            -99.23583,
            18.96674,
            0
          ],
          [
            -99.23582,
            18.96674,
            0
          ],
          [
            -99.23569,
            18.96669,
            0
          ],
          [
            -99.23565,
            18.96668,
            0
          ],
          [
            -99.2352,
            18.96651,
            0
          ],
          [
            -99.23498,
            18.96647,
            0
          ],
          [
            -99.23483,
            18.96647,
            0
          ],
          [
            -99.2346,
            18.96649,
            0
          ],
          [
            -99.23448,
            18.96651,
            0
          ],
          [
            -99.23443,
            18.96653,
            0
          ],
          [
            -99.23406,
            18.96663,
            0
          ],
          [
            -99.23399,
            18.96666,
            0
          ],
          [
            -99.23385,
            18.96666,
            0
          ],
          [
            -99.23235,
            18.9671,
            0
          ],
          [
            -99.23234,
            18.9671,
            0
          ],
          [
            -99.23069,
            18.96759,
            0
          ],
          [
            -99.22895,
            18.96816,
            0
          ],
          [
            -99.22884,
            18.96822,
            0
          ],
          [
            -99.22792,
            18.96847,
            0
          ],
          [
            -99.2277,
            18.96857,
            0
          ],
          [
            -99.22766,
            18.9686,
            0
          ],
          [
            -99.22759,
            18.96867,
            0
          ],
          [
            -99.22757,
            18.96871,
            0
          ],
          [
            -99.2275,
            18.96881,
            0
          ],
          [
            -99.22748,
            18.96895,
            0
          ],
          [
            -99.22747,
            18.9692,
            0
          ],
          [
            -99.22744,
            18.96937,
            0
          ],
          [
            -99.22743,
            18.96939,
            0
          ],
          [
            -99.2274,
            18.96942,
            0
          ],
          [
            -99.22727,
            18.96951,
            0
          ],
          [
            -99.22719,
            18.96954,
            0
          ],
          [
            -99.22714,
            18.96955,
            0
          ],
          [
            -99.22634,
            18.96952,
            0
          ],
          [
            -99.22516,
            18.96952,
            0
          ],
          [
            -99.22399,
            18.96948,
            0
          ],
          [
            -99.22239,
            18.9695,
            0
          ],
          [
            -99.22202,
            18.96948,
            0
          ],
          [
            -99.22108,
            18.96947,
            0
          ],
          [
            -99.21556,
            18.96956,
            0
          ],
          [
            -99.21384,
            18.96962,
            0
          ],
          [
            -99.21376,
            18.9696,
            0
          ],
          [
            -99.21342,
            18.96959,
            0
          ],
          [
            -99.21205,
            18.96969,
            0
          ],
          [
            -99.2107,
            18.96973,
            0
          ],
          [
            -99.21061,
            18.96975,
            0
          ],
          [
            -99.20806,
            18.9698,
            0
          ],
          [
            -99.20382,
            18.96997,
            0
          ],
          [
            -99.20203,
            18.97001,
            0
          ],
          [
            -99.20174,
            18.97007,
            0
          ],
          [
            -99.20161,
            18.97011,
            0
          ],
          [
            -99.20156,
            18.97014,
            0
          ],
          [
            -99.2015,
            18.97016,
            0
          ],
          [
            -99.20139,
            18.97023,
            0
          ],
          [
            -99.20136,
            18.97026,
            0
          ],
          [
            -99.20126,
            18.97033,
            0
          ],
          [
            -99.20093,
            18.9707,
            0
          ],
          [
            -99.20086,
            18.9708,
            0
          ],
          [
            -99.20082,
            18.97084,
            0
          ],
          [
            -99.20006,
            18.97177,
            0
          ],
          [
            -99.19984,
            18.97198,
            0
          ],
          [
            -99.19967,
            18.97208,
            0
          ],
          [
            -99.19944,
            18.97215,
            0
          ],
          [
            -99.19911,
            18.97217,
            0
          ],
          [
            -99.19899,
            18.97215,
            0
          ],
          [
            -99.19886,
            18.97214,
            0
          ],
          [
            -99.19881,
            18.97208,
            0
          ],
          [
            -99.1978,
            18.97193,
            0
          ],
          [
            -99.19775,
            18.97193,
            0
          ]
        ]
      },
      "properties": {
        "description": {
          "@type": "html",
          "value": "descripción: <br>OID: <br>ZONA: CENTRO<br>RUTA: RUTA 7<br>ITINERARIO: 2.-COL. INDEPENDENCIA-COL. JOYA-TECNOS (MONUMENTO LA PAZ)<br>DESCRIPCIO: COL. INDEPENDENCIA-COL. JOYA-TECNOS (MONUMENTO LA PAZ)<br>AUTO-AMPL: <br>DEFIN-PROV: <br>DURACION: <br>FOLIO: "
        },
        "styleUrl": "#line-0097A7-1200",
        "stroke-opacity": 1,
        "stroke": "#0097a7",
        "stroke-width": 1.2,
        "descripción": "",
        "OID": "",
        "ZONA": "CENTRO",
        "RUTA": "RUTA 7",
        "ITINERARIO": "2.-COL. INDEPENDENCIA-COL. JOYA-TECNOS (MONUMENTO LA PAZ)",
        "DESCRIPCIO": "COL. INDEPENDENCIA-COL. JOYA-TECNOS (MONUMENTO LA PAZ)",
        "AUTO-AMPL": "",
        "DEFIN-PROV": "",
        "DURACION": "",
        "FOLIO": ""
      }
    },
    {
      "type": "Feature",
      "geometry": {
        "type": "LineString",
        "coordinates": [
          [
            -99.13207,
            18.87964,
            0
          ],
          [
            -99.13209,
            18.87967,
            0
          ],
          [
            -99.13213,
            18.87976,
            0
          ],
          [
            -99.13215,
            18.87983,
            0
          ],
          [
            -99.13215,
            18.87984,
            0
          ],
          [
            -99.13215,
            18.87989,
            0
          ],
          [
            -99.13213,
            18.87997,
            0
          ],
          [
            -99.1321,
            18.88001,
            0
          ],
          [
            -99.13209,
            18.88004,
            0
          ],
          [
            -99.13194,
            18.88018,
            0
          ],
          [
            -99.13177,
            18.88033,
            0
          ],
          [
            -99.13165,
            18.88041,
            0
          ],
          [
            -99.13153,
            18.88047,
            0
          ],
          [
            -99.1315,
            18.88048,
            0
          ],
          [
            -99.13146,
            18.8805,
            0
          ],
          [
            -99.13112,
            18.88066,
            0
          ],
          [
            -99.13104,
            18.88069,
            0
          ],
          [
            -99.13085,
            18.88076,
            0
          ],
          [
            -99.13053,
            18.88088,
            0
          ],
          [
            -99.13024,
            18.881,
            0
          ],
          [
            -99.1299,
            18.88111,
            0
          ],
          [
            -99.12931,
            18.88133,
            0
          ],
          [
            -99.12868,
            18.88154,
            0
          ],
          [
            -99.12833,
            18.88166,
            0
          ],
          [
            -99.12808,
            18.88175,
            0
          ],
          [
            -99.12797,
            18.88148,
            0
          ],
          [
            -99.12794,
            18.88141,
            0
          ],
          [
            -99.12787,
            18.88125,
            0
          ],
          [
            -99.12778,
            18.88105,
            0
          ],
          [
            -99.12768,
            18.88086,
            0
          ],
          [
            -99.12762,
            18.88076,
            0
          ],
          [
            -99.12756,
            18.88066,
            0
          ],
          [
            -99.12752,
            18.88061,
            0
          ],
          [
            -99.12749,
            18.88057,
            0
          ],
          [
            -99.12744,
            18.88049,
            0
          ],
          [
            -99.12736,
            18.88042,
            0
          ],
          [
            -99.12712,
            18.88023,
            0
          ],
          [
            -99.12681,
            18.87999,
            0
          ],
          [
            -99.12663,
            18.87987,
            0
          ],
          [
            -99.12631,
            18.87966,
            0
          ],
          [
            -99.12622,
            18.87977,
            0
          ],
          [
            -99.12612,
            18.87993,
            0
          ],
          [
            -99.1261,
            18.87995,
            0
          ],
          [
            -99.12603,
            18.88008,
            0
          ],
          [
            -99.12593,
            18.88024,
            0
          ],
          [
            -99.12584,
            18.88039,
            0
          ],
          [
            -99.12572,
            18.88039,
            0
          ],
          [
            -99.1256,
            18.88031,
            0
          ],
          [
            -99.12544,
            18.88019,
            0
          ],
          [
            -99.12525,
            18.88008,
            0
          ],
          [
            -99.1251,
            18.87998,
            0
          ],
          [
            -99.12505,
            18.87995,
            0
          ],
          [
            -99.12456,
            18.87964,
            0
          ],
          [
            -99.12444,
            18.87956,
            0
          ],
          [
            -99.12406,
            18.87932,
            0
          ],
          [
            -99.12386,
            18.87921,
            0
          ],
          [
            -99.12377,
            18.87915,
            0
          ],
          [
            -99.12367,
            18.8791,
            0
          ],
          [
            -99.12359,
            18.87906,
            0
          ],
          [
            -99.12356,
            18.87906,
            0
          ],
          [
            -99.12352,
            18.87904,
            0
          ],
          [
            -99.12346,
            18.87902,
            0
          ],
          [
            -99.12333,
            18.879,
            0
          ],
          [
            -99.12319,
            18.87899,
            0
          ],
          [
            -99.12296,
            18.87897,
            0
          ],
          [
            -99.12242,
            18.87894,
            0
          ],
          [
            -99.12238,
            18.87894,
            0
          ],
          [
            -99.12236,
            18.87894,
            0
          ],
          [
            -99.1223,
            18.87895,
            0
          ],
          [
            -99.12226,
            18.87896,
            0
          ],
          [
            -99.12222,
            18.87899,
            0
          ],
          [
            -99.12221,
            18.87899,
            0
          ],
          [
            -99.12215,
            18.87903,
            0
          ],
          [
            -99.12208,
            18.87909,
            0
          ],
          [
            -99.12202,
            18.87916,
            0
          ],
          [
            -99.12197,
            18.87925,
            0
          ],
          [
            -99.12187,
            18.87954,
            0
          ],
          [
            -99.12184,
            18.87961,
            0
          ],
          [
            -99.12178,
            18.87978,
            0
          ],
          [
            -99.12173,
            18.87996,
            0
          ],
          [
            -99.12169,
            18.88013,
            0
          ],
          [
            -99.1217,
            18.88023,
            0
          ],
          [
            -99.12174,
            18.88035,
            0
          ],
          [
            -99.12181,
            18.88051,
            0
          ],
          [
            -99.12197,
            18.88075,
            0
          ],
          [
            -99.12205,
            18.8809,
            0
          ],
          [
            -99.12209,
            18.88098,
            0
          ],
          [
            -99.12214,
            18.88105,
            0
          ],
          [
            -99.12218,
            18.88113,
            0
          ],
          [
            -99.12236,
            18.88145,
            0
          ],
          [
            -99.12253,
            18.88174,
            0
          ],
          [
            -99.12263,
            18.88192,
            0
          ],
          [
            -99.12277,
            18.88216,
            0
          ],
          [
            -99.12281,
            18.88224,
            0
          ],
          [
            -99.12286,
            18.88229,
            0
          ],
          [
            -99.12277,
            18.8826,
            0
          ],
          [
            -99.12302,
            18.88289,
            0
          ],
          [
            -99.12318,
            18.88309,
            0
          ],
          [
            -99.1232,
            18.88313,
            0
          ],
          [
            -99.12322,
            18.88316,
            0
          ],
          [
            -99.12323,
            18.88319,
            0
          ],
          [
            -99.12324,
            18.88322,
            0
          ]
        ]
      },
      "properties": {
        "description": {
          "@type": "html",
          "value": "descripción: <br>OID: <br>ZONA: CENTRO<br>RUTA: RUTA 7<br>ITINERARIO: COL. LOMAS DE CHAPULTEPEC<br>DESCRIPCIO: COL. LOMAS DE CHAPULTEPEC<br>AUTO-AMPL: <br>DEFIN-PROV: <br>DURACION: <br>FOLIO: "
        },
        "styleUrl": "#line-673AB7-1200",
        "stroke-opacity": 1,
        "stroke": "#673ab7",
        "stroke-width": 1.2,
        "descripción": "",
        "OID": "",
        "ZONA": "CENTRO",
        "RUTA": "RUTA 7",
        "ITINERARIO": "COL. LOMAS DE CHAPULTEPEC",
        "DESCRIPCIO": "COL. LOMAS DE CHAPULTEPEC",
        "AUTO-AMPL": "",
        "DEFIN-PROV": "",
        "DURACION": "",
        "FOLIO": ""
      }
    },
    {
      "type": "Feature",
      "geometry": {
        "type": "LineString",
        "coordinates": [
          [
            -99.19734,
            18.9719,
            0
          ],
          [
            -99.19696,
            18.97189,
            0
          ],
          [
            -99.19639,
            18.97179,
            0
          ],
          [
            -99.19592,
            18.9717,
            0
          ],
          [
            -99.19575,
            18.97167,
            0
          ],
          [
            -99.19556,
            18.97166,
            0
          ],
          [
            -99.19538,
            18.97165,
            0
          ],
          [
            -99.19525,
            18.97165,
            0
          ],
          [
            -99.19515,
            18.97166,
            0
          ],
          [
            -99.19508,
            18.97167,
            0
          ],
          [
            -99.19496,
            18.9717,
            0
          ],
          [
            -99.19488,
            18.97172,
            0
          ],
          [
            -99.19486,
            18.97173,
            0
          ],
          [
            -99.19474,
            18.97178,
            0
          ],
          [
            -99.19464,
            18.97184,
            0
          ],
          [
            -99.19455,
            18.9719,
            0
          ],
          [
            -99.19448,
            18.97194,
            0
          ],
          [
            -99.19439,
            18.97202,
            0
          ],
          [
            -99.19432,
            18.97207,
            0
          ],
          [
            -99.19429,
            18.97209,
            0
          ],
          [
            -99.19424,
            18.97213,
            0
          ],
          [
            -99.19415,
            18.97218,
            0
          ],
          [
            -99.1941,
            18.9722,
            0
          ],
          [
            -99.19402,
            18.97224,
            0
          ],
          [
            -99.19396,
            18.97226,
            0
          ],
          [
            -99.1939,
            18.97228,
            0
          ],
          [
            -99.1938,
            18.97231,
            0
          ],
          [
            -99.19366,
            18.97234,
            0
          ],
          [
            -99.19354,
            18.97235,
            0
          ],
          [
            -99.19331,
            18.9724,
            0
          ],
          [
            -99.19304,
            18.97243,
            0
          ],
          [
            -99.19281,
            18.97245,
            0
          ],
          [
            -99.19267,
            18.97245,
            0
          ],
          [
            -99.19248,
            18.97245,
            0
          ],
          [
            -99.19217,
            18.97244,
            0
          ],
          [
            -99.19212,
            18.97244,
            0
          ],
          [
            -99.19141,
            18.97241,
            0
          ],
          [
            -99.19139,
            18.97237,
            0
          ],
          [
            -99.19135,
            18.97234,
            0
          ],
          [
            -99.1913,
            18.97231,
            0
          ],
          [
            -99.19125,
            18.97228,
            0
          ],
          [
            -99.19123,
            18.97226,
            0
          ],
          [
            -99.19121,
            18.97222,
            0
          ],
          [
            -99.19121,
            18.9722,
            0
          ],
          [
            -99.1912,
            18.97218,
            0
          ],
          [
            -99.19116,
            18.97169,
            0
          ],
          [
            -99.19115,
            18.97164,
            0
          ],
          [
            -99.19108,
            18.97061,
            0
          ],
          [
            -99.19103,
            18.97015,
            0
          ],
          [
            -99.19101,
            18.9699,
            0
          ],
          [
            -99.191,
            18.96971,
            0
          ],
          [
            -99.19096,
            18.96937,
            0
          ],
          [
            -99.19095,
            18.96927,
            0
          ],
          [
            -99.19093,
            18.96885,
            0
          ],
          [
            -99.19089,
            18.96843,
            0
          ],
          [
            -99.19085,
            18.96798,
            0
          ],
          [
            -99.1908,
            18.96751,
            0
          ],
          [
            -99.19077,
            18.96723,
            0
          ],
          [
            -99.19073,
            18.9671,
            0
          ],
          [
            -99.19061,
            18.96673,
            0
          ],
          [
            -99.19044,
            18.96623,
            0
          ],
          [
            -99.19037,
            18.96601,
            0
          ],
          [
            -99.19018,
            18.96543,
            0
          ],
          [
            -99.19007,
            18.96514,
            0
          ],
          [
            -99.19006,
            18.96511,
            0
          ],
          [
            -99.19004,
            18.9651,
            0
          ],
          [
            -99.19002,
            18.96506,
            0
          ],
          [
            -99.18997,
            18.965,
            0
          ],
          [
            -99.18988,
            18.96491,
            0
          ],
          [
            -99.18899,
            18.96396,
            0
          ],
          [
            -99.189,
            18.96395,
            0
          ],
          [
            -99.18901,
            18.96394,
            0
          ],
          [
            -99.18902,
            18.96392,
            0
          ],
          [
            -99.18903,
            18.96391,
            0
          ],
          [
            -99.18903,
            18.9639,
            0
          ],
          [
            -99.18904,
            18.96388,
            0
          ],
          [
            -99.18904,
            18.96387,
            0
          ],
          [
            -99.18905,
            18.96385,
            0
          ],
          [
            -99.18905,
            18.96384,
            0
          ],
          [
            -99.18905,
            18.96382,
            0
          ],
          [
            -99.18905,
            18.96381,
            0
          ],
          [
            -99.18904,
            18.96379,
            0
          ],
          [
            -99.18904,
            18.96378,
            0
          ],
          [
            -99.18904,
            18.96376,
            0
          ],
          [
            -99.18903,
            18.96375,
            0
          ],
          [
            -99.18902,
            18.96374,
            0
          ],
          [
            -99.18901,
            18.96372,
            0
          ],
          [
            -99.189,
            18.96371,
            0
          ],
          [
            -99.18899,
            18.96369,
            0
          ],
          [
            -99.18897,
            18.96368,
            0
          ],
          [
            -99.18896,
            18.96367,
            0
          ],
          [
            -99.18894,
            18.96367,
            0
          ],
          [
            -99.18893,
            18.96366,
            0
          ],
          [
            -99.18892,
            18.96365,
            0
          ],
          [
            -99.1889,
            18.96365,
            0
          ],
          [
            -99.18888,
            18.96365,
            0
          ],
          [
            -99.18887,
            18.96364,
            0
          ],
          [
            -99.18885,
            18.96364,
            0
          ],
          [
            -99.18884,
            18.96364,
            0
          ],
          [
            -99.18882,
            18.96365,
            0
          ],
          [
            -99.18881,
            18.96365,
            0
          ],
          [
            -99.18879,
            18.96365,
            0
          ],
          [
            -99.18878,
            18.96366,
            0
          ],
          [
            -99.18876,
            18.96367,
            0
          ],
          [
            -99.18875,
            18.96367,
            0
          ],
          [
            -99.18874,
            18.96368,
            0
          ],
          [
            -99.18872,
            18.96369,
            0
          ],
          [
            -99.18871,
            18.96371,
            0
          ],
          [
            -99.1887,
            18.96372,
            0
          ],
          [
            -99.18869,
            18.96373,
            0
          ],
          [
            -99.18868,
            18.96375,
            0
          ],
          [
            -99.18867,
            18.96376,
            0
          ],
          [
            -99.18867,
            18.96377,
            0
          ],
          [
            -99.18866,
            18.96379,
            0
          ],
          [
            -99.18866,
            18.9638,
            0
          ],
          [
            -99.18866,
            18.96382,
            0
          ],
          [
            -99.18866,
            18.96383,
            0
          ],
          [
            -99.18866,
            18.96385,
            0
          ],
          [
            -99.18866,
            18.96386,
            0
          ],
          [
            -99.18867,
            18.96388,
            0
          ],
          [
            -99.18867,
            18.96389,
            0
          ],
          [
            -99.18868,
            18.96391,
            0
          ],
          [
            -99.18868,
            18.96392,
            0
          ],
          [
            -99.18869,
            18.96393,
            0
          ],
          [
            -99.1887,
            18.96394,
            0
          ],
          [
            -99.18871,
            18.96395,
            0
          ],
          [
            -99.18872,
            18.96397,
            0
          ],
          [
            -99.18849,
            18.96412,
            0
          ],
          [
            -99.18816,
            18.96443,
            0
          ],
          [
            -99.18745,
            18.96369,
            0
          ],
          [
            -99.18716,
            18.9634,
            0
          ],
          [
            -99.18711,
            18.96335,
            0
          ],
          [
            -99.18709,
            18.96332,
            0
          ],
          [
            -99.18705,
            18.96325,
            0
          ],
          [
            -99.18705,
            18.96324,
            0
          ],
          [
            -99.187,
            18.96311,
            0
          ],
          [
            -99.18699,
            18.96308,
            0
          ],
          [
            -99.18697,
            18.96301,
            0
          ],
          [
            -99.18694,
            18.96295,
            0
          ],
          [
            -99.18692,
            18.96291,
            0
          ],
          [
            -99.18691,
            18.9629,
            0
          ],
          [
            -99.18683,
            18.9628,
            0
          ],
          [
            -99.1868,
            18.96277,
            0
          ],
          [
            -99.18654,
            18.96251,
            0
          ],
          [
            -99.18647,
            18.96244,
            0
          ],
          [
            -99.18641,
            18.96238,
            0
          ],
          [
            -99.18617,
            18.9621,
            0
          ],
          [
            -99.18571,
            18.96161,
            0
          ],
          [
            -99.18544,
            18.96134,
            0
          ],
          [
            -99.18538,
            18.96127,
            0
          ],
          [
            -99.18528,
            18.96115,
            0
          ],
          [
            -99.185,
            18.96134,
            0
          ],
          [
            -99.18496,
            18.96137,
            0
          ]
        ]
      },
      "properties": {
        "name": "Indicaciones de Calle Jacarandas 142, Gloria Almada de Bejarano, 62304 Cuernavaca, Mor., México a Río Balsas 2, 62324 Cuernavaca, Mor., México",
        "styleUrl": "#line-4E342E-5000-nodesc",
        "stroke-opacity": 1,
        "stroke": "#4e342e",
        "stroke-width": 5
      }
    }
  ]
}