{
  "type": "FeatureCollection",
  "features": [
    {
      "type": "Feature",
      "geometry": {
        "type": "LineString",
        "coordinates": [
          [
            -99.25412,
            18.93139,
            0
          ],
          [
            -99.25369,
            18.93075,
            0
          ],
          [
            -99.25354,
            18.93053,
            0
          ],
          [
            -99.25336,
            18.93026,
            0
          ],
          [
            -99.25312,
            18.92986,
            0
          ],
          [
            -99.25292,
            18.92951,
            0
          ],
          [
            -99.25289,
            18.92946,
            0
          ],
          [
            -99.25203,
            18.92811,
            0
          ],
          [
            -99.25191,
            18.9279,
            0
          ],
          [
            -99.2518,
            18.92773,
            0
          ],
          [
            -99.25169,
            18.92754,
            0
          ],
          [
            -99.25157,
            18.92737,
            0
          ],
          [
            -99.25147,
            18.92719,
            0
          ],
          [
            -99.25137,
            18.92702,
            0
          ],
          [
            -99.25125,
            18.92685,
            0
          ],
          [
            -99.25103,
            18.92649,
            0
          ],
          [
            -99.25098,
            18.92642,
            0
          ],
          [
            -99.25085,
            18.92622,
            0
          ],
          [
            -99.25081,
            18.92611,
            0
          ],
          [
            -99.25077,
            18.92605,
            0
          ],
          [
            -99.25065,
            18.92588,
            0
          ],
          [
            -99.25054,
            18.92571,
            0
          ],
          [
            -99.2505,
            18.92566,
            0
          ],
          [
            -99.25026,
            18.92528,
            0
          ],
          [
            -99.25005,
            18.92492,
            0
          ],
          [
            -99.24983,
            18.92454,
            0
          ],
          [
            -99.24961,
            18.92421,
            0
          ],
          [
            -99.24957,
            18.92414,
            0
          ],
          [
            -99.24939,
            18.92386,
            0
          ],
          [
            -99.24938,
            18.92384,
            0
          ],
          [
            -99.24913,
            18.92345,
            0
          ],
          [
            -99.24903,
            18.92329,
            0
          ],
          [
            -99.24882,
            18.92293,
            0
          ],
          [
            -99.24871,
            18.92274,
            0
          ],
          [
            -99.24866,
            18.92265,
            0
          ],
          [
            -99.24842,
            18.9223,
            0
          ],
          [
            -99.24831,
            18.92211,
            0
          ],
          [
            -99.24828,
            18.92208,
            0
          ],
          [
            -99.24764,
            18.92098,
            0
          ],
          [
            -99.24722,
            18.92024,
            0
          ],
          [
            -99.2469,
            18.91966,
            0
          ],
          [
            -99.24637,
            18.91871,
            0
          ],
          [
            -99.24588,
            18.91789,
            0
          ],
          [
            -99.24521,
            18.91795,
            0
          ],
          [
            -99.24577,
            18.91893,
            0
          ],
          [
            -99.24627,
            18.91981,
            0
          ],
          [
            -99.24656,
            18.92035,
            0
          ],
          [
            -99.24698,
            18.92111,
            0
          ],
          [
            -99.24718,
            18.92147,
            0
          ],
          [
            -99.24761,
            18.92226,
            0
          ],
          [
            -99.24705,
            18.9224,
            0
          ],
          [
            -99.24699,
            18.92241,
            0
          ],
          [
            -99.2469,
            18.92242,
            0
          ],
          [
            -99.24679,
            18.92241,
            0
          ],
          [
            -99.24669,
            18.92237,
            0
          ],
          [
            -99.24667,
            18.92237,
            0
          ],
          [
            -99.24647,
            18.92226,
            0
          ],
          [
            -99.24626,
            18.92215,
            0
          ],
          [
            -99.24584,
            18.92202,
            0
          ],
          [
            -99.24548,
            18.9219,
            0
          ],
          [
            -99.2451,
            18.9218,
            0
          ],
          [
            -99.24505,
            18.92179,
            0
          ],
          [
            -99.245,
            18.92178,
            0
          ],
          [
            -99.24495,
            18.92178,
            0
          ],
          [
            -99.2449,
            18.92179,
            0
          ],
          [
            -99.24485,
            18.9218,
            0
          ],
          [
            -99.24481,
            18.92182,
            0
          ],
          [
            -99.24477,
            18.92186,
            0
          ],
          [
            -99.24474,
            18.92189,
            0
          ],
          [
            -99.24472,
            18.92194,
            0
          ],
          [
            -99.2447,
            18.922,
            0
          ],
          [
            -99.2447,
            18.92204,
            0
          ],
          [
            -99.24471,
            18.92208,
            0
          ],
          [
            -99.24477,
            18.92225,
            0
          ],
          [
            -99.24488,
            18.92251,
            0
          ],
          [
            -99.24503,
            18.92289,
            0
          ],
          [
            -99.24519,
            18.92328,
            0
          ],
          [
            -99.24523,
            18.92336,
            0
          ],
          [
            -99.24525,
            18.92345,
            0
          ],
          [
            -99.24526,
            18.92352,
            0
          ],
          [
            -99.24527,
            18.92359,
            0
          ],
          [
            -99.24526,
            18.92366,
            0
          ],
          [
            -99.24525,
            18.92372,
            0
          ],
          [
            -99.24524,
            18.92376,
            0
          ],
          [
            -99.24522,
            18.92382,
            0
          ],
          [
            -99.2452,
            18.92389,
            0
          ],
          [
            -99.24518,
            18.92395,
            0
          ],
          [
            -99.24505,
            18.92432,
            0
          ],
          [
            -99.24499,
            18.92449,
            0
          ],
          [
            -99.24498,
            18.92454,
            0
          ],
          [
            -99.24498,
            18.92458,
            0
          ],
          [
            -99.24498,
            18.92463,
            0
          ],
          [
            -99.24499,
            18.9247,
            0
          ],
          [
            -99.24502,
            18.92476,
            0
          ],
          [
            -99.24526,
            18.9252,
            0
          ],
          [
            -99.24538,
            18.92538,
            0
          ],
          [
            -99.24555,
            18.92565,
            0
          ],
          [
            -99.24557,
            18.92566,
            0
          ],
          [
            -99.2456,
            18.9257,
            0
          ],
          [
            -99.24571,
            18.92581,
            0
          ],
          [
            -99.24652,
            18.92659,
            0
          ],
          [
            -99.24674,
            18.92684,
            0
          ],
          [
            -99.24675,
            18.92709,
            0
          ],
          [
            -99.24652,
            18.92732,
            0
          ],
          [
            -99.24643,
            18.92743,
            0
          ],
          [
            -99.24638,
            18.92753,
            0
          ],
          [
            -99.24622,
            18.92791,
            0
          ],
          [
            -99.24617,
            18.92821,
            0
          ],
          [
            -99.24618,
            18.92858,
            0
          ],
          [
            -99.24618,
            18.92877,
            0
          ],
          [
            -99.24617,
            18.92881,
            0
          ],
          [
            -99.24615,
            18.92885,
            0
          ],
          [
            -99.24613,
            18.92888,
            0
          ],
          [
            -99.2461,
            18.92892,
            0
          ],
          [
            -99.24603,
            18.92899,
            0
          ],
          [
            -99.24584,
            18.92918,
            0
          ],
          [
            -99.24561,
            18.92927,
            0
          ],
          [
            -99.24552,
            18.9293,
            0
          ],
          [
            -99.24524,
            18.92937,
            0
          ],
          [
            -99.24517,
            18.92937,
            0
          ],
          [
            -99.24503,
            18.92938,
            0
          ],
          [
            -99.24491,
            18.92939,
            0
          ],
          [
            -99.24483,
            18.92941,
            0
          ],
          [
            -99.24477,
            18.92946,
            0
          ],
          [
            -99.2444,
            18.92987,
            0
          ],
          [
            -99.24421,
            18.93,
            0
          ],
          [
            -99.24411,
            18.92989,
            0
          ],
          [
            -99.24363,
            18.92913,
            0
          ],
          [
            -99.2436,
            18.9291,
            0
          ],
          [
            -99.24354,
            18.92902,
            0
          ],
          [
            -99.24358,
            18.92968,
            0
          ],
          [
            -99.24358,
            18.92984,
            0
          ],
          [
            -99.24358,
            18.93006,
            0
          ],
          [
            -99.24359,
            18.93025,
            0
          ],
          [
            -99.24359,
            18.93036,
            0
          ],
          [
            -99.24358,
            18.9305,
            0
          ],
          [
            -99.24356,
            18.93055,
            0
          ],
          [
            -99.24353,
            18.93057,
            0
          ],
          [
            -99.2435,
            18.93059,
            0
          ],
          [
            -99.24347,
            18.93061,
            0
          ],
          [
            -99.24341,
            18.93063,
            0
          ],
          [
            -99.24332,
            18.93065,
            0
          ],
          [
            -99.24322,
            18.93065,
            0
          ],
          [
            -99.24311,
            18.93066,
            0
          ],
          [
            -99.24302,
            18.93065,
            0
          ],
          [
            -99.2429,
            18.93063,
            0
          ],
          [
            -99.24288,
            18.93099,
            0
          ],
          [
            -99.24279,
            18.93134,
            0
          ],
          [
            -99.24272,
            18.9315,
            0
          ],
          [
            -99.24261,
            18.93176,
            0
          ],
          [
            -99.24259,
            18.93183,
            0
          ],
          [
            -99.24258,
            18.93194,
            0
          ],
          [
            -99.24257,
            18.93205,
            0
          ],
          [
            -99.24256,
            18.9323,
            0
          ],
          [
            -99.24257,
            18.9325,
            0
          ],
          [
            -99.24257,
            18.93259,
            0
          ],
          [
            -99.24232,
            18.93255,
            0
          ],
          [
            -99.24186,
            18.93244,
            0
          ],
          [
            -99.24135,
            18.93232,
            0
          ],
          [
            -99.24114,
            18.93282,
            0
          ],
          [
            -99.24114,
            18.93298,
            0
          ],
          [
            -99.24113,
            18.93298,
            0
          ],
          [
            -99.24113,
            18.93297,
            0
          ],
          [
            -99.24112,
            18.93297,
            0
          ],
          [
            -99.24111,
            18.93297,
            0
          ],
          [
            -99.2411,
            18.93297,
            0
          ],
          [
            -99.2411,
            18.93298,
            0
          ],
          [
            -99.24109,
            18.93298,
            0
          ],
          [
            -99.24108,
            18.93298,
            0
          ],
          [
            -99.24108,
            18.93299,
            0
          ],
          [
            -99.24107,
            18.93299,
            0
          ],
          [
            -99.24107,
            18.933,
            0
          ],
          [
            -99.24087,
            18.93298,
            0
          ],
          [
            -99.24082,
            18.93293,
            0
          ],
          [
            -99.2407,
            18.93285,
            0
          ],
          [
            -99.24058,
            18.93275,
            0
          ],
          [
            -99.24046,
            18.93265,
            0
          ],
          [
            -99.24027,
            18.93228,
            0
          ],
          [
            -99.24013,
            18.93199,
            0
          ],
          [
            -99.24008,
            18.93187,
            0
          ],
          [
            -99.24006,
            18.93179,
            0
          ],
          [
            -99.24005,
            18.93169,
            0
          ],
          [
            -99.24006,
            18.93156,
            0
          ],
          [
            -99.24013,
            18.93126,
            0
          ],
          [
            -99.24021,
            18.93068,
            0
          ],
          [
            -99.24021,
            18.93067,
            0
          ],
          [
            -99.24023,
            18.93036,
            0
          ],
          [
            -99.24025,
            18.92971,
            0
          ],
          [
            -99.24027,
            18.92956,
            0
          ],
          [
            -99.24029,
            18.92947,
            0
          ],
          [
            -99.24036,
            18.92929,
            0
          ],
          [
            -99.2404,
            18.92911,
            0
          ],
          [
            -99.24043,
            18.92811,
            0
          ],
          [
            -99.24047,
            18.92754,
            0
          ],
          [
            -99.24045,
            18.92677,
            0
          ],
          [
            -99.24043,
            18.92665,
            0
          ],
          [
            -99.24042,
            18.9266,
            0
          ],
          [
            -99.24028,
            18.92631,
            0
          ],
          [
            -99.23988,
            18.92569,
            0
          ],
          [
            -99.23986,
            18.92562,
            0
          ],
          [
            -99.23983,
            18.92547,
            0
          ],
          [
            -99.23976,
            18.92472,
            0
          ],
          [
            -99.23973,
            18.92447,
            0
          ],
          [
            -99.23972,
            18.92438,
            0
          ],
          [
            -99.23965,
            18.92439,
            0
          ],
          [
            -99.23869,
            18.92443,
            0
          ],
          [
            -99.23831,
            18.92446,
            0
          ],
          [
            -99.2383,
            18.92446,
            0
          ],
          [
            -99.23815,
            18.92446,
            0
          ],
          [
            -99.23809,
            18.92446,
            0
          ],
          [
            -99.23801,
            18.92446,
            0
          ],
          [
            -99.23794,
            18.92444,
            0
          ],
          [
            -99.23789,
            18.92443,
            0
          ],
          [
            -99.23782,
            18.92443,
            0
          ],
          [
            -99.2376,
            18.92446,
            0
          ],
          [
            -99.23733,
            18.92447,
            0
          ],
          [
            -99.23696,
            18.9245,
            0
          ],
          [
            -99.23661,
            18.92454,
            0
          ],
          [
            -99.23624,
            18.9246,
            0
          ],
          [
            -99.23574,
            18.92468,
            0
          ],
          [
            -99.23528,
            18.92472,
            0
          ],
          [
            -99.2352,
            18.92472,
            0
          ],
          [
            -99.23517,
            18.92472,
            0
          ],
          [
            -99.23484,
            18.92475,
            0
          ],
          [
            -99.23432,
            18.9248,
            0
          ],
          [
            -99.23429,
            18.9248,
            0
          ],
          [
            -99.23425,
            18.92482,
            0
          ],
          [
            -99.23421,
            18.92483,
            0
          ],
          [
            -99.23408,
            18.9249,
            0
          ],
          [
            -99.23399,
            18.92497,
            0
          ],
          [
            -99.23397,
            18.92499,
            0
          ],
          [
            -99.23396,
            18.925,
            0
          ],
          [
            -99.23394,
            18.92502,
            0
          ],
          [
            -99.23392,
            18.92504,
            0
          ],
          [
            -99.23391,
            18.92505,
            0
          ],
          [
            -99.23389,
            18.92507,
            0
          ],
          [
            -99.23381,
            18.9252,
            0
          ],
          [
            -99.23379,
            18.92523,
            0
          ],
          [
            -99.23378,
            18.92524,
            0
          ],
          [
            -99.23378,
            18.92525,
            0
          ],
          [
            -99.23376,
            18.92526,
            0
          ],
          [
            -99.23374,
            18.92527,
            0
          ],
          [
            -99.23372,
            18.92528,
            0
          ],
          [
            -99.23371,
            18.92528,
            0
          ],
          [
            -99.23365,
            18.92529,
            0
          ],
          [
            -99.23355,
            18.92529,
            0
          ],
          [
            -99.2333,
            18.92504,
            0
          ],
          [
            -99.23323,
            18.92497,
            0
          ],
          [
            -99.23313,
            18.92488,
            0
          ],
          [
            -99.23301,
            18.92481,
            0
          ],
          [
            -99.23247,
            18.92452,
            0
          ],
          [
            -99.23235,
            18.92443,
            0
          ],
          [
            -99.23229,
            18.92438,
            0
          ],
          [
            -99.23222,
            18.92431,
            0
          ],
          [
            -99.23213,
            18.9242,
            0
          ],
          [
            -99.2319,
            18.92392,
            0
          ],
          [
            -99.23169,
            18.92368,
            0
          ],
          [
            -99.23163,
            18.92361,
            0
          ],
          [
            -99.2315,
            18.92348,
            0
          ],
          [
            -99.23132,
            18.92331,
            0
          ],
          [
            -99.23131,
            18.9233,
            0
          ],
          [
            -99.2313,
            18.92329,
            0
          ],
          [
            -99.23129,
            18.92327,
            0
          ],
          [
            -99.23127,
            18.92325,
            0
          ],
          [
            -99.23126,
            18.92323,
            0
          ],
          [
            -99.23124,
            18.92321,
            0
          ],
          [
            -99.23123,
            18.92319,
            0
          ],
          [
            -99.23122,
            18.92317,
            0
          ],
          [
            -99.23122,
            18.92315,
            0
          ],
          [
            -99.23121,
            18.92313,
            0
          ],
          [
            -99.23121,
            18.92311,
            0
          ],
          [
            -99.23121,
            18.92309,
            0
          ],
          [
            -99.2312,
            18.92308,
            0
          ],
          [
            -99.2312,
            18.92307,
            0
          ],
          [
            -99.23121,
            18.92306,
            0
          ],
          [
            -99.23121,
            18.92305,
            0
          ],
          [
            -99.23127,
            18.9229,
            0
          ],
          [
            -99.23129,
            18.92287,
            0
          ],
          [
            -99.2313,
            18.9228,
            0
          ],
          [
            -99.2313,
            18.92278,
            0
          ],
          [
            -99.23131,
            18.92266,
            0
          ],
          [
            -99.2313,
            18.92227,
            0
          ],
          [
            -99.23127,
            18.92206,
            0
          ],
          [
            -99.23125,
            18.92202,
            0
          ],
          [
            -99.23122,
            18.92199,
            0
          ],
          [
            -99.23119,
            18.92196,
            0
          ],
          [
            -99.2311,
            18.92189,
            0
          ],
          [
            -99.23097,
            18.92177,
            0
          ],
          [
            -99.23092,
            18.92172,
            0
          ],
          [
            -99.23089,
            18.92171,
            0
          ],
          [
            -99.23085,
            18.92168,
            0
          ],
          [
            -99.2307,
            18.92159,
            0
          ],
          [
            -99.23042,
            18.92142,
            0
          ],
          [
            -99.23036,
            18.92137,
            0
          ],
          [
            -99.23019,
            18.92119,
            0
          ],
          [
            -99.23012,
            18.92113,
            0
          ],
          [
            -99.22999,
            18.92101,
            0
          ],
          [
            -99.22996,
            18.92098,
            0
          ],
          [
            -99.22993,
            18.92096,
            0
          ],
          [
            -99.22991,
            18.92094,
            0
          ],
          [
            -99.22989,
            18.92091,
            0
          ],
          [
            -99.22986,
            18.92088,
            0
          ],
          [
            -99.22984,
            18.92084,
            0
          ],
          [
            -99.22982,
            18.92082,
            0
          ],
          [
            -99.2298,
            18.92078,
            0
          ],
          [
            -99.22976,
            18.92072,
            0
          ],
          [
            -99.22957,
            18.92042,
            0
          ],
          [
            -99.22955,
            18.9204,
            0
          ],
          [
            -99.22952,
            18.92035,
            0
          ],
          [
            -99.22947,
            18.92029,
            0
          ],
          [
            -99.22932,
            18.92013,
            0
          ],
          [
            -99.22927,
            18.92007,
            0
          ],
          [
            -99.22911,
            18.91988,
            0
          ],
          [
            -99.22897,
            18.91972,
            0
          ],
          [
            -99.22887,
            18.91962,
            0
          ],
          [
            -99.22883,
            18.91959,
            0
          ],
          [
            -99.22877,
            18.91954,
            0
          ],
          [
            -99.22868,
            18.91946,
            0
          ],
          [
            -99.22837,
            18.91926,
            0
          ],
          [
            -99.22836,
            18.91926,
            0
          ],
          [
            -99.228,
            18.91903,
            0
          ],
          [
            -99.22782,
            18.91891,
            0
          ],
          [
            -99.2278,
            18.919,
            0
          ],
          [
            -99.2278,
            18.91904,
            0
          ],
          [
            -99.22781,
            18.91908,
            0
          ],
          [
            -99.22782,
            18.91917,
            0
          ],
          [
            -99.22785,
            18.91929,
            0
          ],
          [
            -99.22791,
            18.91958,
            0
          ],
          [
            -99.22792,
            18.91962,
            0
          ],
          [
            -99.22795,
            18.91975,
            0
          ],
          [
            -99.22796,
            18.91988,
            0
          ],
          [
            -99.22797,
            18.92002,
            0
          ],
          [
            -99.22797,
            18.92051,
            0
          ],
          [
            -99.22797,
            18.92063,
            0
          ],
          [
            -99.22797,
            18.92066,
            0
          ],
          [
            -99.22797,
            18.92069,
            0
          ],
          [
            -99.22798,
            18.92071,
            0
          ],
          [
            -99.228,
            18.92075,
            0
          ],
          [
            -99.22813,
            18.92097,
            0
          ],
          [
            -99.22842,
            18.92152,
            0
          ],
          [
            -99.22858,
            18.92182,
            0
          ],
          [
            -99.22826,
            18.9217,
            0
          ],
          [
            -99.22757,
            18.92142,
            0
          ],
          [
            -99.22728,
            18.92129,
            0
          ],
          [
            -99.22672,
            18.92109,
            0
          ],
          [
            -99.22659,
            18.92104,
            0
          ],
          [
            -99.22617,
            18.92088,
            0
          ],
          [
            -99.22577,
            18.9207,
            0
          ],
          [
            -99.22546,
            18.92057,
            0
          ],
          [
            -99.22448,
            18.92018,
            0
          ],
          [
            -99.22419,
            18.92006,
            0
          ],
          [
            -99.2236,
            18.91983,
            0
          ],
          [
            -99.2233,
            18.9198,
            0
          ],
          [
            -99.22309,
            18.91977,
            0
          ],
          [
            -99.22292,
            18.91976,
            0
          ],
          [
            -99.2227,
            18.91977,
            0
          ],
          [
            -99.22264,
            18.91978,
            0
          ],
          [
            -99.22256,
            18.9198,
            0
          ],
          [
            -99.22248,
            18.91982,
            0
          ],
          [
            -99.22236,
            18.91987,
            0
          ],
          [
            -99.22181,
            18.92007,
            0
          ],
          [
            -99.22154,
            18.92017,
            0
          ],
          [
            -99.22127,
            18.92027,
            0
          ],
          [
            -99.22103,
            18.9203,
            0
          ],
          [
            -99.22039,
            18.92033,
            0
          ],
          [
            -99.22024,
            18.92033,
            0
          ],
          [
            -99.21998,
            18.92034,
            0
          ],
          [
            -99.21963,
            18.92036,
            0
          ],
          [
            -99.21954,
            18.92037,
            0
          ],
          [
            -99.21951,
            18.92037,
            0
          ],
          [
            -99.21943,
            18.92038,
            0
          ],
          [
            -99.21935,
            18.9204,
            0
          ],
          [
            -99.21926,
            18.92042,
            0
          ],
          [
            -99.21919,
            18.92044,
            0
          ],
          [
            -99.21908,
            18.92046,
            0
          ],
          [
            -99.21901,
            18.92048,
            0
          ],
          [
            -99.21889,
            18.92049,
            0
          ],
          [
            -99.21829,
            18.92052,
            0
          ],
          [
            -99.21804,
            18.92053,
            0
          ],
          [
            -99.21789,
            18.92054,
            0
          ],
          [
            -99.21774,
            18.92054,
            0
          ],
          [
            -99.21755,
            18.92054,
            0
          ],
          [
            -99.21749,
            18.92055,
            0
          ],
          [
            -99.21745,
            18.92056,
            0
          ],
          [
            -99.21741,
            18.92057,
            0
          ],
          [
            -99.21737,
            18.92059,
            0
          ],
          [
            -99.21725,
            18.92064,
            0
          ],
          [
            -99.21706,
            18.92074,
            0
          ],
          [
            -99.217,
            18.92076,
            0
          ],
          [
            -99.21693,
            18.92079,
            0
          ],
          [
            -99.21686,
            18.92081,
            0
          ],
          [
            -99.21656,
            18.92087,
            0
          ],
          [
            -99.21639,
            18.92091,
            0
          ],
          [
            -99.21609,
            18.92097,
            0
          ],
          [
            -99.21586,
            18.92101,
            0
          ],
          [
            -99.21574,
            18.92103,
            0
          ],
          [
            -99.21545,
            18.92106,
            0
          ],
          [
            -99.21512,
            18.92108,
            0
          ],
          [
            -99.21509,
            18.92108,
            0
          ],
          [
            -99.21491,
            18.92108,
            0
          ],
          [
            -99.21473,
            18.92105,
            0
          ],
          [
            -99.21455,
            18.921,
            0
          ],
          [
            -99.21428,
            18.92087,
            0
          ],
          [
            -99.21413,
            18.92082,
            0
          ],
          [
            -99.21387,
            18.92076,
            0
          ],
          [
            -99.21378,
            18.92075,
            0
          ],
          [
            -99.21329,
            18.92068,
            0
          ],
          [
            -99.21249,
            18.92056,
            0
          ],
          [
            -99.21209,
            18.9205,
            0
          ],
          [
            -99.21201,
            18.92049,
            0
          ],
          [
            -99.21195,
            18.92049,
            0
          ],
          [
            -99.21189,
            18.9205,
            0
          ],
          [
            -99.21185,
            18.92051,
            0
          ],
          [
            -99.2118,
            18.92054,
            0
          ],
          [
            -99.21177,
            18.92056,
            0
          ],
          [
            -99.21172,
            18.92062,
            0
          ],
          [
            -99.21168,
            18.92068,
            0
          ],
          [
            -99.21165,
            18.92076,
            0
          ],
          [
            -99.2116,
            18.921,
            0
          ],
          [
            -99.21152,
            18.92147,
            0
          ],
          [
            -99.21146,
            18.92187,
            0
          ],
          [
            -99.21135,
            18.92212,
            0
          ],
          [
            -99.21126,
            18.92231,
            0
          ],
          [
            -99.21118,
            18.92245,
            0
          ],
          [
            -99.21106,
            18.92259,
            0
          ],
          [
            -99.21094,
            18.92271,
            0
          ],
          [
            -99.21088,
            18.92275,
            0
          ],
          [
            -99.21072,
            18.92287,
            0
          ],
          [
            -99.21066,
            18.9229,
            0
          ],
          [
            -99.2106,
            18.92293,
            0
          ],
          [
            -99.21046,
            18.92299,
            0
          ],
          [
            -99.21037,
            18.923,
            0
          ],
          [
            -99.21031,
            18.92299,
            0
          ],
          [
            -99.21026,
            18.92299,
            0
          ],
          [
            -99.21012,
            18.92297,
            0
          ],
          [
            -99.21011,
            18.92295,
            0
          ],
          [
            -99.21009,
            18.92292,
            0
          ],
          [
            -99.21007,
            18.9229,
            0
          ],
          [
            -99.21005,
            18.92288,
            0
          ],
          [
            -99.21003,
            18.92287,
            0
          ],
          [
            -99.21001,
            18.92285,
            0
          ],
          [
            -99.20999,
            18.92284,
            0
          ],
          [
            -99.20997,
            18.92282,
            0
          ],
          [
            -99.20993,
            18.92281,
            0
          ],
          [
            -99.2099,
            18.92279,
            0
          ],
          [
            -99.20986,
            18.92278,
            0
          ],
          [
            -99.20983,
            18.92278,
            0
          ],
          [
            -99.20979,
            18.92277,
            0
          ],
          [
            -99.20976,
            18.92277,
            0
          ],
          [
            -99.20972,
            18.92278,
            0
          ],
          [
            -99.20969,
            18.92278,
            0
          ],
          [
            -99.20964,
            18.92279,
            0
          ],
          [
            -99.2096,
            18.92281,
            0
          ],
          [
            -99.20957,
            18.92283,
            0
          ],
          [
            -99.20953,
            18.92285,
            0
          ],
          [
            -99.2095,
            18.92288,
            0
          ],
          [
            -99.20947,
            18.92291,
            0
          ],
          [
            -99.20944,
            18.92294,
            0
          ],
          [
            -99.20941,
            18.92299,
            0
          ],
          [
            -99.20922,
            18.92294,
            0
          ],
          [
            -99.20912,
            18.92291,
            0
          ],
          [
            -99.20903,
            18.92286,
            0
          ],
          [
            -99.2089,
            18.92278,
            0
          ],
          [
            -99.20868,
            18.92263,
            0
          ],
          [
            -99.20828,
            18.92228,
            0
          ],
          [
            -99.20801,
            18.92208,
            0
          ],
          [
            -99.20799,
            18.92207,
            0
          ],
          [
            -99.20791,
            18.92201,
            0
          ],
          [
            -99.20781,
            18.92194,
            0
          ],
          [
            -99.20775,
            18.92191,
            0
          ],
          [
            -99.20767,
            18.92187,
            0
          ],
          [
            -99.20766,
            18.92179,
            0
          ],
          [
            -99.20764,
            18.92172,
            0
          ],
          [
            -99.20761,
            18.92163,
            0
          ],
          [
            -99.20748,
            18.92136,
            0
          ],
          [
            -99.20739,
            18.92116,
            0
          ],
          [
            -99.20714,
            18.92066,
            0
          ],
          [
            -99.20706,
            18.92046,
            0
          ],
          [
            -99.20701,
            18.92034,
            0
          ],
          [
            -99.20696,
            18.92014,
            0
          ],
          [
            -99.20691,
            18.91983,
            0
          ],
          [
            -99.20684,
            18.91932,
            0
          ],
          [
            -99.20683,
            18.91927,
            0
          ],
          [
            -99.20674,
            18.9187,
            0
          ],
          [
            -99.2067,
            18.91828,
            0
          ],
          [
            -99.20657,
            18.91729,
            0
          ],
          [
            -99.20651,
            18.91689,
            0
          ],
          [
            -99.20643,
            18.9163,
            0
          ],
          [
            -99.20632,
            18.91543,
            0
          ],
          [
            -99.20632,
            18.91532,
            0
          ],
          [
            -99.20596,
            18.91518,
            0
          ],
          [
            -99.20554,
            18.91499,
            0
          ],
          [
            -99.20594,
            18.9141,
            0
          ],
          [
            -99.20603,
            18.91392,
            0
          ],
          [
            -99.20618,
            18.9136,
            0
          ],
          [
            -99.20628,
            18.91337,
            0
          ],
          [
            -99.20631,
            18.91329,
            0
          ],
          [
            -99.20634,
            18.91317,
            0
          ],
          [
            -99.20635,
            18.91311,
            0
          ],
          [
            -99.20635,
            18.91308,
            0
          ],
          [
            -99.20635,
            18.91303,
            0
          ],
          [
            -99.20635,
            18.91267,
            0
          ],
          [
            -99.20635,
            18.91259,
            0
          ],
          [
            -99.20636,
            18.91254,
            0
          ],
          [
            -99.20637,
            18.9125,
            0
          ],
          [
            -99.2064,
            18.91244,
            0
          ],
          [
            -99.20644,
            18.91236,
            0
          ],
          [
            -99.20655,
            18.91217,
            0
          ],
          [
            -99.20659,
            18.9121,
            0
          ],
          [
            -99.20665,
            18.912,
            0
          ],
          [
            -99.20674,
            18.91183,
            0
          ],
          [
            -99.20692,
            18.91146,
            0
          ],
          [
            -99.20703,
            18.91131,
            0
          ],
          [
            -99.20707,
            18.91124,
            0
          ],
          [
            -99.20709,
            18.91119,
            0
          ],
          [
            -99.20711,
            18.91114,
            0
          ],
          [
            -99.20714,
            18.91108,
            0
          ],
          [
            -99.20716,
            18.91101,
            0
          ],
          [
            -99.20717,
            18.91094,
            0
          ],
          [
            -99.2072,
            18.91074,
            0
          ],
          [
            -99.2072,
            18.91072,
            0
          ],
          [
            -99.20733,
            18.90964,
            0
          ],
          [
            -99.2074,
            18.90906,
            0
          ],
          [
            -99.20743,
            18.9088,
            0
          ],
          [
            -99.20746,
            18.90852,
            0
          ],
          [
            -99.20747,
            18.90843,
            0
          ],
          [
            -99.2075,
            18.9082,
            0
          ],
          [
            -99.20751,
            18.90807,
            0
          ],
          [
            -99.20751,
            18.90799,
            0
          ],
          [
            -99.20751,
            18.90784,
            0
          ],
          [
            -99.2075,
            18.90773,
            0
          ],
          [
            -99.20748,
            18.90764,
            0
          ],
          [
            -99.20745,
            18.90745,
            0
          ],
          [
            -99.20735,
            18.90704,
            0
          ],
          [
            -99.20717,
            18.90612,
            0
          ],
          [
            -99.20716,
            18.90599,
            0
          ],
          [
            -99.20714,
            18.90591,
            0
          ],
          [
            -99.20728,
            18.90584,
            0
          ],
          [
            -99.20738,
            18.90579,
            0
          ],
          [
            -99.20754,
            18.9058,
            0
          ],
          [
            -99.20769,
            18.90581,
            0
          ],
          [
            -99.20809,
            18.90585,
            0
          ],
          [
            -99.20819,
            18.90586,
            0
          ],
          [
            -99.20879,
            18.906,
            0
          ],
          [
            -99.20911,
            18.90605,
            0
          ],
          [
            -99.20928,
            18.90607,
            0
          ],
          [
            -99.20985,
            18.9061,
            0
          ],
          [
            -99.21001,
            18.90611,
            0
          ],
          [
            -99.21002,
            18.906,
            0
          ],
          [
            -99.21,
            18.90591,
            0
          ],
          [
            -99.2099,
            18.90558,
            0
          ],
          [
            -99.20979,
            18.90524,
            0
          ],
          [
            -99.21023,
            18.90519,
            0
          ],
          [
            -99.21021,
            18.90502,
            0
          ],
          [
            -99.21014,
            18.90463,
            0
          ],
          [
            -99.21013,
            18.90458,
            0
          ],
          [
            -99.21021,
            18.90457,
            0
          ],
          [
            -99.21021,
            18.90451,
            0
          ],
          [
            -99.21019,
            18.90421,
            0
          ],
          [
            -99.21018,
            18.90403,
            0
          ],
          [
            -99.21016,
            18.90378,
            0
          ],
          [
            -99.2096,
            18.90381,
            0
          ],
          [
            -99.20914,
            18.90385,
            0
          ],
          [
            -99.2081,
            18.90392,
            0
          ],
          [
            -99.20817,
            18.90472,
            0
          ],
          [
            -99.20761,
            18.90475,
            0
          ],
          [
            -99.20737,
            18.90477,
            0
          ],
          [
            -99.20727,
            18.90479,
            0
          ],
          [
            -99.20723,
            18.90481,
            0
          ],
          [
            -99.20721,
            18.90482,
            0
          ],
          [
            -99.20712,
            18.90486,
            0
          ],
          [
            -99.20673,
            18.90511,
            0
          ],
          [
            -99.20648,
            18.90501,
            0
          ],
          [
            -99.20645,
            18.905,
            0
          ],
          [
            -99.20631,
            18.90496,
            0
          ],
          [
            -99.20606,
            18.90491,
            0
          ],
          [
            -99.20566,
            18.9049,
            0
          ],
          [
            -99.20558,
            18.90489,
            0
          ],
          [
            -99.20518,
            18.9048,
            0
          ],
          [
            -99.2052,
            18.90447,
            0
          ],
          [
            -99.20521,
            18.90443,
            0
          ],
          [
            -99.20521,
            18.90442,
            0
          ],
          [
            -99.20522,
            18.9044,
            0
          ],
          [
            -99.20526,
            18.90432,
            0
          ],
          [
            -99.20529,
            18.90424,
            0
          ],
          [
            -99.2053,
            18.90416,
            0
          ],
          [
            -99.20527,
            18.90394,
            0
          ],
          [
            -99.2052,
            18.90374,
            0
          ],
          [
            -99.20515,
            18.90363,
            0
          ],
          [
            -99.20506,
            18.9034,
            0
          ],
          [
            -99.20487,
            18.90308,
            0
          ],
          [
            -99.20455,
            18.90253,
            0
          ],
          [
            -99.20446,
            18.90236,
            0
          ],
          [
            -99.20418,
            18.90186,
            0
          ],
          [
            -99.20413,
            18.90177,
            0
          ],
          [
            -99.2041,
            18.90167,
            0
          ],
          [
            -99.20404,
            18.90152,
            0
          ],
          [
            -99.20381,
            18.9006,
            0
          ],
          [
            -99.20381,
            18.90058,
            0
          ],
          [
            -99.20372,
            18.90028,
            0
          ],
          [
            -99.2036,
            18.89978,
            0
          ],
          [
            -99.2034,
            18.89894,
            0
          ],
          [
            -99.20302,
            18.89748,
            0
          ],
          [
            -99.20294,
            18.89711,
            0
          ],
          [
            -99.20282,
            18.89657,
            0
          ],
          [
            -99.20267,
            18.89602,
            0
          ],
          [
            -99.20248,
            18.89518,
            0
          ],
          [
            -99.20223,
            18.89416,
            0
          ],
          [
            -99.20203,
            18.89345,
            0
          ],
          [
            -99.2018,
            18.89248,
            0
          ],
          [
            -99.20165,
            18.89186,
            0
          ],
          [
            -99.20152,
            18.89151,
            0
          ],
          [
            -99.20147,
            18.89141,
            0
          ],
          [
            -99.20143,
            18.89134,
            0
          ],
          [
            -99.20135,
            18.89123,
            0
          ],
          [
            -99.20109,
            18.89094,
            0
          ],
          [
            -99.20047,
            18.89029,
            0
          ],
          [
            -99.20002,
            18.88984,
            0
          ],
          [
            -99.19922,
            18.88904,
            0
          ],
          [
            -99.19893,
            18.88873,
            0
          ],
          [
            -99.19866,
            18.88844,
            0
          ],
          [
            -99.19785,
            18.88765,
            0
          ],
          [
            -99.19765,
            18.88747,
            0
          ],
          [
            -99.19761,
            18.88742,
            0
          ],
          [
            -99.19754,
            18.88737,
            0
          ],
          [
            -99.19737,
            18.88726,
            0
          ],
          [
            -99.1973,
            18.88721,
            0
          ],
          [
            -99.19722,
            18.88717,
            0
          ],
          [
            -99.19715,
            18.88715,
            0
          ],
          [
            -99.19709,
            18.88714,
            0
          ],
          [
            -99.19701,
            18.88712,
            0
          ],
          [
            -99.19694,
            18.88712,
            0
          ],
          [
            -99.19691,
            18.88711,
            0
          ],
          [
            -99.19673,
            18.88712,
            0
          ],
          [
            -99.19655,
            18.88713,
            0
          ],
          [
            -99.19624,
            18.88716,
            0
          ],
          [
            -99.19599,
            18.8872,
            0
          ],
          [
            -99.19582,
            18.88723,
            0
          ],
          [
            -99.19577,
            18.88725,
            0
          ],
          [
            -99.19569,
            18.88728,
            0
          ],
          [
            -99.19561,
            18.88733,
            0
          ],
          [
            -99.19542,
            18.88743,
            0
          ],
          [
            -99.19485,
            18.88776,
            0
          ],
          [
            -99.19414,
            18.88819,
            0
          ],
          [
            -99.19408,
            18.88821,
            0
          ],
          [
            -99.19398,
            18.88825,
            0
          ],
          [
            -99.19386,
            18.88829,
            0
          ],
          [
            -99.19362,
            18.88836,
            0
          ],
          [
            -99.19325,
            18.88847,
            0
          ],
          [
            -99.1932,
            18.88849,
            0
          ],
          [
            -99.19314,
            18.88851,
            0
          ],
          [
            -99.19304,
            18.88856,
            0
          ],
          [
            -99.19297,
            18.88859,
            0
          ],
          [
            -99.19289,
            18.88866,
            0
          ],
          [
            -99.19275,
            18.88878,
            0
          ],
          [
            -99.19271,
            18.88884,
            0
          ],
          [
            -99.19269,
            18.88886,
            0
          ],
          [
            -99.19258,
            18.88901,
            0
          ],
          [
            -99.1925,
            18.8891,
            0
          ],
          [
            -99.1924,
            18.88918,
            0
          ],
          [
            -99.19227,
            18.88925,
            0
          ],
          [
            -99.19218,
            18.88929,
            0
          ],
          [
            -99.19209,
            18.88932,
            0
          ],
          [
            -99.19188,
            18.88934,
            0
          ],
          [
            -99.19166,
            18.88934,
            0
          ],
          [
            -99.19149,
            18.88934,
            0
          ],
          [
            -99.19127,
            18.88931,
            0
          ],
          [
            -99.19112,
            18.88926,
            0
          ],
          [
            -99.19101,
            18.88921,
            0
          ],
          [
            -99.19088,
            18.88914,
            0
          ],
          [
            -99.19037,
            18.88884,
            0
          ],
          [
            -99.19021,
            18.88875,
            0
          ],
          [
            -99.18991,
            18.88856,
            0
          ],
          [
            -99.18966,
            18.8884,
            0
          ],
          [
            -99.18945,
            18.88824,
            0
          ],
          [
            -99.18931,
            18.88814,
            0
          ],
          [
            -99.18913,
            18.88799,
            0
          ],
          [
            -99.18897,
            18.88789,
            0
          ],
          [
            -99.18833,
            18.88755,
            0
          ],
          [
            -99.18801,
            18.88737,
            0
          ],
          [
            -99.1879,
            18.88733,
            0
          ],
          [
            -99.18781,
            18.88731,
            0
          ],
          [
            -99.18772,
            18.8873,
            0
          ],
          [
            -99.18761,
            18.8873,
            0
          ],
          [
            -99.18752,
            18.88732,
            0
          ],
          [
            -99.18742,
            18.88735,
            0
          ],
          [
            -99.18583,
            18.88788,
            0
          ],
          [
            -99.18516,
            18.88809,
            0
          ],
          [
            -99.18516,
            18.8882,
            0
          ],
          [
            -99.18519,
            18.88967,
            0
          ],
          [
            -99.1852,
            18.88997,
            0
          ],
          [
            -99.1852,
            18.8901,
            0
          ],
          [
            -99.18521,
            18.89014,
            0
          ],
          [
            -99.18521,
            18.89019,
            0
          ],
          [
            -99.18522,
            18.89025,
            0
          ],
          [
            -99.18524,
            18.8903,
            0
          ],
          [
            -99.18528,
            18.89039,
            0
          ],
          [
            -99.18533,
            18.89051,
            0
          ],
          [
            -99.18545,
            18.89075,
            0
          ],
          [
            -99.18555,
            18.89098,
            0
          ],
          [
            -99.18561,
            18.89112,
            0
          ],
          [
            -99.18585,
            18.89155,
            0
          ],
          [
            -99.18597,
            18.89175,
            0
          ],
          [
            -99.18605,
            18.89192,
            0
          ],
          [
            -99.18606,
            18.89198,
            0
          ],
          [
            -99.18609,
            18.89206,
            0
          ],
          [
            -99.18617,
            18.89217,
            0
          ],
          [
            -99.18623,
            18.89222,
            0
          ]
        ]
      },
      "properties": {
        "description": {
          "@type": "html",
          "value": "descripción: <br>OID: 676<br>ZONA: CENTRO<br>RUTA: RUTA 8<br>ITINERARIO: 3. LOS PINOS-RIVERA CRESPO-CHULAVISTA-COL. PLAN DE AYALA<br>DESCRIPCIO: COL. PLAN DE AYALA-LOS PINOS<br>AUTO-AMPL: ITINERARIO<br>DEFIN-PROV: DEFINITIVOS<br>DURACION: DEFINITIVA<br>FOLIO: SGG/DGT/SDP/000325/97"
        },
        "styleUrl": "#line-4E342E-1200",
        "stroke-opacity": 1,
        "stroke": "#4e342e",
        "stroke-width": 1.2,
        "descripción": "",
        "OID": "676",
        "ZONA": "CENTRO",
        "RUTA": "RUTA 8",
        "ITINERARIO": "3. LOS PINOS-RIVERA CRESPO-CHULAVISTA-COL. PLAN DE AYALA",
        "DESCRIPCIO": "COL. PLAN DE AYALA-LOS PINOS",
        "AUTO-AMPL": "ITINERARIO",
        "DEFIN-PROV": "DEFINITIVOS",
        "DURACION": "DEFINITIVA",
        "FOLIO": "SGG/DGT/SDP/000325/97"
      }
    },
    {
      "type": "Feature",
      "geometry": {
        "type": "LineString",
        "coordinates": [
          [
            -99.18624,
            18.89222,
            0
          ],
          [
            -99.18617,
            18.89217,
            0
          ],
          [
            -99.18609,
            18.89206,
            0
          ],
          [
            -99.18606,
            18.89198,
            0
          ],
          [
            -99.18605,
            18.89192,
            0
          ],
          [
            -99.18597,
            18.89175,
            0
          ],
          [
            -99.18585,
            18.89155,
            0
          ],
          [
            -99.18561,
            18.89112,
            0
          ],
          [
            -99.18555,
            18.89098,
            0
          ],
          [
            -99.18545,
            18.89075,
            0
          ],
          [
            -99.18533,
            18.89051,
            0
          ],
          [
            -99.18528,
            18.89039,
            0
          ],
          [
            -99.18524,
            18.8903,
            0
          ],
          [
            -99.18522,
            18.89025,
            0
          ],
          [
            -99.18521,
            18.89019,
            0
          ],
          [
            -99.18521,
            18.89014,
            0
          ],
          [
            -99.1852,
            18.8901,
            0
          ],
          [
            -99.1852,
            18.88997,
            0
          ],
          [
            -99.18519,
            18.88967,
            0
          ],
          [
            -99.18516,
            18.8882,
            0
          ],
          [
            -99.18516,
            18.88809,
            0
          ],
          [
            -99.18583,
            18.88788,
            0
          ],
          [
            -99.18742,
            18.88735,
            0
          ],
          [
            -99.18752,
            18.88732,
            0
          ],
          [
            -99.18761,
            18.8873,
            0
          ],
          [
            -99.18772,
            18.8873,
            0
          ],
          [
            -99.18781,
            18.88731,
            0
          ],
          [
            -99.1879,
            18.88733,
            0
          ],
          [
            -99.18801,
            18.88737,
            0
          ],
          [
            -99.18833,
            18.88755,
            0
          ],
          [
            -99.18897,
            18.88789,
            0
          ],
          [
            -99.18913,
            18.88799,
            0
          ],
          [
            -99.18931,
            18.88814,
            0
          ],
          [
            -99.18945,
            18.88824,
            0
          ],
          [
            -99.18966,
            18.8884,
            0
          ],
          [
            -99.18991,
            18.88856,
            0
          ],
          [
            -99.19021,
            18.88875,
            0
          ],
          [
            -99.19037,
            18.88884,
            0
          ],
          [
            -99.19088,
            18.88914,
            0
          ],
          [
            -99.19101,
            18.88921,
            0
          ],
          [
            -99.19112,
            18.88926,
            0
          ],
          [
            -99.19127,
            18.88931,
            0
          ],
          [
            -99.19149,
            18.88934,
            0
          ],
          [
            -99.19166,
            18.88934,
            0
          ],
          [
            -99.19188,
            18.88934,
            0
          ],
          [
            -99.19209,
            18.88932,
            0
          ],
          [
            -99.19218,
            18.88929,
            0
          ],
          [
            -99.19227,
            18.88925,
            0
          ],
          [
            -99.1924,
            18.88918,
            0
          ],
          [
            -99.1925,
            18.8891,
            0
          ],
          [
            -99.19258,
            18.88901,
            0
          ],
          [
            -99.19269,
            18.88886,
            0
          ],
          [
            -99.19271,
            18.88884,
            0
          ],
          [
            -99.19275,
            18.88878,
            0
          ],
          [
            -99.19289,
            18.88866,
            0
          ],
          [
            -99.19297,
            18.88859,
            0
          ],
          [
            -99.19304,
            18.88856,
            0
          ],
          [
            -99.19314,
            18.88851,
            0
          ],
          [
            -99.1932,
            18.88849,
            0
          ],
          [
            -99.19325,
            18.88847,
            0
          ],
          [
            -99.19362,
            18.88836,
            0
          ],
          [
            -99.19386,
            18.88829,
            0
          ],
          [
            -99.19398,
            18.88825,
            0
          ],
          [
            -99.19408,
            18.88821,
            0
          ],
          [
            -99.19414,
            18.88819,
            0
          ],
          [
            -99.19485,
            18.88776,
            0
          ],
          [
            -99.19542,
            18.88743,
            0
          ],
          [
            -99.19561,
            18.88733,
            0
          ],
          [
            -99.19569,
            18.88728,
            0
          ],
          [
            -99.19577,
            18.88725,
            0
          ],
          [
            -99.19582,
            18.88723,
            0
          ],
          [
            -99.19599,
            18.8872,
            0
          ],
          [
            -99.19624,
            18.88716,
            0
          ],
          [
            -99.19655,
            18.88713,
            0
          ],
          [
            -99.19673,
            18.88712,
            0
          ],
          [
            -99.19691,
            18.88711,
            0
          ],
          [
            -99.19694,
            18.88712,
            0
          ],
          [
            -99.19701,
            18.88712,
            0
          ],
          [
            -99.19709,
            18.88714,
            0
          ],
          [
            -99.19715,
            18.88715,
            0
          ],
          [
            -99.19722,
            18.88717,
            0
          ],
          [
            -99.1973,
            18.88721,
            0
          ],
          [
            -99.19737,
            18.88726,
            0
          ],
          [
            -99.19754,
            18.88737,
            0
          ],
          [
            -99.19761,
            18.88742,
            0
          ],
          [
            -99.19765,
            18.88747,
            0
          ],
          [
            -99.19785,
            18.88765,
            0
          ],
          [
            -99.19866,
            18.88844,
            0
          ],
          [
            -99.19893,
            18.88873,
            0
          ],
          [
            -99.19922,
            18.88904,
            0
          ],
          [
            -99.20002,
            18.88984,
            0
          ],
          [
            -99.20047,
            18.89029,
            0
          ],
          [
            -99.20109,
            18.89094,
            0
          ],
          [
            -99.20135,
            18.89123,
            0
          ],
          [
            -99.20143,
            18.89134,
            0
          ],
          [
            -99.20147,
            18.89141,
            0
          ],
          [
            -99.20152,
            18.89151,
            0
          ],
          [
            -99.20165,
            18.89186,
            0
          ],
          [
            -99.2018,
            18.89248,
            0
          ],
          [
            -99.20203,
            18.89345,
            0
          ],
          [
            -99.20223,
            18.89416,
            0
          ],
          [
            -99.20248,
            18.89518,
            0
          ],
          [
            -99.20267,
            18.89602,
            0
          ],
          [
            -99.20282,
            18.89657,
            0
          ],
          [
            -99.20294,
            18.89711,
            0
          ],
          [
            -99.20302,
            18.89748,
            0
          ],
          [
            -99.2034,
            18.89894,
            0
          ],
          [
            -99.2036,
            18.89978,
            0
          ],
          [
            -99.20372,
            18.90028,
            0
          ],
          [
            -99.20381,
            18.90058,
            0
          ],
          [
            -99.20381,
            18.9006,
            0
          ],
          [
            -99.20404,
            18.90152,
            0
          ],
          [
            -99.2041,
            18.90167,
            0
          ],
          [
            -99.20413,
            18.90177,
            0
          ],
          [
            -99.20418,
            18.90186,
            0
          ],
          [
            -99.20446,
            18.90236,
            0
          ],
          [
            -99.20455,
            18.90253,
            0
          ],
          [
            -99.20487,
            18.90308,
            0
          ],
          [
            -99.20506,
            18.9034,
            0
          ],
          [
            -99.20515,
            18.90363,
            0
          ],
          [
            -99.2052,
            18.90374,
            0
          ],
          [
            -99.20527,
            18.90394,
            0
          ],
          [
            -99.2053,
            18.90416,
            0
          ],
          [
            -99.20529,
            18.90424,
            0
          ],
          [
            -99.20526,
            18.90432,
            0
          ],
          [
            -99.20522,
            18.9044,
            0
          ],
          [
            -99.20521,
            18.90442,
            0
          ],
          [
            -99.20521,
            18.90443,
            0
          ],
          [
            -99.2052,
            18.90447,
            0
          ],
          [
            -99.20518,
            18.9048,
            0
          ],
          [
            -99.20558,
            18.90489,
            0
          ],
          [
            -99.20566,
            18.9049,
            0
          ],
          [
            -99.20606,
            18.90491,
            0
          ],
          [
            -99.20631,
            18.90496,
            0
          ],
          [
            -99.20645,
            18.905,
            0
          ],
          [
            -99.20648,
            18.90501,
            0
          ],
          [
            -99.20673,
            18.90511,
            0
          ],
          [
            -99.20712,
            18.90486,
            0
          ],
          [
            -99.20721,
            18.90482,
            0
          ],
          [
            -99.20723,
            18.90481,
            0
          ],
          [
            -99.20727,
            18.90479,
            0
          ],
          [
            -99.20737,
            18.90477,
            0
          ],
          [
            -99.20761,
            18.90475,
            0
          ],
          [
            -99.20817,
            18.90472,
            0
          ],
          [
            -99.2081,
            18.90392,
            0
          ],
          [
            -99.20914,
            18.90385,
            0
          ],
          [
            -99.2096,
            18.90381,
            0
          ],
          [
            -99.21016,
            18.90378,
            0
          ],
          [
            -99.21018,
            18.90403,
            0
          ],
          [
            -99.21019,
            18.90421,
            0
          ],
          [
            -99.21021,
            18.90451,
            0
          ],
          [
            -99.21021,
            18.90457,
            0
          ],
          [
            -99.21013,
            18.90458,
            0
          ],
          [
            -99.21014,
            18.90463,
            0
          ],
          [
            -99.21021,
            18.90502,
            0
          ],
          [
            -99.21023,
            18.90519,
            0
          ],
          [
            -99.20979,
            18.90524,
            0
          ],
          [
            -99.2099,
            18.90558,
            0
          ],
          [
            -99.21,
            18.90591,
            0
          ],
          [
            -99.21002,
            18.906,
            0
          ],
          [
            -99.21001,
            18.90611,
            0
          ],
          [
            -99.20985,
            18.9061,
            0
          ],
          [
            -99.20928,
            18.90607,
            0
          ],
          [
            -99.20911,
            18.90605,
            0
          ],
          [
            -99.20879,
            18.906,
            0
          ],
          [
            -99.20819,
            18.90586,
            0
          ],
          [
            -99.20809,
            18.90585,
            0
          ],
          [
            -99.20769,
            18.90581,
            0
          ],
          [
            -99.20754,
            18.9058,
            0
          ],
          [
            -99.20738,
            18.90579,
            0
          ],
          [
            -99.20728,
            18.90584,
            0
          ],
          [
            -99.20714,
            18.90591,
            0
          ],
          [
            -99.20716,
            18.90599,
            0
          ],
          [
            -99.20717,
            18.90612,
            0
          ],
          [
            -99.20735,
            18.90704,
            0
          ],
          [
            -99.20745,
            18.90745,
            0
          ],
          [
            -99.20748,
            18.90764,
            0
          ],
          [
            -99.2075,
            18.90773,
            0
          ],
          [
            -99.20751,
            18.90784,
            0
          ],
          [
            -99.20751,
            18.90799,
            0
          ],
          [
            -99.20751,
            18.90807,
            0
          ],
          [
            -99.2075,
            18.9082,
            0
          ],
          [
            -99.20747,
            18.90843,
            0
          ],
          [
            -99.20746,
            18.90852,
            0
          ],
          [
            -99.20743,
            18.9088,
            0
          ],
          [
            -99.2074,
            18.90906,
            0
          ],
          [
            -99.20733,
            18.90964,
            0
          ],
          [
            -99.2072,
            18.91072,
            0
          ],
          [
            -99.2072,
            18.91074,
            0
          ],
          [
            -99.20717,
            18.91094,
            0
          ],
          [
            -99.20716,
            18.91101,
            0
          ],
          [
            -99.20714,
            18.91108,
            0
          ],
          [
            -99.20711,
            18.91114,
            0
          ],
          [
            -99.20709,
            18.91119,
            0
          ],
          [
            -99.20707,
            18.91124,
            0
          ],
          [
            -99.20703,
            18.91131,
            0
          ],
          [
            -99.20692,
            18.91146,
            0
          ],
          [
            -99.20674,
            18.91183,
            0
          ],
          [
            -99.20665,
            18.912,
            0
          ],
          [
            -99.20659,
            18.9121,
            0
          ],
          [
            -99.20655,
            18.91217,
            0
          ],
          [
            -99.20644,
            18.91236,
            0
          ],
          [
            -99.2064,
            18.91244,
            0
          ],
          [
            -99.20637,
            18.9125,
            0
          ],
          [
            -99.20636,
            18.91254,
            0
          ],
          [
            -99.20635,
            18.91259,
            0
          ],
          [
            -99.20635,
            18.91267,
            0
          ],
          [
            -99.20635,
            18.91303,
            0
          ],
          [
            -99.20635,
            18.91308,
            0
          ],
          [
            -99.20635,
            18.91311,
            0
          ],
          [
            -99.20634,
            18.91317,
            0
          ],
          [
            -99.20631,
            18.91329,
            0
          ],
          [
            -99.20628,
            18.91337,
            0
          ],
          [
            -99.20618,
            18.9136,
            0
          ],
          [
            -99.20603,
            18.91392,
            0
          ],
          [
            -99.20594,
            18.9141,
            0
          ],
          [
            -99.20554,
            18.91499,
            0
          ],
          [
            -99.20596,
            18.91518,
            0
          ],
          [
            -99.20632,
            18.91532,
            0
          ],
          [
            -99.20632,
            18.91543,
            0
          ],
          [
            -99.20627,
            18.91556,
            0
          ],
          [
            -99.20624,
            18.91563,
            0
          ],
          [
            -99.20622,
            18.91568,
            0
          ],
          [
            -99.2062,
            18.91576,
            0
          ],
          [
            -99.20609,
            18.91623,
            0
          ],
          [
            -99.20589,
            18.91716,
            0
          ],
          [
            -99.20584,
            18.91742,
            0
          ],
          [
            -99.20569,
            18.9181,
            0
          ],
          [
            -99.20547,
            18.91904,
            0
          ],
          [
            -99.20528,
            18.91994,
            0
          ],
          [
            -99.20562,
            18.91988,
            0
          ],
          [
            -99.20576,
            18.91985,
            0
          ],
          [
            -99.20591,
            18.9198,
            0
          ],
          [
            -99.20601,
            18.91976,
            0
          ],
          [
            -99.20603,
            18.91975,
            0
          ],
          [
            -99.20639,
            18.91957,
            0
          ],
          [
            -99.20651,
            18.91951,
            0
          ],
          [
            -99.20684,
            18.91932,
            0
          ],
          [
            -99.20691,
            18.91983,
            0
          ],
          [
            -99.20696,
            18.92014,
            0
          ],
          [
            -99.20701,
            18.92034,
            0
          ],
          [
            -99.20706,
            18.92046,
            0
          ],
          [
            -99.20714,
            18.92066,
            0
          ],
          [
            -99.20739,
            18.92116,
            0
          ],
          [
            -99.20748,
            18.92136,
            0
          ],
          [
            -99.20761,
            18.92163,
            0
          ],
          [
            -99.20764,
            18.92172,
            0
          ],
          [
            -99.20766,
            18.92179,
            0
          ],
          [
            -99.20767,
            18.92187,
            0
          ],
          [
            -99.20762,
            18.92196,
            0
          ],
          [
            -99.20774,
            18.92203,
            0
          ],
          [
            -99.20785,
            18.9221,
            0
          ],
          [
            -99.20798,
            18.92221,
            0
          ],
          [
            -99.20814,
            18.92234,
            0
          ],
          [
            -99.20836,
            18.92252,
            0
          ],
          [
            -99.20861,
            18.92273,
            0
          ],
          [
            -99.20873,
            18.92282,
            0
          ],
          [
            -99.20887,
            18.9229,
            0
          ],
          [
            -99.20899,
            18.92296,
            0
          ],
          [
            -99.20912,
            18.92302,
            0
          ],
          [
            -99.20925,
            18.92307,
            0
          ],
          [
            -99.20938,
            18.92312,
            0
          ],
          [
            -99.20938,
            18.92316,
            0
          ],
          [
            -99.20938,
            18.92321,
            0
          ],
          [
            -99.20939,
            18.92325,
            0
          ],
          [
            -99.20941,
            18.9233,
            0
          ],
          [
            -99.20943,
            18.92334,
            0
          ],
          [
            -99.20946,
            18.92337,
            0
          ],
          [
            -99.20949,
            18.92341,
            0
          ],
          [
            -99.20953,
            18.92344,
            0
          ],
          [
            -99.20955,
            18.92346,
            0
          ],
          [
            -99.20958,
            18.92347,
            0
          ],
          [
            -99.20961,
            18.92349,
            0
          ],
          [
            -99.20964,
            18.9235,
            0
          ],
          [
            -99.20967,
            18.92351,
            0
          ],
          [
            -99.20971,
            18.92352,
            0
          ],
          [
            -99.20974,
            18.92352,
            0
          ],
          [
            -99.20977,
            18.92352,
            0
          ],
          [
            -99.20983,
            18.92352,
            0
          ],
          [
            -99.20988,
            18.92351,
            0
          ],
          [
            -99.20993,
            18.92349,
            0
          ],
          [
            -99.20998,
            18.92346,
            0
          ],
          [
            -99.21003,
            18.92343,
            0
          ],
          [
            -99.21007,
            18.9234,
            0
          ],
          [
            -99.2101,
            18.92336,
            0
          ],
          [
            -99.21013,
            18.92331,
            0
          ],
          [
            -99.21014,
            18.92329,
            0
          ],
          [
            -99.21014,
            18.92328,
            0
          ],
          [
            -99.21015,
            18.92326,
            0
          ],
          [
            -99.21015,
            18.92325,
            0
          ],
          [
            -99.21016,
            18.92323,
            0
          ],
          [
            -99.21016,
            18.92322,
            0
          ],
          [
            -99.21016,
            18.9232,
            0
          ],
          [
            -99.21016,
            18.92318,
            0
          ],
          [
            -99.21037,
            18.92306,
            0
          ],
          [
            -99.21046,
            18.92299,
            0
          ],
          [
            -99.2106,
            18.92293,
            0
          ],
          [
            -99.21066,
            18.9229,
            0
          ],
          [
            -99.21072,
            18.92287,
            0
          ],
          [
            -99.21088,
            18.92275,
            0
          ],
          [
            -99.21094,
            18.92271,
            0
          ],
          [
            -99.21106,
            18.92259,
            0
          ],
          [
            -99.21118,
            18.92245,
            0
          ],
          [
            -99.21126,
            18.92231,
            0
          ],
          [
            -99.21135,
            18.92212,
            0
          ],
          [
            -99.21146,
            18.92187,
            0
          ],
          [
            -99.21152,
            18.92147,
            0
          ],
          [
            -99.2116,
            18.921,
            0
          ],
          [
            -99.21165,
            18.92076,
            0
          ],
          [
            -99.21168,
            18.92068,
            0
          ],
          [
            -99.21172,
            18.92062,
            0
          ],
          [
            -99.21177,
            18.92056,
            0
          ],
          [
            -99.2118,
            18.92054,
            0
          ],
          [
            -99.21185,
            18.92051,
            0
          ],
          [
            -99.21189,
            18.9205,
            0
          ],
          [
            -99.21195,
            18.92049,
            0
          ],
          [
            -99.21201,
            18.92049,
            0
          ],
          [
            -99.21209,
            18.9205,
            0
          ],
          [
            -99.21249,
            18.92056,
            0
          ],
          [
            -99.21329,
            18.92068,
            0
          ],
          [
            -99.21378,
            18.92075,
            0
          ],
          [
            -99.21387,
            18.92076,
            0
          ],
          [
            -99.21413,
            18.92082,
            0
          ],
          [
            -99.21428,
            18.92087,
            0
          ],
          [
            -99.21455,
            18.921,
            0
          ],
          [
            -99.21473,
            18.92105,
            0
          ],
          [
            -99.21491,
            18.92108,
            0
          ],
          [
            -99.21509,
            18.92108,
            0
          ],
          [
            -99.21512,
            18.92108,
            0
          ],
          [
            -99.21545,
            18.92106,
            0
          ],
          [
            -99.21574,
            18.92103,
            0
          ],
          [
            -99.21586,
            18.92101,
            0
          ],
          [
            -99.21609,
            18.92097,
            0
          ],
          [
            -99.21639,
            18.92091,
            0
          ],
          [
            -99.21656,
            18.92087,
            0
          ],
          [
            -99.21686,
            18.92081,
            0
          ],
          [
            -99.21693,
            18.92079,
            0
          ],
          [
            -99.217,
            18.92076,
            0
          ],
          [
            -99.21706,
            18.92074,
            0
          ],
          [
            -99.21725,
            18.92064,
            0
          ],
          [
            -99.21737,
            18.92059,
            0
          ],
          [
            -99.21741,
            18.92057,
            0
          ],
          [
            -99.21745,
            18.92056,
            0
          ],
          [
            -99.21749,
            18.92055,
            0
          ],
          [
            -99.21755,
            18.92054,
            0
          ],
          [
            -99.21774,
            18.92054,
            0
          ],
          [
            -99.21789,
            18.92054,
            0
          ],
          [
            -99.21804,
            18.92053,
            0
          ],
          [
            -99.21829,
            18.92052,
            0
          ],
          [
            -99.21889,
            18.92049,
            0
          ],
          [
            -99.21901,
            18.92048,
            0
          ],
          [
            -99.21908,
            18.92046,
            0
          ],
          [
            -99.21919,
            18.92044,
            0
          ],
          [
            -99.21926,
            18.92042,
            0
          ],
          [
            -99.21935,
            18.9204,
            0
          ],
          [
            -99.21943,
            18.92038,
            0
          ],
          [
            -99.21951,
            18.92037,
            0
          ],
          [
            -99.21954,
            18.92037,
            0
          ],
          [
            -99.21963,
            18.92036,
            0
          ],
          [
            -99.21998,
            18.92034,
            0
          ],
          [
            -99.22024,
            18.92033,
            0
          ],
          [
            -99.22039,
            18.92033,
            0
          ],
          [
            -99.22103,
            18.9203,
            0
          ],
          [
            -99.22127,
            18.92027,
            0
          ],
          [
            -99.22154,
            18.92017,
            0
          ],
          [
            -99.22181,
            18.92007,
            0
          ],
          [
            -99.22236,
            18.91987,
            0
          ],
          [
            -99.22248,
            18.91982,
            0
          ],
          [
            -99.22256,
            18.9198,
            0
          ],
          [
            -99.22264,
            18.91978,
            0
          ],
          [
            -99.2227,
            18.91977,
            0
          ],
          [
            -99.22292,
            18.91976,
            0
          ],
          [
            -99.22309,
            18.91977,
            0
          ],
          [
            -99.2233,
            18.9198,
            0
          ],
          [
            -99.2236,
            18.91983,
            0
          ],
          [
            -99.22419,
            18.92006,
            0
          ],
          [
            -99.22448,
            18.92018,
            0
          ],
          [
            -99.22546,
            18.92057,
            0
          ],
          [
            -99.22577,
            18.9207,
            0
          ],
          [
            -99.22617,
            18.92088,
            0
          ],
          [
            -99.22659,
            18.92104,
            0
          ],
          [
            -99.22672,
            18.92109,
            0
          ],
          [
            -99.22728,
            18.92129,
            0
          ],
          [
            -99.22757,
            18.92142,
            0
          ],
          [
            -99.22826,
            18.9217,
            0
          ],
          [
            -99.22858,
            18.92182,
            0
          ],
          [
            -99.22908,
            18.92197,
            0
          ],
          [
            -99.22947,
            18.92204,
            0
          ],
          [
            -99.22956,
            18.92206,
            0
          ],
          [
            -99.2296,
            18.92206,
            0
          ],
          [
            -99.22965,
            18.92206,
            0
          ],
          [
            -99.22974,
            18.92203,
            0
          ],
          [
            -99.22989,
            18.92198,
            0
          ],
          [
            -99.22998,
            18.92195,
            0
          ],
          [
            -99.23005,
            18.92195,
            0
          ],
          [
            -99.23012,
            18.92194,
            0
          ],
          [
            -99.23024,
            18.92195,
            0
          ],
          [
            -99.23059,
            18.92196,
            0
          ],
          [
            -99.23082,
            18.92196,
            0
          ],
          [
            -99.23097,
            18.92195,
            0
          ],
          [
            -99.231,
            18.92195,
            0
          ],
          [
            -99.23102,
            18.92195,
            0
          ],
          [
            -99.23105,
            18.92196,
            0
          ],
          [
            -99.23108,
            18.92197,
            0
          ],
          [
            -99.2311,
            18.92198,
            0
          ],
          [
            -99.23111,
            18.92199,
            0
          ],
          [
            -99.23118,
            18.92208,
            0
          ],
          [
            -99.2312,
            18.92214,
            0
          ],
          [
            -99.2312,
            18.92216,
            0
          ],
          [
            -99.23121,
            18.92217,
            0
          ],
          [
            -99.23121,
            18.92219,
            0
          ],
          [
            -99.23122,
            18.92262,
            0
          ],
          [
            -99.23123,
            18.9227,
            0
          ],
          [
            -99.23122,
            18.92278,
            0
          ],
          [
            -99.23121,
            18.92281,
            0
          ],
          [
            -99.23119,
            18.92286,
            0
          ],
          [
            -99.23113,
            18.92299,
            0
          ],
          [
            -99.23105,
            18.92307,
            0
          ],
          [
            -99.23101,
            18.92312,
            0
          ],
          [
            -99.23101,
            18.92313,
            0
          ],
          [
            -99.231,
            18.92314,
            0
          ],
          [
            -99.231,
            18.92316,
            0
          ],
          [
            -99.231,
            18.92319,
            0
          ],
          [
            -99.23101,
            18.92322,
            0
          ],
          [
            -99.23102,
            18.92325,
            0
          ],
          [
            -99.23104,
            18.92333,
            0
          ],
          [
            -99.23121,
            18.9238,
            0
          ],
          [
            -99.23133,
            18.92383,
            0
          ],
          [
            -99.23136,
            18.92384,
            0
          ],
          [
            -99.23139,
            18.92384,
            0
          ],
          [
            -99.2314,
            18.92384,
            0
          ],
          [
            -99.23141,
            18.92384,
            0
          ],
          [
            -99.23142,
            18.92384,
            0
          ],
          [
            -99.23149,
            18.92384,
            0
          ],
          [
            -99.23153,
            18.92382,
            0
          ],
          [
            -99.23158,
            18.9238,
            0
          ],
          [
            -99.23161,
            18.92377,
            0
          ],
          [
            -99.23163,
            18.92376,
            0
          ],
          [
            -99.23169,
            18.92368,
            0
          ],
          [
            -99.23163,
            18.92361,
            0
          ],
          [
            -99.2315,
            18.92348,
            0
          ],
          [
            -99.23132,
            18.92331,
            0
          ],
          [
            -99.23131,
            18.9233,
            0
          ],
          [
            -99.2313,
            18.92329,
            0
          ],
          [
            -99.23129,
            18.92327,
            0
          ],
          [
            -99.23127,
            18.92325,
            0
          ],
          [
            -99.23126,
            18.92323,
            0
          ],
          [
            -99.23124,
            18.92321,
            0
          ],
          [
            -99.23123,
            18.92319,
            0
          ],
          [
            -99.23122,
            18.92317,
            0
          ],
          [
            -99.23122,
            18.92315,
            0
          ],
          [
            -99.23121,
            18.92313,
            0
          ],
          [
            -99.23121,
            18.92311,
            0
          ],
          [
            -99.23121,
            18.92309,
            0
          ],
          [
            -99.2312,
            18.92308,
            0
          ],
          [
            -99.2312,
            18.92307,
            0
          ],
          [
            -99.23121,
            18.92306,
            0
          ],
          [
            -99.23121,
            18.92305,
            0
          ],
          [
            -99.23127,
            18.9229,
            0
          ],
          [
            -99.23129,
            18.92287,
            0
          ],
          [
            -99.2313,
            18.9228,
            0
          ],
          [
            -99.2313,
            18.92278,
            0
          ],
          [
            -99.23131,
            18.92266,
            0
          ],
          [
            -99.2313,
            18.92227,
            0
          ],
          [
            -99.23134,
            18.92219,
            0
          ],
          [
            -99.23135,
            18.92218,
            0
          ],
          [
            -99.23136,
            18.92214,
            0
          ],
          [
            -99.23137,
            18.92213,
            0
          ],
          [
            -99.23138,
            18.92212,
            0
          ],
          [
            -99.23139,
            18.92212,
            0
          ],
          [
            -99.23141,
            18.92211,
            0
          ],
          [
            -99.23145,
            18.92209,
            0
          ],
          [
            -99.23152,
            18.92207,
            0
          ],
          [
            -99.23153,
            18.92207,
            0
          ],
          [
            -99.23155,
            18.92206,
            0
          ],
          [
            -99.23157,
            18.92206,
            0
          ],
          [
            -99.23166,
            18.92203,
            0
          ],
          [
            -99.23171,
            18.92201,
            0
          ],
          [
            -99.23176,
            18.922,
            0
          ],
          [
            -99.23188,
            18.92193,
            0
          ],
          [
            -99.232,
            18.92189,
            0
          ],
          [
            -99.23208,
            18.92186,
            0
          ],
          [
            -99.23214,
            18.92185,
            0
          ],
          [
            -99.23218,
            18.92184,
            0
          ],
          [
            -99.2326,
            18.92174,
            0
          ],
          [
            -99.2331,
            18.92163,
            0
          ],
          [
            -99.23303,
            18.92091,
            0
          ],
          [
            -99.23298,
            18.9204,
            0
          ],
          [
            -99.23292,
            18.91986,
            0
          ],
          [
            -99.23282,
            18.91889,
            0
          ],
          [
            -99.2332,
            18.91889,
            0
          ],
          [
            -99.23336,
            18.91888,
            0
          ],
          [
            -99.23339,
            18.91888,
            0
          ],
          [
            -99.23375,
            18.91889,
            0
          ],
          [
            -99.23382,
            18.91889,
            0
          ],
          [
            -99.23393,
            18.91889,
            0
          ],
          [
            -99.23477,
            18.91889,
            0
          ],
          [
            -99.23481,
            18.91889,
            0
          ],
          [
            -99.23508,
            18.91889,
            0
          ],
          [
            -99.23511,
            18.91889,
            0
          ],
          [
            -99.23601,
            18.91882,
            0
          ],
          [
            -99.2363,
            18.91881,
            0
          ],
          [
            -99.2365,
            18.91879,
            0
          ],
          [
            -99.23671,
            18.91878,
            0
          ],
          [
            -99.23727,
            18.91875,
            0
          ],
          [
            -99.23727,
            18.91886,
            0
          ],
          [
            -99.23738,
            18.9196,
            0
          ],
          [
            -99.2374,
            18.91987,
            0
          ],
          [
            -99.23747,
            18.92059,
            0
          ],
          [
            -99.23755,
            18.92114,
            0
          ],
          [
            -99.2377,
            18.92204,
            0
          ],
          [
            -99.23778,
            18.9226,
            0
          ],
          [
            -99.23787,
            18.92328,
            0
          ],
          [
            -99.2379,
            18.92352,
            0
          ],
          [
            -99.23794,
            18.92386,
            0
          ],
          [
            -99.23801,
            18.92446,
            0
          ],
          [
            -99.23804,
            18.92465,
            0
          ],
          [
            -99.23811,
            18.92508,
            0
          ],
          [
            -99.23812,
            18.92514,
            0
          ],
          [
            -99.23814,
            18.9253,
            0
          ],
          [
            -99.23819,
            18.92564,
            0
          ],
          [
            -99.23822,
            18.92583,
            0
          ],
          [
            -99.23825,
            18.926,
            0
          ],
          [
            -99.23829,
            18.92632,
            0
          ],
          [
            -99.23833,
            18.9266,
            0
          ],
          [
            -99.23835,
            18.92685,
            0
          ],
          [
            -99.23836,
            18.92719,
            0
          ],
          [
            -99.23839,
            18.92748,
            0
          ],
          [
            -99.23858,
            18.92875,
            0
          ],
          [
            -99.23865,
            18.92912,
            0
          ],
          [
            -99.23865,
            18.92914,
            0
          ],
          [
            -99.2387,
            18.92932,
            0
          ],
          [
            -99.23899,
            18.93029,
            0
          ],
          [
            -99.23907,
            18.93071,
            0
          ],
          [
            -99.23926,
            18.93152,
            0
          ],
          [
            -99.23941,
            18.93205,
            0
          ],
          [
            -99.23946,
            18.93235,
            0
          ],
          [
            -99.23963,
            18.93308,
            0
          ],
          [
            -99.24004,
            18.93305,
            0
          ],
          [
            -99.24023,
            18.93304,
            0
          ],
          [
            -99.24042,
            18.93302,
            0
          ],
          [
            -99.24061,
            18.93301,
            0
          ],
          [
            -99.24087,
            18.93298,
            0
          ],
          [
            -99.24107,
            18.933,
            0
          ],
          [
            -99.24107,
            18.93301,
            0
          ],
          [
            -99.24107,
            18.93302,
            0
          ],
          [
            -99.24107,
            18.93303,
            0
          ],
          [
            -99.24107,
            18.93304,
            0
          ],
          [
            -99.24108,
            18.93304,
            0
          ],
          [
            -99.24108,
            18.93305,
            0
          ],
          [
            -99.24109,
            18.93305,
            0
          ],
          [
            -99.24109,
            18.93306,
            0
          ],
          [
            -99.2411,
            18.93306,
            0
          ],
          [
            -99.24111,
            18.93306,
            0
          ],
          [
            -99.24112,
            18.93306,
            0
          ],
          [
            -99.24113,
            18.93306,
            0
          ],
          [
            -99.24114,
            18.93305,
            0
          ],
          [
            -99.24115,
            18.93305,
            0
          ],
          [
            -99.24115,
            18.93304,
            0
          ],
          [
            -99.24116,
            18.93304,
            0
          ],
          [
            -99.24116,
            18.93303,
            0
          ],
          [
            -99.24116,
            18.93302,
            0
          ],
          [
            -99.24116,
            18.93301,
            0
          ],
          [
            -99.24116,
            18.933,
            0
          ],
          [
            -99.24115,
            18.933,
            0
          ],
          [
            -99.24115,
            18.93299,
            0
          ],
          [
            -99.24115,
            18.93298,
            0
          ],
          [
            -99.24114,
            18.93298,
            0
          ],
          [
            -99.24114,
            18.93282,
            0
          ],
          [
            -99.24109,
            18.93276,
            0
          ],
          [
            -99.24108,
            18.93271,
            0
          ],
          [
            -99.24107,
            18.93258,
            0
          ],
          [
            -99.24105,
            18.93238,
            0
          ],
          [
            -99.24109,
            18.93208,
            0
          ],
          [
            -99.24115,
            18.93176,
            0
          ],
          [
            -99.24116,
            18.93173,
            0
          ],
          [
            -99.24119,
            18.93162,
            0
          ],
          [
            -99.24123,
            18.93155,
            0
          ],
          [
            -99.24144,
            18.93127,
            0
          ],
          [
            -99.24154,
            18.93113,
            0
          ],
          [
            -99.24163,
            18.93103,
            0
          ],
          [
            -99.24171,
            18.93093,
            0
          ],
          [
            -99.24174,
            18.93089,
            0
          ],
          [
            -99.24176,
            18.93086,
            0
          ],
          [
            -99.24177,
            18.93081,
            0
          ],
          [
            -99.24181,
            18.93068,
            0
          ],
          [
            -99.24183,
            18.93062,
            0
          ],
          [
            -99.24208,
            18.92979,
            0
          ],
          [
            -99.2421,
            18.92971,
            0
          ],
          [
            -99.24213,
            18.92967,
            0
          ],
          [
            -99.24216,
            18.92963,
            0
          ],
          [
            -99.24219,
            18.92959,
            0
          ],
          [
            -99.24223,
            18.92957,
            0
          ],
          [
            -99.24226,
            18.92955,
            0
          ],
          [
            -99.24231,
            18.92954,
            0
          ],
          [
            -99.24236,
            18.92954,
            0
          ],
          [
            -99.24241,
            18.92954,
            0
          ],
          [
            -99.24246,
            18.92956,
            0
          ],
          [
            -99.24249,
            18.92958,
            0
          ],
          [
            -99.24252,
            18.9296,
            0
          ],
          [
            -99.24256,
            18.92965,
            0
          ],
          [
            -99.24259,
            18.92969,
            0
          ],
          [
            -99.24261,
            18.92973,
            0
          ],
          [
            -99.24262,
            18.9298,
            0
          ],
          [
            -99.24265,
            18.93009,
            0
          ],
          [
            -99.24268,
            18.93039,
            0
          ],
          [
            -99.24269,
            18.93041,
            0
          ],
          [
            -99.2427,
            18.93044,
            0
          ],
          [
            -99.24272,
            18.93047,
            0
          ],
          [
            -99.24273,
            18.93049,
            0
          ],
          [
            -99.24275,
            18.93052,
            0
          ],
          [
            -99.24278,
            18.93055,
            0
          ],
          [
            -99.24282,
            18.93059,
            0
          ],
          [
            -99.24287,
            18.93062,
            0
          ],
          [
            -99.2429,
            18.93063,
            0
          ],
          [
            -99.24302,
            18.93065,
            0
          ],
          [
            -99.24311,
            18.93066,
            0
          ],
          [
            -99.24322,
            18.93065,
            0
          ],
          [
            -99.24332,
            18.93065,
            0
          ],
          [
            -99.24341,
            18.93063,
            0
          ],
          [
            -99.24347,
            18.93061,
            0
          ],
          [
            -99.2435,
            18.93059,
            0
          ],
          [
            -99.24353,
            18.93057,
            0
          ],
          [
            -99.24356,
            18.93055,
            0
          ],
          [
            -99.24358,
            18.9305,
            0
          ],
          [
            -99.24359,
            18.93036,
            0
          ],
          [
            -99.24359,
            18.93025,
            0
          ],
          [
            -99.24358,
            18.93006,
            0
          ],
          [
            -99.24358,
            18.92984,
            0
          ],
          [
            -99.24358,
            18.92968,
            0
          ],
          [
            -99.24366,
            18.92968,
            0
          ],
          [
            -99.24369,
            18.92968,
            0
          ],
          [
            -99.24373,
            18.92969,
            0
          ],
          [
            -99.24376,
            18.9297,
            0
          ],
          [
            -99.24391,
            18.92979,
            0
          ],
          [
            -99.24396,
            18.92982,
            0
          ],
          [
            -99.24402,
            18.92985,
            0
          ],
          [
            -99.24405,
            18.92986,
            0
          ],
          [
            -99.24411,
            18.92989,
            0
          ],
          [
            -99.24421,
            18.93,
            0
          ],
          [
            -99.2444,
            18.92987,
            0
          ],
          [
            -99.24477,
            18.92946,
            0
          ],
          [
            -99.24483,
            18.92941,
            0
          ],
          [
            -99.24491,
            18.92939,
            0
          ],
          [
            -99.24503,
            18.92938,
            0
          ],
          [
            -99.24517,
            18.92937,
            0
          ],
          [
            -99.24524,
            18.92937,
            0
          ],
          [
            -99.24552,
            18.9293,
            0
          ],
          [
            -99.24561,
            18.92927,
            0
          ],
          [
            -99.24584,
            18.92918,
            0
          ],
          [
            -99.24603,
            18.92899,
            0
          ],
          [
            -99.2461,
            18.92892,
            0
          ],
          [
            -99.24613,
            18.92888,
            0
          ],
          [
            -99.24615,
            18.92885,
            0
          ],
          [
            -99.24617,
            18.92881,
            0
          ],
          [
            -99.24618,
            18.92877,
            0
          ],
          [
            -99.24618,
            18.92858,
            0
          ],
          [
            -99.24617,
            18.92821,
            0
          ],
          [
            -99.24622,
            18.92791,
            0
          ],
          [
            -99.24638,
            18.92753,
            0
          ],
          [
            -99.24643,
            18.92743,
            0
          ],
          [
            -99.24652,
            18.92732,
            0
          ],
          [
            -99.24675,
            18.92709,
            0
          ],
          [
            -99.24693,
            18.92696,
            0
          ],
          [
            -99.24674,
            18.92684,
            0
          ],
          [
            -99.24652,
            18.92659,
            0
          ],
          [
            -99.24571,
            18.92581,
            0
          ],
          [
            -99.2456,
            18.9257,
            0
          ],
          [
            -99.24557,
            18.92566,
            0
          ],
          [
            -99.24555,
            18.92565,
            0
          ],
          [
            -99.24538,
            18.92538,
            0
          ],
          [
            -99.24526,
            18.9252,
            0
          ],
          [
            -99.24502,
            18.92476,
            0
          ],
          [
            -99.24499,
            18.9247,
            0
          ],
          [
            -99.24498,
            18.92463,
            0
          ],
          [
            -99.24498,
            18.92458,
            0
          ],
          [
            -99.24498,
            18.92454,
            0
          ],
          [
            -99.24499,
            18.92449,
            0
          ],
          [
            -99.24505,
            18.92432,
            0
          ],
          [
            -99.24518,
            18.92395,
            0
          ],
          [
            -99.2452,
            18.92389,
            0
          ],
          [
            -99.24522,
            18.92382,
            0
          ],
          [
            -99.24524,
            18.92376,
            0
          ],
          [
            -99.24525,
            18.92372,
            0
          ],
          [
            -99.24526,
            18.92366,
            0
          ],
          [
            -99.24527,
            18.92359,
            0
          ],
          [
            -99.24526,
            18.92352,
            0
          ],
          [
            -99.24525,
            18.92345,
            0
          ],
          [
            -99.24523,
            18.92336,
            0
          ],
          [
            -99.24519,
            18.92328,
            0
          ],
          [
            -99.24503,
            18.92289,
            0
          ],
          [
            -99.24488,
            18.92251,
            0
          ],
          [
            -99.24477,
            18.92225,
            0
          ],
          [
            -99.24471,
            18.92208,
            0
          ],
          [
            -99.2447,
            18.92204,
            0
          ],
          [
            -99.2447,
            18.922,
            0
          ],
          [
            -99.24472,
            18.92194,
            0
          ],
          [
            -99.24474,
            18.92189,
            0
          ],
          [
            -99.24477,
            18.92186,
            0
          ],
          [
            -99.24481,
            18.92182,
            0
          ],
          [
            -99.24485,
            18.9218,
            0
          ],
          [
            -99.2449,
            18.92179,
            0
          ],
          [
            -99.24495,
            18.92178,
            0
          ],
          [
            -99.245,
            18.92178,
            0
          ],
          [
            -99.24505,
            18.92179,
            0
          ],
          [
            -99.2451,
            18.9218,
            0
          ],
          [
            -99.24548,
            18.9219,
            0
          ],
          [
            -99.24584,
            18.92202,
            0
          ],
          [
            -99.24626,
            18.92215,
            0
          ],
          [
            -99.24647,
            18.92226,
            0
          ],
          [
            -99.24667,
            18.92237,
            0
          ],
          [
            -99.24669,
            18.92237,
            0
          ],
          [
            -99.24679,
            18.92241,
            0
          ],
          [
            -99.2469,
            18.92242,
            0
          ],
          [
            -99.24699,
            18.92241,
            0
          ],
          [
            -99.24705,
            18.9224,
            0
          ],
          [
            -99.24761,
            18.92226,
            0
          ],
          [
            -99.24718,
            18.92147,
            0
          ],
          [
            -99.24698,
            18.92111,
            0
          ],
          [
            -99.24656,
            18.92035,
            0
          ],
          [
            -99.24627,
            18.91981,
            0
          ],
          [
            -99.24577,
            18.91893,
            0
          ],
          [
            -99.24521,
            18.91795,
            0
          ],
          [
            -99.24588,
            18.91789,
            0
          ],
          [
            -99.24637,
            18.91871,
            0
          ],
          [
            -99.2469,
            18.91966,
            0
          ],
          [
            -99.24722,
            18.92024,
            0
          ],
          [
            -99.24764,
            18.92098,
            0
          ],
          [
            -99.24828,
            18.92208,
            0
          ],
          [
            -99.24831,
            18.92211,
            0
          ],
          [
            -99.24842,
            18.9223,
            0
          ],
          [
            -99.24866,
            18.92265,
            0
          ],
          [
            -99.24871,
            18.92274,
            0
          ],
          [
            -99.24882,
            18.92293,
            0
          ],
          [
            -99.24903,
            18.92329,
            0
          ],
          [
            -99.24913,
            18.92345,
            0
          ],
          [
            -99.24938,
            18.92384,
            0
          ],
          [
            -99.24939,
            18.92386,
            0
          ],
          [
            -99.24957,
            18.92414,
            0
          ],
          [
            -99.24961,
            18.92421,
            0
          ],
          [
            -99.24983,
            18.92454,
            0
          ],
          [
            -99.25005,
            18.92492,
            0
          ],
          [
            -99.25026,
            18.92528,
            0
          ],
          [
            -99.2505,
            18.92566,
            0
          ],
          [
            -99.25054,
            18.92571,
            0
          ],
          [
            -99.25065,
            18.92588,
            0
          ],
          [
            -99.25077,
            18.92605,
            0
          ],
          [
            -99.25081,
            18.92611,
            0
          ],
          [
            -99.25085,
            18.92622,
            0
          ],
          [
            -99.25098,
            18.92642,
            0
          ],
          [
            -99.25103,
            18.92649,
            0
          ],
          [
            -99.25125,
            18.92685,
            0
          ],
          [
            -99.25137,
            18.92702,
            0
          ],
          [
            -99.25147,
            18.92719,
            0
          ],
          [
            -99.25157,
            18.92737,
            0
          ],
          [
            -99.25169,
            18.92754,
            0
          ],
          [
            -99.2518,
            18.92773,
            0
          ],
          [
            -99.25191,
            18.9279,
            0
          ],
          [
            -99.25203,
            18.92811,
            0
          ],
          [
            -99.25289,
            18.92946,
            0
          ],
          [
            -99.25292,
            18.92951,
            0
          ],
          [
            -99.25312,
            18.92986,
            0
          ],
          [
            -99.25336,
            18.93026,
            0
          ],
          [
            -99.25354,
            18.93053,
            0
          ],
          [
            -99.25369,
            18.93075,
            0
          ],
          [
            -99.25427,
            18.93162,
            0
          ],
          [
            -99.25429,
            18.93165,
            0
          ]
        ]
      },
      "properties": {
        "name": "3. LOS PINOS-RIVERA CRESPO-CHULAVISTA-COL. PLAN DE AYALA",
        "description": {
          "@type": "html",
          "value": "descripción: <br>OID: 744<br>ZONA: CENTRO<br>RUTA: RUTA 8<br>ITINERARIO: 3. LOS PINOS-RIVERA CRESPO-CHULAVISTA-COL. PLAN DE AYALA<br>DESCRIPCIO: LOS PINOS-COL. PLAN DE AYALA<br>AUTO-AMPL: ITINERARIO<br>DEFIN-PROV: DEFINITIVOS<br>DURACION: DEFINITIVA<br>FOLIO: SGG/DGT/SDP/000325/97"
        },
        "styleUrl": "#line-097138-1200",
        "stroke-opacity": 1,
        "stroke": "#097138",
        "stroke-width": 1.2,
        "descripción": "",
        "OID": "744",
        "ZONA": "CENTRO",
        "RUTA": "RUTA 8",
        "ITINERARIO": "3. LOS PINOS-RIVERA CRESPO-CHULAVISTA-COL. PLAN DE AYALA",
        "DESCRIPCIO": "LOS PINOS-COL. PLAN DE AYALA",
        "AUTO-AMPL": "ITINERARIO",
        "DEFIN-PROV": "DEFINITIVOS",
        "DURACION": "DEFINITIVA",
        "FOLIO": "SGG/DGT/SDP/000325/97"
      }
    }
  ]
}